station,date,temp_max,temp_min,temp_mean,rh_mean,rh_min,ws_max,ws_gust_max,ws_mean,precip,sunshine,dewpoint,eff_humidity
강릉,2022-01-01,6.4,-5.7,-0.4,34.0,20.0,5.3,9.6,2.5,0.0,8.9,-14.6,
강릉,2022-01-02,8.7,0.0,4.3,41.3,19.0,6.1,10.3,3.3,0.0,7.8,-8.4,
강릉,2022-01-03,5.9,-1.2,1.9,35.4,16.0,5.7,10.0,3.0,0.0,8.5,-12.6,36.44
강릉,2022-01-04,5.9,-2.1,1.3,46.9,22.0,4.0,6.4,1.7,0.0,9.0,-9.2,44.04
강릉,2022-01-05,5.7,-3.3,1.1,60.9,45.0,4.0,6.5,2.1,0.0,5.9,-5.7,55.55
강릉,2022-01-06,8.0,-3.0,1.7,57.0,27.0,5.1,8.6,2.0,0.0,9.0,-6.6,56.769999999999996
강릉,2022-01-07,9.5,-1.7,2.6,41.1,21.0,4.0,7.3,2.3,0.0,9.0,-9.8,46.260000000000005
강릉,2022-01-08,9.7,1.7,4.8,42.3,26.0,7.8,15.2,3.6,0.0,7.5,-7.4,43.53
강릉,2022-01-09,8.5,0.8,4.2,62.0,48.0,3.8,8.0,1.4,0.0,4.0,-2.5,55.97
강릉,2022-01-10,9.2,0.6,4.4,60.8,45.0,4.5,10.0,2.3,0.0,5.9,-2.7,59.18999999999999
강릉,2022-01-11,3.6,-5.4,-0.3,38.9,19.0,5.5,11.4,3.4,0.0,9.1,-13.0,45.59
강릉,2022-01-12,3.3,-7.2,-2.7,31.5,21.0,5.8,12.1,3.5,0.0,9.0,-17.6,35.91
강릉,2022-01-13,0.6,-5.6,-3.0,30.8,22.0,7.4,13.1,3.6,0.0,9.1,-18.0,31.75
강릉,2022-01-14,6.0,-6.3,-1.1,34.3,16.0,5.0,9.9,2.4,0.0,9.1,-15.3,33.32
강릉,2022-01-15,7.4,-0.5,3.4,37.1,26.0,5.1,9.0,2.5,0.0,1.4,-10.3,35.91
강릉,2022-01-16,6.7,-1.8,3.3,37.8,23.0,5.9,11.9,3.5,0.0,8.5,-10.1,37.309999999999995
강릉,2022-01-17,3.2,-4.3,-1.5,29.3,17.0,6.2,11.1,3.2,0.0,8.0,-17.5,31.779999999999998
강릉,2022-01-18,3.2,-6.4,-2.3,36.8,20.0,3.2,6.4,1.9,0.0,9.3,-15.4,35.4
강릉,2022-01-19,5.1,-3.9,-0.5,49.0,32.0,5.3,9.4,2.2,2.8,3.7,-10.4,44.589999999999996
강릉,2022-01-20,2.7,-3.5,-1.6,61.8,47.0,4.9,9.2,2.9,2.6,6.8,-8.1,56.74
강릉,2022-01-21,6.7,-5.0,0.5,59.4,38.0,4.4,7.0,2.3,0.0,7.8,-6.8,58.839999999999996
강릉,2022-01-22,8.1,-2.6,1.5,67.6,49.0,4.0,6.1,1.6,0.0,7.4,-4.0,65.38
강릉,2022-01-23,7.1,-0.7,2.9,77.1,61.0,4.5,7.0,1.9,0.8,3.1,-0.8,73.42999999999999
강릉,2022-01-24,3.9,1.1,2.4,84.3,72.0,2.3,3.6,1.1,1.2,0.0,0.0,81.19
강릉,2022-01-25,7.8,0.5,4.2,64.3,55.0,3.8,6.8,2.1,0.0,0.4,-2.0,69.58
강릉,2022-01-26,10.0,2.5,5.3,46.1,27.0,4.3,8.6,2.3,0.0,8.6,-5.6,53.559999999999995
강릉,2022-01-27,8.5,-0.7,3.0,53.8,31.0,3.7,6.3,2.1,0.0,7.6,-5.8,53.309999999999995
강릉,2022-01-28,6.2,-1.3,2.0,37.3,24.0,3.9,7.7,2.4,0.0,9.4,-11.2,41.48
강릉,2022-01-29,7.4,-2.2,1.7,30.3,20.0,6.0,10.6,2.6,0.0,9.4,-14.1,34.050000000000004
강릉,2022-01-30,5.4,-3.8,0.5,39.1,27.0,4.2,7.1,2.4,0.0,9.5,-11.9,37.16
강릉,2022-01-31,9.2,-2.3,3.0,31.0,16.0,5.9,10.0,2.6,0.0,9.6,-13.0,32.55
강릉,2022-02-01,5.8,-0.6,2.1,46.1,27.0,5.9,11.1,3.2,0.0,9.2,-8.6,42.379999999999995
강릉,2022-02-02,5.5,-1.6,0.9,37.8,22.0,6.4,12.4,4.0,0.0,8.8,-12.3,38.78
강릉,2022-02-03,6.5,-2.9,0.7,32.6,17.0,5.4,10.1,3.1,0.0,9.6,-14.5,34.99
강릉,2022-02-04,4.1,-4.4,-1.0,30.4,18.0,6.4,12.2,3.4,0.0,9.6,-16.7,31.58
강릉,2022-02-05,1.6,-7.3,-3.5,32.8,19.0,6.2,11.7,4.0,0.0,9.7,-17.9,32.3
강릉,2022-02-06,4.9,-6.1,-0.5,30.0,19.0,5.0,10.3,2.7,0.0,9.8,-16.3,30.599999999999998
강릉,2022-02-07,4.3,-3.8,0.2,36.8,25.0,3.8,8.7,1.9,0.0,7.9,-13.0,35.04
강릉,2022-02-08,7.2,-2.2,1.6,39.5,22.0,3.0,5.2,1.7,0.0,7.0,-11.0,38.01
강릉,2022-02-09,9.8,-2.1,3.7,45.3,24.0,4.1,7.6,2.5,0.0,9.3,-7.5,43.29
강릉,2022-02-10,8.6,0.0,3.6,50.5,34.0,3.9,8.3,2.4,0.0,9.0,-5.9,48.36
강릉,2022-02-11,11.7,-0.3,5.9,39.1,27.0,4.2,6.8,2.0,0.0,9.5,-7.2,42.0
강릉,2022-02-12,10.4,3.4,6.4,45.6,35.0,3.4,6.0,1.7,0.0,6.4,-4.7,44.78999999999999
강릉,2022-02-13,8.6,1.4,5.0,69.6,60.0,4.9,8.6,2.0,0.0,2.1,-0.2,61.749999999999986
강릉,2022-02-14,11.2,2.6,6.2,63.0,29.0,4.9,12.2,2.1,0.5,5.0,-0.8,62.58
강릉,2022-02-15,3.5,-4.5,-0.5,44.0,34.0,6.8,13.1,4.4,0.0,9.9,-11.4,50.36
강릉,2022-02-16,0.0,-7.2,-4.6,32.5,20.0,6.3,12.9,3.8,0.0,10.0,-18.9,37.85
강릉,2022-02-17,1.5,-9.2,-3.9,41.0,22.0,4.1,7.8,2.7,0.0,10.0,-15.4,39.6
강릉,2022-02-18,8.7,-5.0,2.3,38.4,18.0,5.0,8.6,3.0,0.0,9.8,-11.3,38.33
강릉,2022-02-19,7.1,-0.1,3.7,30.1,16.0,5.4,9.9,3.0,0.0,4.0,-12.6,32.85
강릉,2022-02-20,3.0,-5.5,-1.8,29.0,15.0,6.6,11.7,3.7,0.0,10.2,-18.1,30.159999999999997
강릉,2022-02-21,5.3,-5.0,0.2,37.8,29.0,5.2,12.2,3.0,0.0,7.0,-12.5,35.269999999999996
강릉,2022-02-22,2.8,-4.9,-1.2,30.4,21.0,6.2,12.5,3.2,0.0,10.3,-16.8,31.739999999999995
강릉,2022-02-23,2.3,-6.8,-2.5,34.3,23.0,4.1,7.2,2.3,0.0,10.3,-16.3,33.87
강릉,2022-02-24,8.5,-4.0,1.9,24.5,12.0,5.5,11.3,3.6,0.0,10.5,-16.9,27.049999999999997
강릉,2022-02-25,12.5,1.6,6.6,37.9,18.0,5.8,11.0,3.8,0.0,10.4,-7.2,34.86
강릉,2022-02-26,13.9,4.8,8.9,47.6,30.0,8.9,16.0,4.6,0.7,5.7,-2.0,43.35
강릉,2022-02-27,12.0,2.1,7.1,35.3,20.0,6.9,12.1,3.6,0.0,10.4,-7.9,38.019999999999996
강릉,2022-02-28,16.1,5.2,9.5,38.9,23.0,6.2,11.9,2.3,0.0,7.9,-4.1,39.05
강릉,2022-03-01,14.3,6.4,10.0,49.3,30.0,7.2,11.9,2.8,0.0,3.9,-0.5,45.82
강릉,2022-03-02,14.2,3.0,7.9,34.9,18.0,5.7,11.3,3.1,0.0,10.7,-7.3,38.17999999999999
강릉,2022-03-03,11.0,1.6,6.4,48.3,31.0,4.9,10.0,2.2,0.0,10.6,-4.0,45.71999999999999
강릉,2022-03-04,18.9,1.4,12.6,28.8,17.0,8.8,19.8,3.7,0.0,8.3,-5.5,33.31
강릉,2022-03-05,11.7,2.3,6.2,24.6,14.0,8.9,19.4,4.1,0.0,10.5,-13.3,27.810000000000002
강릉,2022-03-06,8.4,-0.2,3.6,32.6,16.0,4.8,9.2,2.6,0.0,10.8,-12.0,30.62
강릉,2022-03-07,11.4,-0.8,6.2,32.5,21.0,4.1,7.1,2.1,0.0,7.6,-9.2,31.73
강릉,2022-03-08,12.7,3.4,7.9,42.4,23.0,3.6,7.1,1.7,0.0,8.2,-4.6,39.43999999999999
강릉,2022-03-09,13.4,2.0,8.1,56.8,43.0,3.2,5.8,1.6,0.0,10.1,-0.2,51.489999999999995
강릉,2022-03-10,20.4,3.6,14.0,30.5,12.0,5.9,11.1,2.8,0.0,9.9,-4.8,36.949999999999996
강릉,2022-03-11,21.8,12.5,16.2,33.3,18.0,4.6,8.4,2.6,0.0,5.7,-0.6,35.089999999999996
강릉,2022-03-12,14.9,7.3,11.6,64.4,47.0,4.0,7.0,1.7,0.0,6.7,4.9,54.78999999999999
강릉,2022-03-13,10.3,6.4,7.2,89.4,79.0,4.8,8.3,1.8,4.4,0.0,5.5,78.79
강릉,2022-03-14,11.8,6.9,9.1,85.3,57.0,5.0,9.3,1.6,1.8,0.7,6.5,84.03
강릉,2022-03-15,14.7,6.9,10.3,66.1,46.0,4.2,8.8,2.3,0.0,8.3,4.0,72.27
강릉,2022-03-16,20.2,6.2,13.1,52.8,24.0,4.4,9.1,1.8,0.0,9.4,3.0,58.709999999999994
강릉,2022-03-17,10.0,5.8,6.8,86.3,75.0,3.2,5.9,1.3,12.4,0.0,4.6,77.58
강릉,2022-03-18,6.0,3.4,4.8,86.8,69.0,4.0,7.6,2.0,17.6,0.0,2.7,83.3
강릉,2022-03-19,3.4,1.1,2.1,92.5,88.0,2.9,4.9,1.0,36.7,0.0,1.0,90.74
강릉,2022-03-20,10.6,1.5,5.7,72.0,46.0,4.8,8.8,1.6,0.0,5.3,0.6,77.58000000000001
강릉,2022-03-21,10.5,2.1,6.5,64.4,50.0,3.5,5.7,2.0,0.0,6.7,0.1,68.72999999999999
강릉,2022-03-22,10.8,2.1,6.3,58.8,36.0,5.0,8.3,2.2,0.0,11.1,-1.4,61.24
강릉,2022-03-23,11.6,2.1,7.6,49.6,38.0,5.2,9.6,3.0,0.0,2.9,-2.5,52.92
강릉,2022-03-24,14.0,7.2,11.0,54.0,49.0,6.9,12.2,4.1,0.0,6.6,2.0,53.6
강릉,2022-03-25,17.2,10.6,13.6,59.4,45.0,3.8,7.8,1.3,4.8,1.6,5.5,57.339999999999996
강릉,2022-03-26,13.5,7.0,10.5,88.3,76.0,9.3,16.4,1.6,8.3,0.1,8.5,79.09
강릉,2022-03-27,17.2,6.6,11.9,43.9,22.0,6.1,11.9,3.1,0.0,10.7,-1.7,54.33
강릉,2022-03-28,14.1,3.6,8.4,42.3,19.0,4.6,8.4,2.5,0.0,11.8,-4.1,47.21999999999999
강릉,2022-03-29,20.2,4.4,13.9,32.8,19.0,5.8,10.2,2.8,0.0,11.7,-2.6,35.809999999999995
강릉,2022-03-30,17.5,8.7,12.8,58.8,32.0,4.8,8.3,2.0,6.7,3.3,4.2,51.949999999999996
강릉,2022-03-31,8.8,4.0,6.6,90.6,85.0,3.7,6.4,1.9,10.2,0.0,5.1,78.46
강릉,2022-04-01,11.4,3.1,6.6,73.8,49.0,3.6,6.2,1.7,0.4,4.8,1.8,75.66
강릉,2022-04-02,14.7,2.3,9.3,58.4,38.0,4.3,7.8,1.9,0.0,11.7,1.1,64.69999999999999
강릉,2022-04-03,16.5,6.4,11.1,49.6,32.0,4.8,7.8,2.4,0.0,11.9,0.8,53.78
강릉,2022-04-04,19.7,7.3,14.7,32.8,22.0,5.2,9.8,2.5,0.0,11.8,-2.0,38.72
강릉,2022-04-05,22.2,11.3,16.5,20.4,15.0,6.5,12.2,4.1,0.0,10.5,-6.4,25.799999999999997
강릉,2022-04-06,15.3,8.6,12.7,52.8,24.0,4.5,9.3,2.2,0.0,11.0,2.9,44.31999999999999
강릉,2022-04-07,21.4,8.2,13.6,46.0,20.0,5.5,10.9,1.8,0.0,9.0,1.4,44.8
강릉,2022-04-08,23.7,5.3,16.0,40.0,21.0,6.4,12.1,2.1,0.0,11.8,1.5,42.480000000000004
강릉,2022-04-09,27.3,18.9,23.3,30.0,20.0,9.1,18.0,5.7,0.0,11.4,4.5,33.6
강릉,2022-04-10,31.3,21.7,25.4,21.9,13.0,7.1,13.5,4.3,0.0,11.5,1.7,25.33
강릉,2022-04-11,28.0,19.9,24.4,35.4,23.0,6.2,12.4,3.1,0.0,11.3,7.8,32.16
강릉,2022-04-12,26.1,11.8,19.7,59.4,39.0,7.1,12.6,3.3,0.0,9.6,10.7,50.849999999999994
강릉,2022-04-13,11.8,8.0,8.9,87.8,78.0,4.6,8.2,1.9,19.0,0.0,6.9,76.88
강릉,2022-04-14,11.1,8.2,9.5,77.0,51.0,2.3,4.1,0.9,3.1,0.0,5.5,77.39999999999999
강릉,2022-04-15,14.8,6.5,10.2,63.1,41.0,3.1,8.2,1.8,0.0,7.6,3.0,68.35
강릉,2022-04-16,20.2,5.0,14.0,43.1,24.0,4.2,7.6,2.4,0.0,12.3,0.2,50.49
강릉,2022-04-17,21.9,12.2,17.6,24.3,18.0,3.8,7.3,2.3,0.0,11.8,-3.2,31.939999999999998
강릉,2022-04-18,24.7,10.3,17.3,33.6,17.0,6.0,9.9,2.2,0.0,3.9,0.1,32.69
강릉,2022-04-19,22.7,8.2,16.3,52.0,28.0,4.3,8.2,1.5,0.0,12.0,5.1,45.55
강릉,2022-04-20,26.1,16.1,20.9,24.1,16.0,5.5,11.5,3.3,0.0,12.2,-0.9,30.630000000000003
강릉,2022-04-21,23.6,16.1,20.0,31.0,24.0,5.6,11.0,3.5,0.0,8.7,2.1,31.72
강릉,2022-04-22,24.9,17.8,21.1,49.0,42.0,7.3,16.2,4.0,0.0,8.2,9.9,42.91
강릉,2022-04-23,20.2,12.4,16.7,60.3,50.0,5.2,9.0,2.2,0.0,8.4,8.7,55.10999999999999
강릉,2022-04-24,29.3,12.0,24.1,38.0,24.0,6.3,10.8,3.2,0.0,12.0,8.5,43.559999999999995
강릉,2022-04-25,24.8,19.6,22.0,49.9,26.0,4.2,8.9,1.9,0.0,6.5,10.8,48.56
강릉,2022-04-26,24.3,16.3,20.8,71.0,37.0,6.3,11.7,1.9,23.5,3.2,15.0,63.47999999999999
강릉,2022-04-27,22.5,11.1,15.0,55.8,32.0,6.8,11.6,2.7,0.0,10.7,5.7,58.25
강릉,2022-04-28,16.6,9.6,13.3,75.8,63.0,4.0,7.8,1.7,0.0,0.6,9.0,71.32
강릉,2022-04-29,12.7,8.3,9.5,88.8,77.0,3.9,6.8,1.9,22.8,0.0,7.6,82.89999999999999
강릉,2022-04-30,18.8,6.0,13.1,62.6,47.0,3.5,7.2,1.7,0.0,6.6,5.5,69.16
강릉,2022-05-01,20.2,9.7,14.8,42.5,20.0,6.0,15.9,3.0,0.0,9.9,0.8,51.15
강릉,2022-05-02,15.4,8.2,11.7,60.9,41.0,4.3,7.8,2.1,0.9,6.4,4.1,57.38999999999999
강릉,2022-05-03,23.9,8.2,17.6,37.8,22.0,6.4,13.1,3.8,0.0,11.7,1.9,42.89
강릉,2022-05-04,29.0,18.9,23.7,28.5,22.0,8.0,16.0,5.1,0.0,12.5,4.2,33.599999999999994
강릉,2022-05-05,28.1,18.0,23.5,33.8,27.0,6.7,14.7,2.8,0.0,12.8,6.4,33.13999999999999
강릉,2022-05-06,27.1,16.4,22.9,45.6,34.0,5.6,9.9,2.5,0.0,12.4,10.3,41.53
강릉,2022-05-07,22.4,10.9,14.9,73.9,43.0,6.4,10.9,2.3,4.6,1.3,9.9,64.23
강릉,2022-05-08,17.7,9.3,13.7,66.5,40.0,2.8,5.3,1.3,0.0,0.1,7.4,65.89
강릉,2022-05-09,21.6,11.9,16.7,49.6,33.0,3.8,7.1,2.0,0.0,12.9,5.7,55.41
강릉,2022-05-10,22.3,8.6,15.6,50.1,26.0,5.3,9.0,1.7,0.0,9.2,4.8,51.64
강릉,2022-05-11,21.6,11.9,17.9,64.5,54.0,3.0,5.8,1.5,0.0,10.8,10.9,60.13
강릉,2022-05-12,21.0,13.8,16.9,68.3,51.0,5.6,9.0,2.6,0.0,4.4,10.8,65.72
강릉,2022-05-13,17.3,11.3,13.2,80.0,68.0,4.5,7.8,2.0,0.3,0.1,9.8,76.11
강릉,2022-05-14,21.7,9.0,15.8,49.5,27.0,5.2,10.5,2.4,0.0,9.8,4.4,57.48
강릉,2022-05-15,20.1,10.4,15.9,39.6,25.0,4.2,7.5,2.4,0.0,12.7,1.6,45.62
강릉,2022-05-16,26.0,14.1,19.9,35.1,23.0,5.9,10.4,2.9,0.0,11.6,3.2,37.440000000000005
강릉,2022-05-17,26.0,16.2,20.9,41.0,28.0,5.8,9.7,2.8,0.0,,6.8,39.68
강릉,2022-05-18,28.0,17.0,24.0,36.4,29.0,5.8,12.9,3.1,0.0,8.3,8.0,37.19
강릉,2022-05-19,26.4,20.1,23.4,35.3,23.0,6.0,13.0,3.4,0.0,6.3,6.9,36.089999999999996
강릉,2022-05-20,29.7,20.9,24.8,31.0,21.0,5.8,13.9,3.1,0.0,12.1,6.1,32.4
강릉,2022-05-21,30.2,19.7,25.3,41.6,30.0,4.3,8.7,2.8,0.0,11.7,11.0,38.85
강릉,2022-05-22,28.3,16.8,21.8,55.0,39.0,5.6,10.1,2.4,0.0,7.8,12.1,49.92
강릉,2022-05-23,29.8,15.4,23.6,59.3,42.0,3.9,8.0,1.2,0.0,12.6,14.6,56.67
강릉,2022-05-24,33.3,23.5,28.0,40.3,28.0,4.1,7.6,2.0,0.0,12.3,12.8,45.56999999999999
강릉,2022-05-25,31.0,22.1,26.4,39.9,32.0,7.1,14.0,2.6,0.0,10.9,11.5,41.919999999999995
강릉,2022-05-26,26.1,17.3,22.1,40.6,26.0,6.0,12.4,3.3,0.0,12.5,7.0,40.43
강릉,2022-05-27,24.2,17.1,20.6,51.5,27.0,6.0,11.3,2.5,0.0,2.9,10.0,48.160000000000004
강릉,2022-05-28,33.4,18.9,26.9,32.6,20.0,7.5,14.3,4.0,0.0,12.8,8.6,37.18000000000001
강릉,2022-05-29,31.6,20.4,26.2,34.6,19.0,7.5,16.0,3.4,0.0,11.6,8.3,35.89
강릉,2022-05-30,23.8,17.1,19.0,74.5,47.0,4.1,6.6,1.9,0.0,0.3,14.1,62.33
강릉,2022-05-31,28.3,15.4,23.0,42.9,22.0,5.4,10.4,2.6,0.0,12.3,8.0,48.39
강릉,2022-06-01,30.0,18.8,23.9,33.4,16.0,5.5,11.6,2.5,0.0,11.7,6.1,39.410000000000004
강릉,2022-06-02,31.5,18.4,24.8,38.4,24.0,4.8,8.6,2.2,0.0,13.0,8.9,37.85
강릉,2022-06-03,22.8,18.0,19.8,76.8,61.0,5.1,9.5,2.3,0.0,0.4,15.5,64.78
강릉,2022-06-04,23.8,16.3,20.4,75.8,61.0,4.2,7.2,1.8,0.0,3.0,15.8,72.25999999999999
강릉,2022-06-05,23.5,18.9,20.4,80.1,65.0,4.9,8.6,2.1,8.7,0.4,16.7,78.91
강릉,2022-06-06,19.0,14.3,16.1,95.0,91.0,5.8,10.4,2.5,64.5,0.0,15.3,90.1
강릉,2022-06-07,17.5,14.2,15.6,82.9,68.0,3.6,5.8,2.0,1.7,0.0,12.5,85.04
강릉,2022-06-08,21.2,13.3,17.4,71.5,56.0,2.6,5.1,1.5,0.0,6.5,11.9,76.13
강릉,2022-06-09,22.4,13.5,17.7,80.6,63.0,3.3,5.2,0.8,7.7,1.7,14.1,79.01
강릉,2022-06-10,27.4,15.0,21.1,77.5,53.0,3.1,5.8,1.1,0.0,8.8,16.6,77.52000000000001
강릉,2022-06-11,21.6,17.2,19.5,85.5,78.0,4.0,7.7,1.2,0.0,0.2,16.9,83.41
강릉,2022-06-12,23.9,15.4,19.8,76.6,61.0,3.8,6.3,2.1,0.0,5.1,15.4,78.47
강릉,2022-06-13,23.7,18.4,20.4,77.3,62.0,4.7,9.4,1.9,0.0,5.3,16.1,77.97999999999999
강릉,2022-06-14,20.3,16.1,18.1,82.8,68.0,2.8,5.9,1.3,4.9,0.0,15.0,81.07999999999998
강릉,2022-06-15,18.1,15.2,16.4,88.3,79.0,3.3,6.1,1.1,9.0,0.0,14.4,86.1
강릉,2022-06-16,27.2,15.5,21.9,70.4,51.0,4.5,9.4,1.9,0.0,9.5,15.9,75.22
강릉,2022-06-17,32.0,21.4,27.5,52.1,40.0,5.1,9.6,2.5,0.0,13.0,16.5,59.379999999999995
강릉,2022-06-18,31.6,25.1,28.3,58.3,48.0,4.3,7.2,2.2,0.0,11.5,19.1,58.269999999999996
강릉,2022-06-19,32.1,24.8,28.5,59.8,50.0,4.1,6.8,1.9,0.0,12.4,19.8,58.73
강릉,2022-06-20,31.9,24.2,27.9,60.4,47.0,3.6,6.5,1.9,0.0,12.6,19.3,60.06999999999999
강릉,2022-06-21,29.9,22.4,25.9,75.4,63.0,3.2,5.6,1.5,0.0,12.4,21.1,70.84
강릉,2022-06-22,31.7,21.9,26.9,74.9,57.0,3.2,5.2,1.3,0.0,9.6,21.8,73.55000000000001
강릉,2022-06-23,28.9,22.2,25.3,84.1,68.0,4.5,7.0,1.1,21.7,2.0,22.2,81.39
강릉,2022-06-24,30.7,23.3,27.7,65.8,50.0,6.6,15.8,3.0,27.5,7.7,20.1,70.36999999999999
강릉,2022-06-25,35.3,24.4,30.5,48.4,36.0,7.7,14.3,4.5,0.0,13.2,18.0,55.44999999999999
강릉,2022-06-26,32.3,23.7,29.2,64.4,54.0,6.1,14.2,2.6,4.0,1.1,21.6,61.339999999999996
강릉,2022-06-27,31.4,26.2,28.4,77.6,56.0,5.1,11.1,1.3,10.3,0.1,23.8,72.03999999999999
강릉,2022-06-28,33.6,26.0,31.2,56.8,49.0,5.7,11.6,2.1,0.0,0.3,21.4,61.72
강릉,2022-06-29,32.9,27.3,30.6,62.8,52.0,6.7,12.5,2.4,0.2,0.6,22.4,63.07999999999999
강릉,2022-06-30,29.2,24.1,25.5,84.5,66.0,3.9,6.8,1.8,25.8,0.7,22.6,77.38999999999999
강릉,2022-07-01,34.6,24.1,30.3,63.9,49.0,4.4,7.4,2.1,0.0,11.6,22.4,67.91
강릉,2022-07-02,33.4,25.1,29.3,68.6,54.0,3.4,6.3,1.7,0.0,12.0,22.7,69.25
강릉,2022-07-03,34.7,25.7,30.2,64.6,50.0,2.9,5.9,1.4,0.0,11.4,22.5,65.32999999999998
강릉,2022-07-04,32.7,26.2,29.3,68.4,53.0,3.5,6.0,1.6,0.0,6.1,22.6,67.66
강릉,2022-07-05,31.9,24.9,27.7,77.3,60.0,2.7,5.4,1.3,0.0,6.1,23.2,74.24999999999999
강릉,2022-07-06,29.1,24.3,26.7,81.5,72.0,2.6,5.2,1.2,0.1,0.9,23.2,79.35
강릉,2022-07-07,33.6,25.5,30.0,73.1,57.0,4.6,7.9,1.2,0.0,1.8,24.4,75.2
강릉,2022-07-08,34.6,28.2,30.8,63.0,47.0,5.3,10.7,2.0,0.0,6.8,22.6,66.86999999999999
강릉,2022-07-09,31.0,25.7,28.1,74.3,65.0,3.5,6.1,1.1,0.0,4.3,23.0,71.92
강릉,2022-07-10,26.8,24.4,25.5,87.0,79.0,3.1,5.2,0.9,5.5,0.0,23.0,82.05999999999999
강릉,2022-07-11,28.9,22.3,24.5,90.3,71.0,5.9,9.9,1.7,32.7,1.8,22.7,88.03999999999999
강릉,2022-07-12,27.0,22.0,23.5,84.0,68.0,3.2,5.5,1.2,0.1,0.5,20.5,85.56
강릉,2022-07-13,24.5,22.2,23.2,90.3,80.0,3.0,4.9,0.8,27.0,0.0,21.5,89.03999999999999
강릉,2022-07-14,24.5,21.9,23.2,88.8,81.0,4.6,9.7,1.5,2.6,0.0,21.2,88.62
강릉,2022-07-15,29.9,21.1,23.9,84.5,64.0,6.4,11.2,1.4,22.2,6.9,21.0,85.94
강릉,2022-07-16,30.1,22.1,25.2,79.5,57.0,5.5,11.5,1.6,22.6,6.1,21.3,81.42999999999999
강릉,2022-07-17,28.1,22.0,25.2,80.1,71.0,3.0,4.9,1.4,0.0,4.6,21.4,80.42
강릉,2022-07-18,31.8,23.4,26.3,79.3,58.0,4.5,7.3,1.6,0.0,4.9,22.3,79.48
강릉,2022-07-19,29.7,23.5,26.1,77.9,64.0,2.6,5.0,1.4,0.0,3.5,21.8,78.4
강릉,2022-07-20,33.1,25.3,28.7,66.5,51.0,2.9,5.3,1.7,0.1,3.0,21.6,70.06
강릉,2022-07-21,26.1,21.9,22.9,93.5,84.0,3.9,7.8,1.8,69.9,0.0,21.8,86.54
강릉,2022-07-22,26.8,21.5,23.4,87.0,71.0,4.4,7.6,2.0,14.8,2.1,21.0,86.25
강릉,2022-07-23,28.5,20.4,24.4,81.9,66.0,3.2,6.7,1.6,12.3,4.4,21.0,84.08
강릉,2022-07-24,31.4,22.7,26.0,82.0,59.0,3.2,5.1,1.4,6.1,7.2,22.4,82.48
강릉,2022-07-25,29.7,23.2,25.4,82.0,68.0,3.4,5.5,1.4,0.0,2.9,21.9,81.99
강릉,2022-07-26,27.9,21.5,24.7,83.4,73.0,2.6,4.8,1.2,0.0,1.3,21.6,82.98
강릉,2022-07-27,29.3,20.9,25.5,80.3,71.0,3.7,6.4,1.7,0.1,3.8,21.7,81.09
강릉,2022-07-28,28.2,23.3,26.1,83.6,75.0,4.0,7.1,1.6,0.0,1.8,23.0,82.91999999999999
강릉,2022-07-29,28.8,24.5,26.7,86.1,78.0,2.3,4.7,1.0,0.0,0.0,24.1,85.01999999999998
강릉,2022-07-30,28.9,25.1,27.1,85.1,76.0,2.7,4.5,1.0,0.0,0.0,24.3,85.14999999999999
강릉,2022-07-31,27.1,25.5,26.4,91.8,89.0,1.9,2.9,0.7,11.8,0.0,24.9,89.88999999999999
강릉,2022-08-01,31.2,25.1,27.4,87.5,74.0,3.8,5.9,1.2,1.9,0.2,25.1,88.11999999999999
강릉,2022-08-02,32.1,26.3,28.5,85.4,71.0,3.8,6.5,1.1,5.5,2.6,25.6,86.46000000000001
강릉,2022-08-03,33.2,27.8,30.9,65.1,58.0,5.0,9.4,2.6,0.6,4.0,23.5,71.39999999999999
강릉,2022-08-04,35.6,27.3,31.1,68.5,50.0,3.2,6.7,1.8,2.8,7.7,24.4,69.51
강릉,2022-08-05,37.7,29.2,33.4,57.8,46.0,4.2,7.4,2.5,0.0,10.7,23.7,60.669999999999995
강릉,2022-08-06,36.8,30.3,33.0,61.3,49.0,3.5,6.8,2.1,0.0,7.3,24.3,61.32
강릉,2022-08-07,37.0,29.7,33.0,63.6,50.0,4.3,7.0,2.0,0.0,7.5,24.9,62.559999999999995
강릉,2022-08-08,31.8,26.9,29.5,73.9,63.0,6.3,13.0,2.6,21.6,0.0,24.2,70.58
강릉,2022-08-09,29.9,22.7,26.1,87.6,71.0,4.1,8.2,1.7,45.8,0.1,23.9,82.46
강릉,2022-08-10,26.3,21.7,24.2,89.1,77.0,3.0,5.2,1.1,61.9,0.1,22.1,87.27999999999999
강릉,2022-08-11,27.9,22.7,25.1,89.1,77.0,2.3,3.4,0.9,62.7,0.1,23.1,88.95
강릉,2022-08-12,32.2,23.1,27.7,73.9,49.0,2.5,4.9,1.3,0.0,12.4,22.2,78.46000000000001
강릉,2022-08-13,28.6,22.8,26.3,83.8,70.0,2.5,4.2,0.9,0.3,2.5,23.2,82.35
강릉,2022-08-14,30.8,24.7,27.3,83.5,67.0,2.6,4.9,1.0,1.5,1.5,24.1,82.6
강릉,2022-08-15,32.4,25.6,30.4,67.3,57.0,6.5,14.2,2.1,0.1,0.0,23.4,72.18999999999998
강릉,2022-08-16,31.7,25.2,28.7,71.5,55.0,4.7,10.1,2.4,0.3,6.2,22.8,71.86
강릉,2022-08-17,27.7,22.1,24.9,83.3,73.0,3.7,6.5,1.9,0.0,0.8,21.8,79.34
강릉,2022-08-18,30.1,20.7,25.8,76.1,65.0,2.9,5.0,1.6,0.0,8.3,21.2,77.08
강릉,2022-08-19,30.1,25.3,27.7,64.6,46.0,5.6,11.4,2.4,0.0,1.4,20.2,68.77
강릉,2022-08-20,30.0,21.8,25.0,83.1,73.0,4.0,6.9,1.5,0.0,0.2,21.9,78.69999999999999
강릉,2022-08-21,30.6,20.4,25.6,74.0,49.0,4.4,8.0,1.6,0.0,11.4,20.1,74.88
강릉,2022-08-22,33.3,21.8,28.2,68.5,49.0,3.6,7.8,1.4,0.0,7.1,21.5,71.06
강릉,2022-08-23,28.9,22.5,25.2,74.0,51.0,4.6,10.4,2.0,0.0,0.0,19.9,72.9
강릉,2022-08-24,26.0,21.2,23.1,80.8,66.0,3.2,5.2,1.2,0.0,0.4,19.5,78.21
강릉,2022-08-25,27.8,19.5,23.7,72.9,57.0,4.0,6.7,1.5,0.4,1.4,18.3,74.59
강릉,2022-08-26,30.7,21.3,25.7,60.8,43.0,3.0,5.7,1.8,0.0,10.6,17.4,65.22
강릉,2022-08-27,26.6,18.7,23.5,54.8,29.0,5.0,10.8,2.7,0.0,10.4,13.5,57.809999999999995
강릉,2022-08-28,27.3,16.8,22.2,60.8,37.0,3.9,6.1,2.2,0.0,10.9,13.8,59.599999999999994
강릉,2022-08-29,23.4,19.3,21.2,73.9,65.0,2.7,4.4,1.2,0.5,0.0,16.3,69.37
강릉,2022-08-30,21.0,18.2,19.8,90.5,69.0,2.6,4.4,1.0,58.9,0.0,18.1,84.21
강릉,2022-08-31,23.1,19.7,20.6,91.4,75.0,3.3,6.6,1.6,42.7,0.7,19.0,89.47
강릉,2022-09-01,29.3,18.3,23.1,75.6,49.0,2.7,4.9,1.4,0.0,8.8,18.3,80.24999999999999
강릉,2022-09-02,27.5,18.1,22.2,78.1,60.0,4.4,8.3,1.7,0.0,6.6,18.0,78.92999999999999
강릉,2022-09-03,26.8,19.2,23.0,77.3,56.0,4.7,8.1,1.7,0.0,6.4,18.5,77.28999999999999
강릉,2022-09-04,24.0,20.5,22.3,89.1,83.0,1.9,3.0,0.8,3.0,0.0,20.4,85.63999999999999
강릉,2022-09-05,25.0,18.7,21.0,92.9,85.0,4.1,8.0,1.7,63.4,0.0,19.8,90.58
강릉,2022-09-06,27.0,18.5,22.0,75.6,50.0,6.3,12.5,3.1,99.4,5.8,16.8,80.41
강릉,2022-09-07,29.2,18.9,24.1,54.1,32.0,3.8,7.2,2.0,0.0,11.9,13.7,62.279999999999994
강릉,2022-09-08,27.7,18.1,22.7,65.9,41.0,4.3,7.7,2.3,0.0,11.8,15.6,64.51
강릉,2022-09-09,27.8,16.0,21.8,68.8,48.0,2.8,4.9,1.7,0.0,11.5,15.5,66.75
강릉,2022-09-10,25.9,16.9,21.3,76.1,63.0,4.2,7.6,2.2,0.0,4.5,16.9,73.62
강릉,2022-09-11,26.0,20.2,22.8,80.5,68.0,3.9,6.8,1.6,0.0,0.9,19.1,78.44999999999999
강릉,2022-09-12,27.4,20.0,23.0,80.6,59.0,2.2,4.4,1.2,0.3,3.4,19.3,80.13
강릉,2022-09-13,26.1,21.4,23.3,84.5,74.0,2.6,4.7,1.0,0.0,0.0,20.4,83.32
강릉,2022-09-14,26.4,21.0,23.1,82.1,63.0,4.7,8.1,1.9,1.6,3.0,19.8,82.42999999999999
강릉,2022-09-15,26.8,20.2,22.9,78.8,59.0,3.3,6.2,1.5,0.0,7.8,18.8,80.03
강릉,2022-09-16,29.9,18.9,24.0,80.0,64.0,2.9,5.2,1.3,0.0,6.8,20.2,79.97
강릉,2022-09-17,29.9,22.0,25.6,83.3,69.0,3.7,6.2,1.1,0.0,8.4,22.4,82.19
강릉,2022-09-18,26.1,22.1,24.3,86.3,72.0,3.5,6.4,1.5,6.6,0.0,21.7,85.07
강릉,2022-09-19,23.8,17.6,20.7,82.5,61.0,6.4,13.6,3.5,28.2,0.2,17.4,83.33999999999999
강릉,2022-09-20,20.0,13.1,17.0,72.0,49.0,3.7,8.5,1.7,0.0,1.7,11.7,75.53
강릉,2022-09-21,23.3,11.9,17.2,70.9,45.0,5.3,9.7,2.1,0.0,11.2,11.3,72.28
강릉,2022-09-22,25.0,12.2,19.0,67.9,43.0,4.4,8.4,2.0,0.0,9.0,12.6,68.91
강릉,2022-09-23,28.6,16.4,20.8,55.5,35.0,5.9,13.6,2.8,0.0,9.6,11.0,59.519999999999996
강릉,2022-09-24,26.6,15.2,20.2,48.3,23.0,4.6,8.9,2.3,0.0,11.1,8.3,51.699999999999996
강릉,2022-09-25,25.2,15.6,19.4,64.9,52.0,3.8,6.5,1.9,0.0,1.6,12.4,60.64
강릉,2022-09-26,26.7,16.4,20.7,63.8,42.0,3.9,6.4,2.0,0.0,7.9,13.3,62.47
강릉,2022-09-27,25.9,15.0,19.9,72.9,56.0,3.2,5.9,1.7,0.0,10.2,14.6,70.28
강릉,2022-09-28,25.6,13.9,19.7,66.5,52.0,3.9,6.9,1.6,0.0,3.0,13.1,67.50999999999999
강릉,2022-09-29,28.5,17.5,22.3,60.9,37.0,4.3,8.1,2.1,0.0,10.5,14.0,63.21999999999999
강릉,2022-09-30,30.8,18.0,23.9,53.5,31.0,3.5,5.8,2.0,0.0,10.9,13.4,56.279999999999994
강릉,2022-10-01,32.8,19.7,24.8,44.0,24.0,3.8,6.5,2.3,0.0,9.9,10.9,47.59
강릉,2022-10-02,23.4,18.0,20.6,75.4,63.0,3.6,5.8,1.6,3.1,0.0,15.9,66.92999999999999
강릉,2022-10-03,22.8,17.9,20.5,86.6,78.0,3.5,5.4,1.1,0.3,0.1,18.1,80.1
강릉,2022-10-04,22.2,13.3,17.0,95.4,89.0,4.2,8.6,1.6,116.9,0.0,16.2,91.64
강릉,2022-10-05,13.6,12.6,13.1,95.8,93.0,2.7,5.4,1.0,41.0,0.0,12.4,94.79999999999998
강릉,2022-10-06,14.9,12.9,14.0,95.1,91.0,5.6,10.1,1.4,30.2,0.0,13.2,95.27
강릉,2022-10-07,14.8,12.0,13.3,93.0,85.0,7.6,15.5,2.5,40.0,0.0,12.2,93.69999999999999
강릉,2022-10-08,18.6,11.3,14.0,78.9,56.0,4.8,8.7,2.0,0.0,3.0,10.1,83.34000000000002
강릉,2022-10-09,20.6,11.6,15.5,75.0,57.0,5.5,12.6,1.9,0.7,1.7,10.9,77.58
강릉,2022-10-10,15.5,9.7,12.9,53.0,38.0,9.4,18.3,4.9,0.0,10.2,3.5,59.989999999999995
강릉,2022-10-11,20.8,9.4,14.3,54.4,34.0,6.1,12.0,3.1,0.0,10.8,4.8,56.18
강릉,2022-10-12,22.0,9.4,15.4,66.3,48.0,4.6,7.7,2.6,0.0,10.5,8.7,62.59
강릉,2022-10-13,23.8,11.6,16.8,67.6,46.0,4.1,7.3,2.0,0.0,10.5,10.4,66.02
강릉,2022-10-14,23.2,11.5,16.9,74.6,52.0,3.3,6.5,1.2,0.0,6.3,12.1,72.36999999999999
강릉,2022-10-15,24.1,13.5,18.6,73.6,54.0,3.1,6.6,1.3,0.0,9.4,13.5,73.2
강릉,2022-10-16,20.5,15.0,18.1,74.8,49.0,5.1,8.3,1.5,0.0,0.0,13.3,74.53999999999998
강릉,2022-10-17,19.8,10.0,15.2,58.5,46.0,6.3,11.4,2.8,0.0,2.5,6.9,63.269999999999996
강릉,2022-10-18,16.6,7.3,11.4,55.3,41.0,4.2,7.5,2.9,0.0,9.4,2.6,57.89
강릉,2022-10-19,17.8,6.9,11.8,49.0,27.0,3.2,5.6,2.0,0.0,10.4,1.0,51.21
강릉,2022-10-20,24.0,9.2,16.5,38.6,22.0,4.3,8.1,2.1,0.0,10.4,1.9,42.35
강릉,2022-10-21,23.8,15.5,19.1,27.9,19.0,5.3,10.4,3.0,0.0,2.7,-0.2,32.15
강릉,2022-10-22,24.9,15.7,19.6,35.4,16.0,4.6,9.7,2.4,0.0,9.2,2.4,34.22
강릉,2022-10-23,16.1,8.8,12.6,85.1,62.0,4.7,8.7,1.6,29.6,0.0,10.0,69.44
강릉,2022-10-24,9.7,7.6,8.5,86.1,75.0,5.3,9.8,2.3,19.3,0.0,6.3,80.83
강릉,2022-10-25,13.3,7.5,9.9,79.6,62.0,4.0,8.5,2.0,1.9,0.7,6.4,81.45
강릉,2022-10-26,21.2,6.9,13.7,59.6,40.0,3.6,6.2,1.9,0.0,8.5,5.6,66.25
강릉,2022-10-27,22.1,11.9,15.8,60.3,32.0,4.0,7.0,2.1,0.0,8.9,7.7,62.089999999999996
강릉,2022-10-28,14.1,12.7,13.4,88.9,81.0,2.2,3.2,0.8,10.2,0.0,11.5,80.25
강릉,2022-10-29,17.9,9.5,13.2,83.0,67.0,3.2,5.7,1.5,0.0,1.3,10.3,81.91
강릉,2022-10-30,18.3,10.3,13.2,75.9,54.0,3.2,5.4,1.8,0.0,0.5,8.9,78.62
강릉,2022-10-31,20.0,10.0,14.1,71.5,51.0,4.9,9.2,2.1,0.0,7.8,8.7,73.53
강릉,2022-11-01,22.9,10.7,16.3,58.1,40.0,3.3,5.7,1.8,0.0,8.8,7.7,62.56
강릉,2022-11-02,20.9,10.3,14.5,55.0,30.0,3.9,7.5,1.9,0.0,4.9,5.2,57.27
강릉,2022-11-03,18.1,11.5,13.8,45.1,37.0,4.9,8.7,2.4,0.0,0.7,2.0,48.38
강릉,2022-11-04,13.4,5.9,9.1,41.6,25.0,4.4,7.7,2.6,0.0,9.8,-3.4,43.64
강릉,2022-11-05,17.2,4.0,10.4,29.1,19.0,3.9,8.0,2.2,0.0,9.8,-7.1,33.2
강릉,2022-11-06,17.7,7.5,11.7,47.6,31.0,3.5,6.7,2.0,0.0,9.7,0.6,43.3
강릉,2022-11-07,19.6,7.9,13.7,43.6,28.0,4.2,7.6,2.1,0.0,8.6,1.1,42.95
강릉,2022-11-08,19.7,10.0,13.9,54.1,37.0,3.3,7.1,1.8,0.0,9.5,4.4,51.349999999999994
강릉,2022-11-09,22.4,10.7,16.0,41.4,16.0,5.2,10.5,2.6,0.0,8.7,2.4,44.16
강릉,2022-11-10,20.8,12.5,15.7,58.0,36.0,5.4,9.9,2.3,0.0,7.2,7.2,54.28999999999999
강릉,2022-11-11,20.5,12.4,15.6,80.5,65.0,3.1,5.0,1.3,3.0,3.3,12.1,72.08999999999999
강릉,2022-11-12,26.5,9.9,19.4,63.9,40.0,6.3,11.5,2.1,0.2,8.6,11.8,66.63
강릉,2022-11-13,21.2,9.7,13.4,87.0,64.0,6.4,11.6,2.2,28.7,0.0,11.1,81.73
강릉,2022-11-14,16.9,8.2,11.5,66.0,43.0,4.0,7.7,2.1,0.0,2.6,4.8,69.99
강릉,2022-11-15,16.2,7.0,11.3,48.0,29.0,5.1,10.1,2.7,0.0,8.8,0.4,55.5
강릉,2022-11-16,17.3,7.9,11.8,49.0,27.0,4.4,7.9,2.1,0.0,9.3,1.0,50.5
강릉,2022-11-17,18.5,8.1,12.2,51.6,35.0,3.7,5.6,1.8,0.0,8.8,2.2,50.72
강릉,2022-11-18,20.5,9.7,13.3,51.6,27.0,3.9,6.3,2.4,0.0,9.3,3.0,51.339999999999996
강릉,2022-11-19,18.0,9.6,12.5,67.8,50.0,4.1,6.8,2.1,0.0,2.5,6.5,62.94
강릉,2022-11-20,20.7,8.7,12.9,66.3,41.0,3.5,5.3,1.4,0.0,6.9,6.4,65.13
강릉,2022-11-21,20.7,9.3,14.9,57.4,41.0,3.8,6.8,2.0,0.0,3.7,6.3,60.22
강릉,2022-11-22,17.0,8.9,12.8,67.0,46.0,3.8,5.8,1.6,4.2,2.9,6.6,65.00999999999999
강릉,2022-11-23,14.0,9.3,11.7,86.1,75.0,3.5,6.1,1.5,19.6,0.9,9.4,79.40999999999998
강릉,2022-11-24,17.2,7.6,11.1,64.4,43.0,3.8,7.3,2.0,0.0,6.3,4.4,69.0
강릉,2022-11-25,21.6,9.6,16.0,36.6,20.0,11.1,21.8,4.2,0.0,9.1,0.8,47.11
강릉,2022-11-26,17.0,6.9,12.9,30.4,13.0,9.0,19.5,3.6,0.0,5.7,-5.1,35.04
강릉,2022-11-27,15.0,4.5,9.4,38.8,20.0,4.1,6.8,1.9,0.0,8.2,-4.3,36.89999999999999
강릉,2022-11-28,15.9,4.7,10.8,66.8,33.0,2.3,4.4,1.0,3.4,3.6,4.6,57.559999999999995
강릉,2022-11-29,15.6,6.6,11.5,59.8,24.0,6.4,10.5,2.0,3.2,0.0,2.4,59.099999999999994
강릉,2022-11-30,6.6,-3.0,0.4,29.1,19.0,6.7,11.5,3.4,0.0,8.5,-15.8,39.01
강릉,2022-12-01,5.3,-5.3,-1.1,32.9,23.0,5.1,9.9,2.9,0.0,8.9,-15.5,34.83
강릉,2022-12-02,6.2,-4.7,0.6,35.3,14.0,4.8,8.9,2.6,0.0,9.0,-13.8,34.2
강릉,2022-12-03,10.3,0.2,6.3,50.0,36.0,7.0,13.3,3.7,0.0,3.6,-3.4,45.35
강릉,2022-12-04,5.7,-0.1,2.4,31.3,17.0,4.5,9.3,2.0,0.0,1.4,-13.3,35.44
강릉,2022-12-05,7.5,-0.7,1.7,29.9,19.0,4.7,8.4,2.3,0.0,7.8,-14.3,32.19
강릉,2022-12-06,7.4,-1.5,2.7,46.5,34.0,5.1,9.8,2.7,0.0,7.3,-7.7,41.660000000000004
강릉,2022-12-07,10.7,3.2,6.8,43.4,28.0,7.4,14.4,3.3,0.0,8.4,-5.1,42.669999999999995
강릉,2022-12-08,12.5,4.4,7.6,35.9,22.0,4.5,8.7,2.5,0.0,6.6,-6.9,38.46
강릉,2022-12-09,10.9,3.8,6.9,49.1,31.0,5.0,9.5,2.8,0.0,3.5,-3.1,45.89
강릉,2022-12-10,11.2,2.2,5.9,48.6,30.0,4.3,8.2,2.4,0.0,3.4,-4.4,47.42999999999999
강릉,2022-12-11,10.4,1.9,5.3,55.8,42.0,4.4,7.3,2.6,0.0,6.0,-2.9,53.69
강릉,2022-12-12,13.5,2.4,6.4,53.9,26.0,5.2,10.2,2.8,0.0,2.8,-2.7,53.75
강릉,2022-12-13,6.3,-1.3,3.6,50.5,31.0,7.2,16.4,3.4,0.0,4.4,-5.9,51.709999999999994
강릉,2022-12-14,-1.3,-7.7,-4.7,27.8,21.0,7.5,18.7,4.0,0.0,9.0,-20.7,34.95
강릉,2022-12-15,3.5,-5.2,0.1,53.4,36.0,4.8,9.0,2.5,0.0,5.8,-8.2,47.989999999999995
강릉,2022-12-16,6.1,-3.9,0.5,30.3,17.0,4.7,9.3,2.1,0.0,8.6,-15.4,34.67
강릉,2022-12-17,1.4,-7.0,-2.9,28.3,19.0,6.6,12.8,3.4,0.0,7.7,-19.0,31.209999999999997
강릉,2022-12-18,-1.4,-9.1,-5.8,28.8,18.0,5.7,13.3,3.4,0.0,8.9,-21.4,28.85
강릉,2022-12-19,2.4,-7.5,-3.0,36.1,23.0,5.5,11.2,3.2,0.0,8.9,-16.2,33.86
강릉,2022-12-20,7.2,-3.7,1.4,31.9,20.0,5.4,10.8,2.7,0.0,7.9,-13.9,32.43
강릉,2022-12-21,9.2,1.6,4.7,53.4,33.0,5.2,9.5,2.7,0.0,1.8,-4.2,47.37
강릉,2022-12-22,2.8,-8.9,-3.8,41.6,32.0,7.0,14.4,4.0,0.0,8.2,-15.0,42.989999999999995
강릉,2022-12-23,-5.3,-11.3,-8.4,42.5,34.0,7.0,15.5,5.3,0.0,8.7,-18.9,43.41
강릉,2022-12-24,6.9,-8.6,-0.7,46.6,31.0,5.9,10.4,3.4,0.0,6.7,-10.9,45.28
강릉,2022-12-25,7.5,-1.0,2.1,41.6,35.0,4.7,7.8,3.0,0.0,8.4,-9.6,42.69
강릉,2022-12-26,8.6,-2.6,1.7,42.8,25.0,5.2,8.4,2.8,0.0,8.1,-9.9,42.94
강릉,2022-12-27,10.6,-1.5,3.2,35.4,18.0,5.2,10.2,3.2,0.0,8.8,-11.3,37.5
강릉,2022-12-28,5.2,-2.1,1.5,40.9,23.0,7.1,15.4,3.9,0.0,7.7,-10.8,39.989999999999995
강릉,2022-12-29,6.9,-3.9,0.2,36.5,19.0,5.2,11.0,2.7,0.0,8.9,-13.5,37.269999999999996
강릉,2022-12-30,7.9,-1.0,2.1,43.8,27.0,5.3,10.0,2.9,0.0,8.9,-9.3,42.05
강릉,2022-12-31,6.0,-1.8,2.4,44.0,34.0,6.8,12.5,4.0,0.0,8.7,-8.7,43.209999999999994
강릉,2023-01-01,10.2,1.0,4.8,31.6,19.0,4.9,10.3,2.9,0.0,8.9,-11.4,35.300000000000004
강릉,2023-01-02,7.7,-2.0,1.6,25.5,16.0,5.1,9.9,2.6,0.0,8.8,-16.3,28.57
강릉,2023-01-03,7.5,-1.6,1.3,25.5,14.0,5.1,10.8,3.6,0.0,8.9,-16.7,26.11
강릉,2023-01-04,8.0,-1.3,2.5,21.9,14.0,6.0,11.5,3.2,0.0,9.0,-17.4,22.98
강릉,2023-01-05,10.3,-2.1,3.6,32.4,20.0,4.5,10.0,2.4,0.0,8.9,-11.7,29.609999999999996
강릉,2023-01-06,11.1,0.9,5.5,34.6,22.0,4.1,7.9,2.3,0.0,8.4,-9.2,32.89
강릉,2023-01-07,9.0,2.4,4.5,61.0,42.0,5.1,9.1,2.1,0.3,6.3,-2.8,52.86
강릉,2023-01-08,12.0,0.9,5.9,38.5,20.0,5.0,9.9,2.9,0.0,7.8,-7.6,42.61
강릉,2023-01-09,13.0,2.9,6.9,51.9,35.0,5.6,9.8,2.0,0.0,6.8,-2.4,50.13
강릉,2023-01-10,13.4,1.0,6.9,48.0,29.0,6.9,13.5,2.3,0.0,9.0,-3.9,47.83
강릉,2023-01-11,16.0,7.2,10.8,21.1,16.0,7.1,12.3,3.6,0.0,9.0,-10.8,29.560000000000002
강릉,2023-01-12,18.7,8.6,12.7,27.8,16.0,5.6,10.4,2.4,0.0,8.9,-6.0,28.48
강릉,2023-01-13,12.6,8.0,9.3,78.1,26.0,3.4,6.3,1.5,8.1,0.0,5.0,62.339999999999996
강릉,2023-01-14,8.5,1.7,5.4,94.4,90.0,3.6,8.0,1.8,43.4,0.0,4.5,84.48
강릉,2023-01-15,2.8,0.9,1.4,95.8,90.0,2.6,4.9,1.1,26.1,0.0,0.8,93.75
강릉,2023-01-16,4.2,-3.0,0.4,65.9,49.0,4.1,8.9,2.9,0.0,8.3,-5.4,74.73
강릉,2023-01-17,4.4,-3.6,-0.8,50.1,35.0,4.7,9.7,2.7,0.0,1.5,-10.0,57.83
강릉,2023-01-18,5.7,-1.4,1.1,49.8,35.0,3.6,7.5,1.9,0.0,8.6,-8.5,51.47
강릉,2023-01-19,6.1,-2.0,1.7,45.3,36.0,5.6,10.1,2.8,0.0,7.4,-9.1,46.68
강릉,2023-01-20,4.7,-3.1,1.3,35.0,20.0,6.3,15.2,3.5,0.0,8.9,-13.0,38.540000000000006
강릉,2023-01-21,4.7,-5.3,-0.8,28.6,16.0,6.0,11.2,2.9,0.0,9.3,-17.3,31.55
강릉,2023-01-22,6.4,-1.5,1.7,45.6,32.0,3.9,6.6,1.7,0.0,0.9,-9.1,41.14
강릉,2023-01-23,9.8,0.0,3.8,53.3,31.0,3.9,7.8,1.9,0.0,8.4,-5.2,49.28999999999999
강릉,2023-01-24,0.8,-12.9,-8.4,30.0,22.0,6.4,12.8,3.7,0.0,9.4,-23.1,36.22
강릉,2023-01-25,-0.7,-14.0,-7.2,29.3,15.0,5.0,9.7,3.3,0.0,9.4,-22.8,31.839999999999996
강릉,2023-01-26,1.1,-6.7,-2.4,54.8,40.0,4.6,8.0,1.7,0.0,1.3,-10.3,47.21999999999999
강릉,2023-01-27,0.8,-6.9,-3.3,39.6,24.0,6.6,10.8,3.1,0.0,9.5,-15.4,41.61
강릉,2023-01-28,1.5,-8.5,-3.5,35.1,23.0,5.5,10.9,3.2,0.0,9.5,-16.9,37.97
강릉,2023-01-29,4.6,-4.0,0.4,46.6,30.0,6.3,12.3,2.7,0.0,6.8,-10.0,43.6
강릉,2023-01-30,7.5,-1.9,1.7,37.1,23.0,4.5,7.8,2.1,0.0,9.5,-11.9,38.8
강릉,2023-01-31,10.3,-0.2,5.8,39.8,24.0,5.3,13.4,3.0,0.0,9.0,-7.1,39.94
강릉,2023-02-01,9.8,-0.9,5.4,38.4,22.0,6.0,13.1,2.2,0.0,8.4,-8.1,38.55
강릉,2023-02-02,5.1,-3.0,0.6,50.8,32.0,4.2,6.5,1.8,0.0,6.6,-8.7,47.21999999999999
강릉,2023-02-03,6.2,-1.7,1.4,54.1,43.0,3.6,6.5,2.3,0.0,3.7,-7.0,51.870000000000005
강릉,2023-02-04,8.6,-2.0,3.0,30.3,18.0,3.9,7.8,2.4,0.0,9.6,-13.0,37.11
강릉,2023-02-05,10.2,0.9,5.1,35.0,21.0,5.1,10.0,3.1,0.0,9.7,-9.4,35.97
강릉,2023-02-06,13.2,2.4,6.8,39.3,19.0,3.3,6.1,1.8,0.0,7.4,-6.7,37.54
강릉,2023-02-07,7.5,1.0,4.0,63.5,47.0,4.5,6.9,2.2,0.0,0.1,-2.4,55.809999999999995
강릉,2023-02-08,9.6,-0.4,3.3,67.3,44.0,3.9,6.7,1.9,0.0,8.0,-2.4,63.739999999999995
강릉,2023-02-09,7.9,-0.5,3.6,59.9,47.0,4.1,6.8,1.8,0.0,2.9,-3.5,61.74
강릉,2023-02-10,5.6,0.2,3.2,88.4,71.0,3.6,5.8,1.4,4.6,0.0,1.4,80.59
강릉,2023-02-11,11.7,-0.6,5.8,64.5,43.0,4.1,8.0,1.8,0.0,6.0,-0.8,68.82
강릉,2023-02-12,10.4,5.4,7.7,56.8,35.0,4.7,7.9,2.3,1.1,0.9,-0.9,61.5
강릉,2023-02-13,6.2,2.1,4.0,93.6,88.0,2.9,4.6,1.1,15.1,0.0,3.0,83.33
강릉,2023-02-14,4.0,0.6,2.2,78.5,48.0,5.9,10.7,2.3,0.4,2.2,-1.5,79.35
강릉,2023-02-15,4.8,0.2,1.4,89.8,78.0,3.0,4.6,1.2,15.0,0.4,-0.1,87.91999999999999
강릉,2023-02-16,10.2,-1.6,4.2,63.6,45.0,6.3,11.0,2.4,0.0,8.1,-2.6,70.33
강릉,2023-02-17,13.6,3.5,7.6,47.0,29.0,4.9,10.5,2.4,0.0,7.3,-3.1,54.599999999999994
강릉,2023-02-18,11.1,6.0,8.8,50.5,29.0,4.9,9.0,1.1,0.0,0.0,-1.2,51.10999999999999
강릉,2023-02-19,12.8,3.8,8.6,37.0,23.0,5.5,10.9,3.4,0.0,9.7,-5.6,40.7
강릉,2023-02-20,8.7,-0.7,3.2,35.0,15.0,6.5,13.6,2.7,0.0,9.2,-11.6,36.95
강릉,2023-02-21,5.9,-3.0,1.2,48.8,36.0,3.5,5.9,2.0,0.0,9.9,-8.6,44.86
강릉,2023-02-22,13.5,-3.8,6.0,38.4,16.0,6.4,11.3,3.0,0.0,10.0,-8.9,40.14
강릉,2023-02-23,14.1,5.6,9.4,37.5,27.0,5.5,12.2,2.6,0.0,9.8,-4.5,38.81
강릉,2023-02-24,12.0,3.7,6.7,55.3,33.0,5.9,10.8,2.5,0.0,6.4,-2.1,50.05
강릉,2023-02-25,3.7,-0.7,2.1,81.9,65.0,5.4,9.4,2.1,2.3,0.3,-0.8,72.14
강릉,2023-02-26,12.5,-1.4,5.5,45.9,24.0,3.9,6.8,1.9,0.0,10.5,-5.7,54.04
강릉,2023-02-27,19.6,2.3,12.2,23.3,10.0,5.7,13.4,3.0,0.0,10.6,-9.2,33.68
강릉,2023-02-28,16.9,9.5,12.2,25.9,12.0,8.6,17.7,4.7,0.0,6.4,-8.1,27.38
강릉,2023-03-01,13.7,5.9,9.9,43.9,27.0,5.8,13.4,2.9,0.0,3.0,-2.1,38.239999999999995
강릉,2023-03-02,8.6,1.0,5.1,39.1,28.0,5.2,10.8,2.2,0.0,9.9,-7.9,38.739999999999995
강릉,2023-03-03,17.5,4.4,10.5,30.8,20.0,5.4,9.3,3.3,0.0,10.5,-6.3,33.769999999999996
강릉,2023-03-04,14.2,4.8,9.4,52.0,34.0,4.2,7.0,2.0,0.0,9.2,-0.2,46.47
강릉,2023-03-05,18.4,2.4,10.4,54.3,39.0,2.9,5.7,1.6,0.0,10.1,1.2,51.489999999999995
강릉,2023-03-06,20.6,11.3,15.6,22.4,14.0,5.0,10.0,3.4,0.0,10.5,-6.3,31.74
강릉,2023-03-07,24.2,13.9,18.7,32.9,24.0,6.3,12.5,3.7,0.0,9.8,1.8,32.94
강릉,2023-03-08,22.1,15.0,17.9,37.5,21.0,7.8,15.3,4.1,0.0,4.6,2.9,35.07
강릉,2023-03-09,15.0,7.6,10.5,80.1,51.0,5.0,9.1,1.6,0.0,4.3,7.0,66.86
강릉,2023-03-10,19.7,5.8,12.8,75.1,53.0,3.4,5.2,1.4,0.0,9.6,8.2,72.33999999999999
강릉,2023-03-11,16.5,9.4,11.3,85.5,65.0,4.5,6.8,1.9,0.0,3.7,8.9,82.88
강릉,2023-03-12,12.3,2.4,8.8,74.8,40.0,6.0,12.3,2.1,3.2,0.4,4.3,76.97
강릉,2023-03-13,11.9,0.3,6.2,28.9,16.0,6.1,13.7,3.7,0.0,8.5,-11.1,43.739999999999995
강릉,2023-03-14,17.8,7.7,11.8,29.5,22.0,6.0,11.2,2.7,0.0,3.9,-5.7,33.91
강릉,2023-03-15,22.2,6.3,15.5,41.0,29.0,5.8,12.1,2.6,0.0,9.5,2.0,37.49
강릉,2023-03-16,15.3,4.0,8.4,37.0,15.0,6.9,14.1,2.4,0.0,8.2,-6.0,37.050000000000004
강릉,2023-03-17,12.8,3.2,8.1,46.8,35.0,3.8,5.8,2.0,0.0,7.1,-2.9,44.26
강릉,2023-03-18,15.6,4.4,9.8,51.6,31.0,2.6,6.0,1.5,0.0,10.1,0.0,49.18
강릉,2023-03-19,19.0,7.3,13.0,38.5,21.0,3.8,7.5,2.2,0.0,11.0,-1.3,41.949999999999996
강릉,2023-03-20,21.3,10.2,15.4,29.3,11.0,4.4,7.5,2.1,0.0,10.0,-3.1,33.37
강릉,2023-03-21,22.8,10.8,16.7,35.8,21.0,4.8,7.9,2.1,0.0,10.7,0.8,34.769999999999996
강릉,2023-03-22,23.1,7.2,15.3,62.4,38.0,3.6,5.6,1.5,0.1,10.4,7.8,53.77
강릉,2023-03-23,14.8,8.8,12.3,84.3,75.0,5.7,9.8,2.0,5.5,0.0,9.7,75.07
강릉,2023-03-24,11.2,7.4,9.1,75.8,62.0,3.3,6.6,1.5,0.0,0.0,4.9,76.15999999999998
강릉,2023-03-25,10.8,8.0,9.4,77.4,70.0,3.5,6.3,1.3,0.0,0.0,5.5,77.77000000000001
강릉,2023-03-26,11.1,4.4,8.1,77.6,62.0,4.4,7.4,1.9,0.0,0.0,4.3,77.38
강릉,2023-03-27,15.4,3.4,9.4,58.4,42.0,4.0,6.4,2.0,0.0,10.8,1.4,64.13999999999999
강릉,2023-03-28,18.3,6.5,12.1,41.0,21.0,3.9,8.5,2.3,0.0,10.7,-1.2,48.13999999999999
강릉,2023-03-29,21.4,8.3,14.6,42.3,29.0,4.6,7.2,2.3,0.0,10.3,1.7,43.64999999999999
강릉,2023-03-30,26.8,13.3,20.6,18.4,11.0,4.9,10.2,2.9,0.0,11.3,-4.7,25.439999999999998
강릉,2023-03-31,22.0,11.4,17.5,42.3,21.0,4.0,7.8,2.0,0.0,11.2,3.5,37.51999999999999
강릉,2023-04-01,22.8,8.0,14.5,62.9,43.0,4.1,8.9,1.7,0.0,11.2,7.3,54.33
강릉,2023-04-02,19.7,7.1,13.3,64.6,44.0,3.4,6.9,1.6,0.0,11.2,6.6,62.02999999999999
강릉,2023-04-03,20.4,7.0,13.4,62.9,46.0,4.0,8.8,1.7,0.0,10.8,6.3,63.239999999999995
강릉,2023-04-04,20.5,7.8,14.2,66.1,48.0,4.3,7.7,1.5,0.0,4.3,7.7,65.30999999999999
강릉,2023-04-05,17.8,12.9,14.4,89.1,78.0,3.8,6.6,1.2,14.0,0.5,12.5,81.88
강릉,2023-04-06,18.4,12.8,14.8,63.5,53.0,6.4,13.3,3.9,0.0,8.4,7.8,68.88
강릉,2023-04-07,19.8,9.5,14.2,40.3,24.0,6.0,13.2,2.9,0.0,10.0,0.3,49.81999999999999
강릉,2023-04-08,18.1,6.1,12.2,27.8,13.0,5.9,12.7,3.5,0.0,11.9,-6.5,33.870000000000005
강릉,2023-04-09,22.8,9.6,16.1,27.0,16.0,6.2,12.1,3.5,0.0,11.9,-3.3,28.490000000000002
강릉,2023-04-10,24.3,13.4,19.3,22.5,17.0,7.6,14.4,4.5,0.0,9.4,-2.8,23.93
강릉,2023-04-11,25.1,14.4,19.6,43.6,25.0,13.9,26.2,7.4,4.6,7.9,6.5,37.72
강릉,2023-04-12,20.3,9.0,15.1,18.3,12.0,5.9,11.4,3.0,0.0,11.3,-9.2,23.78
강릉,2023-04-13,22.1,12.3,18.0,18.9,14.0,6.7,11.9,3.7,0.0,5.6,-6.3,21.25
강릉,2023-04-14,20.7,12.2,16.6,44.6,18.0,5.2,9.5,2.3,0.0,3.3,3.2,36.83
강릉,2023-04-15,13.6,8.5,10.2,80.8,60.0,5.7,10.4,2.1,2.2,0.2,6.9,67.36999999999999
강릉,2023-04-16,13.1,7.9,10.2,78.0,65.0,4.8,9.0,1.6,4.0,0.2,6.4,75.21999999999998
강릉,2023-04-17,19.5,5.2,12.9,68.0,40.0,3.2,6.9,1.3,0.0,7.1,6.7,71.28
강릉,2023-04-18,19.0,10.9,13.9,80.1,65.0,3.2,5.4,1.3,8.3,4.8,10.4,77.46999999999998
강릉,2023-04-19,20.9,12.4,16.0,72.6,52.0,4.4,7.4,2.3,0.0,11.7,10.9,73.63999999999999
강릉,2023-04-20,28.1,12.9,23.6,52.8,42.0,7.0,14.5,3.8,0.0,10.7,13.2,59.48999999999999
강릉,2023-04-21,17.9,11.1,14.8,44.5,30.0,5.7,9.9,2.2,0.0,7.8,2.4,48.97
강릉,2023-04-22,18.0,8.3,13.1,55.0,36.0,5.3,8.7,2.4,0.0,7.3,3.9,52.68
강릉,2023-04-23,18.3,7.5,13.1,65.8,53.0,3.2,5.9,1.7,0.0,5.9,6.8,61.51
강릉,2023-04-24,17.2,9.7,13.6,65.8,45.0,5.9,10.1,2.3,0.0,4.0,7.0,64.72
강릉,2023-04-25,16.2,9.3,12.7,61.4,38.0,5.7,9.6,1.6,0.0,0.4,5.2,62.72
강릉,2023-04-26,17.2,9.7,12.9,57.3,38.0,5.2,10.4,2.5,0.0,6.5,4.4,58.96999999999999
강릉,2023-04-27,23.4,9.8,17.7,42.6,25.0,4.0,7.7,2.2,0.0,12.3,4.1,47.42
강릉,2023-04-28,26.8,15.2,22.1,33.9,16.0,4.5,9.3,2.5,0.0,11.7,5.0,37.980000000000004
강릉,2023-04-29,22.4,13.2,18.0,61.6,44.0,6.6,14.3,2.5,0.3,1.0,10.1,54.16
강릉,2023-04-30,22.0,12.7,17.2,42.0,30.0,6.4,16.2,4.0,0.0,11.8,3.7,45.11
강릉,2023-05-01,20.3,11.2,15.2,48.0,24.0,6.4,12.3,2.6,0.3,9.9,3.3,48.16
강릉,2023-05-02,26.5,11.3,20.1,34.5,24.0,4.2,6.8,2.3,0.0,9.1,3.6,37.95
강릉,2023-05-03,28.2,16.4,22.9,33.6,19.0,3.7,7.0,1.9,0.0,12.2,5.7,35.22
강릉,2023-05-04,27.8,19.8,23.9,47.9,35.0,4.1,7.0,2.0,0.0,9.1,12.0,43.699999999999996
강릉,2023-05-05,23.7,12.5,17.9,78.3,56.0,5.1,9.9,2.4,7.2,0.3,13.8,67.75
강릉,2023-05-06,12.5,9.7,10.9,95.5,93.0,5.8,11.3,2.8,66.4,0.0,10.1,87.3
강릉,2023-05-07,15.8,8.3,11.4,77.1,55.0,4.6,7.7,1.8,0.0,0.2,7.2,80.89999999999999
강릉,2023-05-08,22.6,7.2,16.3,47.3,23.0,3.7,7.9,2.1,0.0,12.8,3.8,58.08
강릉,2023-05-09,30.2,16.4,23.6,31.0,15.0,4.4,9.1,2.8,0.0,12.5,4.4,38.87
강릉,2023-05-10,26.2,14.4,20.4,50.1,29.0,4.0,10.0,2.0,0.0,12.4,8.8,46.0
강릉,2023-05-11,23.1,14.9,18.6,69.4,47.0,4.8,7.9,1.8,0.0,9.0,12.6,61.7
강릉,2023-05-12,23.7,12.8,18.6,69.5,56.0,3.1,5.0,1.2,0.0,8.6,12.6,67.54
강릉,2023-05-13,22.1,15.4,18.2,65.5,46.0,3.8,5.9,1.6,0.0,10.1,11.4,66.69
강릉,2023-05-14,22.9,15.0,18.6,71.1,57.0,3.6,6.1,1.6,0.1,8.8,13.0,69.82
강릉,2023-05-15,29.3,13.4,22.2,56.4,27.0,4.9,9.2,2.0,0.0,9.2,11.5,60.25
강릉,2023-05-16,35.5,24.7,30.1,33.0,19.0,5.8,13.7,3.7,0.0,11.6,11.6,41.489999999999995
강릉,2023-05-17,34.1,21.9,28.7,30.4,18.0,5.3,9.4,2.8,0.0,10.9,9.0,33.519999999999996
강릉,2023-05-18,25.7,17.2,22.6,62.6,46.0,4.8,8.4,2.5,0.1,1.1,14.7,53.199999999999996
강릉,2023-05-19,20.3,14.3,16.7,79.8,58.0,4.9,8.0,2.3,0.4,0.2,13.0,71.42
강릉,2023-05-20,27.7,12.4,21.9,62.5,45.0,7.9,15.9,2.0,0.0,11.8,13.7,65.97
강릉,2023-05-21,27.1,21.5,23.8,44.3,33.0,6.6,12.0,3.5,0.0,3.0,10.7,51.489999999999995
강릉,2023-05-22,21.9,14.3,19.3,53.0,35.0,5.7,9.4,2.6,0.0,3.6,9.1,52.209999999999994
강릉,2023-05-23,25.9,12.9,18.9,46.9,26.0,3.9,6.4,2.2,0.0,10.7,6.4,47.86
강릉,2023-05-24,28.3,12.3,21.1,40.9,21.0,5.7,9.4,2.1,0.0,9.0,6.6,43.31
강릉,2023-05-25,27.6,17.9,22.7,42.8,26.0,4.9,7.9,1.9,0.0,9.4,9.1,42.83
강릉,2023-05-26,27.5,16.8,23.0,52.0,33.0,5.3,9.6,2.0,0.7,10.5,11.9,49.05
강릉,2023-05-27,26.7,19.9,22.8,65.9,45.0,2.5,4.7,1.3,2.4,0.6,15.7,60.81
강릉,2023-05-28,20.8,18.3,19.0,91.3,83.0,3.0,5.3,1.1,5.3,0.0,17.5,82.29
강릉,2023-05-29,24.6,17.8,20.4,88.9,68.0,2.4,3.7,0.8,7.9,3.8,18.4,87.08
강릉,2023-05-30,23.0,15.5,18.7,83.4,67.0,4.1,6.2,1.6,0.3,1.4,15.7,85.28999999999999
강릉,2023-05-31,26.5,13.2,20.4,63.1,37.0,5.1,10.1,1.6,0.0,11.6,12.6,69.74000000000001
강릉,2023-06-01,29.3,19.4,24.3,56.9,42.0,3.2,7.5,1.8,0.0,3.7,14.9,60.790000000000006
강릉,2023-06-02,27.7,19.0,22.8,65.1,46.0,3.6,6.1,1.7,0.0,9.2,15.6,63.26
강릉,2023-06-03,31.0,16.6,24.4,45.5,22.0,4.1,8.0,2.0,0.0,12.6,10.2,50.559999999999995
강릉,2023-06-04,31.6,20.9,25.9,34.8,20.0,5.5,9.5,3.0,0.0,11.0,8.6,39.96999999999999
강릉,2023-06-05,31.4,21.7,26.3,40.4,30.0,4.7,11.7,3.2,0.0,10.7,11.5,39.78999999999999
강릉,2023-06-06,30.1,21.0,25.1,46.8,35.0,4.8,10.5,2.7,0.0,8.6,12.7,44.31999999999999
강릉,2023-06-07,29.8,21.3,25.9,49.4,36.0,4.8,10.6,2.8,0.0,12.4,14.2,47.98
강릉,2023-06-08,31.8,21.9,26.3,45.8,25.0,4.9,10.5,2.3,0.0,2.9,13.2,46.62
강릉,2023-06-09,27.2,15.8,21.9,62.9,40.0,7.1,12.3,1.9,33.8,12.8,13.9,58.129999999999995
강릉,2023-06-10,25.1,17.9,20.8,73.9,58.0,6.4,11.9,1.9,8.8,4.3,15.8,68.89
강릉,2023-06-11,25.8,17.0,20.1,83.3,61.0,4.1,7.4,1.4,4.5,8.0,17.0,79.38000000000001
강릉,2023-06-12,25.3,16.9,20.9,80.4,61.0,3.3,5.3,1.4,0.0,2.8,17.2,80.33
강릉,2023-06-13,25.2,17.8,21.4,78.6,65.0,5.2,10.0,1.6,0.0,6.2,17.4,79.42999999999999
강릉,2023-06-14,24.2,16.2,19.7,77.0,61.0,3.4,5.9,1.8,0.0,6.3,15.4,77.66000000000001
강릉,2023-06-15,24.6,17.5,20.9,77.4,65.0,3.4,5.6,1.6,0.0,4.3,16.6,77.44
강릉,2023-06-16,32.3,17.2,26.1,61.0,43.0,3.2,5.4,1.3,0.0,12.9,17.3,65.88
강릉,2023-06-17,34.5,24.8,29.2,41.8,26.0,4.0,7.5,2.3,0.0,11.9,14.5,49.199999999999996
강릉,2023-06-18,29.5,21.3,25.0,61.4,42.0,5.5,9.1,2.6,0.0,10.4,16.6,57.44
강릉,2023-06-19,26.3,19.5,22.5,73.3,55.0,3.3,6.0,1.9,0.0,9.9,17.3,67.77
강릉,2023-06-20,23.2,17.9,20.6,75.6,65.0,4.4,8.8,2.1,0.0,1.2,16.0,73.72
강릉,2023-06-21,19.7,16.8,18.1,89.0,78.0,4.5,8.7,1.7,40.6,0.0,16.2,84.75
강릉,2023-06-22,25.9,16.1,20.5,77.0,54.0,4.7,7.7,1.5,1.2,8.2,16.0,79.26
강릉,2023-06-23,23.8,17.6,20.7,74.6,61.0,3.5,5.9,1.9,0.0,5.5,15.9,76.52
강릉,2023-06-24,26.4,15.9,21.7,72.8,58.0,3.5,5.8,1.6,0.0,11.6,16.4,73.58
강릉,2023-06-25,30.0,18.5,23.3,73.4,53.0,3.1,5.3,1.3,0.0,10.3,17.9,73.39999999999999
강릉,2023-06-26,23.3,18.7,20.9,91.4,80.0,2.9,4.4,1.0,31.9,0.1,19.4,85.94
강릉,2023-06-27,30.6,21.3,26.0,64.4,44.0,7.0,14.6,3.0,1.9,11.0,18.1,70.7
강릉,2023-06-28,32.1,23.1,28.3,54.8,41.0,5.1,10.7,2.9,0.0,10.6,18.0,60.379999999999995
강릉,2023-06-29,28.5,20.0,24.4,73.8,57.0,4.0,9.3,2.1,31.6,0.0,19.1,69.06
강릉,2023-06-30,22.8,19.3,20.6,88.5,78.0,3.7,6.6,1.0,5.7,0.9,18.5,82.19
강릉,2023-07-01,30.7,18.1,24.4,77.0,58.0,4.0,7.4,1.3,0.0,9.3,19.7,78.97999999999999
강릉,2023-07-02,31.5,23.1,26.8,63.5,47.0,4.3,7.6,2.0,0.0,5.1,19.1,68.69999999999999
강릉,2023-07-03,26.8,21.0,23.3,81.5,68.0,3.5,4.9,1.2,0.0,3.9,19.9,77.45
강릉,2023-07-04,26.5,21.2,24.1,82.5,70.0,2.9,5.7,1.3,6.1,1.5,20.8,80.39999999999999
강릉,2023-07-05,32.4,24.1,28.0,63.6,44.0,7.5,16.9,3.9,8.6,10.2,19.9,69.17
강릉,2023-07-06,33.7,25.5,29.8,51.8,42.0,7.7,15.5,5.3,0.0,3.1,18.6,57.23
강릉,2023-07-07,30.6,22.1,27.1,55.5,41.0,5.2,9.1,1.8,0.0,2.5,17.2,55.56999999999999
강릉,2023-07-08,27.1,19.6,23.8,78.0,67.0,4.5,7.7,1.7,0.0,4.7,19.6,70.88
강릉,2023-07-09,27.3,22.2,24.3,83.8,72.0,3.5,7.1,1.5,32.7,2.1,21.3,79.80999999999999
강릉,2023-07-10,33.8,24.7,29.2,63.0,44.0,4.7,9.6,2.4,1.3,6.7,21.1,68.66
강릉,2023-07-11,32.2,23.6,26.8,68.0,53.0,5.4,12.8,3.3,3.6,2.9,20.3,68.58
강릉,2023-07-12,31.7,24.8,27.5,70.1,54.0,4.2,8.0,1.9,4.7,6.7,21.4,68.97
강릉,2023-07-13,28.2,24.2,25.4,87.8,77.0,2.0,2.9,0.7,11.0,0.0,23.1,82.27999999999999
강릉,2023-07-14,32.2,23.7,28.0,79.5,62.0,3.8,7.6,1.3,11.5,2.0,23.9,80.22
강릉,2023-07-15,29.0,25.1,26.3,82.0,68.0,4.1,8.9,1.7,7.3,0.0,22.9,82.08
강릉,2023-07-16,28.1,25.5,26.9,72.6,64.0,4.8,11.7,1.8,0.0,0.1,21.5,75.17
강릉,2023-07-17,31.1,24.6,27.5,76.8,62.0,3.0,4.7,1.2,2.0,1.1,22.9,76.48
강릉,2023-07-18,26.2,22.5,24.7,91.1,83.0,3.6,5.3,1.0,13.0,0.0,23.1,86.39
강릉,2023-07-19,28.3,22.5,25.0,81.9,69.0,2.8,5.1,1.6,0.0,5.0,21.6,83.22999999999999
강릉,2023-07-20,29.9,21.2,25.7,78.9,63.0,3.1,4.9,1.2,0.0,11.4,21.5,80.72000000000001
강릉,2023-07-21,29.9,23.2,26.0,81.6,67.0,3.3,6.9,1.4,0.0,5.8,22.4,81.08999999999999
강릉,2023-07-22,31.0,24.1,27.5,75.1,60.0,4.2,9.4,1.5,0.0,8.6,22.5,76.77999999999999
강릉,2023-07-23,30.8,25.5,27.5,78.1,60.0,3.8,7.2,1.3,2.3,0.0,23.1,77.85
강릉,2023-07-24,33.4,25.0,28.5,75.1,52.0,3.0,5.7,1.3,0.2,3.6,23.3,75.7
강릉,2023-07-25,34.8,27.8,30.7,60.8,47.0,3.5,6.5,1.9,0.0,6.7,22.2,65.39
강릉,2023-07-26,36.0,26.4,30.4,61.0,47.0,3.5,7.7,2.0,0.4,5.1,21.8,62.37
강릉,2023-07-27,35.4,26.7,31.1,62.3,48.0,2.9,5.6,1.4,0.0,11.5,22.7,61.88999999999999
강릉,2023-07-28,37.3,27.1,31.7,63.5,48.0,3.4,5.4,1.3,0.0,12.4,23.7,63.01
강릉,2023-07-29,35.5,26.8,30.9,66.3,52.0,2.8,4.8,1.2,0.0,11.5,23.6,65.34
강릉,2023-07-30,36.1,27.0,31.6,58.0,39.0,2.4,5.0,1.4,0.0,10.9,22.0,60.209999999999994
강릉,2023-07-31,34.6,26.9,30.5,62.8,48.0,3.5,5.8,1.5,0.0,6.7,22.4,62.19
강릉,2023-08-01,35.1,24.8,29.8,67.8,49.0,2.6,4.3,1.0,0.0,10.3,22.9,65.82
강릉,2023-08-02,37.8,28.3,32.9,56.5,39.0,3.4,6.9,1.7,0.0,10.0,22.7,59.39
강릉,2023-08-03,38.4,30.5,33.4,46.5,37.0,4.1,8.9,2.4,0.0,11.3,20.2,50.629999999999995
강릉,2023-08-04,37.3,30.6,33.2,53.9,43.0,3.7,8.0,1.9,0.0,7.8,22.4,52.68
강릉,2023-08-05,37.3,28.0,32.4,59.4,44.0,2.8,6.2,1.7,0.0,12.3,23.7,57.01
강릉,2023-08-06,31.7,26.1,28.1,84.0,70.0,2.5,4.7,1.1,27.7,1.8,25.0,76.07
강릉,2023-08-07,26.5,22.7,24.9,93.0,83.0,3.7,6.5,1.6,39.5,0.0,23.6,87.83999999999999
강릉,2023-08-08,24.6,22.0,23.3,88.6,81.0,3.8,7.4,1.8,0.9,0.0,21.2,89.02
강릉,2023-08-09,23.1,21.6,22.3,93.0,86.0,4.1,7.4,1.6,76.4,0.0,21.1,92.11999999999999
강릉,2023-08-10,24.9,21.1,22.5,95.5,85.0,9.5,19.4,3.4,270.5,0.0,21.7,94.30999999999999
강릉,2023-08-11,33.2,22.4,27.7,67.6,47.0,6.1,11.2,2.7,0.0,9.2,20.8,75.71999999999998
강릉,2023-08-12,28.0,23.1,24.4,84.4,70.0,2.8,4.2,1.2,0.6,0.7,21.5,82.14999999999999
강릉,2023-08-13,26.6,23.1,24.3,86.4,77.0,2.5,4.3,1.1,0.0,1.3,21.8,84.12
강릉,2023-08-14,26.7,22.9,24.2,87.6,76.0,3.0,4.8,1.4,0.0,0.6,21.9,87.03999999999999
강릉,2023-08-15,24.0,22.1,22.8,91.0,80.0,4.2,6.9,2.2,2.3,0.0,21.2,89.86
강릉,2023-08-16,27.3,21.9,24.3,82.9,71.0,3.9,7.6,1.6,0.0,3.1,21.1,84.99000000000001
강릉,2023-08-17,29.0,22.0,25.1,83.6,68.0,3.1,5.3,1.3,0.0,5.5,22.0,84.19999999999999
강릉,2023-08-18,28.6,22.4,24.9,86.6,71.0,2.7,4.9,1.1,0.3,1.8,22.4,85.63
강릉,2023-08-19,29.0,23.5,26.0,83.6,71.0,2.8,5.0,1.2,0.0,4.0,22.9,84.19999999999999
강릉,2023-08-20,30.7,24.6,26.2,88.5,71.0,3.2,5.2,1.3,21.0,4.0,24.1,87.32999999999998
강릉,2023-08-21,32.4,23.7,27.6,82.9,68.0,3.2,4.9,1.4,0.0,8.7,24.3,84.09
강릉,2023-08-22,35.5,24.7,30.5,65.3,45.0,5.0,8.7,2.3,0.0,11.1,22.7,71.13999999999999
강릉,2023-08-23,35.0,22.1,26.4,79.4,52.0,7.2,16.0,2.3,8.6,6.6,22.2,76.93
강릉,2023-08-24,24.9,22.0,23.0,94.0,88.0,3.1,5.0,1.1,23.0,0.0,21.9,88.21000000000001
강릉,2023-08-25,28.7,22.1,25.5,81.6,72.0,2.9,5.0,1.6,11.0,9.5,21.9,83.85999999999999
강릉,2023-08-26,31.4,23.0,26.4,67.1,41.0,3.7,7.7,2.0,0.0,11.4,19.4,72.69
강릉,2023-08-27,28.0,20.7,24.1,78.4,60.0,2.8,4.9,1.6,0.0,3.2,20.0,76.46
강릉,2023-08-28,23.9,22.0,22.5,90.5,78.0,2.2,3.5,1.1,7.8,0.0,20.7,85.74
강릉,2023-08-29,31.7,21.8,26.3,85.8,62.0,3.3,6.6,1.2,1.9,0.7,23.5,86.0
강릉,2023-08-30,26.1,21.5,23.8,88.1,69.0,2.9,6.0,1.4,29.3,0.0,21.6,87.88
강릉,2023-08-31,28.5,21.0,23.8,80.3,53.0,2.7,4.9,1.2,0.0,4.1,19.9,82.41
강릉,2023-09-01,30.4,20.3,24.7,65.4,35.0,4.1,7.4,2.4,0.0,10.5,17.3,70.65
강릉,2023-09-02,28.6,20.3,24.2,73.3,50.0,4.0,6.5,2.0,0.0,8.8,18.8,72.42
강릉,2023-09-03,26.2,22.1,23.7,86.1,76.0,2.9,4.6,1.1,0.0,0.0,21.2,81.47
강릉,2023-09-04,26.9,21.9,23.9,86.4,75.0,2.9,4.7,1.2,0.1,0.2,21.4,85.02999999999999
강릉,2023-09-05,28.2,21.9,24.4,84.8,71.0,2.8,4.9,1.4,0.0,4.0,21.6,85.24999999999999
강릉,2023-09-06,27.6,20.8,23.7,82.8,68.0,4.1,7.0,2.0,0.0,5.6,20.5,83.55999999999999
강릉,2023-09-07,26.7,18.9,22.8,77.1,58.0,3.2,5.4,1.7,0.0,10.9,18.3,79.00999999999999
강릉,2023-09-08,27.3,19.0,22.7,75.9,57.0,2.8,5.1,1.8,0.0,10.6,18.0,76.83
강릉,2023-09-09,27.7,17.9,22.7,70.5,52.0,3.7,6.1,1.9,0.0,11.7,16.8,72.24
강릉,2023-09-10,27.7,18.2,23.2,75.4,61.0,2.7,5.6,1.7,0.0,9.9,18.4,74.47
강릉,2023-09-11,28.2,19.9,23.8,78.5,66.0,2.5,4.7,1.4,0.0,7.2,19.7,77.08
강릉,2023-09-12,31.0,22.0,26.2,73.8,44.0,3.6,6.1,1.9,0.0,8.3,20.9,74.9
강릉,2023-09-13,24.2,19.1,21.0,91.6,81.0,2.9,4.3,1.2,41.5,0.0,19.5,86.72999999999999
강릉,2023-09-14,22.6,19.0,20.8,94.6,83.0,4.1,7.0,1.7,19.3,0.0,19.8,91.91999999999999
강릉,2023-09-15,22.8,20.6,21.5,95.8,90.0,2.4,3.7,0.9,10.0,0.0,20.7,95.13999999999999
강릉,2023-09-16,23.8,21.3,22.1,94.4,86.0,2.5,3.8,0.8,28.3,0.0,21.1,94.69999999999999
강릉,2023-09-17,25.4,21.5,22.6,92.0,80.0,3.6,5.7,1.1,0.2,0.3,21.2,92.86
강릉,2023-09-18,29.9,21.1,25.1,82.1,63.0,3.3,5.5,1.3,0.1,7.9,21.6,85.30999999999999
강릉,2023-09-19,31.9,23.0,26.9,57.6,44.0,3.7,6.9,2.2,0.0,7.0,17.6,65.94
강릉,2023-09-20,25.7,17.9,20.9,89.5,64.0,4.5,7.9,1.7,92.1,0.0,18.9,82.38
강릉,2023-09-21,21.5,15.5,18.6,77.3,60.0,4.3,8.5,2.5,10.8,0.1,14.3,77.77
강릉,2023-09-22,24.9,14.5,19.5,70.3,46.0,3.8,6.0,2.1,0.0,11.1,13.6,73.61999999999999
강릉,2023-09-23,24.5,16.0,20.1,75.0,61.0,4.4,8.7,2.0,1.4,4.3,15.4,74.29
강릉,2023-09-24,24.0,15.8,19.7,72.9,48.0,3.2,6.1,1.8,0.0,7.2,14.3,73.06
강릉,2023-09-25,25.3,17.6,20.8,78.8,59.0,3.1,6.0,1.7,5.3,3.2,16.8,77.24
강릉,2023-09-26,21.7,18.8,20.1,95.3,90.0,2.4,3.5,0.7,17.0,0.0,19.2,89.76
강릉,2023-09-27,21.5,19.8,20.4,95.8,92.0,2.5,4.3,1.1,10.3,0.0,19.7,93.99999999999999
강릉,2023-09-28,28.9,19.3,23.5,72.0,50.0,3.4,6.0,1.7,0.0,10.1,17.8,79.09
강릉,2023-09-29,25.3,18.3,21.1,65.5,40.0,3.5,6.2,2.1,0.0,5.6,14.0,69.83
강릉,2023-09-30,26.7,18.1,21.2,61.6,47.0,4.7,8.2,2.5,0.4,4.5,13.3,63.42
강릉,2023-10-01,23.7,15.6,19.1,55.1,39.0,5.2,9.2,2.4,0.0,11.0,9.8,57.44
강릉,2023-10-02,23.6,13.9,18.1,52.1,28.0,4.9,8.5,2.8,0.0,10.7,7.5,53.650000000000006
강릉,2023-10-03,22.7,14.5,18.2,59.3,45.0,4.6,8.0,2.4,0.0,1.4,10.0,57.44
강릉,2023-10-04,25.9,15.6,20.4,53.8,36.0,5.2,10.8,2.7,0.0,7.0,10.4,54.73
강릉,2023-10-05,20.1,12.1,16.2,44.8,31.0,4.1,8.0,2.4,0.0,10.7,3.9,48.05
강릉,2023-10-06,21.7,11.1,15.7,54.1,32.0,4.9,8.3,2.4,0.0,9.0,5.9,52.21
강릉,2023-10-07,22.1,12.5,17.1,63.8,46.0,3.9,7.0,2.0,0.0,4.9,9.9,59.959999999999994
강릉,2023-10-08,19.4,14.0,16.5,76.6,63.0,3.2,5.6,1.6,0.0,0.1,12.2,71.78999999999999
강릉,2023-10-09,20.2,13.8,16.8,77.6,64.0,3.6,5.9,2.1,0.1,1.8,12.7,76.01999999999998
강릉,2023-10-10,21.4,12.7,16.6,74.1,54.0,4.7,8.5,2.5,2.7,8.1,11.7,75.04999999999998
강릉,2023-10-11,23.5,13.0,17.0,67.1,40.0,4.7,7.8,2.7,0.0,8.0,10.5,69.55
강릉,2023-10-12,22.4,13.8,17.5,70.8,53.0,4.4,7.7,2.3,0.0,7.1,12.0,70.39
강릉,2023-10-13,23.2,14.1,17.7,72.1,52.0,3.4,5.6,1.6,0.0,4.9,12.5,71.33999999999999
강릉,2023-10-14,22.7,13.7,16.2,70.4,42.0,4.9,8.3,2.0,0.9,2.5,10.6,70.78
강릉,2023-10-15,23.1,13.6,18.5,54.8,41.0,5.3,10.1,3.1,0.0,10.4,8.9,59.65
강릉,2023-10-16,19.7,14.5,16.6,67.0,51.0,3.5,6.4,1.8,0.4,1.0,10.3,64.9
강릉,2023-10-17,21.1,11.7,15.5,55.1,28.0,4.2,7.5,2.3,0.0,10.4,6.2,57.45
강릉,2023-10-18,26.7,13.3,19.8,39.3,21.0,4.7,10.2,3.0,0.0,8.2,4.9,45.230000000000004
강릉,2023-10-19,20.4,18.0,19.2,58.1,41.0,5.8,11.2,2.9,0.0,0.0,10.6,54.04
강릉,2023-10-20,18.5,9.6,15.0,34.6,19.0,5.8,11.1,3.0,0.0,9.8,-1.2,39.77
강릉,2023-10-21,16.8,7.1,10.9,49.4,26.0,4.8,9.9,2.5,0.0,7.8,0.4,47.31
강릉,2023-10-22,22.0,8.5,15.7,40.8,22.0,5.9,9.9,3.2,0.0,9.2,1.8,41.9
강릉,2023-10-23,22.5,13.8,17.1,50.1,25.0,3.2,6.0,2.1,0.0,9.8,6.1,48.17
강릉,2023-10-24,23.7,14.9,18.1,51.6,32.0,3.4,6.8,2.0,0.0,7.7,7.6,50.22
강릉,2023-10-25,24.5,14.9,19.3,51.9,34.0,3.9,8.0,2.1,0.0,9.7,8.8,51.66
강릉,2023-10-26,24.7,16.1,20.0,50.1,39.0,6.5,12.0,3.0,0.0,7.8,9.1,50.61
강릉,2023-10-27,16.7,10.3,13.2,80.3,55.0,5.4,9.8,2.3,22.0,0.0,9.8,71.41999999999999
강릉,2023-10-28,19.1,9.2,13.2,77.9,54.0,3.6,6.0,2.0,0.0,5.7,9.2,75.60000000000001
강릉,2023-10-29,19.8,10.1,13.8,72.0,48.0,4.3,7.5,2.3,0.0,9.3,8.5,74.01
강릉,2023-10-30,24.2,9.6,17.1,53.8,31.0,3.3,5.1,1.7,0.0,9.9,7.2,59.849999999999994
강릉,2023-10-31,25.7,15.1,20.1,35.8,19.0,6.8,13.8,3.0,0.0,9.8,3.7,43.019999999999996
강릉,2023-11-01,24.5,18.4,21.5,55.5,30.0,7.4,13.9,3.6,0.0,6.4,12.1,51.38999999999999
강릉,2023-11-02,29.1,20.0,24.3,40.6,21.0,5.4,12.3,2.9,0.0,9.3,8.9,43.099999999999994
강릉,2023-11-03,26.4,16.8,21.4,56.5,20.0,10.7,22.3,3.7,8.5,4.9,10.8,53.22
강릉,2023-11-04,17.0,14.2,14.9,94.6,87.0,3.9,7.8,1.4,30.0,0.0,14.0,81.58
강릉,2023-11-05,18.1,14.7,15.7,94.8,82.0,3.1,4.7,0.9,0.7,0.0,14.7,90.93
강릉,2023-11-06,24.8,9.4,17.8,59.1,35.0,13.3,27.0,5.7,1.8,7.6,9.3,69.78999999999999
강릉,2023-11-07,15.1,7.7,10.8,42.5,30.0,9.6,16.8,4.7,0.0,9.7,-1.8,51.05
강릉,2023-11-08,16.6,6.3,11.2,59.4,38.0,4.2,7.6,2.1,0.0,9.6,3.2,55.989999999999995
강릉,2023-11-09,22.3,6.1,15.5,59.8,41.0,5.7,11.4,2.2,0.0,8.5,7.2,57.989999999999995
강릉,2023-11-10,18.5,6.8,11.6,42.8,15.0,6.6,11.2,3.3,0.0,6.8,-1.3,47.86
강릉,2023-11-11,11.0,2.3,6.5,50.8,32.0,3.6,8.0,1.8,0.0,4.3,-3.3,50.099999999999994
강릉,2023-11-12,8.9,1.7,5.2,37.6,22.0,4.4,7.9,2.5,0.0,9.6,-8.4,40.760000000000005
강릉,2023-11-13,13.0,1.6,6.6,31.6,21.0,4.5,8.2,2.6,0.0,9.5,-9.3,34.72
강릉,2023-11-14,13.1,5.5,8.6,36.3,25.0,5.1,9.6,2.4,0.0,9.5,-5.8,35.489999999999995
강릉,2023-11-15,14.7,4.9,9.2,48.3,28.0,3.1,5.2,1.9,0.0,9.4,-1.5,44.22999999999999
강릉,2023-11-16,11.8,7.9,9.5,58.3,51.0,4.3,7.3,2.2,0.0,0.0,1.6,54.1
강릉,2023-11-17,10.5,0.7,6.1,45.5,24.0,6.3,13.9,3.0,0.0,7.3,-5.3,48.339999999999996
강릉,2023-11-18,8.1,-1.5,3.5,38.9,30.0,7.2,13.5,4.5,0.0,9.4,-9.3,42.16
강릉,2023-11-19,13.6,4.6,10.1,48.1,36.0,7.3,14.3,3.9,0.0,5.6,-0.5,46.0
강릉,2023-11-20,14.3,4.8,8.9,52.1,31.0,4.3,7.3,2.1,0.0,9.3,-0.8,49.980000000000004
강릉,2023-11-21,21.2,8.6,15.1,22.3,13.0,5.0,9.8,3.0,0.0,9.3,-7.0,30.840000000000003
강릉,2023-11-22,19.5,12.0,15.5,36.5,18.0,6.0,11.9,2.7,0.0,9.2,-0.3,35.22
강릉,2023-11-23,19.8,7.8,15.4,38.6,14.0,6.4,13.1,3.6,0.0,8.4,-0.1,36.55
강릉,2023-11-24,7.8,-0.5,3.2,30.5,19.0,7.2,11.9,3.0,0.0,9.3,-12.8,32.72
강릉,2023-11-25,6.4,-2.4,1.7,36.3,15.0,3.4,7.5,1.9,0.0,9.2,-12.3,35.37
강릉,2023-11-26,12.2,1.5,7.4,37.5,16.0,4.7,9.1,2.0,0.0,5.5,-6.9,36.559999999999995
강릉,2023-11-27,12.3,7.9,9.9,56.6,47.0,6.8,10.9,3.2,0.0,2.3,1.5,50.75
강릉,2023-11-28,8.9,2.1,5.2,39.0,23.0,5.9,12.7,3.1,0.0,8.9,-7.8,42.37
강릉,2023-11-29,8.2,-0.7,3.1,40.9,26.0,5.6,12.1,3.2,0.0,7.9,-9.2,42.08999999999999
강릉,2023-11-30,3.9,-4.6,-0.8,35.3,26.0,5.4,10.5,3.2,0.0,9.2,-14.4,36.79
강릉,2023-12-01,6.0,-2.3,1.1,32.3,23.0,5.1,9.0,3.1,0.0,9.0,-13.8,33.75999999999999
강릉,2023-12-02,9.8,-0.3,5.1,42.9,33.0,5.6,14.6,3.5,0.0,7.8,-6.5,40.019999999999996
강릉,2023-12-03,8.8,-1.5,4.6,40.9,25.0,3.7,8.5,1.7,0.0,9.1,-7.9,40.43999999999999
강릉,2023-12-04,14.0,3.9,7.7,27.6,17.0,4.7,8.6,2.6,0.0,9.1,-10.4,31.79
강릉,2023-12-05,13.7,4.2,7.8,50.4,35.0,4.2,7.1,2.3,0.0,8.8,-2.0,44.89
강릉,2023-12-06,14.2,5.4,9.7,57.6,42.0,5.3,9.9,2.5,5.7,3.0,1.6,53.16
강릉,2023-12-07,11.3,4.4,8.6,40.5,26.0,5.8,13.0,3.0,0.0,7.8,-4.4,44.91
강릉,2023-12-08,20.5,4.8,13.4,47.1,33.0,4.2,10.3,1.6,0.0,8.2,2.1,46.83
강릉,2023-12-09,20.3,12.1,16.5,58.8,43.0,6.5,13.7,3.2,0.0,7.6,8.0,54.629999999999995
강릉,2023-12-10,12.7,8.2,10.6,85.4,63.0,4.8,7.7,1.6,31.4,0.1,8.0,76.25
강릉,2023-12-11,10.6,5.5,8.8,95.8,90.0,4.4,11.0,2.7,91.2,0.0,8.1,90.01999999999998
강릉,2023-12-12,5.5,2.8,4.4,93.0,87.0,4.6,7.8,2.3,17.2,0.0,3.3,92.8
강릉,2023-12-13,12.9,1.5,6.9,77.3,49.0,3.2,5.0,1.3,0.0,8.8,2.8,82.28999999999999
강릉,2023-12-14,8.7,4.9,7.0,86.5,81.0,4.4,8.8,1.7,16.2,0.0,4.9,85.30999999999999
강릉,2023-12-15,4.9,1.8,2.7,95.6,89.0,4.6,8.7,2.4,52.4,0.0,2.0,91.94999999999999
강릉,2023-12-16,5.7,-6.8,0.0,57.6,36.0,7.8,16.7,3.4,0.1,5.9,-7.7,68.09
강릉,2023-12-17,-2.7,-9.4,-6.4,35.3,27.0,6.5,12.7,4.1,0.0,8.9,-19.4,45.79
강릉,2023-12-18,1.4,-7.5,-3.4,33.9,22.0,4.8,8.8,2.9,0.0,4.4,-17.1,36.55
강릉,2023-12-19,4.2,-3.3,-0.3,48.0,33.0,3.7,6.9,1.9,0.0,4.5,-10.1,43.91
강릉,2023-12-20,-0.2,-7.9,-3.2,48.8,36.0,6.9,14.0,3.3,0.0,8.4,-12.7,47.15
강릉,2023-12-21,-1.9,-10.7,-7.5,36.4,26.0,7.3,13.2,4.0,0.0,8.9,-20.0,40.03999999999999
강릉,2023-12-22,-2.3,-11.1,-7.1,35.3,27.0,7.2,14.0,4.0,0.0,8.6,-20.0,36.87
강릉,2023-12-23,3.1,-6.8,-2.3,32.8,24.0,4.7,9.5,2.9,0.0,8.8,-16.6,33.66
강릉,2023-12-24,4.8,-2.8,0.5,47.5,37.0,4.6,8.1,2.7,0.0,7.7,-9.5,43.34
강릉,2023-12-25,5.2,-0.4,2.0,50.3,41.0,6.3,12.2,3.2,0.0,7.9,-7.3,47.989999999999995
강릉,2023-12-26,7.8,0.9,4.2,50.0,39.0,6.6,14.6,3.4,0.0,8.2,-5.4,49.81
강릉,2023-12-27,7.9,-0.2,2.7,64.9,49.0,4.2,7.0,1.9,0.0,8.5,-3.3,60.46
강릉,2023-12-28,9.4,-1.4,3.9,53.4,31.0,6.8,12.0,2.5,0.0,7.2,-5.4,55.36
강릉,2023-12-29,12.6,1.2,5.7,44.5,27.0,5.2,9.4,2.6,0.0,8.9,-5.8,48.32
강릉,2023-12-30,6.1,3.3,4.5,66.8,46.0,5.2,9.7,1.9,0.3,0.0,-1.6,61.0
강릉,2023-12-31,3.9,2.1,3.0,92.0,85.0,5.5,10.5,2.2,14.7,0.0,1.8,82.21
강릉,2024-01-01,7.1,1.8,3.8,83.6,58.0,4.4,11.4,1.0,1.3,0.8,1.0,83.6
강릉,2024-01-02,8.2,4.1,6.1,53.5,45.0,6.2,12.1,3.3,0.0,6.1,-2.6,63.37
강릉,2024-01-03,9.2,1.0,4.6,53.5,37.0,3.8,7.8,2.1,0.0,5.3,-4.2,56.51
강릉,2024-01-04,9.1,1.0,4.5,44.5,23.0,8.1,14.6,4.0,0.0,8.9,-7.0,47.2
강릉,2024-01-05,10.8,5.2,8.2,50.0,43.0,7.5,15.5,4.6,0.0,7.3,-1.6,49.25
강릉,2024-01-06,7.9,1.3,4.1,40.6,21.0,4.9,10.9,3.1,0.0,9.0,-8.8,42.870000000000005
강릉,2024-01-07,2.4,-4.7,-0.8,35.8,18.0,5.6,11.3,2.9,0.0,9.0,-14.8,38.17999999999999
강릉,2024-01-08,5.9,-6.4,-0.6,29.3,16.0,5.8,11.3,2.6,0.0,7.7,-17.1,31.729999999999997
강릉,2024-01-09,6.2,-0.4,3.2,60.3,45.0,5.0,10.3,1.5,0.0,0.0,-3.7,51.64999999999999
강릉,2024-01-10,5.9,-1.6,2.7,61.1,49.0,3.9,6.8,1.9,0.0,6.2,-4.1,57.76
강릉,2024-01-11,5.5,0.6,3.9,47.0,31.0,8.6,14.9,4.7,0.0,8.2,-6.5,51.15
강릉,2024-01-12,9.8,2.4,5.4,36.4,20.0,4.2,8.0,2.2,0.0,9.1,-8.8,40.989999999999995
강릉,2024-01-13,4.2,-3.1,0.9,46.1,28.0,4.4,7.6,1.8,0.0,9.1,-9.9,44.25
강릉,2024-01-14,11.0,-2.9,6.3,43.4,20.0,7.7,15.3,3.2,0.0,5.4,-6.4,43.239999999999995
강릉,2024-01-15,5.5,-1.1,2.0,47.1,33.0,5.2,9.7,2.3,0.0,9.0,-8.2,46.26
강릉,2024-01-16,8.8,-3.3,2.3,43.3,26.0,4.0,7.3,2.0,0.0,9.0,-9.4,44.06999999999999
강릉,2024-01-17,9.9,4.9,8.2,42.4,14.0,7.2,12.5,3.8,0.0,0.0,-6.1,43.05
강릉,2024-01-18,7.3,4.7,5.9,78.0,64.0,5.1,9.4,1.9,1.4,0.0,2.2,67.41
강릉,2024-01-19,4.7,1.9,2.6,90.1,74.0,2.0,4.5,1.0,2.3,0.0,1.1,82.90999999999998
강릉,2024-01-20,3.1,0.3,1.7,96.6,93.0,5.0,9.9,2.4,38.8,0.0,1.2,93.43999999999998
강릉,2024-01-21,2.5,0.2,1.0,91.1,79.0,2.7,5.4,1.3,3.0,0.0,-0.3,92.1
강릉,2024-01-22,3.9,-8.4,-3.5,52.9,43.0,8.9,17.6,4.5,0.0,8.1,-11.8,64.91
강릉,2024-01-23,-5.6,-10.9,-8.8,46.9,38.0,5.8,12.0,4.1,0.0,9.3,-18.1,52.519999999999996
강릉,2024-01-24,-2.3,-11.3,-7.0,43.5,30.0,5.5,9.8,3.3,0.0,9.4,-17.4,45.12
강릉,2024-01-25,2.9,-8.0,-2.8,40.4,27.0,4.2,7.6,2.4,0.0,9.4,-14.6,41.669999999999995
강릉,2024-01-26,6.0,-3.5,0.9,41.8,28.0,3.8,7.8,2.2,0.0,9.4,-10.7,41.69
강릉,2024-01-27,7.6,-1.3,2.1,53.4,30.0,4.2,9.2,2.1,0.0,9.0,-6.8,49.779999999999994
강릉,2024-01-28,6.2,-1.6,1.8,52.0,32.0,4.0,7.3,1.9,0.0,9.0,-7.2,51.26
강릉,2024-01-29,7.0,-1.1,1.8,51.4,29.0,3.3,6.0,1.8,0.0,9.5,-7.5,51.72
강릉,2024-01-30,6.8,-2.0,1.4,63.5,44.0,4.4,7.5,1.9,0.0,8.9,-5.0,59.93
강릉,2024-01-31,12.5,-1.6,5.0,57.4,26.0,3.9,7.1,1.3,0.0,8.5,-3.7,58.02
강릉,2024-02-01,6.2,-0.8,1.1,86.1,44.0,3.3,7.1,1.5,9.0,0.0,-1.0,78.09999999999998
강릉,2024-02-02,3.2,-0.8,0.8,91.5,77.0,2.6,3.9,0.8,0.4,0.0,-0.5,87.00999999999999
강릉,2024-02-03,3.3,0.6,1.9,88.1,77.0,2.8,4.7,0.9,0.1,0.0,0.1,88.58
강릉,2024-02-04,4.1,1.6,2.6,85.1,74.0,3.0,5.0,1.2,0.0,0.0,0.3,86.34
강릉,2024-02-05,2.3,-0.9,0.3,95.9,89.0,3.7,7.4,1.7,29.9,0.0,-0.3,92.96
강릉,2024-02-06,3.1,-1.3,0.2,80.5,64.0,2.8,4.8,1.1,0.1,1.4,-2.8,84.04
강릉,2024-02-07,3.1,-2.2,0.4,85.5,66.0,3.1,4.5,1.1,0.1,0.5,-1.8,85.53999999999999
강릉,2024-02-08,6.5,-2.6,1.3,69.8,43.0,3.3,6.0,1.8,0.0,9.4,-3.9,74.00999999999999
강릉,2024-02-09,7.2,-1.6,2.1,66.5,43.0,3.8,6.8,1.9,0.0,9.2,-3.6,69.06
강릉,2024-02-10,8.1,0.1,3.3,51.3,34.0,5.5,10.2,1.9,0.0,9.1,-6.0,56.19
강릉,2024-02-11,7.0,0.4,3.0,45.6,29.0,5.6,12.6,2.8,0.0,5.5,-7.9,48.83
강릉,2024-02-12,12.5,-0.1,6.8,37.1,16.0,5.9,13.6,2.7,0.0,9.9,-8.0,40.220000000000006
강릉,2024-02-13,15.9,8.4,12.3,47.4,35.0,7.9,16.0,5.1,0.0,9.5,1.2,45.160000000000004
강릉,2024-02-14,20.2,11.9,16.4,52.5,43.0,7.0,13.7,3.2,0.0,5.1,6.5,49.940000000000005
강릉,2024-02-15,15.9,0.1,3.7,89.8,52.0,5.7,10.9,2.4,31.9,0.0,2.0,78.09999999999998
강릉,2024-02-16,7.9,-1.3,3.2,70.8,50.0,3.8,6.9,1.6,0.0,9.3,-2.0,72.77
강릉,2024-02-17,15.8,1.9,10.1,33.8,18.0,7.2,13.5,3.8,0.0,10.1,-6.1,46.8
강릉,2024-02-18,18.4,6.9,12.7,47.1,28.0,4.7,8.7,2.3,0.2,6.3,1.2,46.809999999999995
강릉,2024-02-19,13.4,5.6,8.4,90.3,70.0,4.0,6.8,1.4,7.6,2.1,6.8,76.00999999999999
강릉,2024-02-20,5.7,0.7,2.7,96.3,92.0,3.1,5.1,1.0,33.6,0.0,2.1,90.17999999999999
강릉,2024-02-21,2.5,0.0,1.0,98.1,95.0,2.9,7.2,1.6,35.6,0.0,0.7,96.96
강릉,2024-02-22,0.5,-1.5,-0.7,94.0,81.0,2.9,6.2,1.7,18.6,0.0,-1.5,95.05
강릉,2024-02-23,0.8,-1.7,-0.6,88.6,79.0,2.8,4.7,1.3,4.1,0.0,-2.3,90.63
강릉,2024-02-24,2.3,-2.8,0.1,85.0,69.0,2.4,4.5,1.1,0.7,0.0,-2.2,86.62
강릉,2024-02-25,3.3,0.0,1.2,91.8,82.0,3.2,5.7,1.2,2.0,0.1,0.0,90.11999999999999
강릉,2024-02-26,3.7,-0.7,1.2,87.8,75.0,3.2,5.6,1.6,1.4,0.0,-0.7,88.32
강릉,2024-02-27,5.1,-0.7,1.8,75.3,53.0,2.6,4.3,1.3,0.0,1.5,-2.3,79.44999999999999
강릉,2024-02-28,9.0,-1.6,3.2,73.9,50.0,3.5,5.0,1.3,0.0,6.6,-1.2,75.57000000000001
강릉,2024-02-29,7.2,0.4,3.6,75.5,55.0,2.8,4.2,1.0,0.0,0.0,-0.5,75.16
강릉,2024-03-01,2.8,-4.7,-0.3,37.5,19.0,5.9,11.1,2.9,0.0,10.1,-14.3,48.74
강릉,2024-03-02,4.6,-6.3,0.2,41.8,32.0,7.1,14.4,4.0,0.0,8.7,-11.4,44.30999999999999
강릉,2024-03-03,9.1,1.1,4.5,57.6,31.0,4.7,9.9,2.0,0.0,6.4,-3.5,52.43
강릉,2024-03-04,10.4,-0.6,4.7,62.9,40.0,3.4,6.3,1.4,0.0,10.2,-2.1,59.73
강릉,2024-03-05,5.6,2.3,3.4,84.1,64.0,4.6,8.7,1.6,6.3,0.0,0.9,77.21
강릉,2024-03-06,4.3,1.6,2.5,82.5,61.0,4.4,8.2,2.3,2.9,0.0,-0.3,80.86
강릉,2024-03-07,5.9,0.8,3.2,80.9,66.0,3.6,5.8,1.4,0.7,0.2,0.2,81.53999999999999
강릉,2024-03-08,7.8,0.6,3.1,48.4,28.0,6.3,10.1,2.6,0.0,9.0,-6.9,58.31
강릉,2024-03-09,5.4,-1.7,1.5,54.0,38.0,4.6,7.7,2.1,0.0,10.6,-7.1,55.57
강릉,2024-03-10,11.7,-2.2,6.9,37.1,26.0,4.7,9.5,2.3,0.0,11.0,-7.2,41.61
강릉,2024-03-11,12.6,6.8,10.0,28.3,18.0,5.7,9.7,2.4,0.0,1.1,-8.2,32.63
강릉,2024-03-12,7.6,0.4,4.7,67.6,48.0,5.1,8.9,1.8,0.0,1.6,-0.9,56.68999999999999
강릉,2024-03-13,15.0,-1.1,8.0,46.9,24.0,6.3,12.6,3.0,0.0,10.1,-4.2,49.17999999999999
강릉,2024-03-14,17.4,6.7,12.0,33.6,23.0,5.5,9.7,3.0,0.0,10.9,-3.9,39.66
강릉,2024-03-15,20.9,10.6,15.4,28.5,22.0,7.3,13.1,4.2,0.0,10.8,-3.0,31.360000000000003
강릉,2024-03-16,16.6,6.5,12.6,56.6,32.0,4.9,8.5,2.0,0.0,9.0,4.0,48.68
강릉,2024-03-17,17.8,6.0,11.2,45.3,28.0,8.5,14.0,3.5,0.0,9.5,-0.3,45.88
강릉,2024-03-18,12.4,0.9,7.4,44.5,20.0,4.2,7.9,2.2,0.0,10.8,-4.7,45.870000000000005
강릉,2024-03-19,12.0,4.2,8.2,51.3,18.0,6.1,11.4,3.2,2.7,5.4,-3.2,49.339999999999996
강릉,2024-03-20,4.8,0.3,2.1,85.5,65.0,7.1,13.7,1.8,9.4,2.9,-0.2,74.56
강릉,2024-03-21,8.4,1.0,3.9,58.6,37.0,4.0,7.4,2.3,0.0,9.1,-3.7,63.25
강릉,2024-03-22,14.7,0.7,7.5,69.8,41.0,6.0,10.3,1.8,0.7,4.3,1.8,69.13
강릉,2024-03-23,13.6,4.9,8.0,79.9,59.0,2.6,4.7,1.1,1.4,5.8,4.5,75.75
강릉,2024-03-24,13.5,4.5,8.6,81.5,65.0,2.9,5.6,1.3,0.0,4.8,5.5,80.01
강릉,2024-03-25,10.2,6.1,7.7,87.5,80.0,3.9,7.5,1.6,9.8,0.0,5.7,85.53999999999999
강릉,2024-03-26,8.1,1.2,4.4,86.3,60.0,4.9,8.8,1.8,32.1,1.7,2.1,86.06
강릉,2024-03-27,17.1,0.7,10.2,68.3,46.0,2.8,7.0,1.1,0.0,10.1,4.0,73.82
강릉,2024-03-28,14.3,11.1,12.7,62.9,52.0,3.5,6.6,1.6,0.0,0.0,5.6,66.32
강릉,2024-03-29,16.8,9.4,12.6,44.1,28.0,7.1,17.2,4.0,0.0,10.4,0.6,50.279999999999994
강릉,2024-03-30,18.5,6.8,10.6,45.6,16.0,7.9,14.1,2.8,0.0,9.9,-2.4,47.029999999999994
강릉,2024-03-31,15.7,5.7,10.7,44.8,21.0,3.4,6.2,1.4,0.0,9.9,-1.8,44.89
강릉,2024-04-01,15.9,7.9,11.3,47.5,23.0,3.6,7.1,1.8,0.0,11.5,0.0,46.77
강릉,2024-04-02,18.0,8.0,12.3,55.4,23.0,3.5,6.8,1.6,0.0,10.9,2.4,52.75999999999999
강릉,2024-04-03,9.1,7.8,8.6,83.4,73.0,3.7,5.9,1.2,2.9,0.0,5.9,74.21000000000001
강릉,2024-04-04,14.2,8.2,10.1,67.3,37.0,3.3,5.9,1.3,0.0,0.8,4.0,69.33
강릉,2024-04-05,17.1,7.5,12.9,58.9,37.0,5.0,9.0,1.7,0.0,9.0,4.7,63.03
강릉,2024-04-06,21.8,13.5,17.8,40.8,30.0,4.5,9.0,2.1,0.0,9.6,3.9,47.06999999999999
강릉,2024-04-07,25.4,15.3,19.7,31.1,18.0,4.7,8.8,2.6,0.0,11.9,1.5,35.82
강릉,2024-04-08,23.9,11.4,18.0,44.5,28.0,7.4,10.9,2.3,0.0,5.5,4.7,41.449999999999996
강릉,2024-04-09,11.5,4.2,8.6,54.1,43.0,4.7,10.2,2.7,0.0,11.5,-0.3,49.879999999999995
강릉,2024-04-10,19.5,2.4,12.9,52.8,39.0,3.7,7.3,1.6,0.0,8.6,3.1,52.23
강릉,2024-04-11,19.6,12.3,16.4,55.6,44.0,4.0,6.3,1.2,0.0,0.7,7.2,54.89
강릉,2024-04-12,25.5,9.8,19.6,49.0,31.0,3.8,6.5,1.7,0.0,11.8,7.8,50.7
강릉,2024-04-13,28.0,17.0,21.8,42.8,26.0,3.4,6.4,1.7,0.0,11.7,7.9,45.32
강릉,2024-04-14,27.5,15.4,21.3,44.9,19.0,4.1,7.5,1.8,0.0,11.5,8.3,44.88999999999999
강릉,2024-04-15,22.3,14.6,17.2,72.1,40.0,4.6,9.1,1.2,1.6,1.2,11.9,63.72999999999999
강릉,2024-04-16,21.9,16.2,18.5,50.4,33.0,6.2,12.3,3.7,0.0,6.9,7.6,54.19
강릉,2024-04-17,21.9,12.3,16.4,53.9,32.0,4.2,6.6,2.1,0.0,9.4,6.6,55.019999999999996
강릉,2024-04-18,20.7,9.8,16.1,64.1,52.0,2.8,5.0,1.3,0.0,11.2,9.1,60.68999999999999
강릉,2024-04-19,26.4,13.8,18.8,55.9,24.0,3.8,6.6,2.0,0.0,11.1,8.4,57.339999999999996
강릉,2024-04-20,14.0,12.3,13.1,91.4,81.0,3.6,6.4,2.0,20.5,0.0,11.7,81.57
강릉,2024-04-21,16.0,12.5,13.9,92.8,83.0,3.1,5.7,1.6,6.6,0.0,12.7,88.83
강릉,2024-04-22,18.5,11.5,14.7,75.9,54.0,3.4,5.7,2.0,0.0,5.3,10.2,80.83
강릉,2024-04-23,17.0,10.9,13.6,76.6,57.0,3.2,6.6,1.7,1.0,2.9,9.4,78.08
강릉,2024-04-24,13.7,8.2,10.8,88.4,76.0,3.6,7.2,1.5,9.3,0.2,8.8,84.79
강릉,2024-04-25,27.7,13.6,21.4,42.3,26.0,5.1,9.9,3.1,0.0,11.2,7.3,54.95
강릉,2024-04-26,26.9,18.6,22.2,36.3,21.0,3.9,7.0,1.9,0.0,11.1,6.2,42.71
강릉,2024-04-27,29.2,18.6,23.6,37.8,24.0,3.4,7.5,1.9,0.0,12.0,7.9,37.949999999999996
강릉,2024-04-28,21.1,12.7,16.3,66.3,40.0,5.6,10.5,2.7,0.0,10.3,9.7,57.6
강릉,2024-04-29,15.0,10.3,12.8,76.9,65.0,4.6,8.2,2.4,0.0,1.4,8.7,70.87
강릉,2024-04-30,16.0,9.0,12.2,80.6,62.0,4.0,6.8,1.7,0.0,3.2,8.9,78.42999999999999
강릉,2024-05-01,17.9,9.6,13.3,67.9,52.0,3.5,6.3,1.9,0.0,11.6,7.2,71.34
강릉,2024-05-02,25.1,7.3,17.7,47.4,25.0,3.6,6.0,1.5,0.0,12.9,5.2,54.82000000000001
강릉,2024-05-03,28.4,16.1,21.4,40.8,24.0,3.3,6.7,2.0,0.0,12.9,7.0,44.82999999999999
강릉,2024-05-04,30.0,15.2,23.0,41.5,15.0,3.7,6.9,1.7,0.0,12.1,8.6,41.949999999999996
강릉,2024-05-05,23.4,19.5,21.5,63.6,42.0,5.2,9.4,2.3,0.6,0.0,14.0,56.89999999999999
강릉,2024-05-06,23.6,15.0,18.8,70.1,54.0,6.9,12.3,3.1,0.0,4.7,12.9,65.94
강릉,2024-05-07,15.0,10.2,11.2,93.6,86.0,4.3,7.4,2.5,20.4,0.0,10.2,85.89999999999999
강릉,2024-05-08,16.9,8.8,12.7,67.3,44.0,2.8,5.3,1.5,0.0,10.3,6.3,72.83999999999999
강릉,2024-05-09,25.8,8.1,19.6,41.8,27.0,5.4,10.9,3.3,0.0,12.7,5.7,52.08
강릉,2024-05-10,29.4,18.5,23.6,38.8,22.0,7.9,13.3,3.3,0.0,11.2,8.2,42.25
강릉,2024-05-11,27.9,15.6,22.2,47.4,30.0,6.2,15.1,3.3,0.0,8.1,10.0,45.12
강릉,2024-05-12,24.6,15.3,18.9,49.5,26.0,4.9,9.3,2.1,0.0,10.2,7.1,48.01
강릉,2024-05-13,24.6,12.7,19.3,41.1,22.0,4.5,7.7,2.4,0.0,13.1,4.7,43.410000000000004
강릉,2024-05-14,28.9,18.7,24.1,31.3,21.0,4.5,9.0,2.8,0.0,13.1,5.7,35.080000000000005
강릉,2024-05-15,23.4,9.1,15.8,66.6,27.0,6.5,12.2,3.4,29.1,4.8,8.0,56.98999999999999
강릉,2024-05-16,17.3,8.6,12.5,67.6,38.0,7.4,13.5,3.4,26.2,3.4,6.2,63.769999999999996
강릉,2024-05-17,28.0,14.2,21.8,40.8,29.0,6.9,13.3,3.9,0.0,10.6,7.6,48.739999999999995
강릉,2024-05-18,32.0,21.6,26.4,29.5,16.0,7.5,15.3,4.3,0.0,13.1,6.4,35.57
강릉,2024-05-19,28.3,15.4,20.8,52.5,24.0,5.3,9.0,2.5,0.0,13.0,10.0,46.73
강릉,2024-05-20,16.7,13.6,15.0,79.1,71.0,3.5,5.9,1.5,0.5,0.0,11.3,68.82
강릉,2024-05-21,20.5,13.6,16.2,74.1,61.0,3.8,6.9,1.6,0.0,6.1,11.5,72.94
강릉,2024-05-22,29.7,11.3,22.0,60.3,37.0,5.3,10.2,1.9,0.0,13.0,13.0,64.94
강릉,2024-05-23,33.3,21.0,27.4,38.1,25.0,5.4,10.6,3.0,0.0,12.3,11.1,46.14
강릉,2024-05-24,21.0,14.6,17.1,74.3,58.0,3.9,6.8,1.9,0.0,0.0,12.4,65.66
강릉,2024-05-25,22.8,13.0,17.4,63.8,36.0,5.7,10.4,1.9,0.0,5.7,9.7,63.33
강릉,2024-05-26,24.5,14.6,20.3,70.8,56.0,4.3,9.3,1.3,0.0,1.0,14.7,69.75
강릉,2024-05-27,26.4,18.4,21.8,44.8,32.0,6.2,12.3,3.5,0.0,12.5,9.0,51.9
강릉,2024-05-28,20.7,14.0,17.4,62.8,45.0,5.5,8.9,2.3,0.0,6.0,10.0,59.99999999999999
강릉,2024-05-29,29.6,12.6,23.3,44.6,27.0,4.1,8.1,1.9,0.0,13.0,9.5,48.26
강릉,2024-05-30,24.4,18.9,21.5,50.1,32.0,3.6,5.9,1.6,0.0,0.4,10.2,50.27
강릉,2024-05-31,25.0,17.6,21.0,66.9,47.0,3.1,5.2,1.5,0.0,11.2,14.4,61.31
강릉,2024-06-01,20.0,15.2,16.9,83.9,50.0,3.5,6.6,1.5,5.1,0.3,14.0,77.12
강릉,2024-06-02,20.0,12.6,16.4,79.6,62.0,2.4,4.5,1.3,3.6,3.9,12.7,79.19
강릉,2024-06-03,21.9,12.3,17.5,69.8,46.0,3.5,6.4,2.1,0.0,13.5,11.5,73.16999999999999
강릉,2024-06-04,24.7,13.5,19.5,63.8,46.0,3.4,6.0,1.8,0.0,13.3,12.1,66.58
강릉,2024-06-05,25.1,15.1,20.4,73.9,58.0,3.1,5.5,1.4,0.0,11.3,15.4,71.47000000000001
강릉,2024-06-06,27.5,18.5,22.6,64.8,41.0,3.9,7.0,1.5,0.0,9.1,15.3,66.52
강릉,2024-06-07,27.2,18.3,22.8,60.0,45.0,2.8,6.0,1.3,0.0,10.1,14.5,62.35
강릉,2024-06-08,23.5,18.5,20.7,78.5,57.0,4.0,6.4,1.5,0.8,0.8,16.6,73.42999999999999
강릉,2024-06-09,29.1,17.3,24.3,63.4,46.0,3.7,6.9,1.5,0.0,11.6,16.3,66.08
강릉,2024-06-10,30.4,23.7,27.5,50.5,41.0,3.6,7.0,2.1,0.0,11.5,16.2,55.879999999999995
강릉,2024-06-11,34.4,25.0,29.7,48.8,36.0,4.1,8.0,2.5,0.0,12.8,17.5,50.599999999999994
강릉,2024-06-12,35.3,25.1,29.5,38.6,23.0,4.4,7.8,2.5,0.0,12.4,13.1,41.83
강릉,2024-06-13,29.7,22.3,26.1,57.6,39.0,3.9,6.5,2.0,0.0,12.8,16.7,52.92
강릉,2024-06-14,29.7,20.7,25.3,70.5,57.0,3.6,5.4,1.6,0.0,10.7,19.3,64.73
강릉,2024-06-15,26.3,21.6,23.6,80.6,57.0,3.8,6.5,1.1,13.1,0.0,20.0,76.28
강릉,2024-06-16,27.7,20.2,24.4,59.5,41.0,4.3,8.0,2.0,0.0,12.5,15.5,64.82
강릉,2024-06-17,33.5,23.3,28.5,37.9,26.0,4.8,9.6,3.3,0.0,12.4,12.4,46.49
강릉,2024-06-18,32.1,24.4,27.8,46.5,31.0,4.8,9.5,2.1,0.0,13.4,15.0,46.08
강릉,2024-06-19,34.7,26.0,29.1,49.9,32.0,3.8,6.5,2.2,0.0,13.3,17.2,48.02
강릉,2024-06-20,34.4,23.8,28.4,52.1,32.0,5.4,7.3,2.2,0.0,10.2,17.1,51.1
강릉,2024-06-21,31.6,20.7,25.9,60.9,44.0,4.3,8.0,1.8,0.0,13.2,17.5,58.04
강릉,2024-06-22,24.6,21.2,22.3,88.0,73.0,2.6,4.9,1.2,15.8,0.0,20.1,78.99000000000001
강릉,2024-06-23,24.8,21.1,22.4,91.5,80.0,4.8,8.8,1.5,14.8,0.1,20.9,87.74000000000001
강릉,2024-06-24,26.6,19.8,23.6,79.1,53.0,5.2,9.6,1.8,8.2,7.8,19.5,82.46999999999998
강릉,2024-06-25,29.0,20.7,23.6,57.5,34.0,5.7,10.5,2.1,0.0,10.2,14.2,65.22
강릉,2024-06-26,29.4,20.7,25.1,55.0,37.0,3.3,5.9,2.0,0.0,13.5,15.1,57.91
강릉,2024-06-27,31.5,22.4,27.1,55.9,37.0,4.3,6.6,2.0,0.0,7.9,17.2,55.879999999999995
강릉,2024-06-28,30.8,21.8,26.4,56.8,42.0,3.6,5.9,1.9,0.0,13.0,16.8,56.44
강릉,2024-06-29,31.9,22.8,26.6,64.8,44.0,3.5,6.1,1.9,19.6,11.0,19.1,62.30999999999999
강릉,2024-06-30,29.7,21.7,23.8,87.5,61.0,6.4,13.0,1.7,12.8,0.7,21.4,79.88999999999999
강릉,2024-07-01,32.4,21.0,27.2,67.6,45.0,4.8,7.5,2.3,0.0,13.4,20.0,71.3
강릉,2024-07-02,23.7,21.1,22.2,91.3,82.0,2.9,5.6,1.4,43.8,0.0,20.6,86.17999999999999
강릉,2024-07-03,30.0,21.0,27.1,67.1,53.0,7.2,15.8,3.1,0.0,1.4,19.9,71.99
강릉,2024-07-04,33.1,26.7,29.1,59.4,44.0,5.5,10.3,3.0,0.0,9.1,20.2,64.13
강릉,2024-07-05,31.5,26.7,28.9,53.8,47.0,8.6,17.5,4.7,0.0,9.9,18.6,56.25
강릉,2024-07-06,33.5,25.3,29.7,59.9,52.0,5.4,13.1,2.4,0.0,1.5,21.0,58.629999999999995
강릉,2024-07-07,32.3,24.5,28.2,63.1,50.0,6.3,13.8,3.8,2.9,1.1,20.2,61.53000000000001
강릉,2024-07-08,27.8,23.3,25.6,84.3,68.0,4.1,6.7,1.4,14.1,0.0,22.6,77.61999999999999
강릉,2024-07-09,28.0,22.5,24.6,86.4,68.0,3.7,5.6,1.4,3.4,2.9,22.0,83.65
강릉,2024-07-10,26.0,22.3,23.6,87.3,74.0,4.5,7.7,2.1,9.2,2.4,21.3,86.82
강릉,2024-07-11,30.7,19.9,25.9,72.8,52.0,2.8,4.5,1.3,0.0,11.7,20.3,77.05999999999999
강릉,2024-07-12,28.5,24.3,26.3,75.8,65.0,4.4,6.8,1.7,0.0,9.4,21.6,76.35
강릉,2024-07-13,27.1,22.3,24.1,85.9,75.0,2.5,4.8,1.3,0.0,0.9,21.5,82.57000000000001
강릉,2024-07-14,23.7,20.8,22.2,91.3,84.0,2.6,4.2,1.3,2.4,0.0,20.6,88.67
강릉,2024-07-15,23.6,21.8,22.6,93.8,89.0,2.5,4.3,1.0,4.2,0.0,21.5,92.51
강릉,2024-07-16,28.4,21.7,24.7,88.4,75.0,2.8,5.1,1.2,4.7,3.2,22.6,89.77
강릉,2024-07-17,30.7,23.4,26.1,82.5,58.0,7.7,15.7,1.7,6.7,0.0,22.6,84.80999999999999
강릉,2024-07-18,29.5,24.4,25.9,84.3,62.0,4.6,10.7,1.5,17.6,0.0,22.8,84.35
강릉,2024-07-19,33.4,27.0,30.3,57.5,50.0,5.0,9.7,3.1,0.0,6.9,20.8,65.36
강릉,2024-07-20,31.9,27.4,29.6,63.4,54.0,4.3,9.3,2.0,0.0,3.4,21.8,64.31
강릉,2024-07-21,33.9,27.3,30.3,59.6,48.0,9.0,19.1,4.0,0.1,5.9,21.3,60.15
강릉,2024-07-22,33.2,27.5,30.9,62.1,54.0,5.8,14.1,2.9,1.2,1.9,22.7,61.730000000000004
강릉,2024-07-23,32.6,26.5,30.0,63.6,55.0,7.0,16.6,3.7,2.0,4.5,22.2,62.9
강릉,2024-07-24,34.3,27.1,30.8,61.5,52.0,4.7,9.0,2.6,0.0,6.7,22.4,61.98
강릉,2024-07-25,35.5,28.8,31.2,64.6,50.0,3.9,6.9,2.0,0.0,3.7,23.5,63.879999999999995
강릉,2024-07-26,33.6,26.9,29.7,78.0,65.0,3.6,5.0,1.5,0.2,10.2,25.3,73.67
강릉,2024-07-27,35.0,27.8,30.1,76.6,56.0,3.2,6.4,1.2,1.3,0.9,25.3,75.67999999999999
강릉,2024-07-28,36.1,27.6,32.3,59.1,47.0,5.2,11.0,2.7,0.0,9.4,23.0,64.49
강릉,2024-07-29,34.3,29.7,32.0,59.5,53.0,7.0,18.6,4.7,0.2,10.3,23.0,61.129999999999995
강릉,2024-07-30,34.0,29.0,31.9,61.8,56.0,5.9,10.9,3.9,1.7,8.7,23.5,61.06999999999999
강릉,2024-07-31,37.0,30.4,33.0,55.0,41.0,5.1,9.2,2.6,0.0,13.0,22.5,56.81
강릉,2024-08-01,37.0,30.0,33.3,56.5,45.0,4.6,9.7,2.7,0.0,12.2,23.3,56.73
강릉,2024-08-02,37.6,29.8,32.9,62.6,47.0,6.8,10.0,2.5,0.0,9.9,24.6,60.620000000000005
강릉,2024-08-03,36.2,28.3,32.2,59.5,46.0,3.8,6.2,2.1,0.0,9.8,23.1,59.82
강릉,2024-08-04,32.6,26.5,29.0,78.4,66.0,3.7,6.5,1.8,0.0,5.8,24.8,73.04
강릉,2024-08-05,32.9,26.4,29.0,80.3,65.0,2.6,5.2,1.4,0.0,5.8,25.1,77.84
강릉,2024-08-06,33.0,26.4,29.0,76.0,64.0,3.1,5.5,1.5,0.0,4.7,24.2,77.1
강릉,2024-08-07,35.3,26.7,30.6,64.4,50.0,3.6,6.1,1.9,0.4,9.0,23.0,68.31
강릉,2024-08-08,33.0,25.9,29.6,66.3,50.0,3.3,6.1,1.8,0.3,1.8,22.4,66.89
강릉,2024-08-09,33.0,24.8,29.1,71.9,58.0,3.7,6.9,1.8,0.0,11.7,23.3,70.03
강릉,2024-08-10,32.9,24.8,28.9,73.3,56.0,4.3,7.6,2.0,0.0,11.7,23.4,72.32
강릉,2024-08-11,33.9,25.0,29.0,73.0,57.0,3.8,8.3,1.8,0.0,10.6,23.3,72.94999999999999
강릉,2024-08-12,32.7,23.9,28.1,73.1,59.0,3.6,6.4,1.8,0.0,11.7,22.7,73.1
강릉,2024-08-13,32.4,24.3,28.0,71.8,55.0,3.3,6.1,1.7,0.0,12.3,22.2,72.17999999999999
강릉,2024-08-14,31.7,23.7,27.6,73.1,53.0,3.2,5.7,1.6,0.0,11.7,22.2,72.84
강릉,2024-08-15,31.7,24.0,27.6,74.1,59.0,3.3,6.3,1.9,0.0,12.2,22.5,73.66999999999999
강릉,2024-08-16,32.0,24.4,28.1,73.6,60.0,2.8,6.3,1.8,0.0,11.2,22.8,73.65
강릉,2024-08-17,32.7,24.3,28.2,72.9,57.0,3.1,5.9,1.9,0.0,11.9,22.7,73.16
강릉,2024-08-18,33.5,24.1,28.5,72.6,54.0,4.8,9.2,1.9,0.0,11.5,22.9,72.75999999999999
강릉,2024-08-19,34.2,24.7,29.1,74.6,55.0,3.7,6.9,1.7,0.0,12.1,23.8,74.03
강릉,2024-08-20,31.8,26.1,28.6,81.4,70.0,3.3,6.1,1.5,0.0,1.1,24.9,79.16
강릉,2024-08-21,29.9,26.3,27.8,89.1,82.0,2.2,3.2,0.8,3.7,0.0,25.8,86.10999999999999
강릉,2024-08-22,37.4,25.6,31.8,64.5,45.0,6.3,12.6,2.7,1.0,10.3,23.6,71.11
강릉,2024-08-23,35.1,29.1,31.4,54.9,44.0,6.3,12.3,3.5,0.0,7.8,21.1,60.239999999999995
강릉,2024-08-24,33.5,27.1,29.8,65.6,47.0,3.8,7.4,2.1,0.0,9.6,22.4,63.349999999999994
강릉,2024-08-25,31.5,24.8,27.1,83.4,65.0,3.3,5.6,1.5,19.7,2.7,23.9,76.99
강릉,2024-08-26,29.0,23.7,26.0,85.3,75.0,2.9,5.1,1.4,4.1,0.1,23.2,82.95
강릉,2024-08-27,26.3,21.6,24.3,88.0,78.0,3.7,6.0,1.3,10.8,0.7,22.1,87.0
강릉,2024-08-28,28.7,20.7,24.7,81.9,68.0,3.2,6.6,1.5,0.2,1.8,21.2,83.46000000000001
강릉,2024-08-29,26.9,22.4,,,80.0,4.8,8.8,1.8,40.4,0.0,-99.0,
강릉,2024-08-30,29.2,22.4,25.2,86.0,63.0,3.7,6.8,2.0,6.6,2.2,22.5,
강릉,2024-08-31,28.9,21.9,25.1,73.3,56.0,5.5,9.2,2.6,0.0,8.0,19.8,
강릉,2024-09-01,33.6,20.9,27.7,63.5,41.0,4.2,7.9,2.0,0.0,11.1,19.7,67.71
강릉,2024-09-02,26.2,21.7,23.9,81.8,63.0,4.6,8.4,2.1,6.4,0.0,20.4,77.28999999999999
강릉,2024-09-03,27.4,19.9,22.9,74.8,54.0,3.1,5.7,1.6,0.0,6.9,17.8,75.07
강릉,2024-09-04,29.1,18.6,24.1,71.6,58.0,4.1,7.6,2.1,0.0,11.6,18.4,73.25999999999999
강릉,2024-09-05,33.1,21.8,28.3,60.3,48.0,5.0,11.1,2.6,0.0,6.5,19.6,64.00999999999999
강릉,2024-09-06,27.3,21.2,22.9,88.6,55.0,2.9,7.2,1.5,29.8,0.0,20.8,81.23999999999998
강릉,2024-09-07,27.1,21.7,23.6,82.4,69.0,2.4,4.3,1.2,0.0,1.2,20.3,81.43
강릉,2024-09-08,28.9,20.9,24.9,81.5,69.0,3.8,7.1,1.7,0.0,4.9,21.3,82.39
강릉,2024-09-09,29.3,22.7,25.7,83.1,69.0,4.3,6.8,1.4,0.0,2.3,22.6,82.71
강릉,2024-09-10,34.2,22.7,28.3,74.3,52.0,3.5,6.0,1.4,0.0,11.7,22.9,76.78
강릉,2024-09-11,30.1,23.0,26.2,82.8,66.0,4.4,7.6,2.5,43.7,5.4,22.9,81.13
강릉,2024-09-12,23.4,21.9,22.3,95.4,89.0,3.4,6.6,1.6,16.4,0.0,21.5,90.77000000000001
강릉,2024-09-13,28.3,21.4,24.5,92.4,78.0,2.6,4.0,1.0,6.0,1.2,23.1,92.04
강릉,2024-09-14,24.9,22.1,23.2,90.5,82.0,4.0,7.5,1.8,1.9,0.0,21.5,91.37
강릉,2024-09-15,23.2,20.1,21.4,99.0,91.0,4.3,6.5,1.6,44.0,0.0,21.2,96.64
강릉,2024-09-16,25.1,20.3,22.2,89.4,75.0,2.9,4.5,1.0,5.0,0.4,20.2,91.42999999999999
강릉,2024-09-17,32.7,21.3,26.6,81.9,62.0,4.1,6.4,1.3,0.2,6.8,23.0,85.11000000000001
강릉,2024-09-18,26.4,23.8,24.6,90.9,84.0,3.0,5.2,1.2,3.4,0.4,23.0,88.95
강릉,2024-09-19,28.0,23.6,25.7,89.3,78.0,2.4,4.3,1.1,0.0,0.5,23.7,88.88
강릉,2024-09-20,28.7,17.0,23.8,89.8,76.0,7.8,13.7,2.3,84.6,0.2,21.9,89.81
강릉,2024-09-21,20.4,17.2,19.3,99.6,95.0,4.3,8.6,2.0,137.4,0.0,19.2,96.60999999999999
강릉,2024-09-22,20.2,16.2,17.9,96.9,89.0,5.3,9.7,2.3,57.4,0.0,17.4,96.73
강릉,2024-09-23,22.7,14.9,17.9,75.5,50.0,3.6,5.6,1.6,0.0,4.6,13.1,82.19
강릉,2024-09-24,22.9,13.8,18.5,72.9,57.0,4.3,7.4,2.4,0.0,6.6,13.3,75.82
강릉,2024-09-25,24.7,16.0,20.5,82.3,67.0,3.0,5.0,1.2,0.0,4.4,17.3,79.74
강릉,2024-09-26,26.8,19.5,21.8,82.5,60.0,3.1,5.0,1.3,0.5,3.5,18.6,81.5
강릉,2024-09-27,24.8,19.0,21.2,87.5,68.0,5.1,8.8,2.1,36.5,2.7,18.9,85.98
강릉,2024-09-28,23.5,18.0,20.3,77.0,59.0,4.5,8.5,2.3,6.2,5.7,15.9,79.65
강릉,2024-09-29,24.4,16.8,19.9,80.6,62.0,3.5,5.9,1.6,0.1,4.1,16.4,80.57
강릉,2024-09-30,28.7,15.6,21.7,65.6,40.0,3.8,6.5,2.1,0.0,10.9,14.7,69.74
강릉,2024-10-01,24.4,17.2,21.7,55.6,42.0,5.4,11.4,3.3,0.0,0.6,12.3,60.1
강릉,2024-10-02,19.4,13.4,16.0,54.1,28.0,5.0,8.9,2.6,0.0,8.5,6.1,55.55
강릉,2024-10-03,19.8,12.4,15.1,82.0,51.0,3.4,5.6,1.7,5.8,1.1,11.8,73.78
강릉,2024-10-04,22.1,12.6,16.9,71.1,43.0,3.7,6.5,2.0,0.2,10.7,11.0,71.58
강릉,2024-10-05,23.7,12.9,18.1,69.4,50.0,3.8,6.1,2.1,0.0,10.4,12.1,71.0
강릉,2024-10-06,20.6,13.7,17.5,77.6,67.0,3.5,6.0,1.4,0.0,1.8,13.5,75.30999999999999
강릉,2024-10-07,21.3,15.2,18.0,70.1,56.0,3.6,5.9,1.9,0.0,2.0,12.3,71.52999999999999
강릉,2024-10-08,16.5,14.5,15.4,93.4,78.0,3.7,5.8,1.3,25.0,0.0,14.3,87.16
강릉,2024-10-09,21.5,14.6,17.2,78.8,56.0,3.2,6.2,1.6,0.0,3.6,13.2,80.85000000000001
강릉,2024-10-10,22.5,12.9,16.6,75.5,52.0,4.0,6.9,2.1,0.0,5.7,11.9,77.95
강릉,2024-10-11,23.9,14.0,18.1,70.5,50.0,3.6,6.1,2.2,0.0,10.6,12.5,72.32999999999998
강릉,2024-10-12,24.4,14.8,18.8,64.1,32.0,3.0,5.2,1.9,0.0,10.5,11.2,66.52
강릉,2024-10-13,23.3,13.7,18.6,73.4,57.0,3.8,6.6,1.9,0.0,7.2,13.6,71.25
강릉,2024-10-14,22.3,16.7,19.2,74.9,60.0,3.0,5.1,1.3,0.0,0.0,14.5,73.52
강릉,2024-10-15,23.1,17.0,20.6,76.0,59.0,4.4,8.3,1.5,1.0,0.2,16.0,75.52
강릉,2024-10-16,22.6,15.6,18.6,76.8,62.0,4.3,8.4,2.0,0.0,3.3,14.3,76.44999999999999
강릉,2024-10-17,24.3,13.4,18.1,77.8,54.0,2.2,3.9,1.1,0.0,6.9,13.9,77.41999999999999
강릉,2024-10-18,20.3,14.5,17.2,84.1,67.0,3.9,7.4,1.3,50.7,0.1,14.3,82.10999999999999
강릉,2024-10-19,17.0,10.3,13.4,94.9,82.0,3.8,8.4,2.0,61.5,0.0,12.5,91.03
강릉,2024-10-20,14.2,10.4,12.6,63.1,50.0,3.0,7.5,1.8,0.0,0.0,5.6,71.56
강릉,2024-10-21,18.9,11.6,15.4,77.5,59.0,2.6,4.4,1.1,0.0,1.0,11.3,76.36
강릉,2024-10-22,16.2,14.7,15.4,96.1,89.0,2.2,3.4,0.6,14.3,0.0,14.8,89.08
강릉,2024-10-23,19.3,13.6,16.3,57.5,45.0,12.2,23.0,4.2,0.0,9.2,7.6,67.22
강릉,2024-10-24,19.4,11.2,14.4,56.1,31.0,4.8,9.6,2.7,0.0,10.0,5.3,60.379999999999995
강릉,2024-10-25,21.8,10.4,15.6,73.5,56.0,4.4,7.7,2.2,0.0,8.7,10.7,68.41999999999999
강릉,2024-10-26,21.1,12.0,16.0,80.1,64.0,2.9,5.3,1.5,0.0,1.9,12.4,76.38
강릉,2024-10-27,21.7,12.9,16.8,73.0,55.0,3.2,5.3,1.5,0.0,1.3,11.8,74.46999999999998
강릉,2024-10-28,16.4,10.8,13.7,88.5,72.0,3.4,9.1,1.5,8.9,0.0,11.8,84.56
강릉,2024-10-29,19.2,9.4,13.9,76.1,54.0,4.1,7.2,2.1,0.0,8.3,9.4,78.27
강릉,2024-10-30,22.0,11.4,15.5,65.6,39.0,3.3,5.8,1.7,0.0,9.7,8.5,69.99
강릉,2024-10-31,22.6,9.3,15.8,67.3,45.0,3.8,6.7,1.8,0.0,9.1,9.5,67.83999999999999
강릉,2024-11-01,18.9,13.7,15.8,65.6,51.0,4.5,7.7,1.9,0.0,0.0,9.2,65.94
강릉,2024-11-02,18.0,13.2,15.9,84.5,69.0,3.5,6.1,1.6,1.0,0.0,13.2,79.0
강릉,2024-11-03,22.4,11.4,16.8,69.1,47.0,5.5,11.7,2.3,0.0,9.6,10.8,71.83
강릉,2024-11-04,21.9,14.2,18.1,55.4,35.0,6.0,12.1,2.8,0.0,4.6,8.8,61.05
강릉,2024-11-05,14.2,9.8,11.5,86.0,48.0,3.8,8.2,1.5,21.8,0.2,9.0,78.19
강릉,2024-11-06,13.8,5.3,9.0,55.4,24.0,4.2,7.3,2.4,0.0,9.7,-0.2,61.51999999999999
강릉,2024-11-07,16.3,6.1,10.8,68.0,53.0,4.5,7.9,2.3,0.0,7.2,5.0,67.27999999999999
강릉,2024-11-08,15.7,7.6,11.4,75.5,59.0,4.0,6.3,1.9,0.0,5.5,7.0,71.99
강릉,2024-11-09,18.0,8.6,12.7,79.5,64.0,2.8,5.7,1.4,0.0,4.6,9.0,77.55
강릉,2024-11-10,21.8,10.0,15.5,67.4,49.0,3.4,5.6,1.9,0.0,4.1,9.2,70.63
강릉,2024-11-11,21.1,12.2,15.6,73.3,46.0,3.8,8.7,2.0,0.0,5.5,10.6,72.74
강릉,2024-11-12,22.4,12.7,17.3,55.0,30.0,4.0,8.7,1.8,0.3,8.9,7.7,59.9
강릉,2024-11-13,18.4,11.4,14.3,75.3,57.0,4.1,7.6,1.6,0.1,2.6,9.8,71.03999999999999
강릉,2024-11-14,20.7,10.3,16.9,63.5,48.0,4.1,7.2,1.6,2.0,2.7,9.7,65.00999999999999
강릉,2024-11-15,20.4,13.5,16.2,73.0,53.0,2.5,4.8,1.1,0.0,3.7,11.2,71.33
강릉,2024-11-16,25.5,14.2,19.7,63.3,40.0,4.4,9.3,1.8,0.0,7.8,12.0,65.25999999999999
강릉,2024-11-17,20.0,9.5,13.0,58.1,47.0,6.5,11.0,2.9,0.0,0.3,4.9,60.629999999999995
강릉,2024-11-18,9.5,2.4,5.3,47.6,30.0,5.6,10.5,3.1,0.0,9.0,-5.3,51.269999999999996
강릉,2024-11-19,10.9,2.3,6.7,66.3,47.0,3.7,5.9,2.1,0.0,5.2,0.7,61.74
강릉,2024-11-20,15.2,6.0,10.8,48.9,37.0,3.5,7.1,2.0,0.0,8.5,0.3,52.24999999999999
강릉,2024-11-21,15.5,7.7,11.4,54.0,42.0,4.4,8.0,2.4,0.0,6.9,2.3,54.21
강릉,2024-11-22,12.0,6.1,8.4,50.5,38.0,5.5,10.4,2.4,0.0,4.8,-1.4,51.03999999999999
강릉,2024-11-23,8.9,3.6,6.0,80.0,53.0,3.3,5.5,1.9,1.0,1.2,2.7,71.5
강릉,2024-11-24,14.0,3.6,7.9,64.5,39.0,3.7,6.5,2.4,0.0,9.3,1.2,66.2
강릉,2024-11-25,15.6,6.0,10.4,60.5,47.0,4.4,7.4,2.1,0.0,7.8,2.9,63.24999999999999
강릉,2024-11-26,13.6,6.3,9.2,67.4,45.0,6.8,17.1,2.9,4.0,4.8,2.9,65.73
강릉,2024-11-27,6.3,0.4,2.6,65.5,52.0,5.6,13.4,2.7,2.7,4.4,-3.4,65.38
강릉,2024-11-28,6.4,1.8,3.7,56.6,46.0,4.7,10.5,2.8,0.0,3.0,-4.1,59.46
강릉,2024-11-29,7.3,0.6,3.7,43.6,29.0,6.9,12.2,3.4,0.0,7.8,-7.7,48.39
강릉,2024-11-30,12.3,2.6,7.4,50.9,31.0,7.2,12.6,3.5,0.0,7.8,-2.4,50.00999999999999
강릉,2024-12-01,14.9,5.5,10.5,54.8,32.0,3.8,7.6,1.7,0.0,6.8,1.4,52.89999999999999
강릉,2024-12-02,15.4,6.1,11.0,61.6,46.0,5.1,12.3,2.1,0.0,2.7,3.5,59.17
강릉,2024-12-03,10.0,0.3,5.4,35.5,21.0,6.0,11.2,2.5,0.0,5.3,-8.9,42.650000000000006
강릉,2024-12-04,8.7,0.7,4.5,34.9,19.0,5.6,10.6,2.7,0.0,8.9,-10.4,37.69
강릉,2024-12-05,9.1,1.9,5.7,38.5,19.0,6.3,12.5,3.6,0.0,8.9,-7.8,37.48
강릉,2024-12-06,9.2,1.7,4.8,30.0,15.0,6.1,12.0,2.9,0.0,9.0,-11.8,32.19
강릉,2024-12-07,8.4,-0.1,2.6,35.8,19.0,4.8,13.0,3.1,0.0,9.0,-11.4,34.91
강릉,2024-12-08,7.9,-1.2,2.4,35.3,23.0,4.9,8.5,3.0,0.0,8.9,-11.7,34.87
강릉,2024-12-09,10.0,0.1,4.2,32.6,20.0,4.7,9.1,2.6,0.0,8.9,-11.0,33.46
강릉,2024-12-10,9.6,2.0,5.1,38.3,24.0,3.7,6.9,2.0,0.0,8.8,-8.2,36.86
강릉,2024-12-11,7.5,2.0,3.7,74.3,32.0,5.4,10.0,1.8,16.9,0.0,-1.4,62.93
강릉,2024-12-12,8.4,1.2,4.1,59.9,33.0,3.7,7.4,1.9,0.0,7.6,-3.7,60.62
강릉,2024-12-13,8.9,1.4,3.8,31.0,20.0,5.3,12.5,2.5,0.0,4.1,-11.9,41.11
강릉,2024-12-14,6.1,-0.9,1.5,34.9,23.0,5.5,10.5,3.4,0.0,8.9,-12.4,36.62
강릉,2024-12-15,6.8,0.2,3.0,41.3,28.0,6.1,12.8,2.9,0.0,6.8,-9.0,38.99
강릉,2024-12-16,6.3,-2.0,2.3,41.0,26.0,5.2,10.5,2.6,0.0,8.3,-10.0,40.45
강릉,2024-12-17,6.5,-0.7,2.3,37.3,28.0,6.2,13.3,2.8,0.0,8.8,-10.9,38.44
강릉,2024-12-18,5.0,-2.7,0.7,52.4,29.0,4.6,8.7,2.5,0.0,5.3,-8.2,48.24
강릉,2024-12-19,8.3,-1.6,2.8,51.4,30.0,3.9,7.2,1.7,0.0,8.5,-6.6,50.18999999999999
강릉,2024-12-20,8.2,3.2,4.6,37.3,19.0,6.9,11.5,3.3,0.0,2.3,-9.2,41.63
강릉,2024-12-21,6.3,-1.0,2.4,58.4,38.0,5.0,10.5,2.5,0.0,6.5,-5.2,53.48
강릉,2024-12-22,3.3,-3.8,-0.5,41.5,29.0,4.7,8.9,3.3,0.0,8.8,-12.2,44.459999999999994
강릉,2024-12-23,8.5,-0.6,3.3,34.8,20.0,5.5,11.2,3.5,0.0,8.8,-11.0,38.5
강릉,2024-12-24,7.8,-0.5,3.1,36.6,21.0,3.9,7.9,2.1,0.0,8.8,-10.5,36.73
강릉,2024-12-25,6.7,3.0,4.9,39.8,26.0,6.8,12.5,3.9,0.0,2.5,-7.9,38.65999999999999
강릉,2024-12-26,7.8,-0.8,4.2,37.5,20.0,8.3,15.6,4.0,0.0,8.5,-9.3,37.870000000000005
강릉,2024-12-27,4.1,-3.9,-0.4,35.1,21.0,8.3,14.3,4.2,0.0,8.8,-14.2,36.05
강릉,2024-12-28,2.4,-4.6,-0.9,35.8,23.0,6.3,12.8,4.1,0.0,8.9,-14.4,35.83
강릉,2024-12-29,6.5,-1.6,3.0,39.3,24.0,6.0,10.8,2.9,0.0,8.8,-9.9,38.18
강릉,2024-12-30,10.2,2.6,7.9,48.9,40.0,5.6,10.9,2.8,0.0,1.2,-2.2,45.669999999999995
강릉,2024-12-31,7.9,2.1,4.5,31.0,19.0,5.2,10.2,3.0,0.0,8.9,-11.5,35.41
대관령,2022-01-01,-0.3,-18.5,-9.5,46.6,17.0,4.8,7.4,1.7,0.0,8.8,-19.8,
대관령,2022-01-02,-0.4,-11.0,-4.8,65.4,30.0,8.7,14.2,4.9,0.0,5.6,-10.8,
대관령,2022-01-03,-3.1,-12.8,-6.9,56.8,16.0,9.4,15.4,4.9,0.0,8.4,-15.0,57.5
대관령,2022-01-04,-0.1,-13.1,-5.7,51.5,21.0,9.5,17.1,3.3,0.0,8.9,-15.1,53.949999999999996
대관령,2022-01-05,-1.2,-16.3,-7.9,80.3,63.0,3.7,5.8,0.9,0.0,6.6,-10.8,72.19
대관령,2022-01-06,2.1,-12.7,-6.8,71.3,22.0,4.3,7.8,1.3,0.0,8.8,-12.0,71.12
대관령,2022-01-07,3.1,-16.5,-7.0,50.0,13.0,4.2,6.7,1.5,0.0,9.0,-17.9,57.29
대관령,2022-01-08,0.6,-10.4,-4.0,62.8,35.0,8.9,14.8,4.9,0.0,7.9,-10.3,61.089999999999996
대관령,2022-01-09,1.7,-7.7,-3.0,80.5,54.0,6.3,10.6,2.0,0.0,6.2,-6.0,73.91
대관령,2022-01-10,3.5,-12.4,-4.4,64.8,20.0,5.8,9.1,1.9,0.0,6.8,-11.2,67.74
대관령,2022-01-11,-4.4,-14.4,-9.3,59.3,33.0,9.2,14.9,5.6,0.0,9.1,-16.0,62.519999999999996
대관령,2022-01-12,-5.6,-17.5,-11.8,46.9,25.0,9.0,15.6,4.8,0.0,9.1,-21.3,51.17
대관령,2022-01-13,-8.2,-14.7,-11.8,42.4,27.0,10.3,18.6,7.1,0.0,9.2,-22.2,44.989999999999995
대관령,2022-01-14,-0.8,-16.9,-9.5,41.6,17.0,4.7,7.3,2.2,0.0,9.2,-21.3,42.28999999999999
대관령,2022-01-15,1.5,-12.4,-5.1,59.6,41.0,8.4,14.2,3.5,0.0,3.1,-11.9,54.28
대관령,2022-01-16,-1.9,-10.7,-5.0,56.1,29.0,11.3,17.7,7.0,0.1,7.9,-12.9,55.349999999999994
대관령,2022-01-17,-6.3,-14.7,-10.0,44.4,20.0,8.2,14.8,4.6,0.0,8.7,-20.5,48.26
대관령,2022-01-18,-2.9,-15.9,-10.3,47.6,17.0,4.9,8.5,2.4,0.0,9.3,-20.6,47.81
대관령,2022-01-19,-3.8,-14.7,-9.7,73.3,48.0,6.4,9.5,2.2,0.0,4.2,-13.7,65.27
대관령,2022-01-20,-4.3,-15.9,-9.8,75.9,57.0,4.7,9.3,1.7,0.5,9.0,-13.3,72.55000000000001
대관령,2022-01-21,-0.4,-20.4,-10.6,77.4,53.0,4.1,6.2,0.9,0.0,9.3,-14.0,76.69
대관령,2022-01-22,3.5,-15.5,-4.6,77.5,57.0,5.8,9.9,2.3,0.0,7.8,-8.1,77.32000000000001
대관령,2022-01-23,3.4,-4.7,-1.8,87.0,62.0,4.8,7.3,1.8,0.0,4.9,-3.7,84.14
대관령,2022-01-24,-1.8,-6.9,-3.5,89.3,79.0,4.6,8.1,2.0,0.7,0.0,-5.0,87.66
대관령,2022-01-25,-1.2,-7.1,-3.2,89.1,80.0,6.0,9.7,2.1,0.0,0.3,-4.7,88.92999999999999
대관령,2022-01-26,1.2,-5.9,-2.8,68.6,49.0,7.3,11.0,3.5,0.0,8.9,-7.8,74.77000000000001
대관령,2022-01-27,3.2,-13.1,-5.7,64.9,21.0,3.9,6.4,1.4,0.0,8.9,-12.4,68.06
대관령,2022-01-28,0.8,-14.2,-7.0,52.1,21.0,6.5,11.1,3.1,0.0,9.2,-16.2,56.31
대관령,2022-01-29,-1.0,-13.5,-7.6,46.5,21.0,7.1,11.3,2.9,0.0,9.3,-17.9,49.46
대관령,2022-01-30,0.3,-18.6,-9.1,52.4,19.0,4.4,6.3,1.4,0.0,9.3,-18.1,51.190000000000005
대관령,2022-01-31,0.7,-17.9,-7.2,50.0,15.0,6.9,10.8,2.7,0.0,9.4,-17.5,50.13
대관령,2022-02-01,-3.9,-8.2,-6.5,75.9,56.0,8.0,14.0,4.8,0.4,7.8,-10.1,68.37
대관령,2022-02-02,-3.5,-9.7,-7.6,59.0,31.0,8.1,14.4,5.2,0.0,9.3,-14.7,61.48
대관령,2022-02-03,-2.8,-13.0,-8.0,50.5,24.0,7.8,11.4,4.2,0.0,9.7,-17.2,54.739999999999995
대관령,2022-02-04,-5.4,-13.4,-9.9,45.3,27.0,11.0,18.4,6.3,0.0,9.7,-19.8,47.71
대관령,2022-02-05,-7.5,-16.3,-12.3,49.0,27.0,11.3,18.7,6.6,0.0,9.7,-21.2,48.41
대관령,2022-02-06,-3.7,-14.0,-8.8,41.4,28.0,9.3,15.5,5.9,0.0,9.7,-19.8,43.31
대관령,2022-02-07,-2.5,-14.7,-7.6,46.0,26.0,4.7,8.0,2.7,0.0,8.8,-17.7,45.379999999999995
대관령,2022-02-08,1.8,-12.2,-6.2,48.5,18.0,5.4,9.3,2.2,0.0,8.1,-16.4,47.29
대관령,2022-02-09,3.8,-16.7,-6.2,63.8,15.0,3.7,7.0,1.0,0.0,9.7,-13.6,58.96
대관령,2022-02-10,4.5,-10.7,-4.8,71.5,17.0,4.3,7.8,1.1,0.0,9.3,-10.3,67.66
대관령,2022-02-11,5.6,-14.2,-3.8,53.9,18.0,6.0,9.7,1.5,0.0,9.7,-13.7,58.410000000000004
대관령,2022-02-12,3.2,-6.3,-1.7,66.6,49.0,4.2,7.1,1.8,0.0,9.1,-7.3,64.55
대관령,2022-02-13,3.5,-7.0,-2.1,85.9,54.0,4.0,6.0,1.2,0.0,4.8,-4.2,78.84
대관령,2022-02-14,4.0,-6.0,-1.4,77.4,36.0,10.4,16.6,3.7,0.6,4.7,-5.2,78.02
대관령,2022-02-15,-4.9,-13.0,-9.0,66.4,54.0,11.4,19.1,8.5,0.0,9.2,-14.2,70.55000000000001
대관령,2022-02-16,-8.7,-15.7,-13.1,49.3,25.0,9.6,17.4,6.6,0.0,8.0,-22.0,55.53
대관령,2022-02-17,-4.8,-17.5,-12.5,58.8,27.0,8.7,12.9,2.6,0.0,10.4,-19.5,57.66
대관령,2022-02-18,2.4,-19.4,-7.5,44.5,12.0,5.0,7.8,1.9,0.0,10.1,-20.0,47.839999999999996
대관령,2022-02-19,-1.2,-8.9,-4.6,42.6,18.0,10.1,16.2,4.8,0.0,5.8,-16.1,44.6
대관령,2022-02-20,-5.9,-14.2,-10.3,45.1,19.0,9.3,15.3,5.7,0.0,10.4,-21.1,44.540000000000006
대관령,2022-02-21,-3.3,-14.5,-7.9,58.3,44.0,11.2,19.2,6.6,0.0,8.8,-14.7,54.089999999999996
대관령,2022-02-22,-4.6,-12.9,-9.4,42.8,25.0,11.6,18.4,6.6,0.0,10.5,-20.2,46.129999999999995
대관령,2022-02-23,-4.2,-17.1,-10.6,37.8,17.0,6.5,11.2,3.7,0.0,10.6,-23.5,40.849999999999994
대관령,2022-02-24,-0.9,-16.2,-7.7,38.9,14.0,8.9,13.1,4.3,0.0,10.6,-20.7,39.07
대관령,2022-02-25,3.7,-7.7,-1.6,58.9,24.0,9.7,16.0,6.1,0.0,10.3,-9.2,52.79
대관령,2022-02-26,5.7,-2.1,1.1,68.4,42.0,12.7,19.4,6.5,1.2,6.8,-4.3,63.550000000000004
대관령,2022-02-27,4.0,-6.2,-1.2,52.6,29.0,10.6,17.4,6.9,0.0,10.8,-10.3,56.39
대관령,2022-02-28,8.6,-2.5,1.6,53.1,20.0,8.3,13.6,4.0,0.0,8.9,-8.0,54.53000000000001
대관령,2022-03-01,6.4,-1.9,1.9,73.3,40.0,10.6,18.4,5.5,0.0,6.8,-2.6,67.19
대관령,2022-03-02,5.9,-5.9,-0.5,53.9,26.0,10.6,17.2,5.4,0.1,10.9,-9.6,57.7
대관령,2022-03-03,6.5,-3.6,0.6,50.5,23.0,11.4,18.1,4.6,0.0,10.8,-9.7,53.459999999999994
대관령,2022-03-04,10.5,-6.0,3.6,45.1,22.0,12.7,23.6,5.7,0.0,8.9,-7.8,47.06
대관령,2022-03-05,3.5,-5.6,-2.1,34.6,14.0,13.8,23.5,9.4,0.0,11.0,-16.9,38.290000000000006
대관령,2022-03-06,3.7,-8.8,-3.9,37.6,11.0,7.1,10.9,3.1,0.0,10.9,-17.4,37.75
대관령,2022-03-07,7.3,-12.5,-2.1,40.5,11.0,4.7,7.5,1.8,0.0,9.6,-15.7,39.33
대관령,2022-03-08,8.9,-5.2,1.5,47.5,27.0,5.7,10.1,3.1,0.0,10.2,-8.8,45.11
대관령,2022-03-09,8.3,-6.9,0.1,74.0,38.0,4.2,7.2,1.4,0.0,10.9,-4.3,65.35
대관령,2022-03-10,12.8,-5.1,6.3,35.5,8.0,9.6,15.8,4.6,0.0,10.2,-10.7,44.4
대관령,2022-03-11,14.6,3.4,8.4,49.5,22.0,8.2,12.5,4.6,0.0,5.8,-2.5,49.15
대관령,2022-03-12,12.9,-3.3,6.0,78.4,56.0,7.9,14.3,2.6,0.0,6.9,2.3,68.33
대관령,2022-03-13,12.5,1.6,5.4,95.0,66.0,7.7,13.9,3.3,16.0,0.0,4.6,87.13000000000001
대관령,2022-03-14,11.1,1.6,4.1,93.8,79.0,10.3,17.3,4.3,4.3,1.1,3.1,92.5
대관령,2022-03-15,14.8,-0.4,6.1,58.6,21.0,9.3,14.5,3.9,0.0,10.8,-2.4,69.28
대관령,2022-03-16,15.4,2.5,6.8,60.4,23.0,8.0,12.3,3.4,0.0,10.5,-0.9,63.379999999999995
대관령,2022-03-17,3.2,-0.5,0.7,96.3,93.0,4.4,7.5,2.8,3.5,0.0,0.1,85.35
대관령,2022-03-18,-0.5,-2.3,-1.5,95.8,94.0,6.0,10.2,3.5,11.2,0.7,-2.1,92.36
대관령,2022-03-19,-0.3,-3.3,-2.0,93.8,87.0,4.1,7.5,2.2,12.5,5.1,-2.8,94.44999999999999
대관령,2022-03-20,2.5,-3.4,-0.7,82.3,64.0,7.0,11.6,2.9,0.0,5.7,-3.4,85.94999999999999
대관령,2022-03-21,3.5,-9.2,-1.9,85.0,55.0,4.2,7.1,1.5,0.0,9.2,-4.2,85.33999999999999
대관령,2022-03-22,3.5,-8.6,-1.9,77.8,40.0,4.8,8.0,1.6,0.0,11.4,-5.5,79.69
대관령,2022-03-23,3.2,-6.1,-0.6,71.1,57.0,8.1,14.4,3.2,0.0,5.8,-5.3,73.83
대관령,2022-03-24,5.3,-1.3,2.1,84.0,72.0,9.4,15.2,5.1,0.0,6.2,-0.3,80.8
대관령,2022-03-25,14.0,1.7,7.8,67.9,28.0,5.0,8.0,2.1,10.1,6.2,1.2,71.44
대관령,2022-03-26,12.1,5.0,8.5,90.9,80.0,9.8,17.0,3.8,10.5,1.4,7.1,85.61000000000001
대관령,2022-03-27,8.8,-1.8,4.1,58.5,29.0,10.8,19.3,4.9,0.0,11.0,-4.2,65.92
대관령,2022-03-28,8.5,-7.2,0.5,58.3,11.0,4.1,6.6,1.3,0.0,11.9,-8.6,61.6
대관령,2022-03-29,13.3,-4.5,5.1,45.6,19.0,7.1,11.2,3.5,0.0,11.7,-6.8,49.43
대관령,2022-03-30,14.1,-1.3,4.8,76.5,29.0,5.8,8.6,2.2,8.0,4.8,0.4,68.5
대관령,2022-03-31,3.0,-2.3,1.0,95.1,93.0,3.8,6.1,1.8,0.3,0.0,0.3,86.42999999999999
대관령,2022-04-01,4.8,-3.4,0.1,87.9,65.0,4.5,7.6,1.4,0.0,8.6,-1.7,88.2
대관령,2022-04-02,10.8,-5.2,3.0,56.5,14.0,5.9,10.0,2.2,0.0,11.9,-7.1,66.64
대관령,2022-04-03,10.8,-5.1,2.8,62.0,24.0,5.0,8.1,1.3,0.0,12.1,-4.8,63.49
대관령,2022-04-04,14.9,-3.6,6.5,45.6,18.0,6.5,10.5,3.2,0.0,12.1,-6.3,49.97
대관령,2022-04-05,14.1,1.7,7.9,27.6,15.0,11.3,19.4,6.5,0.0,11.5,-10.1,34.64
대관령,2022-04-06,13.1,1.3,7.2,49.8,21.0,8.5,12.2,3.9,0.0,11.8,-3.0,44.94
대관령,2022-04-07,14.0,-0.1,7.9,42.1,22.0,10.7,17.5,5.1,0.0,11.2,-5.0,42.19
대관령,2022-04-08,17.3,-4.1,8.7,43.8,20.0,8.1,13.6,3.7,0.0,12.2,-5.0,44.06
대관령,2022-04-09,20.2,9.1,14.8,37.9,25.0,10.9,18.4,7.5,0.0,12.0,0.3,39.5
대관령,2022-04-10,23.9,10.1,16.0,31.9,10.0,9.3,13.8,4.7,0.0,12.0,-3.2,34.29
대관령,2022-04-11,23.5,8.8,16.5,47.9,18.0,8.1,12.7,4.2,0.0,12.0,4.2,43.699999999999996
대관령,2022-04-12,24.2,6.1,14.4,68.8,26.0,7.7,12.8,4.1,0.0,11.3,7.3,60.92999999999999
대관령,2022-04-13,6.3,1.7,3.1,91.3,73.0,4.5,8.4,2.9,9.5,0.0,1.8,82.46000000000001
대관령,2022-04-14,3.5,2.0,2.8,89.8,82.0,5.2,8.7,2.8,3.3,0.0,1.2,87.99999999999999
대관령,2022-04-15,8.5,-1.8,3.2,79.0,52.0,5.0,8.7,2.4,0.0,8.2,-0.3,82.38999999999999
대관령,2022-04-16,15.4,-4.4,6.8,49.5,18.0,8.4,12.5,3.1,0.0,12.6,-5.4,59.43000000000001
대관령,2022-04-17,17.3,-0.7,9.9,30.6,12.0,6.0,11.1,2.7,0.0,12.3,-8.8,39.22
대관령,2022-04-18,17.7,6.3,11.3,31.0,17.0,7.4,14.7,3.6,0.0,6.6,-5.7,32.77
대관령,2022-04-19,18.7,0.6,11.0,36.8,16.0,7.5,12.5,2.9,0.0,12.6,-4.6,35.019999999999996
대관령,2022-04-20,19.2,2.5,12.2,32.1,14.0,8.4,13.2,4.4,0.0,12.6,-5.8,32.93
대관령,2022-04-21,16.6,6.5,11.8,44.8,30.0,9.0,14.9,6.2,0.0,10.8,-0.4,41.459999999999994
대관령,2022-04-22,16.0,9.6,12.4,72.0,54.0,12.1,18.3,8.3,0.0,5.8,7.3,62.57
대관령,2022-04-23,17.6,4.6,11.7,63.0,23.0,8.4,13.0,2.7,0.0,10.9,4.4,62.97999999999999
대관령,2022-04-24,24.0,9.3,16.4,49.3,9.0,8.0,13.3,4.6,0.0,12.1,4.2,54.31
대관령,2022-04-25,21.8,7.9,17.2,55.1,33.0,5.4,9.5,2.3,0.0,8.4,7.4,54.730000000000004
대관령,2022-04-26,21.5,11.1,15.2,81.6,43.0,7.9,13.4,2.9,15.9,4.2,11.8,73.07
대관령,2022-04-27,14.8,4.2,8.8,67.0,33.0,5.8,10.9,2.9,0.0,12.4,2.4,68.73
대관령,2022-04-28,11.4,2.5,6.7,92.0,75.0,4.6,7.2,2.1,0.9,5.4,5.4,85.96
대관령,2022-04-29,6.1,1.3,3.4,93.8,90.0,4.6,7.7,2.3,13.9,0.4,2.5,90.76
대관령,2022-04-30,12.3,-0.9,6.3,77.6,53.0,8.1,13.4,3.5,0.0,6.0,2.4,82.28
대관령,2022-05-01,13.5,0.1,7.5,49.5,22.0,10.2,18.5,4.6,0.0,11.8,-3.9,59.550000000000004
대관령,2022-05-02,10.5,-1.3,3.7,80.4,36.0,5.4,11.2,2.0,1.1,6.2,0.4,73.94000000000001
대관령,2022-05-03,16.6,-2.7,8.9,52.1,23.0,11.0,18.1,5.0,0.0,12.5,-2.0,57.5
대관령,2022-05-04,21.3,6.3,14.8,38.0,25.0,10.8,18.2,5.9,0.0,12.5,0.2,45.059999999999995
대관령,2022-05-05,23.2,8.1,16.3,38.6,13.0,7.0,10.9,3.9,0.0,12.6,0.3,39.83
대관령,2022-05-06,23.1,10.3,16.7,55.3,23.0,7.7,12.5,4.3,0.0,12.6,6.8,50.22999999999999
대관령,2022-05-07,14.6,3.9,9.1,81.3,39.0,6.7,10.5,3.2,1.2,2.3,5.7,71.83
대관령,2022-05-08,12.8,1.7,8.1,61.5,27.0,3.3,5.4,1.1,0.0,0.0,-0.2,64.84
대관령,2022-05-09,16.7,0.6,9.5,61.5,21.0,4.6,7.8,2.0,0.0,13.1,1.1,63.48
대관령,2022-05-10,18.5,-1.8,9.0,58.0,16.0,5.0,8.1,1.6,0.0,10.4,-0.8,59.04999999999999
대관령,2022-05-11,22.4,5.1,14.9,57.3,35.0,6.8,11.3,2.9,0.0,10.8,5.8,57.85999999999999
대관령,2022-05-12,15.8,7.6,10.5,87.6,65.0,5.3,8.4,2.5,0.0,4.9,8.4,78.58
대관령,2022-05-13,12.1,5.9,7.6,95.3,82.0,4.8,7.1,1.9,3.1,1.6,6.8,89.96
대관령,2022-05-14,14.9,2.6,9.3,59.3,27.0,9.8,16.8,5.0,0.0,11.3,0.7,69.33
대관령,2022-05-15,17.2,-1.0,9.6,48.4,18.0,6.6,10.9,2.5,0.0,13.2,-2.6,55.269999999999996
대관령,2022-05-16,18.7,1.8,12.3,41.8,26.0,8.9,13.6,4.1,0.0,13.2,-0.9,44.87
대관령,2022-05-17,21.8,5.4,14.4,49.3,18.0,7.4,14.4,3.7,0.0,11.6,2.7,47.709999999999994
대관령,2022-05-18,21.3,12.4,16.5,48.0,32.0,10.3,18.5,6.4,0.0,9.8,4.9,47.63999999999999
대관령,2022-05-19,20.3,12.5,16.1,40.0,26.0,10.2,17.9,7.3,0.0,10.0,1.9,42.53
대관령,2022-05-20,23.6,10.9,16.5,46.5,25.0,7.5,12.5,4.2,0.0,12.6,4.0,45.349999999999994
대관령,2022-05-21,23.5,9.3,16.7,66.1,39.0,6.8,11.6,4.0,0.0,12.5,9.7,59.56999999999999
대관령,2022-05-22,23.3,9.1,14.9,75.5,43.0,7.1,11.8,2.8,0.0,10.9,10.2,70.72
대관령,2022-05-23,26.7,7.0,17.7,66.5,24.0,5.7,9.8,2.0,0.0,9.9,9.4,68.25999999999999
대관령,2022-05-24,28.5,11.7,19.6,58.0,17.0,3.8,6.5,1.8,0.0,12.3,9.4,61.44999999999999
대관령,2022-05-25,26.2,9.1,18.4,54.5,19.0,7.9,13.0,3.1,0.0,12.9,7.9,56.4
대관령,2022-05-26,18.5,9.8,14.0,56.4,32.0,10.8,18.4,6.4,3.9,12.0,4.6,56.17999999999999
대관령,2022-05-27,18.7,10.3,14.5,65.8,36.0,8.6,15.4,6.0,0.0,4.8,7.9,62.79
대관령,2022-05-28,25.5,7.1,17.9,54.4,25.0,10.2,15.9,5.1,0.0,13.2,7.2,56.879999999999995
대관령,2022-05-29,27.2,10.1,17.7,47.3,19.0,4.9,8.2,2.4,0.0,12.8,4.5,50.57
대관령,2022-05-30,21.0,8.5,15.4,80.8,60.0,4.8,9.5,2.1,0.0,3.4,11.9,71.46
대관령,2022-05-31,22.3,8.1,16.7,46.1,27.0,8.8,14.0,4.2,0.0,13.0,3.7,53.15999999999999
대관령,2022-06-01,25.1,8.5,17.4,34.9,16.0,9.1,15.4,4.0,0.0,13.2,0.4,41.73
대관령,2022-06-02,25.5,5.7,17.3,48.1,22.0,7.6,13.0,3.2,0.0,13.3,4.7,45.260000000000005
대관령,2022-06-03,17.2,9.1,13.3,92.9,72.0,4.4,7.6,2.0,0.0,2.3,12.1,78.14
대관령,2022-06-04,22.5,9.8,14.8,88.4,64.0,5.8,9.0,2.2,0.0,9.0,12.6,85.27000000000001
대관령,2022-06-05,19.2,12.3,13.9,94.6,63.0,4.8,8.2,2.0,1.2,1.0,13.0,93.19000000000001
대관령,2022-06-06,13.5,8.8,10.9,95.1,92.0,5.8,14.2,2.8,34.4,0.7,10.1,94.33
대관령,2022-06-07,10.8,7.5,8.9,96.0,94.0,4.0,6.9,2.2,1.9,0.0,8.3,95.67999999999998
대관령,2022-06-08,13.4,6.1,9.9,91.5,83.0,4.6,7.3,1.6,0.0,6.3,8.5,92.76
대관령,2022-06-09,19.5,5.6,12.7,89.8,63.0,3.9,6.0,0.9,1.7,3.4,10.9,90.75999999999999
대관령,2022-06-10,23.7,11.6,16.5,84.9,51.0,5.1,8.8,1.5,0.1,8.7,13.6,86.54
대관령,2022-06-11,16.2,9.6,12.6,96.3,89.0,3.8,5.9,1.4,0.5,2.3,12.0,93.37
대관령,2022-06-12,18.5,7.4,13.1,94.3,77.0,4.9,7.6,1.5,0.1,6.9,12.1,93.75999999999999
대관령,2022-06-13,17.8,12.1,14.1,91.6,75.0,5.3,9.5,2.7,0.0,4.8,12.7,92.60999999999999
대관령,2022-06-14,12.3,9.8,11.1,96.1,94.0,5.1,9.4,3.4,10.3,0.2,10.4,95.02000000000001
대관령,2022-06-15,13.8,9.6,11.7,96.9,95.0,2.9,5.0,1.7,12.4,0.3,11.2,96.21
대관령,2022-06-16,18.9,13.3,15.5,88.3,75.0,7.3,11.3,3.6,1.6,8.0,13.5,90.8
대관령,2022-06-17,25.7,12.5,19.2,75.9,49.0,7.9,13.2,3.9,0.0,13.4,14.4,80.48
대관령,2022-06-18,26.1,15.8,21.0,77.1,56.0,5.6,9.0,3.2,0.0,10.8,16.5,77.97999999999999
대관령,2022-06-19,27.6,17.7,21.5,79.0,53.0,5.1,8.0,3.2,0.0,10.5,17.4,78.31
대관령,2022-06-20,26.6,16.2,21.0,78.9,55.0,4.5,7.1,2.2,0.0,11.9,16.9,78.74
대관령,2022-06-21,27.8,14.0,21.0,82.9,49.0,4.4,7.3,1.3,0.0,11.9,17.7,81.71000000000001
대관령,2022-06-22,30.3,15.3,22.9,72.8,46.0,5.0,8.5,2.6,0.0,11.9,17.2,75.42999999999999
대관령,2022-06-23,27.3,15.8,21.1,88.0,58.0,9.5,19.6,3.0,44.9,3.3,18.9,84.45
대관령,2022-06-24,22.8,18.7,20.9,80.8,70.0,11.3,19.3,7.2,54.7,10.0,17.3,81.44
대관령,2022-06-25,27.4,16.7,22.2,69.6,50.0,9.6,15.0,5.4,0.0,11.8,16.1,73.67999999999999
대관령,2022-06-26,26.0,18.3,22.5,83.1,70.0,8.4,14.6,5.0,1.9,3.3,19.4,80.16999999999999
대관령,2022-06-27,24.8,21.1,23.2,80.8,69.0,9.0,16.2,4.0,26.2,0.9,19.6,80.13999999999999
대관령,2022-06-28,26.2,22.0,24.1,68.8,64.0,13.2,25.4,8.2,0.0,1.3,17.9,72.63
대관령,2022-06-29,24.2,21.2,23.0,78.5,65.0,11.8,20.7,6.5,7.6,1.4,19.0,76.78999999999999
대관령,2022-06-30,23.6,18.7,19.9,91.1,78.0,6.2,11.0,2.5,45.7,1.5,18.4,86.34999999999998
대관령,2022-07-01,28.6,19.3,23.5,75.6,56.0,6.2,9.7,3.6,0.0,11.5,18.6,78.98999999999998
대관령,2022-07-02,29.9,17.3,23.0,80.3,50.0,3.8,5.7,1.1,0.0,11.3,19.0,80.44
대관령,2022-07-03,29.7,16.6,23.5,75.4,51.0,3.7,5.8,1.3,0.0,11.8,18.4,76.4
대관령,2022-07-04,28.0,18.7,22.6,81.8,63.0,3.4,5.7,1.1,0.0,4.4,19.1,80.36999999999999
대관령,2022-07-05,27.9,17.8,21.9,82.5,55.0,3.8,6.0,1.6,0.0,7.7,18.5,81.64999999999999
대관령,2022-07-06,25.4,17.7,21.4,89.1,76.0,4.1,6.2,1.6,0.0,6.4,19.4,87.04999999999998
대관령,2022-07-07,30.0,20.7,25.0,75.8,52.0,5.4,10.4,2.5,0.0,4.7,20.2,79.13
대관령,2022-07-08,26.1,19.7,22.8,79.1,61.0,8.2,13.2,4.1,0.0,3.5,18.9,79.43999999999998
대관령,2022-07-09,27.1,20.2,22.1,86.9,62.0,4.6,6.6,1.5,0.0,4.5,19.7,84.23
대관령,2022-07-10,25.6,20.0,21.0,90.4,70.0,4.3,6.4,1.8,6.9,3.8,19.3,88.57
대관령,2022-07-11,25.2,17.7,20.3,89.0,68.0,3.7,6.2,1.7,35.6,2.7,18.3,89.07
대관령,2022-07-12,23.1,17.1,18.4,89.1,70.0,4.3,6.5,1.7,0.0,3.3,16.5,89.21
대관령,2022-07-13,22.5,17.6,19.5,91.4,80.0,3.5,6.5,1.3,34.2,0.1,18.0,90.7
대관령,2022-07-14,25.6,18.4,21.1,86.9,66.0,5.5,9.4,2.6,1.5,4.9,18.7,88.02
대관령,2022-07-15,27.7,16.3,20.8,78.4,47.0,5.5,9.3,2.9,10.2,9.6,16.5,81.4
대관령,2022-07-16,25.7,17.1,19.7,84.8,55.0,4.0,7.2,2.0,7.3,6.9,16.8,83.72999999999999
대관령,2022-07-17,24.0,17.1,20.4,83.0,68.0,5.7,9.2,2.8,0.0,5.7,17.3,82.9
대관령,2022-07-18,26.7,16.7,20.7,83.0,57.0,3.8,6.4,1.5,0.0,3.9,17.5,83.17999999999999
대관령,2022-07-19,28.6,15.5,21.7,79.4,46.0,6.4,9.9,2.2,0.0,7.9,17.6,80.48
대관령,2022-07-20,26.7,19.7,22.3,78.9,58.0,4.9,8.3,2.5,0.9,6.2,18.2,79.41000000000001
대관령,2022-07-21,20.2,17.2,18.4,92.1,91.0,4.3,7.5,1.6,31.4,0.0,17.1,88.19
대관령,2022-07-22,21.1,16.0,18.3,90.9,79.0,4.5,6.9,1.1,9.8,1.6,16.7,89.94
대관령,2022-07-23,23.3,15.8,19.3,87.6,68.0,3.4,5.4,1.8,13.3,5.6,17.0,88.71
대관령,2022-07-24,27.2,18.2,21.1,86.8,60.0,3.8,6.5,1.5,11.5,5.6,18.7,87.36999999999999
대관령,2022-07-25,28.0,18.1,22.2,81.8,51.0,4.6,7.7,2.0,0.0,10.1,18.6,83.38
대관령,2022-07-26,26.7,16.3,20.8,80.6,57.0,4.6,7.5,1.5,0.0,11.7,17.2,81.46000000000001
대관령,2022-07-27,24.3,14.0,19.9,83.6,65.0,3.6,5.6,1.6,0.0,9.1,16.9,82.82
대관령,2022-07-28,24.8,16.7,20.3,89.9,72.0,3.9,6.8,1.6,0.0,2.3,18.5,87.71000000000001
대관령,2022-07-29,28.8,18.7,22.5,91.5,64.0,4.6,7.0,1.4,0.0,7.2,20.9,90.39
대관령,2022-07-30,27.1,17.6,21.9,92.5,75.0,4.5,6.2,1.6,0.0,5.6,20.5,92.03999999999999
대관령,2022-07-31,24.2,20.7,22.4,91.6,80.0,3.4,9.9,1.6,10.7,0.0,20.9,91.77
대관령,2022-08-01,26.2,21.8,24.4,83.5,77.0,6.3,14.8,2.7,1.4,0.1,21.4,86.02
대관령,2022-08-02,27.1,22.2,23.7,89.4,75.0,5.7,10.7,3.4,3.9,2.6,21.8,88.44
대관령,2022-08-03,25.7,21.5,22.9,90.8,79.0,7.3,12.3,4.3,1.5,2.5,21.2,89.78999999999999
대관령,2022-08-04,28.6,21.4,24.0,85.1,64.0,6.1,10.1,2.9,2.8,8.9,21.1,86.66999999999999
대관령,2022-08-05,28.7,21.3,24.9,81.3,66.0,6.4,10.7,3.6,0.0,10.9,21.3,83.00999999999999
대관령,2022-08-06,29.2,22.2,24.9,83.9,65.0,6.1,9.6,3.2,0.0,7.4,21.9,83.5
대관령,2022-08-07,29.5,22.0,25.3,84.8,66.0,6.4,10.4,3.3,1.1,7.6,22.4,84.26999999999998
대관령,2022-08-08,24.7,21.5,22.9,91.4,81.0,7.7,15.2,5.8,34.9,0.0,21.4,89.33
대관령,2022-08-09,23.4,18.5,21.2,94.6,85.0,6.1,10.8,3.2,101.9,0.0,20.3,92.98
대관령,2022-08-10,26.3,17.3,20.6,91.4,70.0,5.6,9.9,2.2,83.3,3.8,19.0,92.03999999999999
대관령,2022-08-11,22.2,18.7,20.7,95.9,93.0,5.3,9.3,2.6,79.9,0.0,20.0,94.86999999999999
대관령,2022-08-12,28.8,17.3,22.9,77.6,45.0,4.7,8.7,2.0,0.0,11.9,18.2,82.64
대관령,2022-08-13,23.5,16.0,20.7,91.8,81.0,4.2,7.4,1.9,1.0,1.2,19.3,89.36999999999999
대관령,2022-08-14,27.6,20.6,22.7,91.4,71.0,4.7,8.0,2.1,3.3,4.9,21.1,90.10000000000001
대관령,2022-08-15,25.5,21.8,23.6,85.4,77.0,10.9,19.4,7.3,8.4,0.0,20.9,87.24000000000001
대관령,2022-08-16,27.1,19.8,22.6,82.1,57.0,8.0,15.0,4.6,0.1,9.3,19.1,83.69
대관령,2022-08-17,23.2,16.2,19.4,92.3,81.0,4.2,7.5,1.6,1.2,3.5,18.1,89.57000000000001
대관령,2022-08-18,25.8,14.8,20.4,84.9,61.0,4.1,6.8,1.6,0.0,9.3,17.5,86.1
대관령,2022-08-19,23.2,18.0,20.9,88.8,73.0,8.0,13.7,4.2,7.8,0.6,18.9,88.37
대관령,2022-08-20,24.9,16.3,20.0,94.6,87.0,6.3,9.8,1.9,1.6,0.9,19.0,92.47
대관령,2022-08-21,25.3,15.4,20.0,88.0,73.0,4.0,6.4,1.4,0.0,10.2,17.8,89.39999999999999
대관령,2022-08-22,26.3,15.6,21.3,84.3,61.0,7.0,11.7,2.6,0.0,5.7,18.3,86.06999999999998
대관령,2022-08-23,21.6,17.0,18.7,91.8,67.0,8.3,13.3,2.3,0.8,0.0,17.2,89.91999999999999
대관령,2022-08-24,19.2,14.3,17.0,90.6,72.0,4.0,7.0,1.9,0.0,0.1,15.4,90.21000000000001
대관령,2022-08-25,21.6,13.8,17.0,89.4,75.0,4.7,7.9,2.4,0.0,2.4,15.2,89.88
대관령,2022-08-26,24.2,12.1,18.6,77.0,49.0,5.1,7.9,2.5,0.0,11.2,14.1,80.84
대관령,2022-08-27,22.2,10.1,16.3,71.1,30.0,5.8,10.4,3.2,0.0,10.8,10.4,74.11
대관령,2022-08-28,20.7,7.0,14.3,79.6,46.0,4.4,7.4,1.6,0.0,11.3,10.4,77.64
대관령,2022-08-29,17.2,11.6,14.6,89.0,72.0,3.4,6.3,1.3,1.0,0.0,12.7,85.33
대관령,2022-08-30,17.1,13.0,15.2,94.6,93.0,2.6,3.7,0.9,62.2,0.0,14.3,91.97999999999999
대관령,2022-08-31,17.3,13.0,15.6,93.3,84.0,3.2,6.4,1.2,17.5,0.0,14.5,93.13
대관령,2022-09-01,22.9,11.3,16.5,84.5,53.0,3.7,6.7,1.0,0.0,11.0,13.6,87.27
대관령,2022-09-02,20.1,8.8,15.5,90.0,78.0,4.6,8.5,2.2,0.0,6.7,13.7,89.22999999999999
대관령,2022-09-03,19.2,15.0,16.5,89.5,77.0,4.2,6.8,2.5,0.0,3.0,14.6,89.10000000000001
대관령,2022-09-04,24.0,15.3,19.5,88.5,76.0,7.1,11.3,2.7,7.0,1.8,17.4,88.85
대관령,2022-09-05,22.1,14.6,17.5,94.5,85.0,7.7,12.6,2.7,53.3,0.0,16.5,92.8
대관령,2022-09-06,19.7,14.3,16.2,81.6,66.0,8.4,15.9,5.3,60.3,5.5,12.8,84.86999999999999
대관령,2022-09-07,23.2,9.9,16.2,71.8,40.0,7.1,12.1,2.7,0.0,12.0,10.3,76.03
대관령,2022-09-08,22.5,6.5,14.5,82.8,51.0,4.2,6.4,1.2,0.0,11.7,11.2,80.47999999999999
대관령,2022-09-09,22.6,6.3,14.1,78.4,36.0,3.9,6.5,1.1,0.0,11.2,9.7,78.62
대관령,2022-09-10,19.8,8.6,15.1,87.0,69.0,5.0,7.8,1.7,0.0,8.0,12.8,84.86
대관령,2022-09-11,19.4,15.3,16.7,91.6,77.0,3.7,5.9,1.4,2.2,0.3,15.2,89.36
대관령,2022-09-12,24.9,15.1,18.2,89.9,57.0,3.5,5.4,1.0,1.6,6.0,16.4,89.95
대관령,2022-09-13,19.6,16.1,17.5,92.4,86.0,3.4,6.7,1.6,0.0,0.2,16.2,91.82000000000001
대관령,2022-09-14,20.8,15.8,17.2,89.0,67.0,5.7,11.7,3.2,0.0,4.6,15.3,89.77
대관령,2022-09-15,20.3,15.0,16.7,90.4,75.0,4.0,6.9,2.4,0.2,4.4,15.0,90.32
대관령,2022-09-16,26.6,13.5,19.7,87.1,64.0,4.2,6.6,1.3,0.0,8.3,17.3,87.95
대관령,2022-09-17,28.2,16.2,22.1,85.6,57.0,3.7,6.9,1.4,0.0,10.7,19.3,86.38
대관령,2022-09-18,20.7,17.5,19.4,94.9,93.0,6.1,12.2,1.8,2.2,0.0,18.5,92.26
대관령,2022-09-19,19.8,12.3,15.2,91.3,85.0,8.8,16.8,4.7,77.5,0.3,13.7,91.45
대관령,2022-09-20,12.6,6.8,10.2,85.9,66.0,5.3,9.3,2.1,2.0,3.3,7.8,87.88
대관령,2022-09-21,17.7,4.4,10.4,85.1,47.0,3.4,6.2,1.1,0.2,10.3,7.7,85.88
대관령,2022-09-22,19.2,5.5,11.8,85.3,45.0,3.2,4.9,1.1,0.0,8.6,8.9,85.32
대관령,2022-09-23,20.4,7.6,12.6,77.4,47.0,10.5,20.1,4.8,0.0,9.3,8.5,79.75
대관령,2022-09-24,19.1,5.9,12.0,67.1,36.0,6.7,12.5,3.3,0.0,11.2,5.1,70.97999999999999
대관령,2022-09-25,19.0,5.5,11.5,79.4,45.0,3.9,6.7,1.2,0.0,4.5,7.4,76.74
대관령,2022-09-26,21.6,6.0,12.6,80.3,30.0,3.7,5.8,1.0,0.0,9.4,8.5,78.8
대관령,2022-09-27,20.8,4.9,11.5,85.6,41.0,3.8,6.4,1.2,0.0,10.5,8.7,83.91999999999999
대관령,2022-09-28,20.6,2.5,11.6,84.6,54.0,2.1,3.5,0.5,0.0,6.7,8.7,84.36999999999999
대관령,2022-09-29,24.7,5.6,13.7,77.6,18.0,3.3,5.1,0.9,0.0,10.3,8.7,79.8
대관령,2022-09-30,24.7,6.4,14.1,72.0,22.0,4.6,7.9,1.5,0.0,10.0,7.2,74.38
대관령,2022-10-01,25.5,5.1,14.5,71.5,24.0,3.3,5.8,1.0,0.0,9.9,7.7,72.21000000000001
대관령,2022-10-02,17.7,6.8,12.6,91.1,74.0,3.7,6.3,1.0,4.8,0.0,11.1,85.27
대관령,2022-10-03,20.8,12.6,18.5,93.4,82.0,7.4,15.4,4.0,10.9,0.1,17.3,90.75
대관령,2022-10-04,19.5,8.1,12.6,95.8,90.0,7.1,13.0,2.8,83.0,0.0,11.9,94.85
대관령,2022-10-05,9.2,7.6,8.3,95.8,95.0,4.1,7.8,2.2,5.5,0.2,7.6,95.55999999999999
대관령,2022-10-06,10.2,8.1,9.3,95.6,94.0,4.9,8.4,1.6,3.1,0.0,8.6,95.65999999999998
대관령,2022-10-07,10.1,6.5,8.1,93.6,88.0,6.5,11.5,2.3,16.6,0.3,7.0,94.22
대관령,2022-10-08,11.7,4.5,8.0,87.4,70.0,4.1,6.4,1.5,0.1,5.2,6.0,89.46000000000001
대관령,2022-10-09,14.6,4.0,8.4,88.6,53.0,8.1,15.8,1.6,5.1,1.9,6.4,88.85999999999999
대관령,2022-10-10,6.7,2.0,4.6,77.6,60.0,15.2,26.8,10.8,1.8,8.1,1.0,80.77999999999999
대관령,2022-10-11,13.4,1.3,5.6,77.6,47.0,10.7,15.8,3.7,0.0,10.8,1.6,78.69999999999999
대관령,2022-10-12,14.8,-1.3,6.5,86.6,57.0,3.8,6.3,1.2,0.0,10.5,4.1,83.89999999999999
대관령,2022-10-13,17.4,2.4,8.7,84.9,55.0,3.5,5.6,1.0,0.0,8.3,5.9,84.51
대관령,2022-10-14,17.9,3.0,9.9,88.6,48.0,4.5,6.6,1.2,0.0,8.5,7.8,87.65999999999998
대관령,2022-10-15,18.7,5.3,11.7,89.3,48.0,4.3,6.8,1.2,0.0,9.0,9.7,88.71999999999998
대관령,2022-10-16,17.5,8.1,12.6,84.8,69.0,5.7,8.6,2.1,0.0,0.4,9.9,86.08
대관령,2022-10-17,13.7,-0.9,7.8,72.1,34.0,5.2,8.4,2.8,0.0,8.8,2.7,76.35999999999999
대관령,2022-10-18,11.0,-4.0,2.8,72.8,31.0,4.2,7.2,1.1,0.0,10.7,-2.3,73.86
대관령,2022-10-19,12.1,-3.3,3.6,67.9,29.0,3.8,6.1,1.4,0.0,10.6,-2.7,69.3
대관령,2022-10-20,19.2,-4.0,7.5,62.0,17.0,5.1,9.2,1.9,0.0,8.5,-1.5,64.26
대관령,2022-10-21,17.4,6.1,10.8,48.0,15.0,8.2,13.9,3.8,0.0,7.1,-1.5,52.78999999999999
대관령,2022-10-22,18.3,6.5,11.8,45.4,18.0,5.5,9.8,3.2,0.0,9.3,-1.4,47.58
대관령,2022-10-23,9.5,4.5,6.6,95.3,84.0,4.2,7.7,1.4,4.8,0.4,5.8,80.58999999999999
대관령,2022-10-24,6.0,0.4,2.8,93.1,85.0,3.9,8.7,1.4,4.9,1.9,1.8,88.77
대관령,2022-10-25,6.4,-1.3,3.7,87.6,76.0,5.3,9.5,1.9,1.5,0.8,1.8,89.47
대관령,2022-10-26,14.1,-3.0,5.1,75.4,30.0,5.1,8.4,1.6,0.0,8.4,0.2,79.61
대관령,2022-10-27,16.2,-0.9,6.7,82.0,40.0,4.5,7.2,1.2,0.0,9.9,3.2,81.24000000000001
대관령,2022-10-28,8.6,4.0,7.3,95.4,91.0,3.0,5.4,1.0,3.3,0.0,6.5,90.72000000000001
대관령,2022-10-29,12.2,3.7,7.1,91.6,71.0,3.6,6.1,0.6,0.0,5.2,5.7,91.39999999999999
대관령,2022-10-30,12.1,2.7,5.9,92.9,74.0,3.7,6.2,0.5,0.0,3.9,4.8,92.89
대관령,2022-10-31,14.3,1.5,6.2,86.0,51.0,2.2,4.3,0.3,0.0,8.0,3.7,87.94
대관령,2022-11-01,15.1,1.9,7.8,76.3,37.0,4.8,9.3,1.5,0.0,9.0,3.2,79.9
대관령,2022-11-02,16.2,-3.0,5.8,58.5,13.0,4.1,7.5,0.9,0.0,8.8,-4.5,64.80999999999999
대관령,2022-11-03,11.5,0.6,5.2,64.5,42.0,7.6,12.9,3.1,0.0,3.3,-1.1,64.48
대관령,2022-11-04,8.1,-4.6,0.8,54.5,23.0,4.5,7.3,1.4,0.0,9.6,-8.1,56.9
대관령,2022-11-05,9.7,-7.7,1.1,37.3,8.0,6.4,10.9,2.4,0.0,8.7,-14.0,43.46
대관령,2022-11-06,11.5,-3.5,3.1,56.0,21.0,4.5,6.9,1.5,0.0,9.6,-5.8,52.11
대관령,2022-11-07,12.6,-4.7,4.4,57.8,27.0,6.1,10.0,1.9,0.0,9.2,-4.3,55.38999999999999
대관령,2022-11-08,13.6,1.0,7.0,62.0,20.0,5.9,9.1,2.8,0.0,9.5,-0.4,60.56
대관령,2022-11-09,13.8,-1.8,6.5,59.6,12.0,6.0,9.9,3.1,0.0,9.1,-2.7,59.9
대관령,2022-11-10,14.8,1.7,7.5,75.4,37.0,5.0,8.0,1.9,0.0,9.1,3.0,70.9
대관령,2022-11-11,13.9,3.0,8.0,87.8,71.0,3.7,5.8,1.0,0.0,5.7,6.0,82.5
대관령,2022-11-12,18.8,1.5,11.6,77.8,46.0,9.6,16.9,3.3,6.3,6.9,7.4,79.56
대관령,2022-11-13,14.5,3.7,7.6,90.4,85.0,8.9,13.9,3.6,4.9,0.0,6.1,87.62
대관령,2022-11-14,8.6,0.8,4.0,80.0,57.0,7.6,12.8,2.4,0.0,2.4,0.7,81.86
대관령,2022-11-15,7.1,-2.3,2.6,73.6,44.0,7.7,12.6,4.2,0.2,9.2,-1.8,76.56
대관령,2022-11-16,8.3,0.3,4.0,62.8,31.0,8.2,12.9,4.5,0.0,9.1,-3.0,66.67999999999999
대관령,2022-11-17,12.3,-2.6,3.0,65.9,25.0,3.1,6.0,1.1,0.0,9.0,-3.7,66.05000000000001
대관령,2022-11-18,14.6,-5.0,2.9,71.0,20.0,4.1,7.3,1.2,0.0,9.3,-3.2,69.16
대관령,2022-11-19,10.6,-2.3,3.1,83.3,60.0,2.9,4.8,0.7,0.0,2.6,0.4,79.1
대관령,2022-11-20,13.8,-2.3,3.6,75.0,28.0,3.2,5.1,0.8,0.0,7.6,-0.9,76.25999999999999
대관령,2022-11-21,13.1,-2.1,6.3,75.1,52.0,6.2,10.2,2.4,0.0,5.6,2.0,75.89999999999999
대관령,2022-11-22,10.0,-2.5,4.3,83.1,57.0,3.6,6.1,0.9,3.4,3.9,1.4,80.69
대관령,2022-11-23,11.8,-0.8,5.4,83.6,44.0,4.7,8.5,1.4,8.1,4.3,2.5,82.64999999999999
대관령,2022-11-24,11.8,-2.5,3.0,67.3,27.0,3.9,6.3,1.3,0.0,7.0,-3.6,72.13999999999999
대관령,2022-11-25,12.8,0.0,7.2,49.9,23.0,12.0,19.8,6.5,0.0,9.2,-3.3,56.75
대관령,2022-11-26,8.3,-2.8,4.1,42.6,10.0,11.7,20.4,7.1,0.3,9.2,-8.6,46.53
대관령,2022-11-27,11.1,-7.4,0.6,40.9,2.0,3.8,6.1,0.9,0.0,8.7,-14.4,42.14
대관령,2022-11-28,13.5,-5.6,5.6,74.6,35.0,8.6,15.4,2.5,11.4,3.4,1.2,64.66
대관령,2022-11-29,12.1,-1.8,6.6,59.0,22.0,9.7,16.4,4.2,5.4,0.6,-2.2,60.31
대관령,2022-11-30,-1.5,-12.2,-8.5,30.9,16.0,11.1,19.3,5.8,0.0,8.8,-23.2,40.89
대관령,2022-12-01,-5.4,-13.9,-9.6,39.6,26.0,9.3,15.4,5.3,0.0,9.1,-21.0,39.8
대관령,2022-12-02,-2.5,-12.1,-7.4,39.3,8.0,7.1,11.0,3.4,0.0,7.5,-19.8,38.519999999999996
대관령,2022-12-03,1.0,-7.7,-2.3,70.1,54.0,10.6,17.0,7.1,0.0,5.4,-7.1,60.88999999999999
대관령,2022-12-04,-2.5,-9.9,-6.2,37.6,15.0,10.2,15.6,3.8,0.0,4.0,-19.2,44.27
대관령,2022-12-05,0.9,-10.4,-6.3,29.4,11.0,7.7,11.3,3.1,0.0,8.1,-22.2,35.11
대관령,2022-12-06,-2.3,-10.9,-5.4,66.9,42.0,10.3,16.4,6.2,0.0,5.6,-10.6,56.47
대관령,2022-12-07,1.5,-4.1,-1.2,60.9,40.0,12.0,21.3,7.7,0.0,7.5,-8.0,58.949999999999996
대관령,2022-12-08,4.4,-4.7,-1.0,46.0,16.0,8.1,13.3,3.1,0.0,8.2,-12.1,51.06999999999999
대관령,2022-12-09,2.0,-8.2,-2.7,72.1,46.0,9.0,15.6,2.8,0.0,3.2,-7.0,65.75999999999999
대관령,2022-12-10,3.7,-8.0,-3.5,70.5,28.0,3.9,6.5,1.2,0.0,4.1,-8.7,68.36999999999999
대관령,2022-12-11,4.1,-11.1,-4.9,74.3,41.0,3.3,6.2,0.8,0.0,7.6,-9.1,73.32
대관령,2022-12-12,4.5,-11.4,-3.4,67.4,31.0,10.8,18.5,4.1,0.0,4.8,-9.1,69.09
대관령,2022-12-13,-2.0,-9.8,-4.7,75.1,49.0,12.9,21.1,7.9,0.8,1.6,-8.4,73.47999999999999
대관령,2022-12-14,-9.9,-16.8,-13.9,40.9,28.0,11.0,21.2,6.3,0.0,8.8,-24.6,50.38999999999999
대관령,2022-12-15,-3.6,-16.3,-8.2,75.8,59.0,9.1,15.7,5.1,0.9,1.2,-11.7,68.75
대관령,2022-12-16,-3.0,-17.8,-9.3,47.9,17.0,8.5,13.5,2.8,0.0,8.4,-19.4,52.78
대관령,2022-12-17,-7.7,-15.7,-11.6,35.6,23.0,10.2,15.6,5.2,0.0,6.5,-24.0,42.08
대관령,2022-12-18,-11.4,-17.4,-14.8,36.3,22.0,11.1,20.3,6.5,0.0,8.2,-26.9,37.32
대관령,2022-12-19,-7.7,-16.1,-12.0,49.6,33.0,10.1,17.0,6.0,0.0,5.3,-20.6,45.54
대관령,2022-12-20,-2.6,-14.2,-8.1,48.3,20.0,6.5,11.4,3.1,0.0,8.0,-17.7,47.36
대관령,2022-12-21,-0.7,-8.7,-4.0,79.8,60.0,6.7,12.4,2.9,0.6,,-6.9,70.47999999999999
대관령,2022-12-22,-4.5,-17.3,-12.6,64.3,53.0,12.5,20.3,8.4,0.0,,-17.9,65.8
대관령,2022-12-23,-15.2,-20.2,-17.9,64.4,53.0,10.1,17.4,6.7,0.0,0.0,-22.9,65.92
대관령,2022-12-24,-0.7,-21.8,-12.1,64.5,45.0,3.3,6.0,1.1,0.0,,-17.7,64.46000000000001
대관령,2022-12-25,-1.3,-16.4,-10.0,65.1,40.0,4.7,7.4,1.5,0.0,,-15.6,64.91
대관령,2022-12-26,-1.3,-19.2,-11.2,65.6,31.0,1.8,2.9,0.4,0.0,,-16.9,65.39
대관령,2022-12-27,-0.3,-18.5,-9.3,56.4,22.0,5.1,7.5,1.5,0.0,,-17.6,59.10999999999999
대관령,2022-12-28,-4.5,-10.7,-7.2,53.4,29.0,11.8,19.5,8.4,0.0,,-15.4,55.22
대관령,2022-12-29,-4.5,-12.0,-8.4,45.6,24.0,9.6,16.3,6.0,0.0,,-18.8,48.239999999999995
대관령,2022-12-30,-1.7,-9.4,-6.4,61.5,32.0,6.2,10.3,3.8,0.0,,-13.0,57.510000000000005
대관령,2022-12-31,-3.0,-10.7,-6.1,61.6,51.0,10.1,16.8,5.6,0.0,,-12.3,59.980000000000004
대관령,2023-01-01,0.1,-7.6,-3.6,36.6,17.0,10.0,16.5,5.9,0.0,0.0,-17.5,44.089999999999996
대관령,2023-01-02,-1.3,-13.9,-8.6,34.4,15.0,6.7,9.1,2.9,0.0,,-22.3,37.56
대관령,2023-01-03,-1.3,-15.4,-8.5,34.1,10.0,6.5,11.4,3.2,0.0,,-23.0,34.41
대관령,2023-01-04,-1.8,-12.6,-6.9,28.0,11.0,6.7,12.0,3.6,0.0,0.0,-23.3,29.86
대관령,2023-01-05,0.2,-11.4,-5.4,45.5,26.0,8.0,13.8,3.3,0.0,,-15.8,40.86
대관령,2023-01-06,2.8,-10.9,-4.3,54.5,25.0,5.7,10.2,2.5,0.0,,-13.0,50.05
대관령,2023-01-07,-1.0,-8.2,-3.8,85.0,70.0,7.1,9.9,3.0,1.3,,-6.0,74.94999999999999
대관령,2023-01-08,2.2,-9.9,-3.5,62.9,32.0,5.6,10.1,3.0,0.0,,-10.2,66.47999999999999
대관령,2023-01-09,5.5,-6.7,-0.4,74.0,31.0,7.0,12.6,3.8,0.0,,-4.5,72.88
대관령,2023-01-10,5.1,-11.7,-2.7,60.0,19.0,6.3,10.0,2.1,0.0,,-10.5,63.089999999999996
대관령,2023-01-11,6.9,-3.6,0.7,34.1,16.0,7.4,12.7,3.8,0.0,,-14.1,43.27
대관령,2023-01-12,11.2,-4.0,2.6,34.1,13.0,6.1,9.6,2.5,0.0,1.1,-13.0,36.69
대관령,2023-01-13,8.6,-3.8,4.3,92.6,65.0,4.1,6.7,1.0,12.8,0.0,3.2,75.04999999999998
대관령,2023-01-14,5.3,-2.6,0.1,94.9,94.0,4.6,7.8,2.6,7.7,0.0,-0.7,88.36
대관령,2023-01-15,-1.7,-4.5,-3.0,92.6,88.0,2.6,4.0,1.2,4.9,0.0,-4.0,93.06
대관령,2023-01-16,-4.5,-15.2,-8.3,84.4,69.0,5.3,8.8,2.9,0.0,5.8,-10.5,87.08999999999999
대관령,2023-01-17,-4.1,-17.3,-9.6,74.3,50.0,6.7,11.9,3.5,0.0,3.0,-13.5,78.15
대관령,2023-01-18,-2.8,-11.5,-7.3,67.9,36.0,5.8,10.2,3.2,0.0,8.6,-12.6,70.83
대관령,2023-01-19,-2.6,-14.2,-6.6,65.0,49.0,8.1,14.5,4.4,0.0,8.3,-12.1,66.50999999999999
대관령,2023-01-20,-2.3,-15.2,-7.8,50.1,26.0,15.6,25.5,8.3,0.0,9.0,-17.0,54.86
대관령,2023-01-21,-4.6,-17.8,-11.4,50.6,16.0,7.4,11.1,2.6,0.0,8.2,-20.9,51.940000000000005
대관령,2023-01-22,-1.5,-13.4,-7.3,70.9,44.0,4.4,7.7,0.9,0.0,1.1,-11.8,64.76
대관령,2023-01-23,1.0,-12.0,-4.6,64.3,27.0,7.8,13.4,3.7,0.0,8.1,-10.9,64.25
대관령,2023-01-24,-7.6,-22.4,-17.6,45.0,29.0,9.7,16.4,5.9,0.0,8.2,-27.1,51.45
대관령,2023-01-25,-10.2,-25.2,-17.8,46.0,20.0,8.7,14.2,3.6,0.0,9.3,-27.4,47.629999999999995
대관령,2023-01-26,-6.5,-18.3,-9.9,76.3,55.0,5.9,9.9,2.9,0.0,1.1,-13.3,67.11
대관령,2023-01-27,-8.9,-17.8,-13.1,62.9,38.0,8.3,13.8,3.8,0.0,8.8,-19.0,63.88999999999999
대관령,2023-01-28,-7.7,-17.4,-11.9,49.4,31.0,11.5,15.3,4.9,0.0,9.1,-20.6,54.79
대관령,2023-01-29,-4.1,-15.0,-7.6,67.3,53.0,10.6,18.3,5.3,0.3,7.3,-12.6,63.279999999999994
대관령,2023-01-30,-2.8,-10.7,-6.7,51.8,32.0,7.4,11.3,4.1,0.0,9.1,-15.4,54.66
대관령,2023-01-31,1.5,-13.4,-3.7,60.6,33.0,10.5,19.4,4.3,0.0,8.5,-10.5,59.510000000000005
대관령,2023-02-01,1.1,-11.0,-2.7,54.6,27.0,11.4,19.0,5.7,0.0,8.8,-11.1,55.52
대관령,2023-02-02,-1.3,-17.5,-9.0,63.9,25.0,5.1,7.4,1.4,0.0,6.7,-15.2,61.71
대관령,2023-02-03,0.4,-12.4,-6.3,49.8,20.0,4.7,7.7,1.7,0.0,7.5,-16.4,53.099999999999994
대관령,2023-02-04,-1.3,-10.9,-5.5,40.3,27.0,7.5,12.1,4.1,0.0,9.6,-17.0,44.56
대관령,2023-02-05,1.1,-10.2,-3.9,58.5,35.0,7.8,11.3,4.0,0.0,9.5,-11.2,53.989999999999995
대관령,2023-02-06,6.0,-10.7,-2.8,62.8,19.0,4.2,6.2,1.4,0.0,7.8,-10.2,59.69
대관령,2023-02-07,1.0,-9.9,-4.1,84.6,70.0,4.0,6.0,1.3,0.0,1.6,-6.3,77.62999999999998
대관령,2023-02-08,3.6,-10.1,-3.2,70.0,33.0,5.5,8.5,1.9,0.0,9.5,-8.5,72.2
대관령,2023-02-09,-0.2,-12.4,-4.7,82.3,64.0,4.2,7.1,1.5,0.0,6.7,-7.3,80.06999999999998
대관령,2023-02-10,3.5,-5.5,-1.0,86.1,71.0,6.0,8.7,1.7,2.2,0.8,-3.1,83.72999999999999
대관령,2023-02-11,6.4,-8.4,-2.3,67.8,25.0,5.9,9.6,2.1,0.0,4.7,-8.5,72.91
대관령,2023-02-12,2.8,-7.5,-1.3,76.9,48.0,4.4,7.5,2.1,0.0,1.8,-4.9,76.0
대관령,2023-02-13,-0.4,-3.0,-1.9,94.9,93.0,4.1,6.9,1.0,1.3,0.0,-2.5,88.59
대관령,2023-02-14,-2.5,-9.2,-5.6,88.9,75.0,4.3,9.2,1.3,0.0,3.1,-7.1,88.89999999999999
대관령,2023-02-15,-3.0,-8.7,-5.9,91.1,82.0,3.0,5.2,1.2,0.0,0.4,-7.1,91.03999999999998
대관령,2023-02-16,0.1,-14.1,-6.1,81.1,66.0,8.0,13.5,3.4,0.0,4.5,-8.9,83.87999999999998
대관령,2023-02-17,4.9,-9.2,-2.0,62.1,31.0,6.1,10.1,2.6,0.0,8.5,-9.1,68.8
대관령,2023-02-18,5.5,-2.3,1.7,49.8,23.0,6.5,12.3,1.9,0.0,0.0,-8.4,55.38999999999999
대관령,2023-02-19,2.5,-4.7,-0.9,53.9,30.0,11.4,20.1,7.8,0.0,6.8,-9.7,53.9
대관령,2023-02-20,-1.7,-12.5,-5.9,42.1,18.0,7.5,13.9,4.6,0.0,10.4,-17.7,45.230000000000004
대관령,2023-02-21,-2.3,-16.9,-9.3,69.4,25.0,4.1,7.0,1.0,0.0,10.4,-14.3,62.39
대관령,2023-02-22,3.7,-10.9,-2.2,43.9,22.0,7.6,12.9,4.4,0.0,10.1,-13.5,48.82
대관령,2023-02-23,7.2,-5.2,0.8,49.5,32.0,7.5,12.1,4.1,0.0,10.2,-8.9,50.370000000000005
대관령,2023-02-24,4.4,-5.0,-1.5,72.4,25.0,6.8,12.4,2.5,0.0,8.5,-6.3,64.97
대관령,2023-02-25,-1.8,-10.0,-5.3,88.3,71.0,4.2,6.6,1.3,0.0,2.4,-6.9,81.24
대관령,2023-02-26,7.6,-13.7,-3.3,55.0,17.0,4.4,7.5,1.4,0.0,10.7,-13.2,63.4
대관령,2023-02-27,10.1,-9.4,1.1,41.1,12.0,6.6,11.3,3.0,0.0,10.8,-13.1,48.599999999999994
대관령,2023-02-28,7.8,-1.3,2.5,37.8,13.0,9.4,17.1,5.7,0.0,10.2,-12.6,40.18
대관령,2023-03-01,5.0,-2.8,0.8,63.6,29.0,8.4,15.2,4.8,0.0,1.5,-5.7,56.19
대관령,2023-03-02,2.0,-7.7,-2.5,33.8,16.0,8.6,14.8,4.1,0.0,10.6,-17.2,40.16
대관령,2023-03-03,7.5,-5.4,0.6,47.1,31.0,8.6,12.5,4.6,0.0,10.6,-9.7,46.089999999999996
대관령,2023-03-04,7.5,-6.3,0.0,74.0,34.0,4.4,6.6,1.3,0.0,9.2,-4.6,64.6
대관령,2023-03-05,11.3,-6.7,2.2,62.8,26.0,6.0,8.8,1.9,0.0,10.3,-5.5,63.46999999999999
대관령,2023-03-06,11.4,-3.0,5.2,38.8,16.0,8.5,13.4,3.9,0.0,10.5,-9.6,47.12
대관령,2023-03-07,15.2,3.7,8.9,46.9,32.0,8.9,16.4,5.8,0.0,10.1,-2.2,46.87
대관령,2023-03-08,14.3,3.0,9.3,50.9,32.0,11.5,19.9,5.8,0.0,7.9,-0.7,48.89
대관령,2023-03-09,14.1,1.1,7.4,64.3,37.0,9.3,16.0,3.7,0.0,5.3,0.4,59.879999999999995
대관령,2023-03-10,18.6,-2.6,8.3,52.4,20.0,6.4,10.2,2.1,0.0,10.3,-2.8,54.629999999999995
대관령,2023-03-11,19.3,4.2,11.3,51.6,21.0,7.3,13.4,3.0,0.0,9.9,0.1,53.029999999999994
대관령,2023-03-12,11.3,-6.2,2.1,79.3,49.0,10.3,17.7,4.5,10.6,1.1,-1.3,71.07
대관령,2023-03-13,2.5,-8.7,-2.9,41.0,27.0,10.7,19.1,7.1,0.0,9.1,-14.8,49.72
대관령,2023-03-14,11.5,-2.5,3.8,33.8,20.0,9.1,13.0,4.9,0.0,6.6,-11.3,39.79
대관령,2023-03-15,13.4,-1.9,6.8,61.3,41.0,12.3,20.8,5.8,0.0,8.1,-0.4,53.769999999999996
대관령,2023-03-16,7.8,-3.6,1.6,33.3,13.0,9.4,15.3,3.8,0.0,8.8,-14.3,38.949999999999996
대관령,2023-03-17,6.6,-6.4,0.5,62.9,37.0,4.7,6.9,1.5,0.0,8.3,-5.9,56.82
대관령,2023-03-18,9.5,-3.6,2.8,58.6,25.0,4.9,8.2,1.8,0.0,10.1,-4.9,56.92999999999999
대관령,2023-03-19,13.3,-5.5,3.9,53.6,12.0,6.1,10.8,2.3,0.0,11.2,-6.5,55.529999999999994
대관령,2023-03-20,14.1,-3.3,5.0,43.6,13.0,6.3,10.9,2.4,0.0,10.3,-9.0,47.1
대관령,2023-03-21,16.2,-0.2,7.6,48.5,18.0,4.8,7.7,1.7,0.0,11.0,-3.4,48.029999999999994
대관령,2023-03-22,20.3,-2.6,9.9,61.9,27.0,4.2,6.6,1.3,0.0,10.6,1.6,57.39
대관령,2023-03-23,11.1,2.2,7.0,93.8,66.0,3.7,7.6,1.4,7.2,0.0,6.0,82.88999999999999
대관령,2023-03-24,4.1,-0.9,1.8,96.1,87.0,4.5,7.3,2.0,0.0,0.0,1.2,92.22
대관령,2023-03-25,3.5,1.1,2.4,98.0,98.0,3.2,4.6,1.6,0.0,0.0,2.1,97.19999999999999
대관령,2023-03-26,4.0,-3.1,1.4,98.0,97.0,4.9,7.6,1.9,0.0,0.0,1.1,97.80999999999999
대관령,2023-03-27,9.5,-7.5,0.6,75.5,19.0,4.5,7.9,1.5,0.0,11.2,-4.1,82.24999999999999
대관령,2023-03-28,11.8,-5.1,3.4,58.6,27.0,6.6,11.5,2.1,0.0,10.6,-5.1,65.92
대관령,2023-03-29,16.6,-4.7,6.5,50.8,18.0,5.9,9.8,1.7,0.0,11.1,-5.1,54.83
대관령,2023-03-30,18.2,1.9,11.0,23.1,12.0,7.6,14.5,3.3,0.0,11.3,-10.3,32.190000000000005
대관령,2023-03-31,16.4,0.5,8.3,52.4,24.0,5.3,8.7,2.0,0.0,11.6,-1.8,46.379999999999995
대관령,2023-04-01,18.2,-2.0,7.7,65.3,20.0,4.5,7.4,1.4,0.0,11.3,0.2,58.5
대관령,2023-04-02,14.1,-2.0,6.2,69.1,40.0,4.0,7.8,1.5,0.0,11.7,0.2,66.66999999999999
대관령,2023-04-03,15.6,-2.8,7.0,60.3,28.0,5.2,8.6,1.7,0.0,11.5,-1.2,62.559999999999995
대관령,2023-04-04,19.6,-0.3,10.2,52.8,8.0,5.5,10.5,1.7,0.3,5.0,-2.2,55.92999999999999
대관령,2023-04-05,13.8,7.4,10.3,91.5,80.0,7.6,14.9,3.5,24.2,0.0,8.8,80.64
대관령,2023-04-06,9.0,4.4,5.8,94.3,86.0,8.8,15.7,5.3,1.2,0.0,4.8,89.58999999999999
대관령,2023-04-07,11.3,0.2,5.3,64.8,33.0,9.1,15.7,5.5,0.0,8.9,-1.2,73.37
대관령,2023-04-08,9.6,-2.5,3.6,41.5,18.0,10.0,18.9,6.3,0.0,12.2,-9.0,51.44
대관령,2023-04-09,14.2,-1.7,7.2,40.4,17.0,9.0,15.4,5.0,0.0,12.1,-6.6,43.06
대관령,2023-04-10,16.3,3.0,10.1,31.8,18.0,11.2,18.4,6.7,0.0,11.4,-6.3,34.489999999999995
대관령,2023-04-11,16.7,5.9,11.0,65.5,38.0,12.6,21.1,9.1,8.7,4.4,4.4,56.24999999999999
대관령,2023-04-12,11.7,2.5,6.4,22.6,14.0,10.9,20.3,7.7,0.0,11.9,-13.9,32.1
대관령,2023-04-13,15.2,0.1,9.1,26.9,15.0,11.0,18.4,5.4,0.0,9.5,-9.7,29.9
대관령,2023-04-14,19.4,4.1,10.6,35.6,11.0,6.4,9.9,3.0,0.0,4.9,-5.3,32.559999999999995
대관령,2023-04-15,15.3,2.0,6.6,78.9,36.0,5.3,8.3,1.5,3.9,0.7,2.6,65.04
대관령,2023-04-16,9.2,0.4,4.0,86.1,52.0,5.0,11.4,2.0,2.7,3.6,1.7,79.60999999999999
대관령,2023-04-17,13.5,-0.4,7.1,68.5,35.0,5.5,10.2,2.4,0.0,7.4,0.8,73.05999999999999
대관령,2023-04-18,13.5,5.2,8.5,94.0,76.0,6.0,9.3,1.9,5.8,1.9,7.5,88.11
대관령,2023-04-19,18.7,2.7,11.6,83.3,53.0,5.4,8.3,2.3,0.1,11.1,8.5,83.96
대관령,2023-04-20,18.9,10.2,15.3,81.0,63.0,10.4,17.4,5.7,0.0,9.2,11.9,82.76
대관령,2023-04-21,11.0,5.4,8.1,51.6,22.0,5.0,8.8,2.7,0.0,9.7,-1.8,60.64999999999999
대관령,2023-04-22,11.5,0.6,6.5,53.6,18.0,5.4,9.3,2.5,0.0,9.3,-3.4,55.94
대관령,2023-04-23,12.5,-1.8,6.0,77.8,54.0,4.8,8.6,1.7,0.0,5.9,2.1,70.33999999999999
대관령,2023-04-24,10.9,2.0,6.7,79.6,62.0,4.6,7.8,2.2,0.0,4.0,3.2,76.63999999999999
대관령,2023-04-25,8.2,-0.4,4.2,87.6,56.0,4.3,7.6,2.0,0.0,0.0,2.2,85.02
대관령,2023-04-26,10.0,-0.6,4.8,78.9,53.0,8.0,14.7,4.6,0.0,4.4,1.2,80.71
대관령,2023-04-27,19.0,-2.6,9.5,50.3,12.0,6.9,11.7,3.1,0.0,11.1,-3.2,59.74999999999999
대관령,2023-04-28,20.9,7.9,14.0,44.3,17.0,8.1,13.2,5.0,0.0,11.8,0.4,48.959999999999994
대관령,2023-04-29,16.6,4.5,10.9,86.0,72.0,12.5,23.1,6.8,3.8,1.0,8.5,74.09
대관령,2023-04-30,13.3,3.7,8.2,67.0,43.0,13.9,22.3,9.4,3.8,12.5,1.9,68.53
대관령,2023-05-01,14.6,2.7,8.3,64.1,32.0,7.0,14.2,3.9,2.0,9.9,0.9,66.86999999999999
대관령,2023-05-02,20.2,-1.4,11.1,49.9,17.0,5.9,9.2,2.2,0.0,9.1,-1.3,54.45
대관령,2023-05-03,23.0,7.4,15.4,40.5,19.0,6.7,11.6,2.9,0.0,12.3,0.6,44.739999999999995
대관령,2023-05-04,24.5,7.5,16.3,69.1,41.0,4.3,7.4,2.2,0.0,10.1,10.0,61.459999999999994
대관령,2023-05-05,18.6,8.0,14.1,94.6,82.0,6.2,8.7,2.7,14.7,0.0,13.2,84.08999999999999
대관령,2023-05-06,8.6,4.2,6.0,96.6,91.0,6.5,12.4,3.6,53.3,0.0,5.4,93.44999999999999
대관령,2023-05-07,8.9,-0.5,5.1,87.1,69.0,4.9,8.6,2.6,0.0,0.0,3.0,89.74999999999999
대관령,2023-05-08,17.6,-2.3,9.6,57.6,27.0,4.8,7.8,2.2,0.0,12.9,0.0,67.39999999999999
대관령,2023-05-09,22.2,2.2,13.4,53.4,21.0,7.4,12.5,3.1,0.0,12.8,2.1,57.61
대관령,2023-05-10,20.5,2.5,12.7,59.9,18.0,4.4,7.0,1.6,0.0,12.4,3.1,58.37
대관령,2023-05-11,17.7,7.3,12.3,84.5,69.0,5.0,7.8,2.2,0.0,10.1,9.6,76.47
대관령,2023-05-12,20.9,5.5,13.3,63.3,26.0,6.3,9.4,2.0,0.0,8.6,4.8,67.19999999999999
대관령,2023-05-13,19.0,4.5,12.3,69.3,31.0,4.2,7.0,1.4,0.0,7.6,6.0,69.62
대관령,2023-05-14,19.9,7.2,13.4,67.9,41.0,6.3,10.8,2.5,0.0,9.1,6.7,67.72
대관령,2023-05-15,23.5,4.2,15.5,55.8,28.0,6.5,12.8,2.9,0.0,10.6,5.2,59.57
대관령,2023-05-16,27.8,11.8,20.3,52.6,26.0,9.0,14.8,4.7,0.0,11.9,9.3,54.77
대관령,2023-05-17,27.2,15.3,20.4,42.0,23.0,7.5,16.4,5.0,0.0,10.9,6.3,45.5
대관령,2023-05-18,19.6,12.0,15.1,84.0,67.0,5.2,8.8,2.5,0.0,0.5,12.3,72.46000000000001
대관령,2023-05-19,14.5,8.3,11.3,96.9,90.0,4.5,6.9,2.1,1.5,2.1,10.7,88.83
대관령,2023-05-20,23.7,6.7,16.0,76.1,46.0,10.7,18.7,4.2,0.0,10.8,11.2,81.05000000000001
대관령,2023-05-21,20.5,12.6,15.5,64.9,41.0,8.7,16.2,5.9,0.0,8.1,8.6,70.34
대관령,2023-05-22,16.9,4.0,11.3,70.6,43.0,4.8,9.6,2.0,0.0,2.3,5.6,70.00999999999999
대관령,2023-05-23,18.4,0.6,10.0,68.6,35.0,5.1,8.3,1.4,0.3,8.4,3.4,68.63
대관령,2023-05-24,22.5,0.8,13.1,58.9,28.0,5.1,8.1,1.6,0.0,8.4,3.6,62.01
대관령,2023-05-25,21.4,7.3,14.6,68.4,39.0,4.1,6.7,1.4,0.0,6.5,8.3,66.52000000000001
대관령,2023-05-26,22.3,10.5,16.6,60.5,41.0,7.0,12.2,3.5,0.0,10.4,8.5,61.919999999999995
대관령,2023-05-27,19.7,10.5,15.4,89.0,70.0,5.2,8.7,1.7,2.4,0.6,13.5,81.24000000000001
대관령,2023-05-28,19.0,14.3,16.6,95.8,91.0,5.5,9.7,3.3,7.0,0.0,15.9,90.90999999999998
대관령,2023-05-29,20.2,11.3,15.9,95.4,76.0,3.3,5.6,1.6,11.3,4.8,15.1,94.84
대관령,2023-05-30,16.5,7.5,12.8,92.6,64.0,3.7,6.2,1.6,0.0,0.5,11.5,93.47999999999999
대관령,2023-05-31,22.3,5.1,15.4,70.3,42.0,3.9,6.2,1.5,0.0,11.3,9.3,77.27
대관령,2023-06-01,22.7,13.1,17.5,72.5,51.0,4.8,8.7,2.6,0.0,2.9,12.2,74.07000000000001
대관령,2023-06-02,23.4,13.1,16.6,82.0,41.0,7.2,12.5,3.0,0.0,8.4,13.2,78.93
대관령,2023-06-03,23.3,9.6,17.3,55.6,25.0,7.3,13.7,3.0,0.0,11.9,6.7,62.57000000000001
대관령,2023-06-04,23.4,7.4,16.6,57.8,30.0,8.1,15.4,3.6,0.0,11.9,7.0,59.78
대관령,2023-06-05,23.2,7.5,16.6,67.9,46.0,9.4,16.0,4.3,0.0,12.7,10.2,64.65
대관령,2023-06-06,23.1,11.6,16.9,70.6,44.0,6.8,12.6,4.0,0.0,9.6,11.2,68.78
대관령,2023-06-07,24.8,13.5,18.4,74.0,34.0,7.7,11.7,4.7,0.0,11.9,13.2,72.71000000000001
대관령,2023-06-08,25.5,16.2,19.0,70.0,30.0,7.4,13.3,4.0,0.0,3.3,13.0,70.86
대관령,2023-06-09,22.8,11.3,16.2,71.4,34.0,7.6,12.3,2.8,25.9,,9.8,71.38000000000001
대관령,2023-06-10,23.7,10.8,16.6,81.9,52.0,5.9,9.6,1.9,5.5,6.6,13.0,78.61
대관령,2023-06-11,23.0,11.3,15.5,89.8,61.0,4.7,8.5,1.4,9.5,6.1,13.6,86.38
대관령,2023-06-12,20.9,11.3,15.5,94.4,67.0,5.0,7.5,1.8,0.2,3.8,14.5,92.22999999999999
대관령,2023-06-13,23.3,12.3,16.7,86.1,49.0,4.8,8.7,1.9,0.0,6.8,14.1,88.13
대관령,2023-06-14,19.2,9.1,13.4,92.3,73.0,4.4,7.5,1.3,10.7,3.0,12.1,91.27
대관령,2023-06-15,20.5,11.3,16.0,87.8,68.0,5.1,8.9,1.5,0.0,6.8,13.8,88.52999999999999
대관령,2023-06-16,27.4,13.8,20.4,77.0,52.0,5.2,8.7,2.7,0.0,11.7,15.8,80.69
대관령,2023-06-17,29.7,14.5,22.0,65.6,34.0,5.5,9.3,2.8,0.0,11.6,14.3,70.1
대관령,2023-06-18,26.6,15.1,20.4,78.4,49.0,4.6,6.8,2.0,0.0,10.0,16.2,75.7
대관령,2023-06-19,23.7,14.6,18.8,79.3,38.0,4.6,7.3,2.3,0.0,11.0,14.7,77.75
대관령,2023-06-20,20.5,12.6,16.5,88.5,61.0,4.5,7.4,2.0,0.0,0.7,14.4,85.65
대관령,2023-06-21,18.5,13.1,15.4,96.5,93.0,4.4,8.1,2.0,38.3,0.0,14.8,93.18
대관령,2023-06-22,21.9,13.1,16.9,87.3,64.0,5.9,11.3,2.4,0.9,5.3,14.6,89.25999999999999
대관령,2023-06-23,21.3,12.3,16.4,90.3,76.0,5.5,7.9,2.1,0.0,10.7,14.7,90.32
대관령,2023-06-24,25.4,10.3,18.6,80.9,59.0,4.1,6.6,1.4,0.0,12.2,14.9,83.42
대관령,2023-06-25,27.4,13.6,20.5,81.3,54.0,3.8,6.3,1.3,0.0,10.5,16.8,82.12
대관령,2023-06-26,23.4,15.0,18.9,95.1,83.0,5.4,9.3,1.6,45.0,0.3,18.1,90.92
대관령,2023-06-27,24.0,19.2,21.5,78.6,66.0,12.5,20.3,6.6,7.1,10.5,17.5,82.16999999999999
대관령,2023-06-28,26.1,19.3,22.4,77.3,57.0,8.1,12.5,4.5,0.0,9.9,18.0,79.33999999999999
대관령,2023-06-29,22.5,19.7,21.0,92.8,86.0,6.1,10.5,2.8,36.3,0.0,19.7,88.27999999999999
대관령,2023-06-30,21.2,16.7,18.0,96.6,92.0,4.4,7.6,2.2,14.9,1.1,17.4,93.91
대관령,2023-07-01,29.8,15.8,22.7,78.8,41.0,5.0,8.4,1.8,0.0,10.2,18.1,83.75999999999999
대관령,2023-07-02,28.8,19.1,23.0,83.4,59.0,4.5,7.2,1.9,0.0,3.9,19.8,83.8
대관령,2023-07-03,26.4,18.1,21.2,92.1,72.0,5.3,7.7,1.8,0.0,8.1,19.8,89.03
대관령,2023-07-04,27.7,17.5,21.9,88.1,57.0,5.1,8.2,1.9,12.3,5.1,19.6,88.42999999999999
대관령,2023-07-05,24.5,18.6,21.3,83.1,65.0,13.3,22.6,6.4,12.3,6.7,18.1,84.99999999999999
대관령,2023-07-06,26.2,17.5,21.9,78.8,60.0,7.4,12.5,2.9,0.0,0.4,17.8,80.59
대관령,2023-07-07,26.5,13.8,20.0,75.1,38.0,3.3,4.9,1.3,0.0,3.4,14.9,76.64
대관령,2023-07-08,22.1,11.1,17.4,92.5,68.0,4.2,6.1,1.3,0.0,3.0,16.0,87.64999999999999
대관령,2023-07-09,25.4,17.6,20.6,91.9,73.0,6.2,18.3,1.6,35.6,1.8,19.1,90.34
대관령,2023-07-10,26.8,19.3,22.4,85.0,65.0,7.3,12.6,3.9,7.8,6.9,19.5,87.13
대관령,2023-07-11,24.2,17.2,19.8,92.1,80.0,8.8,15.5,3.8,20.2,2.3,18.4,90.66
대관령,2023-07-12,25.5,18.2,21.9,87.0,69.0,5.8,9.0,2.9,0.0,4.0,19.5,87.82
대관령,2023-07-13,23.7,19.6,21.1,95.4,87.0,3.7,6.4,1.6,14.6,0.0,20.2,93.39
대관령,2023-07-14,24.7,19.7,22.2,93.4,86.0,8.1,15.3,4.2,23.8,0.1,21.0,93.16
대관령,2023-07-15,23.4,19.7,21.4,91.1,83.0,7.4,12.3,4.3,20.3,0.2,19.8,91.99
대관령,2023-07-16,24.2,19.5,21.1,89.6,78.0,8.6,14.5,4.7,0.0,0.6,19.3,90.28
대관령,2023-07-17,25.7,20.0,22.0,90.8,74.0,5.2,8.7,2.7,1.7,0.6,20.3,90.58999999999999
대관령,2023-07-18,21.1,17.7,19.8,95.8,93.0,5.3,8.5,2.1,22.1,0.0,19.0,94.17999999999998
대관령,2023-07-19,27.4,16.3,21.0,86.3,55.0,4.5,6.2,1.2,0.2,11.6,18.4,88.64999999999999
대관령,2023-07-20,28.2,16.2,21.6,88.9,61.0,3.9,5.7,1.2,0.0,5.9,19.5,89.07
대관령,2023-07-21,27.7,17.0,21.8,89.0,59.0,4.3,7.3,1.4,0.0,8.4,19.7,88.71
대관령,2023-07-22,29.2,16.7,22.9,79.9,48.0,5.3,7.9,1.9,0.0,7.8,18.8,82.62
대관령,2023-07-23,25.7,21.2,22.5,86.3,68.0,7.6,13.6,4.2,1.1,0.0,19.9,85.29
대관령,2023-07-24,26.3,21.0,22.6,90.0,72.0,5.9,8.9,2.8,6.4,3.0,20.7,88.24999999999999
대관령,2023-07-25,27.1,20.8,23.2,86.1,69.0,5.3,8.6,3.1,0.7,5.2,20.7,86.89999999999998
대관령,2023-07-26,28.9,20.2,22.6,87.5,63.0,8.4,15.2,3.5,2.8,4.0,20.2,87.47
대관령,2023-07-27,29.1,20.0,24.1,80.8,54.0,5.5,9.7,2.9,0.0,11.7,20.2,82.67
대관령,2023-07-28,31.1,20.2,24.6,80.4,46.0,4.9,8.1,2.1,0.0,10.9,20.5,81.19
대관령,2023-07-29,31.6,18.7,24.1,80.6,48.0,4.7,7.5,1.5,0.0,9.0,20.1,80.58
대관령,2023-07-30,30.5,17.7,23.8,81.8,53.0,3.5,5.7,1.4,0.0,10.0,20.1,81.42
대관령,2023-07-31,29.3,19.1,23.6,86.5,65.0,4.3,7.6,1.5,0.0,4.9,21.0,84.97
대관령,2023-08-01,31.1,17.5,24.0,80.5,46.0,3.6,6.0,1.1,0.0,8.8,20.0,81.82999999999998
대관령,2023-08-02,30.0,20.5,24.8,81.8,56.0,5.8,9.7,3.0,0.0,8.6,21.2,82.00999999999999
대관령,2023-08-03,29.3,20.2,24.6,75.0,51.0,7.4,12.5,4.0,0.0,11.2,19.5,76.91
대관령,2023-08-04,29.8,21.0,25.0,79.6,61.0,6.3,10.9,3.9,0.0,8.7,21.0,78.9
대관령,2023-08-05,31.8,20.8,25.6,78.8,51.0,4.9,8.5,2.4,0.0,12.8,21.2,78.58
대관령,2023-08-06,27.5,19.7,23.1,91.8,76.0,4.4,7.8,1.8,5.3,3.7,21.6,87.97999999999999
대관령,2023-08-07,23.7,19.0,21.3,95.1,89.0,3.7,6.1,1.6,3.0,0.0,20.4,92.80999999999999
대관령,2023-08-08,21.2,17.7,19.3,96.0,95.0,3.9,5.7,2.1,1.0,0.0,18.6,95.39999999999998
대관령,2023-08-09,19.7,17.6,18.5,96.0,96.0,4.0,9.3,2.4,43.7,0.0,17.8,95.91
대관령,2023-08-10,21.2,18.0,19.1,93.8,92.0,12.7,22.7,4.5,101.1,0.0,18.0,94.46000000000001
대관령,2023-08-11,26.0,18.2,21.4,86.0,66.0,8.0,14.0,3.3,4.2,4.6,18.8,88.56
대관령,2023-08-12,24.5,18.6,20.5,92.5,75.0,2.9,4.6,0.9,1.6,0.3,19.1,91.33
대관령,2023-08-13,25.5,18.6,20.9,92.9,72.0,4.7,6.5,1.5,0.0,2.4,19.6,92.13
대관령,2023-08-14,26.3,18.0,20.8,91.0,74.0,5.2,7.5,1.8,0.0,8.1,19.1,91.53
대관령,2023-08-15,21.3,18.0,19.6,94.1,86.0,3.9,6.6,1.7,0.0,0.1,18.6,93.36
대관령,2023-08-16,24.7,18.3,20.3,91.4,77.0,4.7,7.3,1.7,0.0,3.5,18.8,91.89999999999999
대관령,2023-08-17,25.9,16.8,20.9,89.5,69.0,3.6,5.7,1.2,0.0,3.2,18.9,90.34
대관령,2023-08-18,27.9,15.5,21.1,87.3,61.0,4.2,6.0,1.4,0.0,9.2,18.7,88.14999999999999
대관령,2023-08-19,28.1,18.2,22.5,88.3,70.0,4.3,6.6,1.2,0.0,7.3,20.3,88.22
대관령,2023-08-20,25.7,19.0,21.4,94.5,84.0,4.8,10.3,1.3,45.6,0.5,20.4,92.53999999999999
대관령,2023-08-21,30.3,18.5,23.8,84.3,57.0,4.4,7.7,1.4,0.0,9.3,20.7,86.74
대관령,2023-08-22,29.2,21.3,24.7,79.0,60.0,7.0,14.0,3.1,0.0,10.2,20.5,81.61
대관령,2023-08-23,27.7,17.3,22.2,87.8,68.0,5.3,7.8,2.3,12.4,2.9,19.9,85.69
대관령,2023-08-24,22.7,17.3,19.8,95.4,90.0,3.7,7.0,1.5,45.4,0.0,19.0,92.24000000000001
대관령,2023-08-25,26.2,17.9,21.8,84.0,61.0,6.9,11.3,3.1,7.0,9.4,18.7,86.66
대관령,2023-08-26,26.6,16.7,20.4,84.9,53.0,3.8,6.0,1.5,0.0,8.4,17.4,85.77000000000001
대관령,2023-08-27,22.8,13.8,18.6,84.8,54.0,3.8,6.9,1.4,0.0,3.7,15.8,84.74
대관령,2023-08-28,20.2,16.7,18.4,93.5,84.0,4.3,7.3,1.6,1.6,0.0,17.3,90.89999999999999
대관령,2023-08-29,25.3,19.2,22.4,87.1,68.0,7.7,14.4,2.9,3.6,1.2,20.0,88.14999999999999
대관령,2023-08-30,20.8,16.3,18.7,95.1,93.0,4.0,7.8,1.8,28.2,0.0,17.9,93.33999999999999
대관령,2023-08-31,24.0,13.6,18.3,86.3,62.0,3.3,4.9,1.5,0.1,3.9,15.7,88.13999999999999
대관령,2023-09-01,26.3,11.1,17.9,79.3,40.0,4.7,7.8,1.8,0.0,9.8,13.5,82.28
대관령,2023-09-02,22.7,10.6,17.9,87.9,66.0,4.0,6.6,1.5,0.0,8.8,15.7,86.02
대관령,2023-09-03,23.3,17.2,19.2,95.0,83.0,4.1,6.2,1.3,0.6,1.8,18.3,92.00999999999999
대관령,2023-09-04,23.6,16.7,19.8,94.3,82.0,2.9,4.8,1.2,0.0,0.2,18.8,93.8
대관령,2023-09-05,24.3,15.5,19.8,89.4,72.0,3.5,6.2,1.5,0.0,3.8,17.8,90.94
대관령,2023-09-06,22.7,14.1,18.0,89.9,75.0,4.6,7.8,1.7,0.2,4.5,16.2,90.24000000000001
대관령,2023-09-07,22.1,11.7,16.7,84.3,65.0,5.0,7.4,2.0,0.0,12.0,13.8,85.92999999999999
대관령,2023-09-08,23.7,10.6,16.5,85.0,60.0,3.7,5.8,1.3,0.0,10.7,13.7,85.34999999999998
대관령,2023-09-09,23.5,8.0,15.9,82.3,50.0,4.2,6.9,1.3,0.0,11.9,12.6,83.03999999999999
대관령,2023-09-10,23.3,10.3,16.9,86.8,52.0,4.6,7.4,1.6,0.0,9.8,14.5,85.72
대관령,2023-09-11,24.4,14.0,18.5,90.0,68.0,4.1,6.7,1.4,0.0,5.9,16.6,88.58999999999999
대관령,2023-09-12,26.5,15.5,19.9,86.6,47.0,4.2,6.9,1.6,0.0,6.8,17.3,87.29999999999998
대관령,2023-09-13,18.6,15.3,16.7,96.0,95.0,3.4,5.1,1.5,45.7,0.0,16.0,93.51999999999998
대관령,2023-09-14,18.8,15.6,16.6,95.1,91.0,4.2,8.1,1.7,6.7,0.0,15.7,94.42999999999999
대관령,2023-09-15,18.4,16.2,17.5,96.0,95.0,3.8,6.2,1.5,14.1,0.0,16.8,95.82
대관령,2023-09-16,23.2,17.7,19.2,95.1,85.0,4.0,6.5,1.3,8.9,0.4,18.3,95.28
대관령,2023-09-17,24.7,18.2,19.7,92.8,69.0,3.7,6.5,1.5,1.6,1.1,18.4,93.57999999999998
대관령,2023-09-18,25.2,17.9,20.6,87.1,66.0,4.6,8.0,1.9,0.6,6.3,18.2,89.03999999999999
대관령,2023-09-19,24.4,15.6,19.4,82.5,63.0,6.2,10.2,3.2,0.0,6.6,16.1,84.44999999999999
대관령,2023-09-20,18.2,13.8,16.1,95.8,94.0,6.5,11.9,2.5,62.4,0.0,15.3,92.26999999999998
대관령,2023-09-21,16.2,9.0,12.5,89.4,70.0,5.7,12.2,2.3,6.0,0.4,10.7,89.99
대관령,2023-09-22,20.0,6.4,12.5,84.0,47.0,3.1,5.4,1.0,0.0,9.3,9.4,86.26
대관령,2023-09-23,18.9,6.4,13.4,90.8,71.0,4.6,8.9,2.0,9.2,4.1,11.8,89.3
대관령,2023-09-24,16.7,11.5,13.6,85.3,62.0,4.4,7.8,2.1,0.0,3.8,11.0,86.27
대관령,2023-09-25,18.9,11.8,15.2,91.3,72.0,4.4,6.4,1.3,7.1,3.2,13.6,90.05
대관령,2023-09-26,17.7,14.8,16.2,95.8,94.0,2.5,3.8,0.9,14.0,0.0,15.4,93.85
대관령,2023-09-27,18.1,16.3,17.0,96.0,95.0,2.8,4.0,1.0,10.6,0.0,16.3,95.48999999999998
대관령,2023-09-28,22.7,15.1,18.1,83.4,58.0,6.5,9.5,3.6,0.0,9.4,15.0,87.16000000000001
대관령,2023-09-29,21.2,12.0,15.2,83.6,45.0,3.7,6.8,1.4,0.0,5.5,12.1,84.79999999999998
대관령,2023-09-30,19.2,11.8,14.2,85.5,65.0,6.3,11.7,3.3,2.5,3.8,11.7,84.91
대관령,2023-10-01,18.1,5.3,11.7,74.6,40.0,4.9,8.4,2.4,0.0,9.3,7.0,77.67999999999999
대관령,2023-10-02,18.3,2.0,9.3,76.0,34.0,4.0,6.4,1.2,0.0,10.8,4.4,76.66999999999999
대관령,2023-10-03,16.5,2.7,9.5,83.1,55.0,4.5,8.0,1.3,0.0,1.9,6.4,80.82999999999998
대관령,2023-10-04,19.2,5.9,12.7,76.3,46.0,8.6,15.4,3.6,0.0,7.7,8.2,77.63
대관령,2023-10-05,15.0,3.0,8.7,65.8,36.0,6.1,10.1,2.9,0.0,11.0,1.9,69.63
대관령,2023-10-06,17.3,-0.7,7.4,77.8,32.0,3.6,6.1,0.8,0.0,9.1,3.0,75.24999999999999
대관령,2023-10-07,15.2,1.7,8.8,85.0,50.0,3.7,6.8,1.1,0.0,3.2,6.1,81.63999999999999
대관령,2023-10-08,12.8,6.6,10.1,90.1,77.0,3.8,6.5,1.5,1.3,0.4,8.5,87.85
대관령,2023-10-09,16.4,5.0,10.3,91.9,69.0,3.3,5.6,1.0,0.0,1.0,8.9,90.85
대관령,2023-10-10,15.8,5.3,9.3,87.5,59.0,6.5,12.7,1.4,3.6,5.1,7.1,88.64
대관령,2023-10-11,16.8,2.0,8.5,84.8,52.0,3.8,5.8,0.8,0.0,6.6,5.7,86.04999999999998
대관령,2023-10-12,17.7,1.5,9.2,89.3,47.0,4.2,7.3,1.0,0.0,9.3,7.3,88.22
대관령,2023-10-13,18.9,5.6,10.7,85.0,35.0,2.9,6.0,0.8,0.0,5.1,7.8,85.83999999999999
대관령,2023-10-14,15.6,4.9,9.4,86.6,47.0,5.5,9.8,1.7,1.0,2.2,6.9,86.54999999999998
대관령,2023-10-15,15.3,5.3,10.5,81.8,58.0,7.1,12.4,2.9,0.0,9.4,7.3,83.07999999999998
대관령,2023-10-16,15.1,2.5,9.4,85.6,67.0,5.0,8.0,2.0,0.0,4.0,7.0,84.94
대관령,2023-10-17,16.6,-1.7,6.7,77.9,30.0,4.3,6.4,1.2,0.0,10.5,2.4,79.83000000000001
대관령,2023-10-18,19.5,-0.9,10.2,64.5,23.0,8.9,14.2,3.8,0.0,9.9,2.2,69.29
대관령,2023-10-19,12.8,9.5,11.0,87.1,71.0,7.9,12.4,3.9,1.5,0.0,8.9,81.66
대관령,2023-10-20,10.6,1.7,6.9,53.5,26.0,7.8,14.2,4.9,0.1,10.0,-2.6,61.31999999999999
대관령,2023-10-21,9.6,-1.1,3.3,65.1,38.0,7.2,13.3,3.6,0.0,7.4,-3.0,64.97999999999999
대관령,2023-10-22,14.2,-1.3,7.2,61.1,25.0,8.4,14.8,4.1,0.0,9.7,-0.8,61.13999999999999
대관령,2023-10-23,16.5,2.0,8.6,78.6,39.0,5.6,8.5,2.1,0.0,9.6,4.4,73.75
대관령,2023-10-24,17.2,2.9,9.5,80.4,40.0,6.0,10.7,2.4,0.0,8.0,5.8,78.11
대관령,2023-10-25,19.3,2.7,10.8,74.5,36.0,5.1,8.6,2.0,0.0,9.6,5.6,76.09
대관령,2023-10-26,16.7,7.0,11.4,79.6,62.0,9.4,16.3,3.6,6.9,7.4,7.8,78.66
대관령,2023-10-27,8.5,3.2,6.4,94.5,90.0,6.4,12.9,1.5,16.8,0.0,5.6,89.52
대관령,2023-10-28,12.7,1.2,6.0,91.1,67.0,4.2,6.4,1.4,0.0,3.8,4.5,90.62999999999998
대관령,2023-10-29,16.1,-0.5,6.1,81.3,39.0,3.0,5.4,0.8,0.0,8.4,2.4,84.58
대관령,2023-10-30,19.0,-0.8,8.1,73.1,32.0,4.5,7.4,1.4,0.0,9.8,2.5,76.53999999999999
대관령,2023-10-31,18.2,0.2,10.1,59.8,21.0,7.1,12.1,2.9,0.0,9.5,0.8,64.60999999999999
대관령,2023-11-01,15.3,9.6,13.5,82.1,64.0,11.5,17.8,6.2,0.0,0.0,10.5,76.74
대관령,2023-11-02,21.6,13.6,16.6,56.5,27.0,7.4,13.7,5.2,0.0,8.4,6.7,61.95
대관령,2023-11-03,19.6,12.3,14.8,67.9,32.0,9.2,16.2,4.7,3.8,5.6,8.4,67.03999999999999
대관령,2023-11-04,12.3,9.6,10.5,95.6,93.0,4.2,7.2,2.0,9.2,0.0,9.7,86.14999999999999
대관령,2023-11-05,17.6,10.8,13.8,90.9,74.0,6.1,15.9,1.9,1.5,0.5,12.2,89.54
대관령,2023-11-06,17.2,1.7,10.5,81.3,51.0,15.6,26.8,9.9,23.9,1.6,7.2,84.65
대관령,2023-11-07,7.0,-2.3,1.8,70.5,45.0,17.0,28.9,7.7,0.3,8.4,-3.2,74.7
대관령,2023-11-08,12.6,-4.6,2.9,80.9,40.0,4.1,6.9,1.3,0.0,9.5,-0.5,78.86
대관령,2023-11-09,14.9,-0.3,9.1,74.0,58.0,10.3,17.2,5.2,0.0,8.8,4.5,75.03
대관령,2023-11-10,10.3,-3.6,3.7,59.3,17.0,6.5,10.8,3.0,0.0,6.2,-4.9,64.4
대관령,2023-11-11,5.2,-6.1,-1.4,61.9,20.0,4.2,7.2,1.6,0.0,3.1,-8.9,62.589999999999996
대관령,2023-11-12,2.2,-8.2,-3.3,55.6,31.0,5.1,8.0,2.6,0.0,9.1,-11.3,57.230000000000004
대관령,2023-11-13,4.0,-9.2,-2.5,49.8,25.0,7.2,10.8,3.1,0.0,9.2,-12.3,52.16999999999999
대관령,2023-11-14,6.5,-5.4,0.1,54.0,27.0,6.2,9.6,3.2,0.0,9.1,-8.7,53.32
대관령,2023-11-15,10.0,-5.7,0.8,67.3,24.0,4.9,8.6,1.8,0.0,9.2,-5.9,62.89
대관령,2023-11-16,4.1,-3.8,1.3,88.3,73.0,7.2,12.3,3.2,0.0,0.0,-0.5,80.67
대관령,2023-11-17,2.4,-7.5,-1.8,64.8,34.0,8.7,15.1,5.7,0.2,6.3,-7.8,69.75
대관령,2023-11-18,-0.7,-10.0,-5.3,63.5,45.0,10.5,16.3,7.4,0.0,9.2,-11.3,66.24
대관령,2023-11-19,5.5,-4.7,1.9,77.4,68.0,13.5,23.4,8.2,0.0,1.7,-1.6,73.36
대관령,2023-11-20,9.6,-5.4,1.8,60.3,25.0,5.1,8.6,2.4,0.0,9.4,-6.2,64.03999999999999
대관령,2023-11-21,13.1,-2.9,4.6,38.4,12.0,6.6,10.9,3.1,0.0,9.4,-10.9,46.68
대관령,2023-11-22,13.8,-0.4,6.7,41.9,11.0,8.9,13.7,3.6,0.0,9.0,-7.0,43.04
대관령,2023-11-23,12.0,-0.7,7.5,57.3,15.0,10.2,17.0,8.0,0.6,8.6,-2.2,52.33
대관령,2023-11-24,-0.7,-8.9,-5.3,47.9,25.0,8.9,15.4,5.9,0.0,9.2,-15.1,49.17999999999999
대관령,2023-11-25,1.5,-11.6,-5.5,43.0,16.0,5.1,6.9,1.9,0.0,9.2,-17.1,45.41
대관령,2023-11-26,5.6,-5.4,-0.8,52.3,25.0,4.9,7.4,2.4,0.0,4.3,-10.2,49.99999999999999
대관령,2023-11-27,2.5,-3.8,1.1,87.3,69.0,9.9,18.8,4.9,0.0,0.0,-0.9,75.86999999999999
대관령,2023-11-28,1.0,-5.4,-2.8,60.1,38.0,12.6,22.5,8.5,0.2,7.9,-9.7,64.76
대관령,2023-11-29,-0.3,-8.4,-4.9,63.9,44.0,11.5,18.5,7.3,0.2,6.3,-10.9,65.48
대관령,2023-11-30,-5.0,-13.2,-9.6,55.4,41.0,9.1,14.9,4.8,0.0,9.0,-17.1,57.56999999999999
대관령,2023-12-01,-1.9,-12.0,-7.6,49.8,26.0,6.6,10.4,3.6,0.0,8.9,-16.6,52.32999999999999
대관령,2023-12-02,1.1,-11.2,-3.4,71.0,57.0,11.9,18.7,6.1,0.0,4.3,-7.9,65.2
대관령,2023-12-03,3.8,-8.9,-2.8,55.0,27.0,11.2,17.0,2.9,0.0,8.9,-11.2,57.68000000000001
대관령,2023-12-04,5.0,-6.6,-1.6,45.0,20.0,8.0,12.1,3.5,0.0,8.8,-13.1,49.6
대관령,2023-12-05,8.8,-8.9,-2.0,76.6,39.0,3.6,5.4,1.0,0.0,8.6,-6.0,68.11999999999999
대관령,2023-12-06,6.0,-5.4,1.8,82.6,68.0,8.9,15.7,4.2,10.7,1.6,-0.9,77.63999999999999
대관령,2023-12-07,3.2,-3.3,0.8,62.3,40.0,11.1,20.0,6.7,0.0,7.1,-5.7,67.78999999999999
대관령,2023-12-08,11.6,0.2,7.1,63.9,49.0,12.5,20.7,6.0,0.0,8.3,0.5,65.45
대관령,2023-12-09,12.8,4.3,8.8,78.6,65.0,11.2,20.5,5.2,0.0,5.7,5.1,74.03
대관령,2023-12-10,7.8,0.8,5.2,93.9,76.0,3.9,7.0,1.7,4.8,0.0,4.2,87.84
대관령,2023-12-11,5.8,-0.7,3.4,97.0,97.0,7.7,13.3,4.9,92.2,0.0,2.9,94.53999999999999
대관령,2023-12-12,0.9,-2.3,-0.9,95.0,92.0,4.8,8.8,1.8,0.3,0.0,-1.5,95.29
대관령,2023-12-13,5.7,-3.8,0.9,90.6,73.0,3.3,5.2,1.5,0.0,8.5,-0.5,92.11999999999999
대관령,2023-12-14,3.5,0.6,2.0,96.9,94.0,3.1,7.6,1.2,11.9,0.0,1.5,95.45
대관령,2023-12-15,0.6,-1.9,-1.4,96.0,94.0,3.9,6.2,1.1,26.3,0.0,-1.9,95.63999999999999
대관령,2023-12-16,-0.5,-15.4,-8.1,80.4,64.0,13.6,23.8,10.6,0.7,0.8,-10.8,85.17
대관령,2023-12-17,-11.7,-17.8,-15.0,56.1,44.0,11.8,19.0,7.4,0.0,4.9,-22.0,64.94999999999999
대관령,2023-12-18,-7.7,-17.3,-12.5,55.5,38.0,6.4,9.2,3.1,0.0,3.3,-19.7,58.10999999999999
대관령,2023-12-19,-1.4,-13.7,-7.7,72.0,44.0,6.3,10.5,2.3,0.0,5.7,-12.1,67.11
대관령,2023-12-20,-7.4,-16.3,-11.3,70.9,58.0,8.0,14.7,5.3,0.0,7.5,-15.6,69.58
대관령,2023-12-21,-11.9,-19.4,-16.3,59.1,46.0,10.0,16.8,6.0,0.0,8.7,-22.5,62.75
대관령,2023-12-22,-11.4,-20.4,-16.4,59.4,43.0,10.0,16.4,4.9,0.0,8.7,-22.5,60.49
대관령,2023-12-23,-6.0,-17.7,-12.2,55.0,35.0,6.6,11.1,3.3,0.0,8.7,-19.6,56.290000000000006
대관령,2023-12-24,-3.9,-16.7,-9.3,77.4,62.0,7.5,12.0,3.2,0.0,8.2,-12.6,71.12
대관령,2023-12-25,-2.8,-7.7,-5.9,80.1,66.0,9.4,14.2,5.6,0.0,4.9,-8.8,77.05
대관령,2023-12-26,-0.9,-7.1,-3.9,78.3,66.0,10.1,19.2,6.0,0.0,6.0,-7.1,78.57
대관령,2023-12-27,2.3,-13.2,-6.4,84.3,45.0,3.2,4.7,0.9,0.0,8.2,-8.7,82.67999999999999
대관령,2023-12-28,1.0,-8.5,-3.6,70.4,42.0,7.6,12.5,3.4,0.0,6.0,-8.5,73.97
대관령,2023-12-29,2.7,-10.2,-4.1,76.6,44.0,6.2,10.2,2.9,0.0,8.5,-7.9,76.13
대관령,2023-12-30,-0.9,-7.9,-3.3,91.6,81.0,3.2,5.4,1.0,2.3,0.0,-4.4,86.48
대관령,2023-12-31,0.5,-2.5,-1.1,93.5,88.0,5.2,9.9,1.7,6.0,0.0,-2.0,91.43
대관령,2024-01-01,0.2,-2.8,-1.2,86.1,72.0,7.2,11.1,2.6,0.0,0.0,-3.3,88.12999999999998
대관령,2024-01-02,-0.4,-3.5,-1.6,79.4,68.0,10.6,17.8,6.1,0.0,4.2,-4.7,82.14999999999999
대관령,2024-01-03,-0.5,-9.2,-3.5,80.3,62.0,6.7,12.0,3.0,0.0,2.3,-6.4,80.7
대관령,2024-01-04,-0.5,-10.9,-4.5,77.0,44.0,9.8,15.2,4.4,0.0,8.0,-8.1,77.89999999999999
대관령,2024-01-05,2.2,-1.9,0.4,76.1,61.0,13.5,23.0,9.8,0.0,4.5,-3.3,76.7
대관령,2024-01-06,-0.4,-6.2,-3.6,59.0,29.0,7.8,14.0,4.8,0.0,8.5,-11.1,64.22
대관령,2024-01-07,-5.9,-15.9,-9.2,53.8,26.0,10.2,18.4,5.5,0.0,8.1,-17.6,57.06999999999999
대관령,2024-01-08,-2.8,-18.7,-10.1,50.1,15.0,8.4,16.2,3.0,0.0,8.5,-19.8,51.73
대관령,2024-01-09,-0.9,-8.4,-3.8,86.1,70.0,9.2,15.2,4.4,0.0,0.0,-5.8,75.66999999999999
대관령,2024-01-10,-0.9,-11.7,-6.3,84.3,66.0,3.7,6.0,1.2,0.0,4.1,-8.6,81.24
대관령,2024-01-11,-1.4,-8.0,-4.6,80.0,67.0,13.4,21.4,8.3,0.0,7.1,-7.5,81.47
대관령,2024-01-12,1.1,-6.4,-2.5,52.3,35.0,10.9,19.2,4.5,0.0,8.9,-11.3,61.03999999999999
대관령,2024-01-13,-1.8,-9.7,-5.5,49.5,27.0,6.9,9.8,2.3,0.0,9.1,-14.6,53.11
대관령,2024-01-14,2.0,-7.9,-2.7,67.0,32.0,12.2,19.1,5.4,1.5,3.5,-8.8,62.03
대관령,2024-01-15,-2.1,-14.9,-8.4,76.3,52.0,5.6,8.9,2.2,0.0,9.0,-12.0,71.76
대관령,2024-01-16,2.2,-19.3,-8.2,60.0,17.0,3.4,5.4,1.3,0.0,8.7,-15.7,63.96
대관령,2024-01-17,2.7,-7.3,-0.2,69.0,28.0,7.6,12.3,4.6,0.1,0.0,-6.1,67.92999999999999
대관령,2024-01-18,3.0,-1.8,0.0,96.8,92.0,4.5,7.8,2.5,0.1,0.0,-0.4,87.55999999999999
대관령,2024-01-19,-1.8,-3.3,-2.9,97.5,97.0,4.3,7.2,2.7,1.4,0.0,-3.2,94.51
대관령,2024-01-20,-2.3,-3.8,-3.1,95.5,91.0,5.7,11.7,3.7,13.6,0.0,-3.6,96.03
대관령,2024-01-21,-1.3,-4.6,-3.1,94.4,91.0,5.7,9.2,2.0,0.1,0.0,-3.8,94.93
대관령,2024-01-22,-2.5,-17.0,-11.8,79.3,69.0,12.0,19.5,7.4,0.0,8.3,-14.7,83.94
대관령,2024-01-23,-14.3,-20.2,-17.5,70.0,59.0,10.6,15.8,5.0,0.0,9.1,-21.7,74.3
대관령,2024-01-24,-10.9,-20.1,-16.2,67.3,52.0,8.1,12.7,3.8,0.0,9.2,-20.9,69.03999999999999
대관령,2024-01-25,-4.5,-21.9,-12.5,59.1,34.0,5.4,7.7,2.4,0.0,9.3,-19.4,61.83
대관령,2024-01-26,-0.7,-13.9,-7.2,60.3,40.0,7.2,11.8,2.9,0.0,,-14.0,60.75999999999999
대관령,2024-01-27,0.4,-14.0,-6.8,71.9,39.0,5.3,9.0,2.3,0.0,,-11.5,68.3
대관령,2024-01-28,-1.7,-11.7,-7.0,73.6,42.0,5.5,8.9,2.4,0.0,,-11.3,71.93
대관령,2024-01-29,1.0,-15.2,-7.5,70.1,34.0,4.4,7.9,2.0,0.0,,-12.8,70.97999999999999
대관령,2024-01-30,1.7,-17.0,-7.3,76.6,38.0,3.7,5.8,1.0,0.0,,-11.0,74.99999999999999
대관령,2024-01-31,6.5,-6.2,0.4,55.1,30.0,6.0,10.1,2.6,0.0,,-8.1,60.9
대관령,2024-02-01,-2.5,-8.9,-5.8,92.4,83.0,4.8,8.1,2.1,0.0,,-6.8,83.36
대관령,2024-02-02,-1.0,-6.1,-4.3,95.0,92.0,4.6,6.9,1.4,0.0,,-4.9,90.49000000000001
대관령,2024-02-03,-0.7,-6.4,-3.5,95.4,92.0,,,,0.0,,-4.1,95.02
대관령,2024-02-04,-1.5,-3.3,-2.5,96.8,96.0,,,,0.0,,-2.9,96.33999999999999
대관령,2024-02-05,-0.9,-6.5,-4.1,94.5,92.0,6.9,12.6,3.6,26.1,,-4.8,95.05
대관령,2024-02-06,-0.9,-7.2,-4.4,91.0,82.0,4.2,6.4,1.6,0.0,,-5.7,92.28
대관령,2024-02-07,-2.3,-11.2,-5.3,90.1,80.0,3.5,5.3,1.3,0.0,,-6.7,90.72
대관령,2024-02-08,1.3,-13.7,-6.6,83.4,49.0,4.5,7.8,1.3,0.0,,-9.2,85.5
대관령,2024-02-09,0.4,-15.9,-7.0,74.8,43.0,6.5,10.0,2.4,0.0,,-11.0,78.05
대관령,2024-02-10,-0.7,-10.8,-5.2,78.5,60.0,7.7,12.7,3.8,0.0,,-8.4,78.25
대관령,2024-02-11,-1.3,-14.9,-5.8,73.4,45.0,9.7,14.9,4.2,0.0,,-10.1,74.56
대관령,2024-02-12,4.1,-15.2,-3.6,59.5,25.0,7.5,11.7,3.3,0.0,,-11.6,64.17999999999999
대관령,2024-02-13,7.6,-0.9,4.3,72.8,55.0,12.3,22.4,8.4,0.0,,-0.2,70.19999999999999
대관령,2024-02-14,11.3,4.8,8.1,79.8,68.0,8.4,14.4,5.8,0.0,,4.7,76.36999999999999
대관령,2024-02-15,7.9,-5.6,-0.7,92.5,81.0,4.2,8.7,2.3,17.3,,-1.7,87.99000000000001
대관령,2024-02-16,-0.5,-7.6,-3.7,83.4,69.0,5.9,9.4,2.7,0.0,,-6.2,84.86
대관령,2024-02-17,7.1,-6.0,0.9,61.1,28.0,7.5,12.6,3.6,0.0,,-6.5,68.7
대관령,2024-02-18,12.3,-4.0,4.1,61.4,15.0,4.8,8.3,2.0,2.6,,-4.2,63.54
대관령,2024-02-19,9.3,1.0,5.8,97.1,94.0,6.1,9.9,2.0,19.0,,5.4,86.35999999999999
대관령,2024-02-20,1.2,-3.0,-1.8,98.0,98.0,,,,4.5,,-2.0,94.16
대관령,2024-02-21,-2.8,-5.2,-3.7,96.1,94.0,,,,31.1,,-4.1,96.58000000000001
대관령,2024-02-22,-5.1,-7.0,-6.4,94.5,92.0,,,,14.3,,-7.2,95.16999999999999
대관령,2024-02-23,-5.4,-7.5,-6.4,93.3,90.0,3.9,6.2,2.2,1.0,,-7.3,93.82
대관령,2024-02-24,-3.8,-7.0,-5.3,91.6,86.0,4.2,6.5,1.7,1.7,,-6.4,92.22999999999999
대관령,2024-02-25,-0.3,-9.8,-4.3,95.3,85.0,3.9,6.3,1.4,1.8,,-4.9,94.36
대관령,2024-02-26,-1.9,-13.7,-7.3,92.5,85.0,3.4,6.1,1.3,0.2,,-8.3,92.97
대관령,2024-02-27,-1.9,-11.2,-5.1,89.0,72.0,3.4,6.1,1.8,0.0,,-6.7,90.33
대관령,2024-02-28,4.0,-14.0,-4.4,84.0,53.0,4.1,7.3,1.1,0.0,,-6.9,85.85
대관령,2024-02-29,2.2,-7.2,-1.7,81.9,61.0,3.9,7.8,1.1,0.0,,-4.5,83.03
대관령,2024-03-01,-0.5,-13.9,-8.7,42.5,19.0,11.0,17.2,5.9,0.0,,-19.9,54.529999999999994
대관령,2024-03-02,-3.4,-15.6,-8.1,59.5,44.0,11.2,19.8,6.8,0.0,,-14.6,58.34
대관령,2024-03-03,1.4,-4.5,-1.1,65.0,35.0,10.9,18.3,6.6,0.2,,-7.2,61.65
대관령,2024-03-04,6.4,-6.6,-0.1,53.8,16.0,5.5,9.1,2.7,0.0,,-9.7,56.61
대관령,2024-03-05,2.2,-2.6,-0.9,83.5,63.0,4.8,10.2,2.0,2.5,,-3.3,75.71
대관령,2024-03-06,-0.5,-4.1,-3.1,86.3,78.0,4.2,8.1,2.2,0.0,,-5.0,82.49
대관령,2024-03-07,1.1,-3.8,-2.3,81.1,71.0,6.5,11.7,2.4,1.5,,-5.0,82.37999999999998
대관령,2024-03-08,1.1,-12.6,-4.3,50.8,25.0,8.0,13.5,3.7,0.0,,-13.8,60.41
대관령,2024-03-09,-0.3,-15.2,-6.0,58.4,29.0,4.1,6.2,1.5,0.0,,-13.4,59.14999999999999
대관령,2024-03-10,5.5,-13.9,-2.1,46.8,21.0,6.0,10.9,2.6,0.0,,-13.3,49.519999999999996
대관령,2024-03-11,4.8,-2.1,1.9,35.0,18.0,7.0,11.2,3.5,0.0,,-12.6,39.7
대관령,2024-03-12,1.7,-8.3,-2.3,77.9,59.0,3.9,7.0,1.5,0.0,,-5.6,66.21000000000001
대관령,2024-03-13,6.4,-10.2,0.5,54.1,22.0,10.7,18.0,4.5,0.0,,-9.0,56.95
대관령,2024-03-14,9.3,-3.1,3.0,51.0,22.0,7.9,13.8,4.0,0.0,,-7.1,54.309999999999995
대관령,2024-03-15,11.8,2.0,6.2,42.8,30.0,11.7,21.4,5.7,0.0,,-5.9,45.56999999999999
대관령,2024-03-16,14.0,-4.4,5.6,59.1,27.0,6.5,12.5,2.1,0.0,10.0,-2.4,55.03
대관령,2024-03-17,10.2,-1.5,3.7,60.9,25.0,12.4,20.4,6.5,0.0,10.2,-3.3,58.73
대관령,2024-03-18,7.5,-7.0,1.7,39.4,21.0,6.6,11.3,2.6,0.0,10.9,-11.8,45.67
대관령,2024-03-19,4.1,-2.3,0.8,61.0,22.0,9.3,15.2,5.3,6.6,3.3,-7.3,56.67
대관령,2024-03-20,-0.3,-8.1,-4.0,77.6,49.0,6.3,10.7,2.1,5.8,6.7,-7.4,70.46
대관령,2024-03-21,2.9,-12.4,-4.4,77.4,39.0,4.5,7.1,1.5,0.0,9.0,-8.2,75.8
대관령,2024-03-22,10.6,-7.3,2.5,71.6,32.0,5.9,10.4,1.5,2.4,6.8,-3.0,73.36
대관령,2024-03-23,15.3,1.5,7.4,75.4,29.0,7.6,11.3,3.6,2.5,11.3,2.3,74.83999999999999
대관령,2024-03-24,10.9,-1.3,3.5,83.1,45.0,3.9,6.4,1.7,0.0,9.8,0.5,80.41
대관령,2024-03-25,3.2,-1.5,1.5,94.9,91.0,5.4,9.2,2.9,8.8,0.0,0.8,90.59000000000002
대관령,2024-03-26,1.7,-6.1,-1.4,92.1,80.0,5.0,8.3,2.1,18.0,1.6,-2.5,91.76
대관령,2024-03-27,12.1,-7.1,3.1,74.8,38.0,4.9,7.8,1.2,0.0,9.3,-1.6,80.26999999999998
대관령,2024-03-28,7.0,2.5,4.9,87.6,60.0,8.4,14.6,3.1,3.6,0.0,2.9,85.49
대관령,2024-03-29,7.8,0.6,3.8,72.3,43.0,13.6,23.2,8.2,0.8,4.0,-0.8,75.61
대관령,2024-03-30,12.5,-0.5,5.1,49.3,20.0,7.9,14.6,4.7,0.0,8.8,-5.8,57.73
대관령,2024-03-31,14.7,-2.5,5.7,45.4,15.0,6.4,10.6,2.6,0.0,10.9,-7.0,48.870000000000005
대관령,2024-04-01,15.2,-1.2,7.7,36.4,18.0,8.0,14.3,3.9,0.0,11.6,-7.5,39.489999999999995
대관령,2024-04-02,14.3,-0.7,6.5,56.3,26.0,5.5,8.2,2.0,0.0,11.2,-2.6,51.23
대관령,2024-04-03,7.3,1.7,3.8,90.8,69.0,4.7,7.8,1.8,1.9,0.0,2.4,78.46
대관령,2024-04-04,8.1,0.3,4.0,75.0,32.0,4.3,7.5,2.2,0.0,0.6,-0.6,76.28999999999999
대관령,2024-04-05,15.0,-0.7,7.6,65.3,32.0,6.3,10.1,2.1,0.0,9.3,0.7,69.78999999999999
대관령,2024-04-06,17.0,1.7,9.7,56.0,26.0,6.5,10.3,3.1,0.0,10.5,0.3,59.76
대관령,2024-04-07,20.7,1.1,11.6,47.4,19.0,3.8,6.6,1.9,0.0,12.0,-1.0,50.910000000000004
대관령,2024-04-08,20.2,2.9,10.8,57.3,20.0,5.1,8.4,1.6,0.0,8.5,0.9,55.18999999999999
대관령,2024-04-09,5.8,-2.6,2.1,67.5,46.0,5.5,9.8,3.1,0.0,12.1,-3.4,63.45
대관령,2024-04-10,16.5,-3.8,7.6,56.9,34.0,5.4,9.0,2.3,0.0,7.6,-0.9,59.06
대관령,2024-04-11,15.5,5.1,9.7,73.4,51.0,4.1,6.4,1.3,0.0,0.0,4.9,69.51
대관령,2024-04-12,22.4,2.0,12.1,61.3,20.0,3.8,6.1,1.5,0.0,12.1,3.4,63.279999999999994
대관령,2024-04-13,23.4,3.0,13.7,57.3,25.0,4.2,7.1,1.1,0.0,12.1,3.5,59.709999999999994
대관령,2024-04-14,23.4,3.5,14.7,52.0,24.0,5.2,8.5,1.5,0.0,12.0,3.3,53.99
대관령,2024-04-15,17.7,9.6,12.9,75.1,46.0,8.4,15.1,3.1,9.5,0.6,8.1,68.69999999999999
대관령,2024-04-16,14.0,7.9,10.6,75.4,52.0,9.1,15.1,5.7,0.0,5.6,6.2,73.0
대관령,2024-04-17,17.6,1.3,9.0,71.8,35.0,4.9,7.2,1.5,0.0,9.9,3.2,72.85000000000001
대관령,2024-04-18,19.8,1.0,10.6,66.8,11.0,5.0,7.7,1.3,0.0,11.4,3.9,68.66
대관령,2024-04-19,22.6,5.2,13.5,58.5,24.0,5.2,9.5,2.3,0.0,11.2,4.7,61.489999999999995
대관령,2024-04-20,9.6,7.6,8.5,93.0,80.0,5.2,10.8,2.0,18.9,0.0,7.4,83.47999999999999
대관령,2024-04-21,10.6,7.9,8.9,94.9,93.0,5.1,9.6,3.1,9.3,0.0,8.0,90.88
대관령,2024-04-22,12.3,6.3,8.6,86.8,67.0,4.4,7.9,2.4,0.0,3.6,6.5,89.03999999999999
대관령,2024-04-23,10.5,5.3,7.4,89.6,77.0,4.7,8.6,3.0,2.9,0.8,5.7,89.56999999999998
대관령,2024-04-24,9.1,4.8,7.0,91.8,80.0,8.4,11.7,3.3,10.8,0.1,5.6,90.85999999999999
대관령,2024-04-25,21.1,7.9,13.5,63.1,28.0,9.3,13.2,4.3,0.0,11.7,5.6,71.49
대관령,2024-04-26,24.8,5.6,15.1,55.1,18.0,4.0,6.8,1.6,0.0,11.7,4.2,60.37
대관령,2024-04-27,26.1,5.8,15.9,51.6,10.0,4.0,6.3,1.4,0.0,12.3,3.2,53.45
대관령,2024-04-28,18.2,4.3,10.9,78.0,52.0,6.0,10.0,2.3,0.0,12.1,7.0,70.42999999999999
대관령,2024-04-29,9.2,4.0,7.0,92.6,72.0,4.3,6.6,2.4,0.0,0.0,5.8,85.57999999999998
대관령,2024-04-30,16.5,2.0,6.9,92.0,64.0,5.3,8.2,2.2,0.6,3.4,5.6,90.71999999999998
대관령,2024-05-01,13.0,1.2,7.2,77.5,56.0,4.1,8.2,1.9,0.0,11.8,3.3,81.91000000000001
대관령,2024-05-02,21.7,-1.0,11.5,58.8,24.0,4.8,8.7,1.6,0.0,12.6,1.8,65.86
대관령,2024-05-03,24.7,2.2,13.8,50.0,15.0,4.4,7.4,1.4,0.0,12.7,0.8,54.51
대관령,2024-05-04,27.4,3.1,16.6,47.3,10.0,5.0,9.0,1.9,0.0,12.7,2.1,48.99
대관령,2024-05-05,17.0,12.3,15.7,80.9,57.0,6.8,14.4,2.9,8.0,0.0,12.2,71.09
대관령,2024-05-06,15.8,10.0,11.9,93.3,90.0,6.5,12.4,3.9,4.9,0.0,10.8,86.22
대관령,2024-05-07,10.0,4.8,6.9,93.3,91.0,4.6,8.5,2.4,7.4,0.0,5.8,92.05999999999999
대관령,2024-05-08,13.2,-0.1,6.8,76.8,43.0,4.1,8.2,2.1,0.0,9.1,2.6,81.75
대관령,2024-05-09,18.0,-1.3,10.5,61.5,34.0,9.0,16.0,3.9,0.0,12.2,2.5,67.74
대관령,2024-05-10,22.1,8.1,15.6,51.3,26.0,8.2,14.5,4.9,0.0,11.7,4.7,55.88999999999999
대관령,2024-05-11,21.0,10.8,15.1,62.6,41.0,12.8,19.9,7.3,0.8,8.6,7.7,60.23
대관령,2024-05-12,17.8,5.6,11.8,67.4,37.0,7.2,12.6,3.6,1.8,11.5,5.0,64.83
대관령,2024-05-13,20.6,1.5,12.6,55.1,24.0,5.9,10.0,1.9,0.0,13.3,2.1,58.31
대관령,2024-05-14,22.3,4.7,15.0,49.3,25.0,6.8,11.9,3.6,0.0,13.2,3.0,52.27
대관령,2024-05-15,17.8,2.7,8.6,75.6,24.0,6.8,13.7,3.2,25.6,4.9,3.6,68.28999999999999
대관령,2024-05-16,14.1,2.2,7.3,70.4,32.0,7.7,13.3,3.5,12.4,5.2,1.5,69.33000000000001
대관령,2024-05-17,19.8,4.1,13.5,56.1,29.0,8.6,15.0,4.8,0.0,10.8,4.1,60.91
대관령,2024-05-18,24.2,10.0,17.2,43.6,10.0,7.1,12.1,3.6,0.0,13.3,2.5,48.78
대관령,2024-05-19,22.8,9.2,17.4,53.0,17.0,5.2,7.8,2.5,0.0,13.0,6.6,51.42999999999999
대관령,2024-05-20,19.2,8.3,14.2,67.8,46.0,5.7,9.6,2.9,0.0,1.5,8.1,62.419999999999995
대관령,2024-05-21,19.0,6.6,12.2,74.4,49.0,4.6,7.0,2.3,0.0,8.5,7.5,70.94
대관령,2024-05-22,25.3,4.5,16.2,64.0,23.0,6.9,12.8,3.1,0.0,13.3,8.5,66.46
대관령,2024-05-23,26.5,12.8,19.5,56.3,27.0,6.3,10.9,3.6,0.0,12.6,9.6,59.64999999999999
대관령,2024-05-24,16.3,8.8,11.5,85.5,68.0,3.8,6.2,2.1,0.0,0.0,9.1,77.51
대관령,2024-05-25,19.2,7.5,12.8,74.6,53.0,3.9,6.0,1.7,0.0,5.4,8.1,74.94999999999999
대관령,2024-05-26,23.2,10.3,16.7,77.0,39.0,9.2,18.3,4.0,3.7,5.0,12.1,77.36999999999999
대관령,2024-05-27,18.6,9.1,13.4,67.6,28.0,12.0,20.6,6.5,0.3,8.9,7.2,70.17999999999999
대관령,2024-05-28,15.2,4.1,10.1,79.4,48.0,5.6,9.3,2.1,0.0,6.6,6.4,76.8
대관령,2024-05-29,23.6,3.0,15.1,60.1,31.0,7.1,11.1,2.7,0.0,13.2,6.3,64.71000000000001
대관령,2024-05-30,22.4,9.1,15.0,62.5,19.0,3.9,6.4,1.4,0.0,1.4,6.7,63.71000000000001
대관령,2024-05-31,24.0,9.5,16.5,63.1,28.0,5.9,10.2,2.7,0.0,11.7,8.5,62.68
대관령,2024-06-01,16.2,9.4,12.2,85.8,67.0,3.9,6.2,1.9,1.8,1.3,9.7,78.92999999999999
대관령,2024-06-02,14.1,6.9,10.9,87.6,78.0,3.9,6.3,1.7,3.2,4.0,8.8,84.78999999999999
대관령,2024-06-03,16.9,4.4,10.9,78.8,55.0,4.6,8.1,1.7,0.0,10.2,7.0,81.25999999999999
대관령,2024-06-04,21.3,2.0,13.1,66.1,27.0,3.6,6.3,1.4,0.0,13.5,5.6,70.78999999999999
대관령,2024-06-05,24.4,5.8,16.3,68.5,33.0,4.6,6.5,1.4,0.0,10.6,9.5,69.05
대관령,2024-06-06,24.1,9.6,16.8,71.3,35.0,5.0,9.2,1.5,0.0,11.0,10.7,70.22
대관령,2024-06-07,23.6,6.9,16.5,70.0,34.0,4.2,6.5,1.1,0.0,10.3,10.2,70.11
대관령,2024-06-08,17.7,15.0,16.2,87.4,77.0,4.3,7.7,2.0,2.7,0.2,14.0,82.31
대관령,2024-06-09,26.7,14.0,19.6,70.3,36.0,4.9,8.2,2.8,0.0,13.1,13.3,73.69
대관령,2024-06-10,26.3,14.2,20.9,68.4,45.0,7.0,12.3,3.8,0.0,13.0,14.4,70.68
대관령,2024-06-11,29.5,15.6,22.3,66.0,25.0,5.7,9.4,3.0,0.0,12.9,14.6,66.91
대관령,2024-06-12,30.0,14.8,21.4,56.0,19.0,5.7,10.5,2.5,0.0,12.4,10.0,59.24
대관령,2024-06-13,28.1,12.3,20.1,69.5,32.0,5.6,8.4,1.5,0.0,13.3,13.5,66.45
대관령,2024-06-14,28.9,12.5,21.6,64.4,26.0,4.3,8.5,1.8,0.0,12.8,13.5,64.58
대관령,2024-06-15,23.3,16.7,19.4,79.8,65.0,5.2,8.4,2.2,6.2,4.0,15.7,75.69
대관령,2024-06-16,25.1,14.3,19.3,63.0,31.0,6.4,10.9,3.3,0.0,12.1,11.1,66.5
대관령,2024-06-17,26.5,12.3,19.8,55.3,29.0,6.1,10.4,3.5,0.0,12.5,9.6,59.28999999999999
대관령,2024-06-18,30.0,11.5,22.0,55.4,31.0,5.3,8.6,2.6,0.0,13.5,11.8,56.14
대관령,2024-06-19,30.6,14.1,22.5,61.0,24.0,4.1,6.8,1.7,0.0,13.3,13.5,59.309999999999995
대관령,2024-06-20,29.8,13.1,21.2,67.9,37.0,4.1,7.9,1.3,0.0,12.1,14.1,65.27000000000001
대관령,2024-06-21,27.3,11.3,20.8,70.5,48.0,4.4,8.2,1.8,0.0,12.4,14.7,69.02999999999999
대관령,2024-06-22,22.6,17.3,18.7,91.5,74.0,2.8,4.4,1.1,16.5,0.0,17.2,84.94000000000001
대관령,2024-06-23,24.6,17.5,19.7,89.5,71.0,5.3,9.3,2.1,11.2,3.3,17.8,88.0
대관령,2024-06-24,25.6,16.2,20.4,71.3,42.0,6.6,13.0,4.0,19.6,11.1,14.5,76.96000000000001
대관령,2024-06-25,22.0,14.0,17.2,70.4,48.0,6.9,11.2,3.8,0.0,10.4,11.5,72.49
대관령,2024-06-26,24.6,11.6,18.2,73.8,48.0,3.7,6.4,1.4,0.0,13.1,12.8,72.86999999999999
대관령,2024-06-27,25.4,11.5,19.2,74.6,45.0,2.9,5.4,1.0,0.0,9.8,14.1,74.02
대관령,2024-06-28,26.6,10.8,19.0,70.1,30.0,3.9,6.5,1.3,0.0,13.5,12.6,71.36999999999999
대관령,2024-06-29,29.2,13.6,21.8,73.6,45.0,3.9,7.2,1.7,23.8,9.6,16.4,72.99999999999999
대관령,2024-06-30,22.6,18.7,20.8,89.5,83.0,9.3,19.1,4.7,25.9,0.1,19.0,84.38000000000001
대관령,2024-07-01,26.9,17.7,21.5,79.1,57.0,3.7,6.3,2.3,0.0,10.6,17.3,80.63
대관령,2024-07-02,19.1,17.3,18.0,94.9,91.0,3.9,6.4,2.0,47.5,0.0,17.1,91.2
대관령,2024-07-03,23.3,18.0,21.1,83.8,72.0,8.9,18.8,5.6,8.1,1.6,18.1,85.55
대관령,2024-07-04,25.7,19.7,22.8,75.3,62.0,8.5,15.2,5.3,0.0,6.8,18.1,78.96
대관령,2024-07-05,25.3,18.7,21.2,77.5,65.0,11.7,21.2,7.4,1.6,8.4,17.0,77.69
대관령,2024-07-06,29.1,18.3,22.8,81.9,65.0,12.1,21.4,5.8,7.0,1.9,19.4,80.36
대관령,2024-07-07,24.5,19.2,20.9,85.0,72.0,10.5,19.0,5.1,1.7,0.3,18.2,83.63
대관령,2024-07-08,21.5,19.1,20.6,92.4,88.0,7.2,13.3,3.3,19.4,0.0,19.3,89.87
대관령,2024-07-09,24.8,19.0,20.7,89.8,69.0,5.4,8.9,2.5,1.3,3.0,18.9,89.83999999999999
대관령,2024-07-10,22.6,16.4,19.5,91.8,81.0,3.8,6.5,1.8,15.3,3.4,18.0,91.46
대관령,2024-07-11,27.4,14.5,20.5,85.3,48.0,3.1,5.6,1.2,0.0,9.5,17.7,87.05
대관령,2024-07-12,26.3,17.3,21.2,89.1,72.0,3.7,6.4,1.3,1.1,8.4,19.2,88.60999999999999
대관령,2024-07-13,25.7,15.4,20.1,87.3,65.0,4.5,7.8,1.7,0.1,10.8,17.7,87.46
대관령,2024-07-14,20.3,13.6,17.8,93.8,91.0,3.1,5.0,1.4,0.4,0.0,16.7,92.03
대관령,2024-07-15,22.1,17.7,19.2,94.1,86.0,3.1,4.8,1.6,0.6,0.7,18.1,93.36
대관령,2024-07-16,25.8,18.0,21.2,90.8,67.0,3.7,6.1,1.4,7.9,2.8,19.4,91.75999999999999
대관령,2024-07-17,25.2,19.7,21.7,88.4,76.0,8.5,14.2,4.8,12.4,0.8,19.6,89.45
대관령,2024-07-18,23.7,20.2,22.0,87.4,72.0,9.3,16.9,4.3,43.1,0.0,19.6,87.94
대관령,2024-07-19,26.5,20.0,22.6,81.8,64.0,7.7,13.2,3.4,0.0,11.5,19.1,83.58
대관령,2024-07-20,25.3,19.0,22.9,82.8,73.0,8.6,15.3,3.8,0.0,5.5,19.7,83.05999999999999
대관령,2024-07-21,26.2,19.5,22.7,83.5,71.0,13.7,23.4,8.2,7.4,6.0,19.6,83.19
대관령,2024-07-22,25.2,22.2,24.1,80.8,70.0,8.1,15.4,5.1,0.3,0.6,20.5,81.53999999999999
대관령,2024-07-23,25.1,21.5,22.6,88.3,72.0,9.6,18.3,6.6,21.4,2.3,20.5,86.32
대관령,2024-07-24,27.2,19.3,23.3,86.8,74.0,7.0,12.4,4.5,9.3,8.6,20.8,86.49999999999999
대관령,2024-07-25,29.3,22.2,24.7,83.3,63.0,5.7,10.3,2.6,0.0,8.3,21.5,84.49999999999999
대관령,2024-07-26,30.8,21.6,25.8,79.4,57.0,5.1,9.8,2.1,0.0,9.9,21.7,80.91999999999999
대관령,2024-07-27,29.1,23.0,24.9,85.5,68.0,6.6,11.6,3.8,4.3,3.6,22.1,84.05999999999999
대관령,2024-07-28,28.5,23.1,25.0,80.9,69.0,7.9,15.1,5.8,0.5,8.8,21.4,81.67
대관령,2024-07-29,25.2,22.2,23.8,85.4,77.0,11.8,23.7,8.2,0.1,1.3,21.1,84.51
대관령,2024-07-30,25.1,22.1,23.3,90.1,84.0,8.6,13.3,4.9,0.8,0.0,21.5,88.24
대관령,2024-07-31,29.2,21.0,24.6,79.6,60.0,6.3,10.7,3.3,0.0,13.0,20.6,82.28
대관령,2024-08-01,29.1,22.2,25.5,80.9,66.0,7.0,12.3,3.9,0.0,8.7,21.8,81.56
대관령,2024-08-02,30.0,23.7,25.9,82.6,67.0,5.8,9.8,3.5,0.0,8.0,22.6,81.96
대관령,2024-08-03,31.3,20.7,25.3,79.4,53.0,5.1,8.3,2.5,0.0,10.1,21.1,80.19
대관령,2024-08-04,28.2,18.7,23.6,87.3,71.0,4.5,8.0,1.7,0.0,9.5,21.2,85.25
대관령,2024-08-05,30.7,20.2,23.5,89.6,62.0,4.2,7.8,1.2,25.7,4.0,21.6,88.11999999999999
대관령,2024-08-06,30.1,19.8,23.9,82.1,56.0,3.9,6.3,1.4,0.3,8.1,20.3,84.11999999999999
대관령,2024-08-07,29.2,18.5,24.1,80.5,60.0,5.5,9.6,2.1,0.4,10.0,20.2,81.72999999999999
대관령,2024-08-08,27.5,19.5,23.3,84.5,65.0,5.0,8.1,2.2,0.1,5.0,20.3,83.46
대관령,2024-08-09,29.0,19.0,23.1,84.4,60.0,4.3,6.6,1.4,0.0,8.0,20.1,84.03
대관령,2024-08-10,28.8,18.3,23.4,83.4,65.0,3.9,6.6,1.7,0.0,11.0,20.2,83.71000000000001
대관령,2024-08-11,29.9,19.5,23.8,83.9,58.0,3.8,6.0,1.4,0.0,7.9,20.7,83.85
대관령,2024-08-12,28.7,17.8,22.9,84.4,64.0,4.3,6.6,1.5,0.0,11.7,19.9,84.2
대관령,2024-08-13,28.9,15.1,22.4,76.5,50.0,4.0,5.9,1.4,0.0,12.4,17.6,78.82000000000001
대관령,2024-08-14,27.5,16.8,22.0,82.3,57.0,3.9,6.1,1.6,0.0,12.6,18.5,81.35
대관령,2024-08-15,27.3,16.6,21.4,84.1,67.0,4.4,7.0,1.5,0.0,11.3,18.4,82.97999999999999
대관령,2024-08-16,26.5,16.0,21.1,85.8,71.0,4.6,7.8,1.4,0.0,7.4,18.4,85.11
대관령,2024-08-17,27.5,16.6,22.0,84.0,64.0,5.0,7.8,1.6,0.0,11.7,18.9,84.36999999999999
대관령,2024-08-18,29.3,16.7,22.8,81.8,59.0,3.8,6.7,1.3,0.0,10.6,19.2,82.63999999999999
대관령,2024-08-19,29.4,18.7,23.7,82.8,60.0,3.9,6.4,1.5,0.0,10.0,20.3,82.72
대관령,2024-08-20,27.2,18.6,22.8,91.1,73.0,3.3,5.9,1.2,0.7,2.4,21.2,88.50999999999999
대관령,2024-08-21,25.3,22.2,23.8,89.3,79.0,4.8,9.7,2.4,5.3,0.1,21.9,89.00999999999999
대관령,2024-08-22,30.4,22.8,25.4,78.6,59.0,8.8,16.6,4.8,1.1,7.5,21.2,81.99
대관령,2024-08-23,28.6,21.3,23.8,77.4,58.0,8.6,13.8,5.4,0.0,9.6,19.5,78.83000000000001
대관령,2024-08-24,30.2,19.0,23.6,79.5,42.0,4.3,7.4,2.0,0.0,10.2,19.3,78.99
대관령,2024-08-25,27.4,19.7,22.3,88.1,68.0,3.9,7.5,1.6,0.0,6.6,20.1,85.30999999999999
대관령,2024-08-26,26.0,18.9,21.6,91.5,72.0,3.6,5.9,1.4,6.7,0.7,20.0,89.62
대관령,2024-08-27,21.5,15.0,19.2,93.0,83.0,3.2,5.6,1.1,11.4,1.2,18.0,92.21
대관령,2024-08-28,24.1,14.6,19.4,90.0,73.0,3.8,6.9,1.8,0.0,3.9,17.6,90.75
대관령,2024-08-29,21.2,18.5,20.1,93.8,90.0,6.1,10.8,2.9,38.0,0.0,19.0,92.96
대관령,2024-08-30,24.4,18.2,20.9,91.4,77.0,4.7,9.5,2.5,5.5,4.7,19.4,91.74
대관령,2024-08-31,25.2,15.6,19.6,85.4,62.0,4.4,7.2,1.9,0.0,8.4,16.9,87.44
대관령,2024-09-01,27.1,15.9,21.1,79.6,50.0,6.2,11.8,2.6,0.0,10.5,17.0,81.94
대관령,2024-09-02,22.8,16.2,18.5,92.1,75.0,3.9,7.4,1.8,2.4,0.5,17.1,88.93
대관령,2024-09-03,21.7,13.5,17.6,82.1,62.0,3.7,6.6,2.1,0.0,10.2,14.3,83.84999999999998
대관령,2024-09-04,25.6,10.5,18.2,81.5,53.0,4.3,6.2,1.4,0.0,11.3,14.7,82.67999999999999
대관령,2024-09-05,25.8,14.3,20.4,83.4,64.0,7.8,13.7,3.1,0.3,6.4,17.2,82.89
대관령,2024-09-06,19.2,16.5,17.6,92.9,85.0,4.7,9.1,1.5,7.4,0.0,16.4,89.86000000000001
대관령,2024-09-07,26.7,16.2,19.0,91.5,62.0,3.9,6.5,1.3,0.0,5.0,17.5,90.97
대관령,2024-09-08,25.3,14.0,19.4,90.8,67.0,4.0,6.9,1.5,0.0,7.4,17.7,91.15
대관령,2024-09-09,26.5,17.7,21.0,90.8,66.0,3.7,6.2,1.3,2.3,4.6,19.3,90.87
대관령,2024-09-10,30.5,18.7,23.1,82.1,43.0,4.1,7.9,1.4,0.0,9.8,19.3,84.71
대관령,2024-09-11,26.7,17.2,21.6,91.1,73.0,4.9,7.9,1.6,1.6,6.2,19.9,89.26999999999998
대관령,2024-09-12,21.0,18.6,19.5,96.8,95.0,3.1,4.8,1.3,25.7,0.0,19.0,94.18999999999998
대관령,2024-09-13,26.5,19.3,22.1,93.8,73.0,4.2,7.9,1.7,4.7,1.9,21.0,94.13
대관령,2024-09-14,24.7,18.6,20.5,95.0,80.0,4.1,5.9,1.9,3.2,2.2,19.6,94.94
대관령,2024-09-15,19.9,16.7,18.4,96.6,94.0,3.9,7.3,2.2,18.8,0.4,17.8,95.99999999999999
대관령,2024-09-16,22.9,17.0,19.4,94.8,81.0,4.1,6.2,1.6,2.2,4.5,18.5,95.18
대관령,2024-09-17,29.0,19.8,23.5,90.4,65.0,3.8,6.4,0.9,0.0,6.4,21.7,91.9
대관령,2024-09-18,29.7,20.1,22.7,93.0,67.0,4.5,7.3,1.4,3.8,4.1,21.4,92.66
대관령,2024-09-19,27.8,20.2,23.5,88.4,69.0,4.7,8.2,1.9,0.0,4.9,21.3,89.52000000000001
대관령,2024-09-20,25.7,13.1,19.8,94.5,83.0,7.5,14.1,2.0,42.6,0.0,18.8,93.13
대관령,2024-09-21,16.2,13.5,15.2,96.9,96.0,6.1,10.9,3.7,92.2,0.0,14.7,95.57000000000001
대관령,2024-09-22,15.6,11.5,13.6,95.4,91.0,5.1,11.2,2.9,11.6,1.3,12.8,95.61
대관령,2024-09-23,16.6,8.3,12.5,84.0,61.0,4.4,9.1,2.3,0.3,5.8,9.7,87.57
대관령,2024-09-24,18.7,6.3,12.5,89.0,60.0,4.2,6.9,1.5,0.0,9.6,10.5,88.64
대관령,2024-09-25,22.3,10.6,15.9,89.0,58.0,3.0,5.0,1.1,0.0,4.8,13.9,88.5
대관령,2024-09-26,24.3,13.6,17.4,89.3,57.0,4.8,7.9,1.4,0.0,5.3,15.4,89.21
대관령,2024-09-27,21.2,13.8,16.5,91.8,74.0,6.2,12.5,1.9,27.5,5.7,15.1,91.02
대관령,2024-09-28,18.1,12.6,15.0,88.5,67.0,5.3,10.1,2.5,2.2,4.8,13.0,89.24000000000001
대관령,2024-09-29,19.2,9.8,14.1,92.9,71.0,3.3,5.7,1.3,0.2,3.2,12.8,91.91
대관령,2024-09-30,23.4,5.9,13.9,79.6,43.0,3.8,6.8,0.9,0.0,10.5,9.6,83.14999999999999
대관령,2024-10-01,17.9,8.6,13.4,86.5,64.0,7.5,13.6,3.7,0.0,1.6,11.1,85.76
대관령,2024-10-02,14.1,5.5,8.9,70.9,27.0,4.6,8.7,2.1,0.0,9.8,3.2,74.89
대관령,2024-10-03,13.7,5.0,9.9,89.3,64.0,4.7,8.1,1.6,6.8,2.6,8.1,85.34
대관령,2024-10-04,17.0,5.5,10.3,85.6,59.0,3.7,5.7,1.3,0.1,9.2,7.7,84.87
대관령,2024-10-05,19.1,3.2,10.5,87.1,56.0,4.1,6.2,1.1,0.0,9.4,8.2,87.01999999999998
대관령,2024-10-06,15.1,4.3,10.4,90.1,71.0,2.6,5.4,0.6,0.0,0.5,8.7,89.05
대관령,2024-10-07,16.6,9.0,11.7,89.0,61.0,3.5,6.1,1.1,0.0,4.9,9.8,89.02999999999999
대관령,2024-10-08,13.0,8.6,10.9,96.0,94.0,3.6,6.6,1.5,5.0,0.0,10.2,94.00999999999999
대관령,2024-10-09,14.7,8.3,10.8,92.3,74.0,3.9,6.3,1.5,0.0,4.8,9.5,92.71000000000001
대관령,2024-10-10,18.5,5.8,10.1,89.4,45.0,3.8,5.8,0.9,0.1,4.4,8.1,90.63999999999999
대관령,2024-10-11,20.1,5.1,10.9,80.6,42.0,4.4,6.8,1.3,0.0,9.4,7.0,83.53
대관령,2024-10-12,21.2,4.5,11.1,80.8,39.0,3.0,5.2,0.9,0.0,9.1,7.2,81.61999999999999
대관령,2024-10-13,18.4,2.2,11.5,87.1,54.0,4.3,7.8,1.8,0.0,6.4,9.2,85.19
대관령,2024-10-14,18.6,9.8,13.1,86.1,60.0,3.8,6.3,0.9,0.0,0.4,10.6,85.76999999999998
대관령,2024-10-15,17.6,10.0,14.3,92.3,85.0,5.3,8.1,2.3,1.0,0.0,12.9,90.53999999999999
대관령,2024-10-16,17.6,8.0,12.2,91.8,71.0,4.1,7.1,1.5,0.0,6.0,10.8,91.33
대관령,2024-10-17,21.0,6.5,12.6,80.3,24.0,3.3,6.3,1.3,0.0,7.7,8.5,83.8
대관령,2024-10-18,16.6,5.4,12.1,92.9,73.0,4.3,6.8,1.1,55.3,0.3,10.9,90.27000000000001
대관령,2024-10-19,13.3,4.8,8.7,96.8,95.0,5.6,11.3,3.1,56.7,0.0,8.2,94.36999999999999
대관령,2024-10-20,7.5,4.5,6.0,82.5,73.0,4.8,9.5,3.2,2.2,0.3,3.1,86.39999999999999
대관령,2024-10-21,16.1,7.1,11.2,82.8,60.0,3.3,7.3,1.1,0.0,3.6,8.2,84.13999999999999
대관령,2024-10-22,14.6,10.5,12.5,96.9,92.0,5.9,10.4,1.1,18.5,0.0,12.0,92.64
대관령,2024-10-23,14.0,5.3,8.7,83.1,69.0,16.2,26.8,7.8,1.3,4.6,5.9,85.83
대관령,2024-10-24,16.0,1.3,6.6,80.0,37.0,4.3,7.0,1.7,0.0,9.5,2.6,82.31
대관령,2024-10-25,16.2,-1.2,7.4,87.0,64.0,3.5,6.1,1.1,0.0,8.6,5.2,85.21000000000001
대관령,2024-10-26,15.4,1.2,8.3,92.4,75.0,3.9,6.4,1.0,0.0,2.5,7.1,90.08000000000001
대관령,2024-10-27,15.3,3.5,9.1,89.8,66.0,5.2,8.6,1.4,0.0,1.5,7.3,90.03999999999999
대관령,2024-10-28,10.3,5.3,7.9,96.9,96.0,4.7,8.3,2.2,16.5,0.0,7.4,95.02999999999999
대관령,2024-10-29,13.7,0.3,7.1,88.5,60.0,3.8,7.0,1.1,0.1,9.4,5.1,90.31
대관령,2024-10-30,17.2,2.2,9.1,78.4,32.0,4.2,6.7,1.5,0.0,9.8,4.8,82.27
대관령,2024-10-31,18.7,-1.2,7.4,81.4,30.0,3.1,5.0,0.8,0.0,9.7,3.4,81.50999999999999
대관령,2024-11-01,13.8,2.3,8.2,85.0,53.0,2.6,5.1,0.9,0.0,0.0,5.5,83.62
대관령,2024-11-02,12.8,5.6,10.2,93.8,88.0,5.6,12.0,2.4,7.8,0.0,9.2,90.8
대관령,2024-11-03,17.4,3.7,10.3,81.3,44.0,8.9,15.6,2.7,0.2,6.8,6.8,84.17
대관령,2024-11-04,15.8,6.3,11.4,71.3,26.0,9.7,16.1,5.2,0.0,7.7,5.7,75.55
대관령,2024-11-05,8.7,2.0,5.5,92.1,70.0,3.2,5.2,1.3,1.5,1.6,4.3,86.86
대관령,2024-11-06,9.5,-3.6,1.2,72.6,20.0,3.8,6.4,1.4,0.0,9.7,-4.2,76.36999999999999
대관령,2024-11-07,12.4,-4.7,2.4,82.6,23.0,4.3,6.7,0.9,0.0,9.7,-0.8,81.54999999999998
대관령,2024-11-08,10.8,-1.4,4.1,91.1,66.0,4.5,7.2,1.0,0.0,6.8,2.6,87.55
대관령,2024-11-09,13.1,-0.2,5.1,91.0,60.0,3.4,5.8,0.9,0.0,4.8,3.5,90.17999999999999
대관령,2024-11-10,15.7,0.3,6.4,87.6,52.0,5.6,8.6,1.1,0.0,5.2,4.1,88.63
대관령,2024-11-11,15.5,0.0,7.4,89.8,51.0,4.2,6.9,1.1,0.0,6.8,5.6,89.47999999999999
대관령,2024-11-12,17.0,3.7,9.7,69.1,27.0,6.5,10.1,2.7,0.0,8.8,3.2,75.08999999999999
대관령,2024-11-13,13.0,2.5,8.0,88.9,64.0,3.9,6.2,1.4,0.0,6.7,6.1,85.03
대관령,2024-11-14,13.9,1.7,8.0,87.1,63.0,4.0,7.0,1.1,0.0,3.1,5.7,85.66
대관령,2024-11-15,14.6,7.4,9.9,87.9,59.0,3.9,6.1,1.0,0.0,4.1,7.7,87.84
대관령,2024-11-16,18.0,7.1,12.8,80.9,53.0,6.0,10.5,2.7,0.0,8.2,9.2,82.92
대관령,2024-11-17,12.1,-0.4,5.7,83.1,69.0,5.3,9.1,2.1,0.7,1.5,3.0,83.14
대관령,2024-11-18,1.6,-6.1,-2.3,70.5,32.0,4.4,8.8,1.5,0.0,9.1,-7.3,74.06
대관령,2024-11-19,5.6,-7.0,0.1,76.1,48.0,4.3,7.2,1.6,0.0,5.5,-3.9,75.68
대관령,2024-11-20,8.4,-2.5,2.9,71.9,50.0,5.7,10.2,2.8,0.0,8.6,-1.9,72.6
대관령,2024-11-21,7.5,-2.1,3.4,82.4,67.0,7.8,15.4,3.6,0.0,6.5,0.6,79.67
대관령,2024-11-22,5.9,-2.1,1.6,68.1,46.0,5.3,8.3,2.1,0.0,7.4,-3.8,71.33999999999999
대관령,2024-11-23,3.0,-4.5,-0.6,87.0,62.0,3.5,6.1,1.2,0.5,2.3,-2.5,82.75999999999999
대관령,2024-11-24,8.6,-6.5,-0.4,79.1,34.0,3.6,6.1,0.7,0.0,9.1,-4.3,79.58
대관령,2024-11-25,11.5,-6.0,2.9,73.4,35.0,3.9,6.5,1.7,0.0,8.4,-2.1,75.9
대관령,2024-11-26,7.0,-1.8,2.2,87.0,62.0,14.5,26.8,7.8,16.8,1.4,0.2,83.49
대관령,2024-11-27,-1.8,-6.2,-4.8,87.1,75.0,9.8,16.9,5.9,1.4,0.9,-6.6,85.71
대관령,2024-11-28,-2.6,-5.8,-4.2,84.4,74.0,10.5,19.4,7.6,0.4,0.0,-6.4,85.2
대관령,2024-11-29,-1.7,-11.0,-5.1,73.1,52.0,11.5,21.5,6.0,0.0,6.9,-9.2,76.75999999999999
대관령,2024-11-30,3.1,-5.5,-0.4,77.3,55.0,9.2,15.4,6.1,0.0,8.6,-4.1,77.16999999999999
대관령,2024-12-01,7.0,-1.8,2.6,80.3,44.0,6.1,9.8,2.6,0.0,7.4,-0.8,78.97999999999999
대관령,2024-12-02,7.9,0.8,5.0,78.6,71.0,11.0,18.6,6.4,0.0,1.8,1.6,78.81
대관령,2024-12-03,1.7,-4.6,-2.3,55.6,27.0,8.7,14.9,4.1,0.0,6.6,-10.4,62.67
대관령,2024-12-04,0.4,-6.5,-2.9,48.4,22.0,9.3,15.6,5.5,0.0,8.9,-13.1,52.86
대관령,2024-12-05,1.2,-5.4,-2.0,59.3,27.0,10.8,19.2,7.7,0.0,8.1,-9.2,56.75
대관령,2024-12-06,0.8,-6.1,-2.8,39.0,22.0,10.2,17.8,6.8,0.0,8.9,-15.3,44.0
대관령,2024-12-07,-1.0,-8.9,-5.3,52.5,33.0,9.7,18.0,5.7,0.0,8.7,-13.7,50.48
대관령,2024-12-08,-0.9,-10.4,-6.4,54.4,27.0,7.7,11.9,3.6,0.0,8.8,-14.6,52.48
대관령,2024-12-09,2.5,-12.9,-5.3,52.3,22.0,5.1,8.2,2.4,0.0,8.6,-14.6,52.739999999999995
대관령,2024-12-10,3.4,-9.4,-3.2,55.6,22.0,7.9,13.3,2.4,0.0,8.5,-11.7,54.82
대관령,2024-12-11,2.0,-6.0,-2.4,81.8,60.0,3.2,5.9,1.2,0.0,1.2,-5.2,73.61
대관령,2024-12-12,2.8,-7.0,-2.7,64.5,29.0,5.4,8.4,2.1,0.0,7.3,-9.4,67.07
대관령,2024-12-13,1.5,-7.0,-4.0,39.1,23.0,5.6,9.1,2.7,0.0,5.1,-16.1,48.45
대관령,2024-12-14,-2.1,-11.9,-6.9,51.0,30.0,9.0,16.6,4.7,0.0,8.7,-15.6,49.97
대관령,2024-12-15,-1.3,-7.1,-4.6,59.6,40.0,12.3,21.7,7.0,0.0,8.0,-11.3,55.83
대관령,2024-12-16,-1.9,-9.2,-5.3,58.0,37.0,8.5,15.2,5.0,0.0,8.0,-12.6,57.62
대관령,2024-12-17,-1.8,-10.2,-5.8,55.0,39.0,9.4,15.3,4.4,0.0,8.4,-13.5,56.06
대관령,2024-12-18,-1.5,-15.0,-7.9,71.5,37.0,3.7,5.6,1.5,0.0,6.3,-12.4,66.85
대관령,2024-12-19,3.0,-14.1,-6.2,60.9,23.0,4.0,6.7,1.3,0.0,8.5,-13.7,62.42999999999999
대관령,2024-12-20,0.2,-8.9,-3.8,60.9,42.0,8.5,13.8,3.8,0.0,4.3,-10.4,61.959999999999994
대관령,2024-12-21,-2.6,-8.9,-5.3,84.1,70.0,8.6,14.3,4.1,2.2,3.6,-7.5,77.13999999999999
대관령,2024-12-22,-6.5,-13.9,-10.0,66.0,50.0,7.2,11.3,3.8,0.0,8.7,-15.2,69.11
대관령,2024-12-23,-1.2,-13.4,-6.2,61.0,37.0,8.5,14.7,3.7,0.0,8.7,-12.7,64.31
대관령,2024-12-24,0.7,-13.4,-6.2,60.3,31.0,6.2,9.4,2.4,0.0,8.7,-13.3,61.01
대관령,2024-12-25,-1.8,-8.4,-4.1,72.1,61.0,11.0,19.5,5.6,0.0,3.8,-8.4,68.63
대관령,2024-12-26,-0.9,-9.2,-4.0,57.8,36.0,10.7,18.3,8.5,0.0,8.6,-11.4,60.91
대관령,2024-12-27,-4.5,-13.0,-8.7,55.8,31.0,9.8,17.6,6.3,0.0,8.7,-16.3,57.83
대관령,2024-12-28,-5.9,-12.9,-9.3,56.6,34.0,9.3,15.7,5.6,0.0,8.8,-16.6,56.56
대관령,2024-12-29,-1.5,-10.2,-4.9,58.9,33.0,8.2,12.8,4.4,0.0,8.5,-12.0,58.129999999999995
대관령,2024-12-30,2.2,-2.5,0.3,74.9,69.0,12.0,22.3,8.3,0.0,0.6,-3.6,69.87
대관령,2024-12-31,-0.5,-8.0,-3.6,47.3,29.0,8.1,13.9,5.1,0.0,8.8,-13.7,53.980000000000004
동해,2022-01-01,5.1,-6.1,-0.1,40.6,23.0,2.8,4.7,1.6,0.0,8.7,-12.2,
동해,2022-01-02,8.6,-0.8,4.3,36.8,19.0,5.3,11.7,2.2,0.0,7.6,-9.8,
동해,2022-01-03,5.9,-1.0,2.8,30.4,12.0,5.6,10.2,2.5,0.0,8.1,-13.5,32.699999999999996
동해,2022-01-04,4.7,-1.8,2.5,44.1,21.0,4.1,6.8,2.2,0.0,8.7,-9.0,40.629999999999995
동해,2022-01-05,5.2,-2.6,1.6,72.9,53.0,2.4,3.9,1.4,0.0,5.0,-2.8,62.89
동해,2022-01-06,7.5,-1.1,2.6,61.1,23.0,7.1,11.4,2.3,0.0,8.7,-4.9,61.75999999999999
동해,2022-01-07,7.7,-2.0,2.4,45.5,22.0,2.7,3.9,1.7,0.0,8.7,-8.6,51.36
동해,2022-01-08,9.7,-0.2,5.2,38.5,18.0,6.2,10.8,2.2,0.0,6.7,-8.4,42.16
동해,2022-01-09,7.8,0.8,4.8,60.9,40.0,5.4,7.7,1.8,0.0,5.5,-2.3,54.879999999999995
동해,2022-01-10,8.3,-0.6,4.1,66.6,37.0,2.7,4.1,1.5,0.0,6.3,-1.8,62.64999999999999
동해,2022-01-11,5.1,-3.9,0.5,34.8,19.0,6.2,11.0,3.3,0.0,8.7,-13.8,43.769999999999996
동해,2022-01-12,3.6,-6.5,-1.4,26.8,15.0,6.5,14.7,2.6,0.0,8.8,-18.6,32.379999999999995
동해,2022-01-13,0.4,-4.1,-1.9,26.5,18.0,6.2,12.2,3.5,0.0,8.7,-18.8,27.389999999999997
동해,2022-01-14,3.9,-6.2,-1.1,34.9,17.0,3.1,6.5,1.7,0.0,8.8,-15.1,32.41
동해,2022-01-15,8.6,-1.7,3.6,36.1,16.0,3.3,5.3,1.3,0.0,4.0,-10.4,34.9
동해,2022-01-16,8.5,-0.4,4.5,30.6,13.0,6.0,11.1,3.0,0.0,8.0,-12.5,32.13
동해,2022-01-17,3.3,-2.7,-0.3,24.1,12.0,6.2,10.9,3.3,0.0,8.6,-19.1,26.6
동해,2022-01-18,1.7,-5.8,-2.0,39.4,21.0,3.5,5.7,1.9,0.0,8.8,-14.2,35.46
동해,2022-01-19,5.3,-3.7,0.5,44.4,27.0,4.4,7.4,1.8,0.2,5.0,-10.8,41.370000000000005
동해,2022-01-20,2.0,-3.6,-0.9,64.6,49.0,5.9,11.5,3.1,7.8,7.3,-6.9,58.03999999999999
동해,2022-01-21,4.5,-4.9,0.2,67.5,44.0,3.1,5.0,1.7,0.0,7.9,-5.2,64.61
동해,2022-01-22,9.1,-2.5,3.1,68.6,37.0,4.5,6.8,1.9,0.0,7.7,-2.4,67.97999999999999
동해,2022-01-23,7.3,1.2,4.2,79.5,66.0,5.6,8.7,2.0,1.3,3.2,0.8,76.12
동해,2022-01-24,5.7,2.7,4.3,69.0,52.0,5.6,9.0,2.4,1.5,0.0,-1.0,71.06
동해,2022-01-25,7.7,2.2,5.1,61.0,51.0,3.5,7.2,1.4,0.0,0.0,-1.8,64.45
동해,2022-01-26,9.6,2.2,5.4,46.8,27.0,4.6,8.7,2.4,0.0,8.5,-5.2,51.86
동해,2022-01-27,7.4,-0.4,3.2,56.1,37.0,3.8,5.9,2.0,0.0,8.2,-4.9,54.73
동해,2022-01-28,4.9,-1.1,2.3,38.5,22.0,5.2,8.0,2.2,0.0,9.0,-10.6,42.85
동해,2022-01-29,5.0,-1.2,1.9,32.0,22.0,5.7,10.6,2.3,0.0,8.9,-13.2,35.71
동해,2022-01-30,4.2,-3.4,0.7,42.0,25.0,4.5,6.9,2.1,0.0,9.2,-11.1,39.65
동해,2022-01-31,7.6,-1.8,2.5,29.9,11.0,4.6,7.6,1.7,0.0,9.3,-14.0,32.53
동해,2022-02-01,5.5,0.4,2.7,40.1,26.0,6.2,11.2,3.1,0.0,8.7,-9.7,38.25
동해,2022-02-02,6.5,-1.4,1.4,32.6,18.0,5.1,10.6,2.1,0.0,8.5,-13.8,33.830000000000005
동해,2022-02-03,5.9,-2.0,1.5,27.3,16.0,4.8,8.9,2.8,0.0,9.1,-15.7,29.64
동해,2022-02-04,4.2,-2.9,0.0,25.1,14.0,6.1,11.8,3.5,0.0,9.3,-18.1,26.290000000000003
동해,2022-02-05,2.0,-6.9,-2.3,25.8,16.0,7.1,13.1,3.6,0.0,9.3,-19.6,25.81
동해,2022-02-06,5.2,-4.8,0.2,26.3,15.0,5.0,10.6,3.3,0.0,9.3,-17.3,26.080000000000002
동해,2022-02-07,3.6,-2.5,0.4,38.6,23.0,4.9,6.8,1.8,0.0,8.9,-12.2,34.86
동해,2022-02-08,5.7,-1.6,1.4,43.3,25.0,3.5,5.3,1.6,0.0,6.1,-10.2,40.66
동해,2022-02-09,8.8,-2.7,3.2,53.4,31.0,3.6,5.9,1.9,0.0,9.1,-5.6,49.89999999999999
동해,2022-02-10,7.8,0.1,3.6,54.0,26.0,7.7,10.3,2.8,0.0,7.9,-5.1,52.809999999999995
동해,2022-02-11,9.7,-1.6,4.2,50.3,25.0,2.5,4.2,1.6,0.0,9.2,-5.5,51.349999999999994
동해,2022-02-12,8.2,3.2,6.6,49.8,30.0,5.9,8.2,2.0,0.0,7.7,-3.6,50.31999999999999
동해,2022-02-13,9.5,1.9,5.6,71.3,50.0,6.2,8.3,2.2,0.0,2.5,0.7,64.89999999999999
동해,2022-02-14,10.1,0.6,6.1,62.0,31.0,4.7,8.5,1.9,0.0,7.4,-1.1,62.64
동해,2022-02-15,4.8,-2.8,0.8,34.0,20.0,8.3,13.7,3.1,0.0,9.4,-13.5,43.33
동해,2022-02-16,1.4,-5.8,-3.2,22.6,16.0,6.1,12.1,3.7,0.0,9.5,-21.8,28.82
동해,2022-02-17,0.7,-7.7,-3.5,40.1,19.0,7.9,11.1,3.4,0.0,9.7,-15.3,35.99
동해,2022-02-18,7.0,-5.3,1.7,50.8,20.0,5.2,8.3,2.0,0.0,9.6,-7.5,45.839999999999996
동해,2022-02-19,7.7,0.4,3.8,33.0,15.0,4.5,8.8,1.7,0.0,3.2,-11.4,37.269999999999996
동해,2022-02-20,3.0,-4.3,-1.0,24.5,13.0,5.8,11.7,3.5,0.0,9.8,-19.5,28.83
동해,2022-02-21,5.1,-2.9,1.3,31.5,20.0,6.2,11.3,3.1,0.0,8.1,-14.0,30.249999999999996
동해,2022-02-22,4.0,-3.4,-0.1,24.4,15.0,7.0,12.4,3.1,0.0,10.1,-18.4,25.83
동해,2022-02-23,1.9,-5.9,-1.8,37.0,17.0,5.2,7.3,2.1,0.0,10.1,-15.0,33.93
동해,2022-02-24,8.9,-4.7,2.1,22.3,8.0,5.0,9.2,2.4,0.0,10.3,-18.2,25.45
동해,2022-02-25,13.0,2.6,7.4,30.1,16.0,5.6,10.7,3.3,0.0,10.3,-9.6,29.23
동해,2022-02-26,15.0,5.9,9.8,37.3,24.0,8.4,14.9,4.5,0.3,4.7,-4.8,34.35999999999999
동해,2022-02-27,12.8,3.2,7.5,27.9,14.0,5.4,12.7,2.9,0.5,10.5,-10.5,30.0
동해,2022-02-28,14.8,3.7,9.0,41.1,17.0,4.9,8.1,1.6,0.0,8.7,-4.1,38.08
동해,2022-03-01,14.7,6.0,10.0,48.5,21.0,6.1,8.2,2.3,0.0,5.4,-0.9,44.959999999999994
동해,2022-03-02,12.1,2.5,7.3,38.1,15.0,4.6,11.1,2.0,0.0,10.3,-6.3,40.48
동해,2022-03-03,9.1,2.0,6.4,48.6,27.0,5.7,8.5,2.5,0.0,10.3,-4.1,46.49
동해,2022-03-04,19.9,2.0,11.9,30.8,10.0,6.4,13.1,2.2,0.0,9.4,-6.1,35.09
동해,2022-03-05,12.5,3.2,6.8,18.0,10.0,7.6,14.6,4.4,0.0,10.3,-16.5,23.619999999999997
동해,2022-03-06,6.8,0.1,3.3,35.9,13.0,7.7,10.8,3.2,0.0,10.2,-11.1,31.810000000000002
동해,2022-03-07,9.8,-1.1,5.3,46.5,22.0,5.0,7.6,1.8,0.0,8.5,-5.5,41.529999999999994
동해,2022-03-08,10.9,3.1,7.0,45.3,22.0,3.0,4.6,1.4,0.0,9.8,-4.8,44.599999999999994
동해,2022-03-09,11.1,2.6,7.7,64.5,42.0,5.2,6.5,1.8,0.0,10.2,1.2,58.86
동해,2022-03-10,16.6,3.3,11.5,42.6,15.0,5.5,7.7,1.7,0.0,9.4,-2.5,47.25
동해,2022-03-11,21.7,9.3,14.2,34.6,16.0,4.4,7.6,1.5,0.0,8.9,-1.8,39.190000000000005
동해,2022-03-12,14.8,7.9,11.1,74.4,45.0,5.7,7.1,1.7,0.0,7.8,6.5,63.26
동해,2022-03-13,11.0,6.8,7.9,94.3,81.0,6.3,10.8,2.3,10.7,0.0,7.0,84.34999999999998
동해,2022-03-14,13.7,7.1,9.6,84.4,51.0,7.7,16.3,2.3,1.3,0.4,6.7,85.38
동해,2022-03-15,11.9,6.6,10.1,68.4,46.0,4.6,7.9,2.0,0.0,6.3,4.3,74.19
동해,2022-03-16,15.7,5.6,10.9,67.3,38.0,3.0,4.3,1.4,0.0,9.3,4.6,69.22999999999999
동해,2022-03-17,9.7,6.0,6.9,94.1,79.0,3.9,7.2,1.3,15.4,0.0,5.9,86.16999999999999
동해,2022-03-18,6.6,4.4,5.5,84.4,67.0,4.7,8.4,2.6,11.2,0.0,2.9,84.63000000000001
동해,2022-03-19,6.0,1.4,3.2,95.6,80.0,4.2,7.2,1.9,30.5,0.0,2.5,93.20999999999998
동해,2022-03-20,11.3,2.7,6.3,67.8,43.0,3.6,7.2,1.4,0.0,5.0,0.4,75.02
동해,2022-03-21,9.6,2.6,6.5,68.0,41.0,3.7,6.0,1.8,0.0,7.5,0.7,70.72
동해,2022-03-22,9.2,3.1,6.5,59.1,35.0,8.0,11.4,3.0,0.0,10.8,-1.2,61.75
동해,2022-03-23,12.0,2.4,7.9,47.3,35.0,4.1,7.8,1.7,0.0,1.8,-2.8,51.730000000000004
동해,2022-03-24,15.5,5.9,10.9,53.4,42.0,5.3,11.1,1.8,0.0,7.8,1.6,52.75
동해,2022-03-25,16.4,8.2,12.4,66.4,37.0,2.4,3.5,0.9,4.2,1.7,5.9,61.89
동해,2022-03-26,15.0,8.0,11.3,90.9,76.0,8.8,15.3,3.4,6.6,1.0,9.8,82.25
동해,2022-03-27,17.9,6.9,11.8,50.3,20.0,6.3,13.3,2.5,0.0,11.1,-0.6,60.03
동해,2022-03-28,12.1,2.2,7.8,43.6,22.0,5.7,9.6,2.2,0.0,11.3,-4.7,49.67
동해,2022-03-29,14.5,4.2,10.5,52.8,28.0,6.3,10.4,2.0,0.0,11.1,0.6,50.709999999999994
동해,2022-03-30,15.9,7.9,11.5,69.0,37.0,4.4,6.6,1.3,3.3,4.7,5.5,63.22
동해,2022-03-31,8.6,4.3,6.9,94.6,81.0,4.8,8.2,1.7,11.2,0.0,6.0,85.3
동해,2022-04-01,10.4,2.9,6.6,74.9,54.0,6.8,9.6,2.1,0.1,6.6,2.1,78.25
동해,2022-04-02,12.7,3.4,8.6,66.9,44.0,4.0,7.3,1.8,0.0,11.3,2.5,71.27
동해,2022-04-03,13.9,4.8,9.8,59.0,29.0,4.1,6.3,1.9,0.0,11.2,2.0,62.17
동해,2022-04-04,16.5,6.8,11.7,51.6,28.0,5.4,8.0,2.0,0.0,11.3,1.7,54.61
동해,2022-04-05,21.8,7.8,14.9,23.5,12.0,4.6,8.0,1.7,0.0,10.4,-6.1,32.67
동해,2022-04-06,15.8,8.1,11.8,66.4,20.0,7.6,11.1,2.4,0.0,6.6,4.8,56.34
동해,2022-04-07,20.8,7.8,13.9,45.3,18.0,5.9,11.8,2.4,0.0,9.6,1.5,47.339999999999996
동해,2022-04-08,21.0,6.1,14.1,51.0,22.0,7.2,11.8,2.6,0.0,11.3,3.0,51.4
동해,2022-04-09,28.1,19.2,23.6,25.8,17.0,9.7,17.2,5.6,0.0,11.2,2.5,32.79
동해,2022-04-10,30.0,16.7,22.6,28.1,10.0,8.0,14.0,2.5,0.0,11.2,1.9,29.93
동해,2022-04-11,24.1,14.4,19.7,45.6,22.0,6.3,9.0,1.9,0.0,10.9,6.9,40.12
동해,2022-04-12,24.1,11.0,17.8,66.8,39.0,8.4,13.0,2.6,0.0,10.3,10.9,58.69
동해,2022-04-13,11.1,7.7,8.7,95.1,84.0,6.3,10.1,2.4,11.6,0.0,8.0,84.49
동해,2022-04-14,10.1,8.0,9.3,78.9,64.0,4.5,6.7,2.0,2.3,0.0,5.6,80.93
동해,2022-04-15,13.0,5.7,9.3,62.3,47.0,4.6,6.3,2.4,0.0,7.1,2.2,68.89999999999999
동해,2022-04-16,15.9,3.5,11.1,59.3,26.0,5.7,9.0,2.4,0.0,11.7,2.5,61.86
동해,2022-04-17,19.8,12.1,16.4,28.3,16.0,4.4,8.1,2.0,0.0,11.4,-2.7,37.9
동해,2022-04-18,20.5,10.0,16.4,33.9,15.0,5.8,11.0,2.5,0.0,5.5,-1.0,35.31999999999999
동해,2022-04-19,17.6,8.5,13.9,71.4,28.0,3.7,7.2,1.3,0.0,11.5,8.1,59.59
동해,2022-04-20,25.4,14.4,18.9,27.5,14.0,6.6,10.1,2.7,0.0,11.9,-0.7,36.92
동해,2022-04-21,23.2,11.8,18.0,31.9,21.0,5.0,9.4,1.7,0.0,8.4,0.8,34.97
동해,2022-04-22,26.3,14.6,21.2,45.8,36.0,4.9,10.8,2.2,0.0,8.6,8.9,41.19
동해,2022-04-23,20.0,11.9,15.4,66.0,48.0,5.4,7.9,2.4,0.0,8.5,8.9,58.55
동해,2022-04-24,24.1,11.7,18.8,57.9,35.0,4.8,7.4,1.6,0.0,11.6,9.5,58.309999999999995
동해,2022-04-25,22.0,16.9,18.8,59.3,32.0,3.8,6.1,1.5,0.0,5.6,10.4,59.69
동해,2022-04-26,23.3,13.7,17.0,88.5,49.0,5.1,8.3,1.4,14.9,2.8,14.8,79.60000000000001
동해,2022-04-27,22.8,10.6,14.4,61.6,37.0,7.1,12.6,3.4,0.0,10.7,6.6,66.75
동해,2022-04-28,15.9,9.5,13.0,81.5,66.0,2.8,4.4,1.2,0.0,6.0,9.8,78.22
동해,2022-04-29,13.0,7.7,9.4,90.9,74.0,5.0,8.3,2.4,13.8,0.2,7.9,86.09
동해,2022-04-30,15.1,6.5,12.3,69.4,40.0,6.7,10.1,2.6,0.0,8.5,6.3,74.91000000000001
동해,2022-05-01,18.5,11.1,14.3,42.3,20.0,5.4,9.0,2.9,0.0,9.0,0.8,52.58
동해,2022-05-02,15.1,7.0,10.5,72.5,46.0,5.9,8.9,2.3,1.4,6.7,5.6,66.15
동해,2022-05-03,24.5,6.7,17.0,42.1,22.0,4.5,9.0,2.1,0.0,12.0,2.6,48.199999999999996
동해,2022-05-04,27.8,18.9,23.0,27.5,19.0,5.7,10.2,2.7,0.0,12.2,2.9,34.92
동해,2022-05-05,23.5,16.4,19.5,49.4,31.0,4.0,6.5,1.6,0.0,12.2,8.1,44.29
동해,2022-05-06,23.4,14.4,18.9,56.8,38.0,4.7,6.9,1.7,0.0,12.3,9.9,52.39
동해,2022-05-07,22.2,10.7,14.6,80.9,37.0,6.8,10.9,2.2,2.3,0.4,10.7,72.93
동해,2022-05-08,15.1,8.5,12.7,76.0,56.0,4.5,6.7,1.7,0.0,0.0,8.4,75.06
동해,2022-05-09,19.0,10.9,14.8,63.5,46.0,2.4,4.5,1.2,0.0,12.5,7.7,67.74
동해,2022-05-10,18.0,7.7,13.6,63.9,34.0,5.8,9.2,2.1,0.0,9.7,6.4,65.03
동해,2022-05-11,18.7,10.7,15.2,81.8,58.0,3.6,4.9,1.2,0.0,10.8,12.0,76.38999999999999
동해,2022-05-12,19.6,14.2,16.1,74.5,56.0,7.1,9.8,3.0,0.0,4.7,11.4,74.89999999999999
동해,2022-05-13,15.7,11.2,13.1,86.0,71.0,6.8,9.2,2.4,0.7,0.0,10.7,83.28
동해,2022-05-14,22.5,9.0,16.0,48.9,19.0,6.7,10.4,2.2,0.0,11.6,3.5,58.879999999999995
동해,2022-05-15,18.4,9.6,14.5,47.9,29.0,4.9,6.7,2.2,0.0,12.6,3.2,51.91
동해,2022-05-16,23.8,12.2,18.3,37.1,20.0,6.8,10.9,2.6,0.0,11.7,2.6,40.44
동해,2022-05-17,23.2,12.7,19.3,46.6,30.0,4.8,8.3,1.8,0.0,11.3,6.8,44.83
동해,2022-05-18,28.4,19.2,22.8,38.0,25.0,6.5,12.4,2.0,0.0,8.0,7.4,39.63
동해,2022-05-19,26.1,17.7,21.3,39.8,20.0,4.8,10.4,1.8,0.0,5.1,6.1,40.11999999999999
동해,2022-05-20,26.2,18.7,22.2,31.9,19.0,5.4,9.8,1.6,0.0,12.3,4.1,34.089999999999996
동해,2022-05-21,27.3,17.0,22.6,41.6,30.0,4.5,9.9,1.8,0.0,12.4,8.8,39.48
동해,2022-05-22,25.1,15.0,19.8,61.6,39.0,5.8,9.5,2.1,0.0,9.3,11.8,54.629999999999995
동해,2022-05-23,22.5,14.6,18.0,78.8,51.0,5.7,9.2,1.8,0.0,12.6,14.0,71.63999999999999
동해,2022-05-24,29.3,16.1,22.5,60.1,24.0,4.8,10.5,1.6,0.0,11.3,13.9,63.989999999999995
동해,2022-05-25,26.1,18.9,22.8,51.3,36.0,4.3,6.8,1.5,0.0,9.9,11.8,55.81
동해,2022-05-26,24.1,14.8,20.4,44.3,23.0,6.1,8.9,2.5,0.0,12.3,6.7,47.279999999999994
동해,2022-05-27,21.0,15.0,17.4,57.4,26.0,4.0,6.9,1.3,0.0,2.9,8.5,54.17
동해,2022-05-28,32.7,15.5,25.6,33.4,17.0,6.3,11.0,2.3,0.0,12.7,7.6,39.29
동해,2022-05-29,27.2,17.8,22.4,45.0,18.0,6.0,10.2,1.9,0.0,11.9,8.4,43.919999999999995
동해,2022-05-30,20.5,16.6,17.7,82.5,53.0,7.3,10.0,2.9,0.0,0.3,14.5,70.09
동해,2022-05-31,22.6,14.4,19.7,57.9,32.0,5.0,7.4,1.8,0.0,12.6,10.5,61.529999999999994
동해,2022-06-01,28.0,16.2,20.8,46.6,20.0,5.3,8.0,2.0,0.0,10.7,8.1,52.449999999999996
동해,2022-06-02,25.4,16.5,20.3,56.4,23.0,3.6,5.8,1.6,0.0,12.7,9.6,54.589999999999996
동해,2022-06-03,21.0,16.9,19.1,81.1,67.0,5.7,10.0,2.4,0.0,3.0,15.7,72.70999999999998
동해,2022-06-04,21.1,15.4,18.5,83.9,70.0,5.3,8.9,2.5,0.0,3.6,15.6,80.58999999999999
동해,2022-06-05,20.4,16.5,17.8,90.3,73.0,5.3,7.9,1.7,2.3,0.2,16.1,88.1
동해,2022-06-06,17.4,13.5,14.8,99.0,99.0,6.7,12.5,3.0,66.1,0.0,14.6,95.75
동해,2022-06-07,17.7,13.4,14.9,83.9,69.0,6.1,9.2,2.8,0.4,1.0,12.0,87.56
동해,2022-06-08,18.4,13.5,15.6,78.1,60.0,2.6,4.3,1.1,0.0,2.8,11.7,81.35
동해,2022-06-09,19.2,13.2,16.4,87.8,70.0,3.5,5.9,1.2,0.3,4.6,14.2,85.47
동해,2022-06-10,22.5,14.0,18.4,88.6,69.0,3.9,7.1,1.4,0.0,10.6,16.3,87.38999999999999
동해,2022-06-11,20.8,16.7,18.3,95.0,84.0,4.0,6.6,1.7,0.0,1.9,17.4,93.0
동해,2022-06-12,21.1,14.6,18.2,85.6,72.0,2.9,4.9,1.5,0.0,5.3,15.6,87.77999999999999
동해,2022-06-13,21.4,16.8,18.9,83.0,66.0,4.5,7.9,1.9,0.0,7.2,15.8,84.72
동해,2022-06-14,19.9,14.4,17.0,90.0,75.0,3.5,6.0,2.0,3.6,0.2,15.2,88.16
동해,2022-06-15,18.1,14.1,16.0,90.0,77.0,7.3,10.9,2.0,6.7,1.0,14.3,89.3
동해,2022-06-16,21.9,15.0,19.3,85.1,61.0,3.5,6.4,1.2,0.0,10.0,16.5,86.57
동해,2022-06-17,27.5,18.2,22.9,66.1,43.0,6.2,9.7,1.8,0.0,12.8,15.8,72.28999999999999
동해,2022-06-18,27.1,21.5,24.1,70.6,60.0,3.4,6.0,1.3,0.0,10.6,18.3,71.14999999999999
동해,2022-06-19,26.6,20.8,23.8,79.8,62.0,2.5,5.1,1.1,0.0,11.6,19.9,76.58999999999999
동해,2022-06-20,28.1,21.0,24.0,75.1,54.0,3.9,6.2,1.5,0.0,12.5,19.1,75.59
동해,2022-06-21,25.4,20.1,21.8,92.4,75.0,4.1,7.5,1.4,0.0,9.8,20.4,87.68
동해,2022-06-22,29.5,19.9,22.4,92.8,58.0,4.9,7.7,1.2,0.0,10.0,21.0,90.95
동해,2022-06-23,28.9,19.7,22.2,95.4,66.0,5.6,9.3,1.1,3.0,2.4,21.3,94.58
동해,2022-06-24,30.6,21.6,26.3,70.0,47.0,5.4,10.0,1.8,15.9,5.5,19.6,77.36
동해,2022-06-25,34.1,23.2,28.1,50.3,27.0,7.3,12.9,2.9,0.0,12.9,16.4,58.74999999999999
동해,2022-06-26,30.4,21.9,26.1,71.5,55.0,6.8,11.5,1.7,0.0,1.3,20.4,67.11
동해,2022-06-27,29.9,21.4,24.7,88.0,56.0,3.2,7.1,1.3,9.1,1.3,22.3,80.92999999999999
동해,2022-06-28,33.6,22.3,30.2,55.5,44.0,6.5,12.1,2.6,0.0,3.3,20.1,63.599999999999994
동해,2022-06-29,30.7,22.3,26.1,76.4,51.0,4.4,8.2,1.7,0.8,0.0,21.3,73.38000000000001
동해,2022-06-30,30.3,21.7,24.8,88.9,62.0,5.8,8.4,1.6,9.8,2.9,22.6,83.05999999999999
동해,2022-07-01,30.3,21.7,25.8,76.4,53.0,4.7,7.2,1.6,0.0,12.6,21.1,78.9
동해,2022-07-02,29.4,21.2,24.5,84.1,64.0,2.8,5.1,1.0,0.0,11.0,21.5,83.03999999999999
동해,2022-07-03,30.5,22.6,24.7,88.9,59.0,2.3,3.3,0.9,6.6,11.0,22.6,86.69
동해,2022-07-04,29.2,22.9,25.4,87.3,67.0,2.0,4.3,0.8,0.0,5.6,23.0,87.29999999999998
동해,2022-07-05,27.4,22.1,23.9,97.0,80.0,2.9,4.3,1.0,0.0,6.2,23.3,94.24999999999999
동해,2022-07-06,26.4,23.0,24.2,96.4,85.0,2.1,3.6,1.0,0.0,3.6,23.5,95.61000000000001
동해,2022-07-07,29.3,23.4,25.5,89.9,71.0,3.0,5.7,0.9,0.0,4.5,23.7,91.91000000000001
동해,2022-07-08,33.4,23.5,27.4,78.1,46.0,4.5,7.8,1.2,0.5,6.1,22.8,82.28999999999999
동해,2022-07-09,29.2,22.8,24.8,88.6,66.0,6.8,9.7,1.8,0.0,8.0,22.7,86.62999999999998
동해,2022-07-10,26.0,22.2,23.2,98.1,91.0,4.9,7.5,1.4,4.7,0.4,22.9,94.19999999999999
동해,2022-07-11,27.0,21.6,23.2,98.1,84.0,5.8,10.3,1.6,34.0,2.7,22.8,97.14999999999999
동해,2022-07-12,25.2,20.8,22.0,92.5,78.0,5.1,7.3,2.0,0.1,3.0,20.6,94.18
동해,2022-07-13,23.5,20.8,22.0,97.3,87.0,3.9,6.6,1.2,19.1,0.1,21.5,96.42
동해,2022-07-14,24.5,20.5,22.2,94.3,81.0,6.1,9.7,2.3,0.4,1.2,21.1,94.72
동해,2022-07-15,26.2,19.8,22.1,95.3,82.0,5.5,10.7,1.3,16.6,4.3,21.2,95.3
동해,2022-07-16,26.6,20.0,23.0,93.4,73.0,2.6,4.3,1.2,3.1,8.7,21.8,93.87
동해,2022-07-17,25.0,20.6,22.9,93.4,82.0,4.8,6.6,1.4,0.0,5.7,21.7,93.59
동해,2022-07-18,29.0,21.5,23.7,87.8,65.0,3.6,6.6,1.4,0.0,6.0,21.5,89.48
동해,2022-07-19,26.4,21.9,24.1,91.4,79.0,4.4,6.4,1.2,0.1,6.9,22.5,90.88
동해,2022-07-20,30.9,22.7,26.3,72.3,49.0,3.1,4.9,1.3,0.0,7.5,20.6,77.66999999999999
동해,2022-07-21,24.1,20.8,21.5,99.0,91.0,5.0,8.2,1.8,37.5,0.0,21.3,92.89999999999999
동해,2022-07-22,26.0,20.1,22.3,93.1,75.0,6.4,8.9,2.5,5.6,5.4,21.1,92.19999999999999
동해,2022-07-23,25.9,19.5,22.7,90.9,74.0,3.8,6.5,1.6,8.2,3.6,21.0,92.15
동해,2022-07-24,26.0,21.4,23.3,96.6,84.0,5.5,9.0,2.1,13.5,5.1,22.6,95.11
동해,2022-07-25,25.2,22.2,23.1,94.0,85.0,5.0,7.3,2.1,0.0,5.2,22.0,94.21000000000001
동해,2022-07-26,25.1,21.4,23.1,94.9,83.0,2.6,3.9,0.9,0.0,0.6,22.1,94.89
동해,2022-07-27,27.4,20.9,24.0,92.0,75.0,2.8,4.5,1.3,0.0,5.0,22.5,92.78
동해,2022-07-28,27.2,22.7,24.5,93.4,80.0,2.4,4.7,0.8,0.4,3.0,23.2,93.27
동해,2022-07-29,28.5,23.1,25.2,94.9,81.0,2.8,4.6,0.8,0.0,6.1,24.3,94.31000000000002
동해,2022-07-30,27.0,24.3,25.2,97.5,91.0,3.0,4.0,0.8,0.1,0.1,24.7,96.57000000000001
동해,2022-07-31,26.4,24.0,25.0,99.0,96.0,3.3,5.0,0.7,9.2,0.0,24.8,98.28999999999999
동해,2022-08-01,28.8,24.4,25.7,97.3,87.0,1.9,3.7,0.7,2.0,0.8,25.2,97.66
동해,2022-08-02,29.4,24.2,25.9,92.9,72.0,2.9,4.7,0.8,0.8,3.5,24.6,94.39000000000001
동해,2022-08-03,32.6,25.9,27.9,77.1,57.0,4.2,5.9,1.2,0.0,2.6,23.4,82.28
동해,2022-08-04,34.0,25.1,27.7,79.1,47.0,3.6,5.6,1.3,0.0,6.3,23.6,80.08
동해,2022-08-05,31.3,25.3,28.4,74.3,58.0,5.5,8.3,1.4,0.0,11.9,23.2,75.53999999999999
동해,2022-08-06,33.2,26.7,29.3,70.9,55.0,3.9,7.2,1.2,0.0,9.1,23.2,72.4
동해,2022-08-07,32.1,26.3,28.9,75.9,60.0,4.7,7.7,1.5,0.0,9.5,24.1,74.74000000000001
동해,2022-08-08,32.1,25.0,27.8,78.4,55.0,5.1,9.3,1.8,6.0,0.2,23.3,77.15
동해,2022-08-09,27.2,21.8,24.6,98.5,91.0,4.6,8.0,1.2,28.9,0.0,24.3,92.22
동해,2022-08-10,24.4,21.0,22.3,98.4,88.0,2.6,5.0,0.6,64.8,0.3,22.0,96.42
동해,2022-08-11,25.2,21.5,23.0,98.6,88.0,2.6,4.6,0.7,21.1,0.1,22.7,98.55000000000001
동해,2022-08-12,28.4,22.3,25.6,85.8,73.0,2.3,4.1,1.2,0.0,11.9,22.9,89.62
동해,2022-08-13,27.1,21.6,24.6,92.8,75.0,2.7,4.1,1.1,0.6,1.8,23.2,91.97999999999999
동해,2022-08-14,27.9,23.6,25.3,92.0,77.0,3.9,5.6,1.1,0.8,3.2,23.8,91.53999999999999
동해,2022-08-15,31.8,24.1,28.8,70.0,56.0,4.0,10.7,1.4,0.0,1.1,22.5,76.68
동해,2022-08-16,31.7,23.7,26.8,78.4,48.0,4.1,7.3,1.7,3.5,6.8,22.4,78.08
동해,2022-08-17,25.9,20.7,23.4,94.9,84.0,2.7,5.0,1.1,4.1,0.5,22.4,89.11000000000001
동해,2022-08-18,26.4,19.2,23.1,89.8,75.0,2.7,5.0,1.3,0.0,9.7,21.2,89.67999999999999
동해,2022-08-19,27.6,21.4,24.3,82.5,55.0,2.0,4.0,0.9,0.1,1.6,21.1,85.19999999999999
동해,2022-08-20,27.1,21.1,23.6,94.6,80.0,4.2,8.2,1.4,1.8,0.3,22.7,91.7
동해,2022-08-21,26.5,19.7,23.0,86.3,70.0,3.7,7.0,1.4,0.0,11.0,20.3,87.58
동해,2022-08-22,27.6,19.4,23.8,85.6,64.0,2.9,5.6,1.0,0.0,7.5,21.1,86.63999999999999
동해,2022-08-23,26.7,21.6,23.6,85.5,64.0,4.7,8.7,1.4,0.8,0.0,20.8,85.6
동해,2022-08-24,24.1,20.6,22.3,86.0,74.0,2.4,4.5,0.8,0.0,0.0,19.7,85.86
동해,2022-08-25,25.4,18.7,21.7,87.4,62.0,2.0,3.9,0.8,0.3,3.3,19.4,86.92999999999999
동해,2022-08-26,27.3,19.7,23.4,66.9,49.0,3.0,6.1,1.4,0.0,10.5,16.7,72.91
동해,2022-08-27,24.8,16.2,21.5,62.0,36.0,6.6,10.4,2.3,0.0,9.5,13.5,65.52
동해,2022-08-28,24.8,15.0,20.2,69.4,54.0,3.8,6.4,1.8,0.0,11.3,14.0,67.67
동해,2022-08-29,23.0,17.9,20.1,77.1,63.0,3.1,5.2,1.3,0.6,0.0,15.8,74.05
동해,2022-08-30,19.9,16.9,18.7,96.3,70.0,2.4,4.0,0.5,72.0,0.0,18.0,89.77
동해,2022-08-31,22.0,19.0,19.7,97.6,85.0,3.1,7.6,1.5,29.0,0.3,19.3,95.28999999999999
동해,2022-09-01,25.0,17.7,21.0,89.4,68.0,2.4,4.7,1.0,0.0,7.1,19.0,91.72999999999999
동해,2022-09-02,24.6,17.1,21.0,90.0,70.0,3.5,5.1,1.2,0.2,5.0,19.2,90.64
동해,2022-09-03,25.2,19.6,21.7,84.9,68.0,1.8,5.1,0.8,0.0,5.7,18.9,86.37
동해,2022-09-04,23.1,19.2,21.2,97.9,89.0,2.5,4.1,0.8,2.9,0.1,20.8,94.51
동해,2022-09-05,24.1,18.3,20.6,99.0,97.0,5.5,10.6,1.7,31.8,0.0,20.4,97.36999999999999
동해,2022-09-06,26.2,18.1,20.6,81.9,52.0,10.4,19.0,4.2,65.6,6.1,17.0,86.92
동해,2022-09-07,26.3,16.0,21.5,56.6,31.0,4.5,8.1,2.0,0.0,11.3,11.9,65.9
동해,2022-09-08,24.6,15.2,19.8,77.6,55.0,3.1,4.4,1.9,0.0,11.2,15.5,73.82999999999998
동해,2022-09-09,24.3,14.8,19.4,84.6,53.0,2.2,4.0,1.4,0.0,9.8,16.5,80.39999999999999
동해,2022-09-10,24.6,15.8,20.1,86.1,62.0,6.3,8.5,2.2,0.0,4.8,17.5,84.94999999999999
동해,2022-09-11,24.6,19.2,21.5,88.1,74.0,5.9,7.6,1.5,0.0,3.1,19.3,87.34999999999998
동해,2022-09-12,24.4,18.8,21.3,89.4,69.0,2.4,4.3,1.1,0.0,1.6,19.4,88.81
동해,2022-09-13,25.2,20.0,22.2,92.1,78.0,3.9,5.9,1.5,0.0,1.4,20.8,91.16
동해,2022-09-14,25.3,20.6,22.5,85.6,70.0,6.3,9.2,2.7,0.0,5.8,19.8,87.27999999999999
동해,2022-09-15,24.5,19.3,21.8,80.4,67.0,3.1,6.5,1.4,0.0,6.9,18.1,82.61
동해,2022-09-16,25.7,17.9,22.0,91.5,69.0,4.6,7.6,1.4,0.0,8.7,20.5,88.69
동해,2022-09-17,27.4,20.4,23.8,92.4,75.0,4.5,7.2,1.2,0.5,10.1,22.4,91.02000000000001
동해,2022-09-18,24.7,21.7,23.3,93.9,80.0,5.4,9.1,2.2,1.2,0.0,22.1,93.36000000000001
동해,2022-09-19,23.4,16.3,20.3,84.8,59.0,14.2,20.1,6.5,14.7,0.5,17.4,87.37999999999998
동해,2022-09-20,20.4,12.9,16.8,71.9,45.0,8.2,12.4,3.1,0.0,1.8,11.4,76.67999999999999
동해,2022-09-21,20.8,11.7,16.1,73.5,44.0,5.3,8.5,2.5,0.0,10.8,10.7,74.31
동해,2022-09-22,22.6,11.7,17.8,72.4,55.0,4.0,6.9,2.2,0.0,8.3,12.5,72.57
동해,2022-09-23,26.2,14.6,19.4,63.5,36.0,5.1,10.0,2.2,0.0,9.8,11.6,66.28
동해,2022-09-24,23.2,13.8,18.2,54.4,28.0,3.6,7.1,1.9,0.0,10.8,8.3,58.02
동해,2022-09-25,22.1,13.0,17.7,74.3,55.0,4.4,6.6,1.8,0.0,1.8,12.8,69.24
동해,2022-09-26,24.5,14.1,18.5,76.4,42.0,2.4,4.4,1.5,0.0,6.5,14.1,73.78
동해,2022-09-27,23.2,14.0,17.9,83.1,61.0,2.4,4.0,1.4,0.0,10.5,14.8,80.88
동해,2022-09-28,23.9,12.3,18.0,79.4,46.0,3.8,5.7,1.7,0.0,7.1,14.2,79.84
동해,2022-09-29,24.7,13.9,19.3,71.8,41.0,3.3,5.0,1.7,0.0,10.5,13.7,74.45
동해,2022-09-30,25.5,14.1,19.9,66.6,33.0,3.2,4.4,1.8,0.0,10.5,13.3,68.91999999999999
동해,2022-10-01,29.1,16.2,21.5,50.0,24.0,3.0,4.8,1.8,0.0,9.9,9.9,55.5
동해,2022-10-02,22.5,14.6,18.5,83.4,62.0,2.9,4.7,1.4,1.4,0.1,15.5,75.03999999999999
동해,2022-10-03,27.0,17.6,20.9,86.6,59.0,4.5,6.1,1.5,0.0,1.5,18.3,82.3
동해,2022-10-04,27.2,12.9,16.4,99.0,59.0,6.1,9.7,3.0,90.3,0.0,16.2,94.96000000000001
동해,2022-10-05,13.4,12.3,12.9,99.0,99.0,3.6,7.7,1.2,40.7,0.0,12.7,97.75999999999999
동해,2022-10-06,15.2,12.5,14.1,98.1,92.0,8.3,13.6,2.0,43.2,0.0,13.8,98.36999999999999
동해,2022-10-07,16.1,11.8,13.0,96.5,83.0,8.1,12.5,3.1,30.3,0.0,12.4,97.07000000000001
동해,2022-10-08,18.0,10.6,13.5,84.6,55.0,3.0,5.4,1.3,1.4,2.5,10.6,88.33
동해,2022-10-09,20.4,10.9,15.4,78.5,57.0,6.2,9.4,1.8,0.3,2.6,11.4,81.52
동해,2022-10-10,16.5,10.5,13.1,49.0,38.0,8.3,14.7,4.8,0.0,10.0,2.6,58.46
동해,2022-10-11,19.6,9.7,13.6,55.1,34.0,5.5,10.8,2.3,0.0,10.2,4.3,56.220000000000006
동해,2022-10-12,19.0,8.0,13.8,75.5,48.0,2.7,4.6,1.7,0.0,10.2,9.2,68.77
동해,2022-10-13,20.6,10.3,15.3,75.8,52.0,4.0,7.0,1.9,0.0,10.0,10.6,73.67
동해,2022-10-14,20.9,10.9,15.4,86.1,58.0,2.3,3.1,1.1,0.0,7.1,12.9,82.97999999999999
동해,2022-10-15,20.2,12.2,16.5,87.4,69.0,2.3,3.5,1.1,0.0,9.8,14.2,85.98
동해,2022-10-16,20.2,14.7,17.3,85.4,58.0,2.2,3.5,0.9,0.0,1.1,14.6,85.87
동해,2022-10-17,19.5,11.5,15.5,60.3,37.0,7.8,13.2,2.8,0.0,4.3,7.4,68.02999999999999
동해,2022-10-18,14.8,7.0,11.3,58.6,39.0,7.7,10.5,2.8,0.0,9.1,3.2,61.62
동해,2022-10-19,15.5,6.0,10.7,55.8,29.0,5.0,7.4,2.0,0.0,9.8,1.8,56.809999999999995
동해,2022-10-20,19.3,8.2,13.9,47.8,23.0,3.3,4.9,1.9,0.0,9.7,2.8,50.47999999999999
동해,2022-10-21,21.3,10.2,17.2,35.5,20.0,3.5,4.6,1.5,0.0,5.2,1.4,39.989999999999995
동해,2022-10-22,22.1,14.2,17.7,38.3,16.0,4.3,6.7,1.5,0.0,9.4,2.9,38.69
동해,2022-10-23,17.3,9.2,12.6,89.0,54.0,6.0,10.7,2.2,30.0,0.0,10.4,73.50999999999999
동해,2022-10-24,10.9,7.5,9.0,83.4,57.0,5.2,10.1,2.8,11.4,0.5,6.1,80.01
동해,2022-10-25,13.6,7.6,10.9,73.8,59.0,7.0,10.3,2.1,0.9,1.7,6.3,77.24000000000001
동해,2022-10-26,18.6,6.2,12.7,69.4,41.0,4.7,6.9,1.8,0.0,8.5,6.9,71.67999999999999
동해,2022-10-27,20.1,10.0,14.1,66.1,32.0,3.0,5.4,1.7,0.0,8.9,7.3,67.53
동해,2022-10-28,13.9,11.9,12.8,97.4,87.0,2.7,5.5,1.2,5.7,0.0,12.4,88.33999999999999
동해,2022-10-29,15.6,9.7,12.5,90.9,73.0,1.9,3.8,1.0,0.0,2.1,10.9,89.72000000000001
동해,2022-10-30,16.9,10.8,12.9,85.5,60.0,2.5,4.1,1.1,4.8,2.8,10.4,87.77000000000001
동해,2022-10-31,17.9,10.1,13.1,77.8,56.0,4.0,7.0,1.7,0.0,6.4,9.0,80.65
동해,2022-11-01,19.2,10.2,14.1,70.4,47.0,2.5,3.7,1.4,0.0,8.1,8.5,73.39
동해,2022-11-02,17.4,8.5,13.3,60.5,40.0,3.0,4.7,1.7,0.0,8.9,5.6,64.21
동해,2022-11-03,16.4,9.5,13.4,48.5,34.0,3.6,7.2,1.7,0.0,1.2,2.6,53.089999999999996
동해,2022-11-04,12.6,4.8,9.4,41.4,23.0,7.6,11.6,2.8,0.0,9.3,-3.3,44.730000000000004
동해,2022-11-05,13.7,2.8,8.4,38.8,19.0,2.6,4.0,1.1,0.0,9.3,-5.2,40.29
동해,2022-11-06,14.9,6.8,10.5,50.3,34.0,2.8,5.4,0.9,0.0,9.2,0.3,47.10999999999999
동해,2022-11-07,17.3,7.0,12.4,46.5,28.0,2.9,6.9,1.0,0.0,8.3,0.9,46.49
동해,2022-11-08,17.0,8.9,13.3,53.8,33.0,5.0,9.1,1.5,0.0,8.8,3.7,51.989999999999995
동해,2022-11-09,19.1,8.8,14.2,49.4,29.0,2.9,4.6,1.5,0.0,9.0,3.5,49.989999999999995
동해,2022-11-10,19.6,11.5,15.1,59.3,36.0,6.1,9.6,1.7,0.0,8.4,7.0,56.77
동해,2022-11-11,19.1,11.6,15.1,81.8,68.0,5.3,9.4,1.6,0.0,4.2,11.9,74.05999999999999
동해,2022-11-12,23.2,10.3,17.8,70.5,52.0,5.1,11.7,1.8,0.6,8.7,12.1,71.63999999999999
동해,2022-11-13,21.1,10.2,13.2,87.4,63.0,8.7,14.9,2.9,15.8,0.0,11.0,83.46000000000001
동해,2022-11-14,15.4,8.2,11.0,68.3,30.0,2.6,5.7,1.1,0.0,0.8,4.9,72.33999999999999
동해,2022-11-15,14.9,7.6,11.0,43.6,29.0,5.1,9.9,2.3,0.0,8.6,-1.1,52.92
동해,2022-11-16,15.7,8.7,11.8,43.3,27.0,3.5,7.6,1.8,0.0,8.8,-0.6,45.85999999999999
동해,2022-11-17,15.2,8.1,11.0,53.9,34.0,2.8,4.8,1.5,0.0,8.1,1.8,50.75
동해,2022-11-18,18.0,7.8,11.6,57.4,23.0,3.8,5.7,2.0,0.0,8.6,3.1,55.29
동해,2022-11-19,17.0,8.2,11.9,73.9,51.0,4.3,6.9,1.7,0.0,1.3,7.2,68.60000000000001
동해,2022-11-20,17.2,7.8,12.0,79.3,53.0,2.3,3.7,1.4,0.0,6.4,8.3,76.02999999999999
동해,2022-11-21,20.5,7.5,14.1,63.4,37.0,3.3,5.5,1.5,0.0,3.6,7.0,67.63
동해,2022-11-22,15.6,9.0,12.6,74.1,46.0,2.9,4.6,1.3,10.6,1.9,7.6,72.47999999999999
동해,2022-11-23,14.5,8.9,11.5,90.4,75.0,5.3,8.3,2.2,24.8,3.8,9.9,84.44
동해,2022-11-24,14.3,6.9,10.6,68.3,44.0,3.4,5.2,1.6,0.0,6.5,4.6,73.3
동해,2022-11-25,21.2,6.7,15.3,36.1,15.0,7.5,17.1,2.1,0.0,8.1,-0.6,47.97
동해,2022-11-26,17.3,6.2,13.0,34.8,11.0,6.7,16.0,2.8,0.0,8.4,-2.8,38.41
동해,2022-11-27,13.2,2.7,8.5,47.1,24.0,3.0,4.6,1.5,0.0,8.5,-2.5,43.54
동해,2022-11-28,17.0,5.8,12.5,67.8,30.0,4.8,6.7,1.5,0.5,4.2,6.4,60.35999999999999
동해,2022-11-29,16.6,8.3,12.6,60.0,19.0,6.2,9.8,2.2,3.4,0.0,2.8,60.27
동해,2022-11-30,8.2,-1.9,1.6,21.6,13.0,6.4,11.7,3.3,0.0,7.9,-18.2,33.9
동해,2022-12-01,4.4,-3.0,-0.1,26.3,19.0,5.2,9.4,2.9,0.0,8.2,-17.3,28.73
동해,2022-12-02,5.8,-3.3,1.0,32.3,15.0,4.8,8.9,1.8,0.0,8.8,-14.6,30.029999999999998
동해,2022-12-03,10.0,-0.8,5.7,48.3,32.0,6.6,12.3,2.1,0.0,2.8,-4.5,42.9
동해,2022-12-04,6.3,0.6,3.8,25.8,15.0,5.4,8.6,2.2,0.0,4.1,-14.4,30.95
동해,2022-12-05,5.4,-0.6,2.0,29.3,16.0,4.1,8.0,1.8,0.0,6.8,-14.3,30.5
동해,2022-12-06,6.5,-0.6,3.6,39.4,28.0,5.6,11.2,2.7,0.0,8.2,-9.0,36.019999999999996
동해,2022-12-07,9.2,4.0,7.0,38.9,27.0,6.0,11.7,2.9,0.0,8.0,-6.3,38.04
동해,2022-12-08,11.7,4.3,7.4,35.1,20.0,5.2,8.8,2.0,0.0,8.1,-7.3,36.29
동해,2022-12-09,11.7,2.5,6.8,49.3,29.0,3.2,5.9,1.4,0.0,4.4,-3.2,45.42
동해,2022-12-10,10.6,2.3,6.7,46.9,30.0,4.9,7.1,2.2,0.0,6.4,-3.9,46.199999999999996
동해,2022-12-11,10.1,2.5,6.8,56.8,35.0,7.9,12.2,2.9,0.0,6.8,-1.5,54.07
동해,2022-12-12,13.6,1.3,6.8,56.5,28.0,4.9,9.3,2.1,0.0,3.7,-2.0,55.599999999999994
동해,2022-12-13,7.6,0.2,4.3,52.9,32.0,6.9,15.6,3.0,0.4,5.7,-4.9,54.01
동해,2022-12-14,0.3,-5.6,-3.3,22.1,14.0,9.1,17.0,3.9,0.0,8.7,-22.3,31.700000000000003
동해,2022-12-15,4.4,-4.2,1.3,47.8,29.0,6.2,11.2,1.9,0.0,5.4,-8.7,43.169999999999995
동해,2022-12-16,4.0,-2.0,1.1,23.9,12.0,3.5,6.2,1.7,0.0,8.0,-17.6,28.5
동해,2022-12-17,2.1,-5.3,-1.6,23.1,17.0,6.3,11.1,2.7,0.0,6.9,-20.2,25.730000000000004
동해,2022-12-18,-1.8,-7.6,-4.6,22.6,15.0,6.1,14.8,2.9,0.0,8.7,-23.0,22.830000000000002
동해,2022-12-19,2.1,-5.6,-1.9,29.8,22.0,8.0,15.1,3.0,0.0,8.7,-17.4,27.689999999999998
동해,2022-12-20,6.9,-3.6,1.3,31.0,14.0,4.0,7.4,1.3,0.0,8.3,-14.4,29.92
동해,2022-12-21,10.9,0.5,4.7,49.8,27.0,3.8,8.0,1.6,0.0,1.9,-5.0,44.03999999999999
동해,2022-12-22,3.9,-7.2,-2.5,31.1,20.0,7.7,14.9,4.2,0.0,8.5,-17.5,34.83
동해,2022-12-23,-3.1,-8.7,-6.1,35.1,23.0,7.3,11.9,3.0,0.0,8.6,-19.2,35.769999999999996
동해,2022-12-24,6.5,-4.8,1.6,47.8,33.0,5.0,8.2,2.5,0.0,7.3,-8.3,43.589999999999996
동해,2022-12-25,7.0,-0.1,2.8,37.1,26.0,4.0,7.9,2.0,0.0,8.6,-10.4,39.04
동해,2022-12-26,7.3,-1.7,2.4,39.5,27.0,2.5,4.9,1.6,0.0,7.6,-10.1,39.85
동해,2022-12-27,9.3,-1.6,3.4,29.0,13.0,4.2,7.6,1.6,0.0,8.7,-13.7,31.909999999999997
동해,2022-12-28,5.7,-0.2,2.7,32.8,21.0,6.1,10.5,3.1,0.0,7.6,-12.5,32.71
동해,2022-12-29,5.1,-2.4,1.3,29.8,16.0,7.1,11.8,2.9,0.0,8.7,-14.9,30.32
동해,2022-12-30,7.1,-0.1,2.9,39.9,22.0,5.3,9.5,1.8,0.0,8.7,-9.8,37.17
동해,2022-12-31,7.0,-1.5,2.7,38.5,28.0,6.0,10.1,2.2,0.0,8.7,-10.2,37.91
동해,2023-01-01,9.9,0.8,5.3,26.1,13.0,5.3,10.4,2.7,0.0,8.4,-13.7,29.96
동해,2023-01-02,5.1,-1.9,2.0,23.6,12.0,4.7,6.9,1.6,0.0,8.6,-16.9,25.590000000000003
동해,2023-01-03,7.3,-1.6,2.4,18.3,11.0,5.5,11.9,2.6,0.0,8.7,-19.8,20.14
동해,2023-01-04,7.4,-1.1,2.7,18.0,10.0,4.5,8.9,1.8,0.0,8.7,-19.8,18.619999999999997
동해,2023-01-05,8.6,0.4,3.9,30.1,19.0,4.5,8.3,2.4,0.0,8.6,-12.4,26.5
동해,2023-01-06,10.0,0.2,5.1,34.4,19.0,3.9,6.4,1.5,0.0,8.1,-9.6,31.9
동해,2023-01-07,8.6,2.8,5.5,48.4,41.0,5.9,10.6,2.7,0.0,7.7,-4.6,43.769999999999996
동해,2023-01-08,10.3,0.1,5.1,40.0,21.0,2.8,4.3,1.4,0.0,7.9,-7.7,41.12
동해,2023-01-09,12.7,2.9,7.5,51.9,33.0,8.2,12.9,2.4,0.0,6.1,-1.9,49.17
동해,2023-01-10,9.9,1.5,6.5,54.3,28.0,4.3,7.3,2.0,0.0,8.6,-2.4,52.39
동해,2023-01-11,14.5,3.4,9.2,26.5,11.0,4.7,7.4,1.7,0.0,8.8,-9.7,34.599999999999994
동해,2023-01-12,17.9,5.6,11.2,33.8,12.0,4.2,6.5,1.8,0.0,8.7,-5.4,34.39
동해,2023-01-13,12.7,7.8,9.6,84.1,27.0,4.6,7.9,1.8,4.9,0.0,6.4,68.28
동해,2023-01-14,8.9,2.2,5.8,97.0,85.0,6.5,9.7,3.3,33.2,0.0,5.3,88.1
동해,2023-01-15,3.4,1.5,2.5,96.1,83.0,3.0,4.8,1.6,25.5,0.0,1.9,95.08
동해,2023-01-16,4.5,-2.2,1.4,63.0,45.0,4.1,6.8,1.9,0.0,5.6,-5.0,73.02
동해,2023-01-17,3.3,-3.5,0.3,48.9,27.0,5.0,8.9,1.9,0.0,0.9,-9.5,56.44
동해,2023-01-18,4.3,-2.0,1.2,51.8,32.0,5.9,10.2,1.7,0.0,8.2,-7.8,52.34
동해,2023-01-19,6.8,-2.8,2.3,41.1,30.0,3.7,7.1,1.5,0.0,7.9,-9.7,44.019999999999996
동해,2023-01-20,5.7,-2.8,2.3,27.4,13.0,6.6,15.3,3.1,0.0,8.3,-15.7,32.58
동해,2023-01-21,4.1,-5.8,-0.6,29.1,15.0,3.6,6.6,1.7,0.0,8.9,-16.9,29.96
동해,2023-01-22,6.3,-1.9,2.0,45.3,28.0,2.6,4.5,1.3,0.0,1.3,-9.1,40.27
동해,2023-01-23,8.4,0.0,4.4,49.8,28.0,4.0,9.5,1.9,0.0,8.3,-5.6,46.83
동해,2023-01-24,2.8,-11.1,-7.1,23.8,17.0,6.4,12.8,3.9,0.0,8.8,-24.5,31.150000000000002
동해,2023-01-25,-0.5,-12.4,-5.9,23.0,11.0,5.7,10.3,2.5,0.0,9.0,-24.4,25.84
동해,2023-01-26,1.8,-6.8,-1.3,51.3,29.0,3.0,5.7,1.5,0.0,2.4,-10.1,42.89
동해,2023-01-27,2.1,-5.5,-2.2,31.8,20.0,6.4,11.6,3.1,0.0,9.1,-17.0,34.81999999999999
동해,2023-01-28,1.5,-7.2,-2.7,28.4,18.0,5.8,12.3,3.0,0.0,9.1,-18.8,31.369999999999997
동해,2023-01-29,5.5,-2.9,1.3,41.3,24.0,5.6,11.3,2.2,0.1,7.6,-11.1,37.769999999999996
동해,2023-01-30,4.3,-0.9,1.4,36.6,21.0,4.7,10.1,2.2,0.0,9.0,-12.0,36.72
동해,2023-01-31,10.4,-0.5,5.5,36.0,16.0,6.2,12.3,2.2,0.0,8.8,-8.7,36.65
동해,2023-02-01,10.9,1.8,6.3,33.6,18.0,6.6,11.5,2.7,0.0,8.7,-9.1,34.379999999999995
동해,2023-02-02,4.4,-2.7,1.2,50.4,26.0,4.0,6.9,1.8,0.0,6.4,-8.4,45.599999999999994
동해,2023-02-03,5.9,-1.6,1.9,56.5,39.0,4.8,7.6,1.9,0.0,4.9,-5.9,52.989999999999995
동해,2023-02-04,7.3,-1.1,2.9,26.9,17.0,4.9,10.3,2.5,0.0,9.3,-14.7,35.17
동해,2023-02-05,10.3,-1.6,4.6,33.4,12.0,4.1,8.3,1.6,0.0,9.3,-10.8,34.41
동해,2023-02-06,11.1,0.9,5.9,44.8,22.0,3.1,5.6,1.7,0.0,8.0,-5.3,40.72999999999999
동해,2023-02-07,8.5,0.6,5.2,64.8,46.0,5.7,9.8,2.2,0.0,2.8,-1.0,57.66
동해,2023-02-08,7.8,-0.4,3.4,72.9,49.0,5.4,8.4,2.4,0.0,7.5,-1.2,68.47
동해,2023-02-09,7.4,-1.1,3.8,65.3,47.0,4.5,7.5,1.8,0.0,4.9,-2.2,66.77
동해,2023-02-10,6.7,1.5,4.1,91.5,76.0,4.1,7.4,1.7,5.6,0.2,2.7,84.4
동해,2023-02-11,10.5,-0.2,5.0,73.9,49.0,4.7,7.5,1.9,0.0,6.4,0.5,76.56
동해,2023-02-12,9.7,2.8,6.6,57.6,30.0,6.7,10.4,2.7,0.2,2.3,-1.7,64.25
동해,2023-02-13,7.1,1.1,4.2,82.8,54.0,4.6,8.0,2.4,15.1,0.0,1.2,76.86999999999999
동해,2023-02-14,3.5,-0.6,1.2,87.4,57.0,4.5,9.9,2.0,7.4,3.2,-0.8,83.5
동해,2023-02-15,1.3,-0.8,0.6,95.5,72.0,2.7,4.8,1.1,23.4,0.0,-0.1,92.61
동해,2023-02-16,7.8,-1.6,3.1,67.8,40.0,4.0,7.6,1.5,0.0,8.3,-2.8,75.3
동해,2023-02-17,10.5,1.3,6.3,45.9,29.0,3.1,4.6,1.4,0.0,6.7,-4.7,55.239999999999995
동해,2023-02-18,10.0,4.5,7.4,57.9,41.0,2.0,2.8,0.9,0.0,0.0,-0.6,56.489999999999995
동해,2023-02-19,12.1,3.9,8.3,34.4,20.0,5.4,9.5,3.0,0.0,8.8,-6.8,40.25
동해,2023-02-20,7.4,0.7,3.3,29.3,11.0,8.1,13.7,3.2,0.0,9.6,-13.8,33.18
동해,2023-02-21,3.6,-1.4,0.7,48.5,28.0,4.8,8.7,2.7,0.0,9.4,-9.2,43.24999999999999
동해,2023-02-22,9.4,-3.2,4.5,46.0,25.0,4.3,7.8,1.9,0.0,9.8,-6.7,44.83
동해,2023-02-23,10.3,3.3,7.0,45.4,30.0,3.5,8.7,1.5,0.0,9.5,-4.3,45.83
동해,2023-02-24,9.7,1.4,5.6,57.6,30.0,8.9,14.1,2.8,6.9,6.5,-2.9,54.0
동해,2023-02-25,3.7,-0.3,1.6,86.3,68.0,5.2,9.3,1.8,12.0,3.6,-0.6,76.47
동해,2023-02-26,8.5,-1.2,3.5,56.5,25.0,3.9,6.2,1.9,0.0,10.3,-4.8,62.57
동해,2023-02-27,14.6,1.8,8.9,34.0,11.0,3.9,6.3,1.7,0.0,10.5,-7.7,43.73
동해,2023-02-28,16.4,6.8,12.0,24.5,11.0,4.2,10.0,1.9,0.0,8.5,-8.3,29.6
동해,2023-03-01,12.2,5.7,8.9,45.4,23.0,5.1,10.7,2.2,0.0,1.2,-2.6,40.08
동해,2023-03-02,5.9,0.7,3.8,42.4,26.0,9.1,14.2,2.9,0.0,9.9,-8.0,41.21
동해,2023-03-03,15.5,3.1,9.6,30.5,16.0,4.2,9.8,2.0,0.0,10.2,-7.6,34.37
동해,2023-03-04,12.2,3.7,7.6,61.9,36.0,4.2,5.8,1.8,0.0,9.9,0.4,53.67
동해,2023-03-05,13.0,1.8,8.2,69.4,53.0,5.8,9.5,2.0,0.0,10.2,2.7,64.01
동해,2023-03-06,19.4,6.7,13.3,30.9,11.0,3.8,7.7,1.4,0.0,10.2,-4.9,41.7
동해,2023-03-07,21.2,9.8,15.7,33.8,15.0,3.7,7.5,1.5,0.0,9.8,-0.7,36.78
동해,2023-03-08,21.8,13.8,17.5,28.0,15.0,8.3,14.8,3.0,0.0,5.7,-1.8,29.45
동해,2023-03-09,15.3,7.9,9.7,86.8,40.0,6.4,8.4,2.0,0.0,5.8,7.5,69.73999999999998
동해,2023-03-10,14.6,7.9,11.2,84.8,67.0,6.1,10.3,1.9,0.0,8.5,8.6,79.52
동해,2023-03-11,13.3,8.9,10.1,92.8,80.0,6.0,8.2,2.0,0.0,3.5,8.9,90.6
동해,2023-03-12,14.2,3.6,9.2,65.8,34.0,7.2,13.1,2.5,0.5,0.3,2.5,73.1
동해,2023-03-13,9.1,0.6,5.1,28.1,11.0,7.1,14.6,3.1,0.0,9.9,-12.5,42.11
동해,2023-03-14,15.5,5.7,10.6,32.5,23.0,4.4,7.9,1.5,0.0,3.5,-5.3,34.95
동해,2023-03-15,21.9,9.6,16.1,33.3,17.0,5.1,9.5,2.3,0.0,9.4,-0.7,32.62
동해,2023-03-16,15.2,4.0,7.7,39.5,15.0,5.4,9.4,2.4,0.0,9.6,-6.0,37.56
동해,2023-03-17,10.7,1.8,7.2,52.1,29.0,3.0,5.3,1.8,0.0,7.3,-2.2,47.699999999999996
동해,2023-03-18,13.3,4.9,9.1,63.9,47.0,3.2,4.9,1.5,0.0,10.5,2.3,59.1
동해,2023-03-19,15.9,5.5,10.6,47.8,19.0,4.1,7.2,2.0,0.0,10.7,-0.6,51.449999999999996
동해,2023-03-20,17.1,6.8,12.4,42.6,24.0,3.8,7.0,1.7,0.0,10.4,-0.3,45.77
동해,2023-03-21,17.7,9.3,13.8,45.5,22.0,4.3,6.9,1.7,0.0,10.7,1.3,45.15
동해,2023-03-22,18.0,6.6,13.2,74.5,35.0,5.3,8.3,1.9,0.0,10.2,8.4,65.51
동해,2023-03-23,13.5,8.2,11.3,95.5,82.0,5.0,9.2,1.5,8.9,0.0,10.5,86.3
동해,2023-03-24,10.7,7.3,9.0,78.1,59.0,4.2,6.8,1.4,0.0,0.0,5.1,81.22
동해,2023-03-25,9.7,7.5,8.6,76.9,69.0,3.7,5.4,1.2,0.0,0.0,4.7,79.0
동해,2023-03-26,9.8,5.0,8.0,77.3,63.0,6.0,8.7,2.2,0.0,0.0,4.1,77.3
동해,2023-03-27,12.8,2.4,7.7,69.3,45.0,4.0,5.4,1.8,0.0,10.4,2.1,71.66
동해,2023-03-28,14.6,4.3,9.9,52.4,26.0,4.4,7.5,2.3,0.0,10.5,0.3,58.269999999999996
동해,2023-03-29,16.1,6.5,12.1,53.1,32.0,4.1,7.3,1.8,0.0,10.4,2.6,54.580000000000005
동해,2023-03-30,24.8,10.6,17.5,24.0,10.0,5.4,8.2,1.8,0.0,11.0,-4.7,32.66
동해,2023-03-31,19.8,9.8,15.3,52.1,15.0,8.7,12.1,2.6,0.0,10.9,3.3,46.58
동해,2023-04-01,16.9,8.5,12.7,75.6,49.0,4.1,7.4,1.6,0.0,11.0,8.3,65.74
동해,2023-04-02,15.9,7.0,11.4,78.1,60.0,5.2,6.3,1.8,0.0,11.2,7.6,75.0
동해,2023-04-03,16.3,6.3,11.7,68.9,50.0,3.6,5.5,1.6,0.0,11.1,6.0,71.41
동해,2023-04-04,15.8,6.9,12.3,80.4,50.0,5.8,8.6,2.1,0.0,5.6,8.7,77.87
동해,2023-04-05,16.8,9.5,12.9,94.0,80.0,7.7,12.9,2.4,9.4,0.8,11.9,88.77
동해,2023-04-06,17.4,9.7,14.0,67.6,50.0,3.7,6.6,1.6,0.0,7.2,8.0,74.16
동해,2023-04-07,17.3,9.3,12.9,40.6,25.0,6.0,10.8,2.9,0.3,11.0,-0.5,51.339999999999996
동해,2023-04-08,17.2,6.6,12.0,21.9,10.0,7.7,16.5,4.1,0.0,11.2,-9.6,30.21
동해,2023-04-09,18.8,8.4,14.1,29.0,15.0,7.3,10.4,2.9,0.0,11.3,-4.0,28.739999999999995
동해,2023-04-10,23.6,11.6,17.5,25.0,15.0,5.1,9.7,2.3,0.0,11.0,-3.3,25.490000000000002
동해,2023-04-11,25.2,14.9,19.7,36.1,22.0,17.4,30.6,6.7,0.0,8.1,3.9,33.17
동해,2023-04-12,19.4,10.4,14.2,18.1,8.0,5.8,10.4,3.0,0.0,11.1,-10.4,22.39
동해,2023-04-13,22.6,8.6,17.0,20.9,10.0,4.6,9.4,1.7,0.0,4.9,-6.2,21.859999999999996
동해,2023-04-14,19.6,13.3,15.8,50.8,19.0,5.0,7.6,1.8,0.0,6.2,4.4,41.55
동해,2023-04-15,13.6,8.6,10.5,83.4,61.0,6.1,11.5,2.8,0.4,0.0,7.7,70.63000000000001
동해,2023-04-16,12.5,7.0,9.8,80.1,65.0,4.5,6.6,2.2,0.4,0.8,6.5,77.83
동해,2023-04-17,16.2,5.9,12.1,66.4,46.0,4.5,6.9,1.6,0.0,6.9,5.7,70.84
동해,2023-04-18,16.1,10.6,12.9,84.5,58.0,5.1,6.9,1.4,0.6,4.1,10.2,80.44000000000001
동해,2023-04-19,18.6,10.0,14.8,73.8,56.0,5.2,9.5,1.9,0.0,11.5,10.0,75.2
동해,2023-04-20,29.6,12.7,22.3,50.0,31.0,5.5,10.8,2.2,0.0,11.2,10.9,58.21
동해,2023-04-21,18.2,10.6,13.9,45.9,24.0,5.7,9.6,2.2,0.0,6.8,2.1,49.51
동해,2023-04-22,15.9,7.4,11.7,63.3,38.0,7.6,9.9,2.9,0.0,9.1,4.6,58.489999999999995
동해,2023-04-23,16.1,6.7,12.1,68.3,49.0,6.6,9.5,2.2,0.0,5.4,6.2,65.06
동해,2023-04-24,16.0,8.4,12.7,60.3,48.0,6.5,10.8,2.7,0.0,6.7,5.0,62.19999999999999
동해,2023-04-25,15.4,6.8,11.4,66.0,33.0,5.4,8.5,1.6,0.0,0.4,5.0,65.09
동해,2023-04-26,18.3,7.8,12.2,60.0,32.0,7.5,12.2,2.1,0.0,7.5,4.2,61.230000000000004
동해,2023-04-27,17.7,6.9,13.4,63.3,41.0,6.7,10.3,2.3,0.0,11.8,6.3,62.91
동해,2023-04-28,23.1,11.2,17.2,51.3,25.0,4.1,7.9,1.6,0.0,11.3,6.6,54.56999999999999
동해,2023-04-29,21.4,14.0,17.0,62.4,40.0,6.7,14.8,2.1,0.3,0.2,9.2,60.269999999999996
동해,2023-04-30,21.1,12.4,16.3,41.8,25.0,6.2,14.0,3.1,0.0,10.4,2.6,46.87
동해,2023-05-01,20.3,9.0,14.3,51.6,21.0,8.8,15.4,3.2,1.1,10.3,3.8,50.72
동해,2023-05-02,20.8,9.8,16.4,48.5,28.0,5.7,8.5,2.1,0.0,9.9,5.1,48.449999999999996
동해,2023-05-03,23.6,13.2,18.7,44.3,25.0,3.0,4.9,1.5,0.0,11.8,5.6,45.86999999999999
동해,2023-05-04,22.6,16.5,19.5,57.4,34.0,2.7,4.4,1.3,0.0,10.2,10.5,53.89
동해,2023-05-05,21.3,11.9,15.0,88.0,62.0,6.1,9.9,2.7,7.0,0.3,12.9,77.50999999999999
동해,2023-05-06,12.0,10.0,10.8,98.1,89.0,6.9,11.4,3.2,40.9,0.0,10.5,92.00999999999998
동해,2023-05-07,14.3,8.6,11.5,77.1,66.0,5.7,9.4,2.2,0.2,0.1,7.5,82.38999999999999
동해,2023-05-08,17.8,6.1,12.7,58.3,33.0,4.1,6.0,1.5,0.0,12.3,3.9,66.03999999999999
동해,2023-05-09,25.9,12.5,20.8,37.6,21.0,4.9,8.8,2.5,0.0,12.3,5.1,45.690000000000005
동해,2023-05-10,20.7,14.7,17.2,66.1,29.0,4.8,9.9,1.7,0.0,12.0,10.2,59.62
동해,2023-05-11,18.4,12.1,15.7,78.1,57.0,6.8,10.6,2.5,0.0,12.1,11.6,71.64999999999999
동해,2023-05-12,19.2,12.1,16.2,79.5,65.0,2.7,4.7,1.0,0.0,7.5,12.5,77.88
동해,2023-05-13,19.7,14.3,15.8,80.9,56.0,3.9,5.4,1.5,0.0,9.7,12.3,80.34
동해,2023-05-14,19.4,13.0,15.8,82.1,59.0,3.7,5.3,1.2,0.0,11.5,12.6,81.6
동해,2023-05-15,25.2,12.0,17.3,76.5,31.0,3.1,6.2,1.3,0.0,9.5,12.3,78.06
동해,2023-05-16,33.5,17.6,25.9,41.4,21.0,4.3,7.5,1.6,0.0,11.5,11.0,52.49
동해,2023-05-17,34.3,20.0,26.0,30.6,12.0,4.7,9.7,1.9,0.0,12.5,6.6,37.349999999999994
동해,2023-05-18,24.2,17.4,20.4,64.4,39.0,4.0,6.8,1.8,0.2,2.0,13.1,55.34
동해,2023-05-19,19.3,12.7,15.8,85.5,61.0,5.9,9.0,2.7,0.5,2.8,13.2,75.78999999999999
동해,2023-05-20,23.5,12.1,17.2,79.3,51.0,5.4,9.3,1.9,0.0,12.0,13.3,79.05
동해,2023-05-21,23.8,18.8,20.8,55.9,38.0,3.6,6.0,1.3,0.0,4.1,11.5,63.53999999999999
동해,2023-05-22,21.4,13.2,17.9,59.3,33.0,6.4,9.2,2.4,0.0,4.8,9.1,60.62
동해,2023-05-23,20.9,10.7,15.9,62.1,44.0,4.0,5.2,1.7,0.0,11.9,8.4,60.92
동해,2023-05-24,22.8,10.6,17.9,56.5,35.0,5.4,9.2,1.9,0.0,9.9,8.9,57.9
동해,2023-05-25,22.5,14.2,18.2,62.1,41.0,6.0,8.7,1.8,0.0,11.0,10.6,60.98
동해,2023-05-26,22.6,15.8,18.5,68.5,48.0,6.4,12.0,2.2,0.5,10.8,12.3,66.02
동해,2023-05-27,23.2,15.1,19.7,75.5,52.0,2.1,3.2,0.9,2.1,1.9,14.8,72.75999999999999
동해,2023-05-28,18.1,15.0,16.9,99.0,99.0,3.6,5.6,0.7,4.3,0.0,16.7,91.25
동해,2023-05-29,19.3,15.6,17.4,99.0,99.0,2.0,3.0,0.7,16.8,0.4,17.2,96.64999999999999
동해,2023-05-30,19.9,15.1,17.1,96.9,83.0,4.5,6.8,1.8,0.0,2.3,16.5,97.53
동해,2023-05-31,20.0,12.2,17.3,78.9,59.0,6.4,11.1,1.9,0.0,11.2,13.3,84.51000000000002
동해,2023-06-01,25.3,14.8,19.7,70.3,48.0,2.7,5.0,1.1,0.0,7.7,13.8,74.67999999999999
동해,2023-06-02,25.2,17.0,19.6,76.8,54.0,6.0,9.1,2.0,0.0,9.4,15.2,75.71
동해,2023-06-03,26.4,14.9,22.1,50.6,24.0,4.1,9.9,1.5,0.0,12.6,9.3,57.81
동해,2023-06-04,28.7,18.8,24.4,34.3,21.0,4.3,9.5,1.9,0.0,11.4,7.1,41.809999999999995
동해,2023-06-05,30.4,19.5,25.0,40.8,29.0,4.1,8.8,2.0,0.0,12.5,10.5,40.48
동해,2023-06-06,27.6,18.0,22.2,54.6,39.0,5.0,8.7,1.7,0.0,9.1,12.3,49.809999999999995
동해,2023-06-07,26.7,18.2,22.6,59.9,42.0,5.7,10.1,1.7,0.0,12.2,14.2,56.93
동해,2023-06-08,30.5,19.2,22.9,61.0,27.0,5.4,9.6,2.0,1.1,7.4,14.1,60.13999999999999
동해,2023-06-09,23.9,15.2,19.3,71.8,41.0,8.3,14.0,1.7,6.0,12.0,13.6,68.45
동해,2023-06-10,21.6,16.0,18.6,84.8,69.0,4.8,7.8,1.7,1.4,2.6,15.9,79.82
동해,2023-06-11,21.6,15.9,18.1,94.3,75.0,4.4,8.8,1.4,16.3,7.3,17.1,90.15
동해,2023-06-12,21.9,16.1,19.0,93.5,73.0,4.5,7.3,1.5,0.0,1.1,17.9,92.79
동해,2023-06-13,23.2,17.3,19.7,93.1,72.0,4.9,8.5,1.3,2.2,6.9,18.4,93.29999999999998
동해,2023-06-14,21.8,16.2,18.6,93.5,75.0,5.7,7.9,1.5,1.9,7.5,17.5,93.42
동해,2023-06-15,23.5,16.0,19.5,92.0,75.0,5.6,7.7,1.9,0.0,9.7,18.1,92.41
동해,2023-06-16,27.8,17.0,22.8,73.1,49.0,3.7,6.2,1.3,0.0,12.8,17.4,78.91999999999999
동해,2023-06-17,31.7,21.7,26.1,51.4,36.0,3.1,5.4,1.5,0.0,11.6,14.9,59.8
동해,2023-06-18,28.4,20.7,24.2,69.3,51.0,5.7,9.3,2.4,0.0,9.9,17.8,66.1
동해,2023-06-19,24.3,19.5,21.8,88.5,73.0,5.8,8.5,1.7,0.0,10.1,19.7,80.95
동해,2023-06-20,23.0,17.7,20.4,85.5,72.0,5.9,10.4,2.8,0.0,3.1,17.7,84.47999999999999
동해,2023-06-21,20.8,17.3,18.9,93.4,78.0,4.7,8.9,1.6,38.5,0.0,17.7,91.32999999999998
동해,2023-06-22,21.8,16.7,19.3,90.3,71.0,3.9,6.5,1.2,0.4,6.9,17.6,90.44
동해,2023-06-23,24.1,18.2,20.6,85.6,66.0,7.3,9.5,2.6,0.0,12.5,17.9,87.32
동해,2023-06-24,24.0,16.4,20.6,86.8,71.0,3.3,5.6,1.5,0.0,11.1,18.1,86.91
동해,2023-06-25,24.5,18.8,21.0,92.5,75.0,4.5,7.2,1.5,0.0,10.5,19.6,90.67
동해,2023-06-26,22.6,19.0,20.5,99.0,97.0,2.7,4.9,0.9,22.6,0.2,20.3,96.47999999999999
동해,2023-06-27,30.6,20.2,26.0,68.1,43.0,5.4,9.2,1.6,3.1,11.2,19.0,76.72
동해,2023-06-28,32.1,22.9,27.5,59.1,44.0,3.8,6.6,1.2,0.0,11.3,18.6,64.89
동해,2023-06-29,28.7,20.6,24.0,85.8,60.0,5.5,8.7,1.5,9.0,0.1,21.2,78.69
동해,2023-06-30,23.3,20.1,21.0,98.3,89.0,4.2,5.9,1.4,9.1,0.5,20.6,91.87999999999998
동해,2023-07-01,25.4,19.4,22.2,92.9,76.0,3.1,6.2,1.2,0.0,8.0,20.9,93.27
동해,2023-07-02,31.9,21.9,25.4,76.1,51.0,3.0,6.2,1.2,0.0,5.6,20.5,81.67999999999999
동해,2023-07-03,25.0,21.1,22.6,95.4,86.0,2.8,4.5,1.2,0.0,5.7,21.7,91.29
동해,2023-07-04,26.2,21.2,23.2,93.4,79.0,3.3,5.7,1.2,1.1,4.9,22.0,92.07
동해,2023-07-05,31.7,21.4,27.1,63.4,37.0,6.4,12.4,2.5,4.5,10.8,18.6,72.60000000000001
동해,2023-07-06,34.0,25.4,29.8,48.5,37.0,7.8,14.1,4.6,0.0,5.4,17.5,55.97
동해,2023-07-07,27.0,19.2,23.4,71.4,50.0,3.9,7.4,1.3,0.0,1.4,17.6,66.02000000000001
동해,2023-07-08,24.0,18.6,21.3,92.0,77.0,6.6,9.5,1.9,0.0,4.7,19.9,83.52999999999999
동해,2023-07-09,25.1,19.4,21.4,97.8,86.0,6.0,9.1,1.2,7.7,2.2,21.0,94.0
동해,2023-07-10,32.6,22.3,27.5,72.4,48.0,3.6,7.5,1.1,1.4,6.4,21.6,79.44000000000001
동해,2023-07-11,29.6,21.1,24.6,85.4,59.0,6.1,9.2,1.5,8.6,3.1,21.7,84.04
동해,2023-07-12,29.0,21.7,24.6,87.1,63.0,2.3,3.8,0.9,0.0,7.0,22.2,85.28999999999999
동해,2023-07-13,24.6,22.4,23.4,99.0,93.0,2.4,3.3,0.6,3.5,0.0,23.2,95.26
동해,2023-07-14,28.1,21.8,24.4,98.1,83.0,2.5,4.0,0.8,15.5,1.1,24.0,97.17999999999998
동해,2023-07-15,25.2,20.2,22.4,99.0,89.0,2.6,4.7,1.1,17.2,0.0,22.2,98.82000000000001
동해,2023-07-16,27.1,21.2,23.9,97.0,75.0,2.2,3.5,0.8,0.0,0.4,23.3,97.50999999999999
동해,2023-07-17,28.6,22.7,25.0,92.1,70.0,3.3,5.7,0.8,0.5,3.4,23.6,93.77000000000001
동해,2023-07-18,25.1,21.3,23.1,99.0,99.0,3.0,5.2,0.7,11.0,0.0,22.9,97.42
동해,2023-07-19,25.1,21.4,22.8,97.8,86.0,4.5,6.6,1.3,0.5,5.6,22.4,97.46999999999998
동해,2023-07-20,25.1,20.0,22.6,97.6,88.0,2.4,4.4,1.0,0.0,11.3,22.1,97.78
동해,2023-07-21,26.2,21.5,23.4,97.3,87.0,3.4,6.2,1.3,0.0,6.3,22.9,97.41
동해,2023-07-22,26.6,21.9,24.0,95.5,81.0,5.9,9.9,1.9,0.0,10.8,23.2,96.07000000000001
동해,2023-07-23,26.1,22.5,24.3,97.9,90.0,2.2,3.2,0.8,2.9,0.0,23.9,97.36
동해,2023-07-24,30.3,22.2,24.8,95.8,67.0,3.4,5.1,1.0,1.0,4.5,24.0,96.18999999999998
동해,2023-07-25,30.4,23.8,27.4,75.1,61.0,3.8,5.7,1.1,0.0,8.0,22.4,81.52
동해,2023-07-26,30.6,23.8,27.0,76.1,58.0,4.8,6.7,1.0,0.0,2.7,22.2,77.86999999999999
동해,2023-07-27,30.3,23.8,26.6,79.4,59.0,3.7,5.9,1.2,0.0,11.7,22.5,78.31
동해,2023-07-28,31.4,24.8,27.4,83.4,63.0,2.2,3.7,1.1,0.0,12.4,24.2,81.87
동해,2023-07-29,31.0,23.7,26.5,89.3,62.0,1.6,2.7,0.9,0.0,12.0,24.4,87.13
동해,2023-07-30,32.2,23.9,27.2,82.0,54.0,2.7,4.1,1.2,0.0,11.7,23.6,83.6
동해,2023-07-31,32.3,24.7,27.8,75.5,57.0,3.9,6.8,1.3,0.0,8.5,22.9,78.18
동해,2023-08-01,30.0,22.8,26.2,86.5,60.0,2.8,5.3,1.1,0.0,11.0,23.5,83.85000000000001
동해,2023-08-02,33.6,25.3,29.1,70.8,48.0,5.0,7.6,1.7,0.0,10.7,22.9,74.41
동해,2023-08-03,35.7,25.6,30.2,59.4,40.0,4.0,7.9,1.2,0.0,11.4,21.0,64.39
동해,2023-08-04,34.9,25.6,30.1,64.4,49.0,4.2,7.6,1.2,0.0,8.9,22.4,64.04
동해,2023-08-05,33.5,25.7,28.5,76.1,52.0,3.8,6.6,1.5,0.0,12.4,23.6,72.09
동해,2023-08-06,28.9,24.8,26.7,96.3,83.0,5.2,8.1,1.5,0.5,4.5,26.0,89.07
동해,2023-08-07,27.8,24.0,25.7,89.3,76.0,4.7,8.7,2.4,0.0,2.5,23.7,89.38
동해,2023-08-08,26.1,21.8,23.7,90.8,78.0,4.6,7.9,1.9,2.4,0.0,22.0,91.04999999999998
동해,2023-08-09,23.2,21.4,22.2,97.4,91.0,3.9,8.7,1.7,60.5,0.0,21.7,95.26999999999998
동해,2023-08-10,24.9,21.0,22.7,97.6,88.0,10.1,19.4,5.3,203.5,0.0,22.2,96.88
동해,2023-08-11,32.9,21.0,25.8,80.3,44.0,4.9,9.1,1.8,0.0,11.4,21.6,85.47
동해,2023-08-12,25.8,22.4,23.7,95.6,82.0,3.3,5.7,1.1,0.0,0.6,22.9,92.74
동해,2023-08-13,26.3,22.1,23.5,95.6,81.0,4.3,5.8,1.6,0.0,7.7,22.7,94.07
동해,2023-08-14,27.4,22.6,23.7,93.9,75.0,5.3,8.1,2.1,0.0,4.0,22.6,94.41000000000001
동해,2023-08-15,25.1,21.7,22.7,95.1,75.0,5.3,9.0,2.5,1.3,2.4,21.8,94.91
동해,2023-08-16,26.4,21.9,23.5,89.3,76.0,8.2,11.4,2.9,0.0,7.4,21.5,90.91999999999999
동해,2023-08-17,25.9,21.6,23.4,95.6,82.0,2.8,4.2,1.0,0.0,5.7,22.6,94.28999999999999
동해,2023-08-18,26.6,22.1,23.8,95.4,84.0,2.8,4.0,1.0,0.0,5.8,22.9,94.83000000000001
동해,2023-08-19,26.7,23.3,24.5,94.8,84.0,4.0,5.9,1.2,0.0,9.0,23.5,95.0
동해,2023-08-20,27.7,23.0,24.5,97.0,84.0,4.1,6.0,1.3,5.5,2.9,23.9,96.39999999999999
동해,2023-08-21,28.9,22.9,25.8,94.0,85.0,2.7,4.8,1.1,0.0,10.0,24.7,94.68
동해,2023-08-22,35.0,23.1,28.0,77.5,43.0,3.3,7.5,1.3,0.0,11.4,23.2,82.75
동해,2023-08-23,31.1,21.4,25.1,86.9,59.0,7.8,13.0,2.0,3.2,8.8,22.6,85.73
동해,2023-08-24,23.4,21.1,22.2,99.0,99.0,1.9,3.1,0.7,16.0,0.0,22.0,94.43
동해,2023-08-25,26.1,21.5,23.7,93.3,76.0,4.0,6.6,1.5,29.0,9.3,22.4,93.79999999999998
동해,2023-08-26,28.4,20.9,24.6,77.3,60.0,2.8,4.4,1.2,0.0,9.6,20.1,82.67
동해,2023-08-27,26.1,20.2,23.1,89.3,70.0,5.5,7.6,1.8,0.0,7.0,21.1,87.3
동해,2023-08-28,25.3,21.3,22.4,94.3,78.0,1.7,3.5,0.7,2.2,0.0,21.4,91.6
동해,2023-08-29,30.6,21.6,25.6,90.5,62.0,4.3,7.5,1.1,0.6,3.5,23.7,91.13999999999999
동해,2023-08-30,25.0,20.9,22.8,99.0,99.0,4.2,7.3,1.4,60.8,0.0,22.6,96.83000000000001
동해,2023-08-31,25.3,20.0,22.3,94.1,76.0,2.6,4.0,1.0,7.3,3.8,21.2,94.71999999999998
동해,2023-09-01,27.0,18.8,22.5,82.4,56.0,3.4,5.8,1.5,0.0,9.9,19.1,86.4
동해,2023-09-02,25.8,18.5,22.4,88.3,60.0,3.4,4.6,1.3,0.0,9.9,20.2,87.69999999999999
동해,2023-09-03,26.0,22.1,23.4,94.1,78.0,5.0,7.5,1.3,0.1,3.2,22.4,91.76999999999998
동해,2023-09-04,26.3,21.8,23.6,94.1,79.0,4.9,7.3,1.5,0.1,2.3,22.5,93.52
동해,2023-09-05,26.2,21.1,23.4,94.4,80.0,5.6,7.8,1.7,0.0,6.6,22.4,94.31
동해,2023-09-06,26.4,19.4,23.0,90.4,73.0,6.8,9.8,2.5,0.0,8.1,21.2,91.57
동해,2023-09-07,25.7,19.0,22.3,82.1,63.0,5.1,7.5,2.1,0.0,10.8,18.9,84.99
동해,2023-09-08,25.1,18.7,21.8,86.1,71.0,3.7,5.4,1.7,0.0,9.6,19.2,85.72999999999999
동해,2023-09-09,25.3,16.5,21.1,83.9,63.0,2.5,4.1,1.4,0.0,10.9,18.0,84.15999999999998
동해,2023-09-10,26.2,17.5,22.2,80.9,65.0,2.4,4.0,1.2,0.0,10.3,18.5,82.02
동해,2023-09-11,26.1,19.7,22.8,87.3,72.0,3.5,4.8,1.4,0.0,9.2,20.4,85.67999999999999
동해,2023-09-12,30.0,21.1,25.0,84.8,49.0,3.4,5.9,1.4,0.0,8.0,22.0,84.91
동해,2023-09-13,24.3,18.6,20.9,98.8,92.0,3.2,6.1,1.3,20.5,0.0,20.6,94.85000000000001
동해,2023-09-14,22.3,19.0,20.6,99.0,99.0,4.5,7.5,1.8,31.7,0.0,20.4,97.54
동해,2023-09-15,22.1,20.5,21.2,99.0,99.0,2.3,3.9,1.0,19.9,0.0,21.0,98.97999999999999
동해,2023-09-16,23.3,21.1,22.0,99.0,99.0,3.2,5.0,0.9,5.8,0.3,21.8,99.0
동해,2023-09-17,25.4,21.6,22.8,97.5,87.0,5.8,8.3,1.2,0.9,1.7,22.3,97.95
동해,2023-09-18,29.0,20.9,24.3,90.5,63.0,3.4,5.2,1.4,2.7,10.4,22.4,92.75
동해,2023-09-19,29.4,20.4,24.7,69.6,44.0,3.6,5.7,1.2,0.0,7.3,18.4,76.57
동해,2023-09-20,23.9,18.5,20.6,92.8,68.0,8.8,14.0,2.9,140.8,0.0,19.3,87.92999999999999
동해,2023-09-21,21.4,14.7,17.8,84.9,64.0,7.8,14.2,3.1,13.6,0.9,15.0,84.94999999999999
동해,2023-09-22,24.9,13.4,18.4,79.0,49.0,2.5,3.8,1.5,0.0,10.6,14.2,81.56
동해,2023-09-23,24.6,14.7,20.7,73.8,58.0,4.8,7.6,2.5,0.0,7.8,15.6,75.94999999999999
동해,2023-09-24,23.3,16.7,20.3,63.6,51.0,4.4,8.0,1.9,0.0,7.6,12.9,67.17999999999999
동해,2023-09-25,23.8,17.3,20.2,84.3,62.0,2.9,4.7,1.3,2.6,5.2,17.2,79.10999999999999
동해,2023-09-26,21.2,18.5,19.8,99.0,96.0,1.8,2.6,0.5,21.1,0.0,19.6,92.52
동해,2023-09-27,23.5,19.9,21.1,98.4,86.0,2.5,4.4,0.8,0.9,0.0,20.8,97.10999999999999
동해,2023-09-28,28.0,18.3,22.4,82.1,57.0,2.9,4.5,1.2,0.0,10.2,18.9,87.05
동해,2023-09-29,23.5,16.5,19.9,77.0,50.0,3.8,5.7,1.7,0.0,4.2,15.4,80.16
동해,2023-09-30,26.3,16.0,20.0,71.0,42.0,4.3,7.0,1.7,0.5,5.5,14.2,73.30999999999999
동해,2023-10-01,22.3,14.6,18.6,59.1,41.0,7.0,10.5,2.6,0.0,10.3,10.1,63.27
동해,2023-10-02,22.4,13.2,17.3,58.3,28.0,6.4,9.6,2.4,0.0,10.3,8.3,59.73
동해,2023-10-03,21.5,13.0,17.0,71.6,50.0,3.3,4.5,1.6,0.0,2.3,11.6,67.68999999999998
동해,2023-10-04,24.7,11.9,19.2,59.6,37.0,3.4,7.3,1.7,0.0,7.8,10.6,61.87
동해,2023-10-05,18.8,12.2,15.9,46.1,31.0,5.7,9.6,2.9,0.0,10.2,4.2,51.349999999999994
동해,2023-10-06,19.9,10.1,15.1,60.3,37.0,4.0,5.7,1.9,0.0,9.7,7.0,57.38999999999999
동해,2023-10-07,21.1,10.8,16.3,71.6,51.0,2.4,4.4,1.4,0.4,5.1,10.7,66.78999999999999
동해,2023-10-08,20.4,14.4,16.4,83.0,53.0,2.5,4.0,1.1,2.6,0.4,13.1,78.44999999999999
동해,2023-10-09,20.6,13.0,16.3,85.6,64.0,5.2,7.3,1.9,8.4,2.8,13.6,83.67999999999999
동해,2023-10-10,21.1,13.0,17.1,73.9,56.0,5.1,8.7,2.5,0.0,8.7,12.0,77.15
동해,2023-10-11,22.4,12.0,16.0,74.0,40.0,2.8,4.9,1.7,0.0,9.0,10.8,75.14
동해,2023-10-12,21.4,11.8,16.3,80.9,57.0,3.9,5.9,1.9,0.0,6.7,12.8,78.82000000000001
동해,2023-10-13,22.1,13.3,17.0,78.9,52.0,2.7,4.6,1.5,0.0,5.6,13.0,78.81000000000002
동해,2023-10-14,21.3,12.6,16.0,73.9,45.0,4.5,7.6,1.5,0.0,4.3,11.1,75.60000000000001
동해,2023-10-15,22.9,12.8,18.2,54.3,39.0,5.0,10.0,2.8,0.0,9.7,8.5,60.68
동해,2023-10-16,19.9,11.5,16.2,73.8,54.0,4.9,7.2,1.7,0.0,4.1,11.3,69.91
동해,2023-10-17,19.7,10.5,14.6,60.5,35.0,4.2,6.5,2.1,0.0,9.6,6.5,62.53999999999999
동해,2023-10-18,23.8,10.7,17.5,52.0,25.0,2.9,5.1,1.6,0.0,7.1,7.1,55.88
동해,2023-10-19,19.1,15.1,17.2,66.9,39.0,2.5,3.5,1.1,0.1,0.0,10.7,63.28
동해,2023-10-20,18.3,10.2,14.6,38.0,20.0,6.1,12.8,3.3,0.2,8.7,-0.2,45.18000000000001
동해,2023-10-21,16.6,7.1,10.9,51.5,31.0,5.6,9.6,2.5,0.0,5.6,0.6,50.34
동해,2023-10-22,21.5,6.3,14.6,45.8,20.0,3.6,7.5,1.9,0.0,9.2,1.8,46.16
동해,2023-10-23,21.6,11.9,16.0,58.9,23.0,3.0,5.3,1.5,0.0,8.9,7.4,55.54
동해,2023-10-24,21.2,12.1,16.3,61.1,39.0,2.7,4.7,1.3,0.0,7.0,8.6,59.129999999999995
동해,2023-10-25,22.8,13.3,17.6,58.5,36.0,3.5,6.1,1.5,0.0,8.9,9.1,59.059999999999995
동해,2023-10-26,23.8,13.8,18.5,56.9,36.0,6.5,10.3,1.6,1.6,8.6,9.6,57.64
동해,2023-10-27,17.1,9.8,13.5,82.3,53.0,7.4,12.8,2.1,17.9,0.0,10.3,74.83999999999999
동해,2023-10-28,18.1,8.6,12.7,86.3,57.0,3.6,5.9,1.6,0.0,5.8,10.2,82.56
동해,2023-10-29,18.2,9.7,13.2,81.0,50.0,4.1,5.7,1.6,0.0,8.7,9.6,82.19
동해,2023-10-30,20.9,9.1,15.0,67.0,38.0,3.1,5.6,1.6,0.0,9.1,8.5,71.72999999999999
동해,2023-10-31,22.6,13.3,18.1,47.5,27.0,3.2,7.6,1.5,0.0,8.9,6.2,54.75
동해,2023-11-01,24.3,15.0,19.9,57.8,26.0,7.4,13.1,1.6,0.0,7.7,11.2,56.66
동해,2023-11-02,27.2,16.5,21.4,52.3,18.0,4.1,7.9,1.4,0.0,8.7,9.7,52.919999999999995
동해,2023-11-03,24.7,17.1,21.2,54.4,18.0,6.8,12.6,2.3,0.0,5.9,9.8,54.32
동해,2023-11-04,17.6,14.9,15.6,98.8,87.0,7.9,13.0,1.7,73.2,0.0,15.3,85.27
동해,2023-11-05,18.2,15.3,16.5,96.9,86.0,2.7,3.7,0.8,1.0,0.6,16.0,93.03
동해,2023-11-06,25.4,11.2,18.2,55.9,33.0,8.5,18.0,3.9,0.4,4.6,8.5,68.39
동해,2023-11-07,17.5,7.5,11.9,37.3,18.0,9.4,20.2,2.8,0.0,9.0,-2.8,46.97999999999999
동해,2023-11-08,16.6,5.2,10.9,68.3,40.0,2.7,4.9,1.5,0.0,9.0,5.0,60.86
동해,2023-11-09,20.1,6.9,14.9,69.6,31.0,2.9,4.4,1.3,0.0,8.8,8.9,66.11
동해,2023-11-10,18.8,8.7,12.6,48.0,19.0,6.6,12.1,2.9,0.0,6.4,1.3,54.349999999999994
동해,2023-11-11,10.9,5.0,7.7,46.3,33.0,5.4,7.9,2.0,0.0,4.8,-3.2,48.97
동해,2023-11-12,9.0,2.7,6.0,34.3,19.0,7.1,10.2,2.3,0.0,8.9,-9.1,38.06999999999999
동해,2023-11-13,11.1,1.7,6.6,32.8,17.0,3.5,6.4,1.6,0.0,8.8,-8.9,34.449999999999996
동해,2023-11-14,12.6,3.9,7.5,43.6,24.0,4.1,6.7,1.7,0.0,8.8,-4.4,40.51
동해,2023-11-15,12.9,4.1,8.1,53.4,34.0,2.5,4.0,1.5,0.0,8.9,-1.2,49.379999999999995
동해,2023-11-16,12.2,4.9,9.1,61.0,51.0,3.3,5.8,1.3,0.0,0.0,1.9,57.739999999999995
동해,2023-11-17,11.3,1.9,6.6,43.1,19.0,4.8,9.4,2.7,0.0,6.8,-5.6,47.709999999999994
동해,2023-11-18,9.3,-0.6,5.0,30.1,22.0,7.3,13.8,4.3,0.0,8.8,-11.2,35.79
동해,2023-11-19,14.5,4.6,10.8,41.6,26.0,5.1,10.8,2.5,0.0,6.9,-1.8,39.45
동해,2023-11-20,12.9,4.7,9.1,52.6,36.0,3.6,6.3,2.0,0.0,8.7,-0.4,48.15
동해,2023-11-21,17.9,4.4,11.7,38.6,20.0,2.7,4.3,1.5,0.0,8.8,-2.2,41.7
동해,2023-11-22,17.5,7.3,13.3,46.3,21.0,3.5,7.0,1.5,0.0,8.8,1.3,45.38999999999999
동해,2023-11-23,20.6,8.7,16.0,35.0,13.0,6.2,12.9,3.0,0.0,8.3,-1.0,37.62
동해,2023-11-24,9.0,0.7,3.9,24.5,15.0,7.2,14.1,3.4,0.0,8.7,-14.8,28.779999999999998
동해,2023-11-25,6.2,-2.4,1.6,40.6,20.0,3.2,6.2,1.4,0.0,8.7,-11.3,36.82
동해,2023-11-26,11.1,-0.2,6.8,41.6,19.0,3.6,6.5,1.5,0.0,4.8,-5.7,39.69
동해,2023-11-27,13.8,7.1,10.3,53.8,46.0,5.8,10.4,1.7,0.0,1.2,1.3,50.04
동해,2023-11-28,9.8,2.0,5.9,35.8,21.0,6.9,13.5,3.2,0.0,8.7,-8.5,39.97999999999999
동해,2023-11-29,8.5,1.2,4.5,36.9,27.0,6.4,15.6,2.9,0.0,8.2,-9.2,38.37
동해,2023-11-30,3.7,-2.9,0.4,34.0,24.0,4.8,9.6,1.9,0.0,8.7,-13.8,34.76
동해,2023-12-01,5.6,-2.1,1.7,31.3,19.0,4.7,8.8,2.0,0.0,8.7,-13.8,32.4
동해,2023-12-02,9.0,0.2,5.4,39.4,23.0,5.4,12.6,2.6,0.0,8.3,-7.4,37.239999999999995
동해,2023-12-03,8.3,0.9,4.8,44.1,27.0,3.8,7.3,1.6,0.0,8.6,-6.8,41.88
동해,2023-12-04,12.6,1.1,7.2,32.1,15.0,3.9,6.9,1.6,0.0,8.7,-8.5,35.23
동해,2023-12-05,12.6,2.5,7.0,55.9,31.0,2.4,3.6,1.6,0.0,8.6,-1.5,49.959999999999994
동해,2023-12-06,13.7,3.5,9.4,58.3,39.0,4.8,8.3,1.6,2.0,3.8,1.2,55.199999999999996
동해,2023-12-07,12.8,5.6,9.1,34.8,23.0,6.0,13.2,2.7,0.0,8.0,-6.1,41.61
동해,2023-12-08,18.0,6.8,13.7,44.0,34.0,3.2,5.9,1.5,0.0,8.1,1.6,43.589999999999996
동해,2023-12-09,19.1,12.9,16.0,58.1,42.0,5.1,9.5,1.7,0.0,8.1,7.3,52.949999999999996
동해,2023-12-10,14.2,11.3,12.3,77.8,57.0,4.8,9.4,2.3,0.0,0.0,8.2,70.48
동해,2023-12-11,11.4,6.9,10.1,98.8,96.0,9.3,14.0,4.4,86.1,0.0,9.9,90.53
동해,2023-12-12,7.1,4.3,5.5,96.5,87.0,8.1,12.6,2.8,21.7,0.0,4.9,95.09
동해,2023-12-13,11.9,2.3,7.6,77.9,56.0,3.1,4.7,1.4,0.0,8.6,3.7,83.71
동해,2023-12-14,9.7,6.7,8.0,91.9,79.0,5.1,9.7,1.0,13.4,0.0,6.7,89.56
동해,2023-12-15,6.7,3.0,4.2,96.9,90.0,5.4,11.4,2.9,27.7,0.0,3.7,94.00000000000001
동해,2023-12-16,7.1,-5.3,1.1,55.9,28.0,7.1,16.1,3.2,0.3,4.7,-7.8,67.7
동해,2023-12-17,-1.0,-7.2,-4.6,27.0,19.0,7.6,13.5,3.7,0.0,8.6,-21.0,39.769999999999996
동해,2023-12-18,1.8,-6.9,-2.2,31.5,17.0,4.5,7.2,1.5,0.0,3.8,-17.2,33.03999999999999
동해,2023-12-19,4.5,-3.6,0.5,47.1,24.0,3.5,5.6,1.4,0.0,6.2,-9.7,41.97
동해,2023-12-20,1.4,-6.2,-1.5,38.9,26.0,4.8,9.7,2.5,0.0,8.1,-14.0,39.8
동해,2023-12-21,-1.9,-7.9,-5.3,25.6,21.0,8.9,16.7,3.6,0.0,8.6,-22.0,30.41
동해,2023-12-22,-1.0,-8.7,-4.8,27.4,18.0,5.2,10.9,2.6,0.0,8.7,-21.1,28.189999999999998
동해,2023-12-23,3.3,-6.1,-1.3,29.3,18.0,4.1,7.4,1.6,0.0,8.7,-17.3,28.549999999999997
동해,2023-12-24,4.8,-1.8,1.0,45.9,32.0,3.9,7.0,1.6,0.0,7.7,-9.5,40.73
동해,2023-12-25,6.3,-1.9,2.1,48.5,34.0,5.2,9.3,1.7,0.0,8.5,-7.8,46.059999999999995
동해,2023-12-26,9.4,0.0,4.5,45.4,28.0,4.7,11.2,2.0,0.0,8.1,-6.6,46.06999999999999
동해,2023-12-27,7.2,-0.6,3.0,65.6,47.0,2.7,5.0,1.7,0.0,8.3,-3.0,59.849999999999994
동해,2023-12-28,10.6,0.1,4.9,54.8,30.0,4.0,7.4,2.0,0.0,7.1,-4.5,56.01999999999999
동해,2023-12-29,10.1,-0.7,4.8,51.1,34.0,2.3,3.8,1.4,0.0,8.5,-4.6,53.29
동해,2023-12-30,8.4,1.9,5.5,64.4,40.0,2.8,4.3,1.1,0.4,0.8,-1.4,60.78
동해,2023-12-31,6.5,3.2,4.5,93.6,72.0,6.6,13.0,2.6,29.6,0.2,3.4,83.51
동해,2024-01-01,7.1,2.0,4.6,79.9,64.0,2.9,4.6,1.2,1.4,0.9,1.3,81.09
동해,2024-01-02,10.1,3.5,6.6,54.9,39.0,4.8,10.1,1.6,0.0,6.0,-1.9,63.77
동해,2024-01-03,8.5,3.3,5.1,53.9,38.0,5.9,9.5,2.0,0.0,5.4,-3.7,56.699999999999996
동해,2024-01-04,9.1,-0.4,4.3,47.8,26.0,3.2,6.5,1.3,0.0,8.7,-6.2,49.73
동해,2024-01-05,12.1,3.2,8.0,48.5,36.0,4.7,10.2,1.9,0.0,7.8,-2.3,48.9
동해,2024-01-06,8.5,0.9,5.0,33.5,17.0,5.3,9.6,2.8,0.0,8.6,-10.4,37.93
동해,2024-01-07,3.2,-2.9,0.6,28.1,13.0,6.7,12.1,3.3,0.0,8.6,-16.4,31.22
동해,2024-01-08,4.5,-6.0,-0.5,32.4,17.0,3.8,6.4,1.5,0.0,8.7,-15.4,31.65
동해,2024-01-09,7.0,-1.2,3.7,54.8,19.0,2.5,4.6,1.0,0.0,0.3,-4.5,47.64999999999999
동해,2024-01-10,6.7,0.0,3.4,63.3,47.0,5.7,9.4,2.6,0.0,4.6,-3.0,58.51
동해,2024-01-11,9.1,-0.9,4.7,47.9,21.0,2.7,6.1,1.2,0.0,8.7,-6.1,51.67
동해,2024-01-12,9.3,2.9,5.8,36.1,16.0,3.7,6.8,1.9,0.0,8.6,-9.0,41.18
동해,2024-01-13,4.9,-1.5,2.1,43.8,25.0,6.5,9.5,2.4,0.0,8.5,-9.8,42.669999999999995
동해,2024-01-14,13.2,-2.0,6.6,44.1,22.0,5.4,10.4,2.1,0.0,8.5,-5.3,43.239999999999995
동해,2024-01-15,6.0,-0.5,2.9,50.8,32.0,6.1,11.3,2.3,0.0,8.6,-6.4,48.76
동해,2024-01-16,7.0,-2.9,2.2,47.1,19.0,3.4,5.7,1.7,0.0,8.6,-8.5,47.53999999999999
동해,2024-01-17,10.6,0.9,7.4,50.0,20.0,2.8,5.5,0.8,0.1,0.0,-3.7,49.5
동해,2024-01-18,8.7,5.9,7.1,75.9,58.0,6.6,10.3,2.6,1.0,0.0,3.0,67.84
동해,2024-01-19,6.0,3.7,4.6,75.0,62.0,4.9,8.1,2.5,0.7,0.0,0.5,72.68
동해,2024-01-20,4.7,1.3,3.0,97.3,78.0,6.5,10.0,3.1,50.7,0.0,2.6,90.7
동해,2024-01-21,4.9,1.3,3.0,83.6,71.0,3.9,7.7,1.9,1.3,0.1,0.4,85.47999999999999
동해,2024-01-22,4.4,-6.1,-1.5,49.0,30.0,5.5,12.7,2.1,0.0,8.5,-11.3,60.75
동해,2024-01-23,-3.8,-8.6,-6.7,40.0,27.0,5.8,12.0,3.2,0.0,8.7,-18.2,46.16
동해,2024-01-24,-1.4,-9.6,-5.5,35.9,28.0,4.9,9.7,3.0,0.0,9.0,-18.3,38.029999999999994
동해,2024-01-25,2.1,-7.1,-2.0,40.8,20.0,3.5,5.9,1.6,0.0,8.9,-13.9,39.739999999999995
동해,2024-01-26,5.5,-3.2,1.0,44.4,27.0,2.6,4.2,1.2,0.0,8.9,-10.1,42.83
동해,2024-01-27,8.3,-0.6,2.4,54.5,30.0,3.8,6.3,1.5,0.0,8.9,-6.1,51.11
동해,2024-01-28,6.8,-1.1,1.5,57.6,27.0,3.9,5.7,1.5,0.0,8.5,-6.1,55.66
동해,2024-01-29,6.2,-2.2,1.4,58.5,34.0,2.9,4.5,1.6,0.0,8.9,-6.1,57.92
동해,2024-01-30,6.1,-2.5,1.6,70.5,43.0,2.7,4.0,1.5,0.0,7.8,-3.3,66.81
동해,2024-01-31,12.5,-0.3,5.4,61.3,18.0,3.0,4.4,1.5,0.0,7.5,-2.0,62.86
동해,2024-02-01,6.1,0.5,2.3,84.1,55.0,6.2,10.2,3.1,7.1,0.0,-0.2,78.17999999999999
동해,2024-02-02,3.3,0.2,1.8,94.6,85.0,2.5,3.7,0.9,2.8,0.0,0.9,89.16999999999999
동해,2024-02-03,4.7,1.7,3.0,91.3,81.0,3.9,5.9,1.0,0.5,0.0,1.6,91.24
동해,2024-02-04,5.7,2.8,3.8,83.8,70.0,4.3,6.3,1.3,0.2,0.0,1.2,86.38
동해,2024-02-05,4.7,0.0,2.0,98.5,94.0,8.7,12.3,3.5,30.6,0.0,1.7,94.83999999999999
동해,2024-02-06,2.6,-0.6,0.8,81.5,66.0,2.6,4.6,1.4,0.0,0.1,-2.0,85.13
동해,2024-02-07,4.1,-0.6,1.4,82.3,63.0,5.6,8.5,1.9,0.0,3.9,-1.4,83.75999999999999
동해,2024-02-08,5.7,-1.8,1.5,74.6,46.0,3.1,5.1,1.6,0.0,9.1,-2.7,76.83
동해,2024-02-09,6.3,-1.4,2.2,72.5,49.0,2.8,4.4,1.3,0.0,8.8,-2.5,73.9
동해,2024-02-10,8.5,0.3,4.0,47.5,33.0,4.4,9.7,1.7,0.0,8.7,-6.3,55.21
동해,2024-02-11,7.4,-0.9,3.5,46.5,24.0,4.1,10.3,1.9,0.0,5.3,-7.3,49.3
동해,2024-02-12,10.4,-0.3,5.7,49.0,27.0,3.2,6.4,1.6,0.0,9.2,-4.3,48.349999999999994
동해,2024-02-13,14.4,5.6,11.1,46.8,35.0,3.0,10.4,1.1,0.0,8.8,0.0,47.21
동해,2024-02-14,19.9,10.3,13.9,60.9,43.0,3.5,8.3,1.3,0.0,5.9,6.3,56.88999999999999
동해,2024-02-15,15.2,0.7,4.7,91.4,58.0,7.0,14.4,2.0,21.3,0.0,3.2,80.84
동해,2024-02-16,6.7,-0.1,2.8,78.1,52.0,4.6,8.0,1.8,0.1,7.4,-0.9,79.03999999999999
동해,2024-02-17,12.4,0.2,6.5,58.0,26.0,3.8,6.5,1.4,0.0,9.3,-1.5,65.35999999999999
동해,2024-02-18,15.8,2.8,9.4,57.6,19.0,3.4,6.3,1.2,1.0,6.4,0.9,59.730000000000004
동해,2024-02-19,11.9,6.2,8.8,97.1,86.0,6.4,11.5,1.9,15.5,1.7,8.3,85.28999999999998
동해,2024-02-20,6.3,2.9,4.3,98.4,93.0,5.1,8.2,1.8,26.1,0.0,4.0,94.06
동해,2024-02-21,4.4,1.2,2.9,96.1,85.0,5.9,9.7,3.2,23.9,0.0,2.3,96.66
동해,2024-02-22,1.7,-0.3,0.6,94.1,80.0,6.6,11.7,3.7,17.7,0.0,-0.3,94.92999999999999
동해,2024-02-23,2.2,-0.4,0.7,82.4,74.0,3.4,7.7,2.3,3.9,0.0,-2.0,86.11
동해,2024-02-24,2.8,-0.5,1.2,84.5,68.0,3.1,5.0,1.1,1.0,0.0,-1.2,85.03999999999999
동해,2024-02-25,4.1,0.8,2.4,89.1,74.0,5.0,6.8,1.4,1.3,0.2,0.7,87.50999999999999
동해,2024-02-26,5.5,0.5,3.0,79.0,64.0,4.6,7.4,2.0,0.6,2.1,-0.3,81.57000000000001
동해,2024-02-27,5.1,1.0,3.4,65.5,51.0,3.1,4.6,1.5,0.0,0.7,-2.6,70.55999999999999
동해,2024-02-28,8.5,-0.4,4.2,73.1,52.0,4.8,7.0,1.8,0.0,7.2,-0.3,72.17
동해,2024-02-29,7.0,1.8,4.5,76.1,59.0,4.1,5.7,1.4,0.0,0.0,0.5,74.44
동해,2024-03-01,4.6,-3.4,1.5,31.0,13.0,6.3,11.2,3.3,0.0,9.8,-15.3,44.230000000000004
동해,2024-03-02,5.7,-4.3,1.2,34.3,23.0,5.0,10.5,2.4,0.0,8.8,-13.1,37.81999999999999
동해,2024-03-03,10.1,1.6,5.7,54.0,23.0,4.3,8.7,1.7,0.1,5.6,-3.5,47.76
동해,2024-03-04,9.5,1.0,5.7,65.3,41.0,3.4,5.6,1.6,0.0,9.6,-0.6,59.93999999999999
동해,2024-03-05,6.9,3.9,5.0,86.0,72.0,5.1,8.5,1.7,3.9,0.0,2.8,78.66
동해,2024-03-06,4.5,2.9,3.6,80.9,66.0,4.1,8.3,2.4,2.7,0.0,0.5,80.36
동해,2024-03-07,6.3,2.3,4.3,77.3,59.0,2.9,5.4,1.2,0.2,0.9,0.5,78.88999999999999
동해,2024-03-08,8.9,2.6,4.3,40.3,23.0,7.5,11.1,3.0,0.0,9.9,-8.2,51.760000000000005
동해,2024-03-09,4.8,-0.7,2.1,51.3,39.0,5.3,10.2,2.4,0.0,10.2,-7.1,51.7
동해,2024-03-10,9.1,-1.3,5.4,47.4,25.0,3.9,6.1,1.7,0.0,10.3,-5.3,47.47
동해,2024-03-11,11.2,5.0,8.5,44.0,24.0,2.3,4.3,0.9,0.0,0.6,-3.2,45.410000000000004
동해,2024-03-12,8.5,0.6,5.5,67.5,49.0,6.3,9.0,2.1,0.1,0.5,-0.2,60.79
동해,2024-03-13,14.7,0.1,8.2,48.0,21.0,5.4,12.4,2.1,0.0,10.3,-3.9,51.49999999999999
동해,2024-03-14,15.3,6.1,10.8,38.0,20.0,5.9,12.0,1.9,0.0,10.5,-3.2,42.95
동해,2024-03-15,21.2,8.4,15.5,24.4,16.0,5.8,12.3,2.3,0.0,10.5,-5.1,29.48
동해,2024-03-16,15.2,7.6,11.5,69.1,27.0,5.3,8.2,2.0,0.0,9.2,5.9,57.04999999999999
동해,2024-03-17,17.6,7.0,11.8,42.5,21.0,8.2,13.0,3.1,0.0,8.5,-1.0,46.00999999999999
동해,2024-03-18,10.2,4.4,7.7,46.4,23.0,5.3,8.2,2.1,0.0,10.6,-3.6,47.89
동해,2024-03-19,12.6,4.2,8.6,45.9,13.0,5.7,13.3,1.9,1.1,5.3,-4.2,45.66
동해,2024-03-20,5.2,0.8,2.1,89.3,72.0,5.9,12.7,2.3,28.3,,0.5,76.33
동해,2024-03-21,7.3,0.4,4.7,56.3,35.0,5.7,7.7,2.1,0.0,,-3.5,61.86
동해,2024-03-22,12.7,1.7,8.0,72.5,50.0,9.9,15.5,2.7,1.8,,3.0,70.94
동해,2024-03-23,10.2,6.0,7.7,92.5,80.0,4.0,6.1,1.4,1.2,3.3,6.5,84.88
동해,2024-03-24,12.3,5.1,8.8,85.4,70.0,3.7,5.1,1.2,0.0,6.7,6.3,85.53
동해,2024-03-25,10.7,6.7,8.8,83.6,72.0,5.6,9.3,2.4,6.8,0.0,6.1,84.85
동해,2024-03-26,8.0,2.2,5.0,90.1,67.0,7.1,9.8,2.7,23.0,1.2,3.4,88.33
동해,2024-03-27,12.9,1.5,8.4,80.8,60.0,6.8,10.5,2.1,0.0,3.6,5.0,82.94
동해,2024-03-28,12.4,8.3,10.0,82.4,66.0,2.8,5.3,1.1,2.0,0.0,7.0,82.85000000000001
동해,2024-03-29,18.1,6.9,12.9,39.4,21.0,7.9,19.0,3.6,0.0,9.5,-0.8,52.14
동해,2024-03-30,19.9,5.2,9.8,54.5,16.0,9.6,16.5,2.8,0.0,10.4,0.0,54.27
동해,2024-03-31,14.9,3.2,9.8,59.8,30.0,3.2,6.3,1.7,0.0,8.9,1.7,56.69999999999999
동해,2024-04-01,14.2,7.1,10.9,52.3,24.0,6.8,8.7,2.4,0.0,10.7,0.8,54.019999999999996
동해,2024-04-02,16.8,7.3,11.7,60.9,31.0,6.3,8.5,3.0,0.0,10.7,3.6,59.06999999999999
동해,2024-04-03,9.6,8.0,8.8,83.5,72.0,4.4,7.8,1.9,3.7,0.0,6.1,75.86
동해,2024-04-04,13.6,6.8,10.2,65.1,46.0,6.2,8.7,2.7,0.0,0.4,3.7,68.36
동해,2024-04-05,14.6,6.1,10.8,64.5,46.0,9.3,14.2,3.1,0.0,9.5,4.1,66.52
동해,2024-04-06,19.4,9.1,15.5,51.3,34.0,3.9,6.4,1.7,0.0,9.4,5.1,55.31999999999999
동해,2024-04-07,22.6,13.0,,,24.0,6.0,8.8,2.3,0.0,6.0,-99.0,
동해,2024-04-08,22.1,11.8,,,28.0,7.1,12.5,2.4,0.0,7.1,-99.0,
동해,2024-04-09,11.8,4.1,8.6,55.1,43.0,9.6,13.3,4.8,0.0,10.9,-0.1,
동해,2024-04-10,15.8,2.1,10.3,67.9,25.0,7.4,11.8,2.4,0.0,9.1,4.2,
동해,2024-04-11,19.5,10.8,14.4,61.5,40.0,3.9,5.7,1.3,0.0,2.2,7.0,62.13999999999999
동해,2024-04-12,20.7,10.3,16.0,63.6,45.0,3.4,6.4,1.8,0.0,11.3,8.9,63.60999999999999
동해,2024-04-13,23.2,14.1,17.7,57.6,38.0,4.6,6.8,1.9,0.0,11.2,9.0,59.19
동해,2024-04-14,22.8,12.7,17.4,60.4,37.0,4.0,8.3,1.5,0.0,11.2,9.2,60.16
동해,2024-04-15,18.3,12.3,15.0,79.1,45.0,3.1,5.4,1.3,1.0,0.8,11.2,73.21
동해,2024-04-16,24.2,13.2,18.5,49.3,27.0,5.8,11.5,2.7,0.0,6.9,6.9,56.37
동해,2024-04-17,21.5,11.4,15.7,59.5,33.0,3.2,5.0,1.8,0.0,9.7,7.2,59.42
동해,2024-04-18,18.8,9.2,14.0,76.0,62.0,2.7,4.8,1.5,0.0,10.9,9.7,70.03
동해,2024-04-19,26.4,12.1,17.9,57.8,20.0,6.0,8.0,1.8,0.0,11.1,8.4,61.61
동해,2024-04-20,14.4,12.3,13.2,92.0,79.0,4.3,6.3,2.2,15.2,0.0,11.9,83.55999999999999
동해,2024-04-21,16.9,12.8,14.1,90.5,84.0,6.5,9.4,2.7,8.3,0.0,12.5,87.53
동해,2024-04-22,19.2,12.6,14.6,76.5,59.0,5.6,7.4,2.8,0.0,4.6,10.4,80.85000000000001
동해,2024-04-23,17.2,11.3,13.5,76.9,58.0,4.8,7.3,3.1,0.8,3.7,9.3,78.17999999999999
동해,2024-04-24,13.7,7.9,10.4,89.6,74.0,6.1,10.2,2.6,4.6,0.2,8.7,85.75
동해,2024-04-25,24.4,9.1,18.4,54.8,35.0,5.3,9.0,2.0,0.0,11.1,8.7,63.969999999999985
동해,2024-04-26,24.2,15.5,19.0,49.3,23.0,2.8,4.1,1.5,0.0,10.0,7.2,54.43
동해,2024-04-27,26.3,15.6,20.3,47.6,29.0,3.4,6.7,2.0,0.0,11.9,8.3,48.66
동해,2024-04-28,19.5,12.3,16.3,67.6,50.0,8.8,13.0,4.1,0.0,11.2,10.1,61.769999999999996
동해,2024-04-29,15.9,11.9,13.5,74.1,61.0,6.1,11.0,2.9,0.0,0.0,8.9,70.14999999999999
동해,2024-04-30,16.4,9.8,12.9,74.0,55.0,7.5,10.7,2.9,0.0,3.7,8.2,73.38000000000001
동해,2024-05-01,18.0,7.7,12.9,69.6,51.0,4.9,6.7,2.2,0.0,10.1,7.2,70.92999999999999
동해,2024-05-02,20.8,5.7,14.1,60.1,34.0,5.8,9.7,2.2,0.0,12.1,6.2,63.39
동해,2024-05-03,24.0,12.9,17.8,56.6,29.0,3.4,6.5,2.1,0.0,12.1,8.7,58.6
동해,2024-05-04,21.8,13.2,17.5,63.0,44.0,3.3,7.4,1.8,0.0,11.8,10.0,61.42999999999999
동해,2024-05-05,21.0,15.2,17.1,78.8,39.0,3.7,8.6,1.6,1.6,0.0,13.0,73.41999999999999
동해,2024-05-06,26.3,12.5,19.1,67.9,44.0,6.8,12.5,2.7,0.0,7.7,12.3,69.59
동해,2024-05-07,14.2,8.9,11.3,93.6,88.0,5.8,10.2,3.2,10.7,0.0,10.2,86.97999999999999
동해,2024-05-08,16.1,7.3,11.7,75.1,53.0,6.4,9.0,2.6,0.0,9.6,7.2,78.08
동해,2024-05-09,26.8,6.2,18.2,47.0,25.0,5.5,13.1,2.7,0.0,11.6,5.6,57.28
동해,2024-05-10,29.4,15.8,22.5,37.9,21.0,4.7,8.5,1.8,0.0,11.4,7.0,43.44
동해,2024-05-11,26.1,15.9,20.6,49.8,33.0,5.4,11.4,2.1,0.0,7.5,9.3,47.13999999999999
동해,2024-05-12,24.7,13.8,17.9,65.1,25.0,6.5,10.5,2.4,0.1,12.1,10.6,59.31999999999999
동해,2024-05-13,22.3,11.6,17.5,45.5,28.0,5.5,8.4,2.2,0.0,12.3,5.1,49.849999999999994
동해,2024-05-14,27.3,14.0,20.7,40.5,23.0,6.1,9.5,2.2,0.0,12.5,6.3,43.959999999999994
동해,2024-05-15,24.2,8.8,15.8,67.4,33.0,8.1,15.0,3.9,16.8,7.1,8.6,59.83
동해,2024-05-16,17.7,7.4,11.4,75.1,48.0,10.1,19.5,5.3,27.5,6.1,6.7,70.1
동해,2024-05-17,24.5,9.6,19.7,45.3,36.0,6.7,13.3,2.5,0.0,10.3,7.4,53.47
동해,2024-05-18,31.1,19.4,24.5,31.6,22.0,4.4,8.3,2.1,0.0,12.3,6.1,38.69
동해,2024-05-19,26.9,14.0,20.0,57.8,35.0,7.9,11.0,3.1,0.0,12.3,10.7,51.309999999999995
동해,2024-05-20,18.6,11.9,15.0,82.9,72.0,6.1,9.1,2.8,1.1,0.0,12.0,72.75
동해,2024-05-21,19.6,11.6,15.2,78.5,60.0,5.2,8.2,2.0,0.0,4.5,11.3,77.31
동해,2024-05-22,23.4,10.4,18.5,70.8,41.0,5.5,9.0,1.5,0.0,12.3,12.6,73.55
동해,2024-05-23,30.9,19.2,25.2,40.6,26.0,5.7,10.8,2.0,0.0,11.5,10.4,50.43
동해,2024-05-24,21.5,16.3,17.4,72.6,57.0,8.2,13.5,2.9,0.0,0.0,12.3,66.02
동해,2024-05-25,20.4,13.2,16.3,71.6,41.0,7.9,12.7,2.8,0.0,5.5,10.8,68.69999999999999
동해,2024-05-26,23.3,12.5,18.1,76.9,52.0,6.7,12.7,1.4,0.1,0.8,13.8,75.41000000000001
동해,2024-05-27,27.2,17.6,21.4,45.5,31.0,7.2,12.6,2.9,0.0,10.1,8.9,54.39
동해,2024-05-28,21.8,11.0,16.6,67.3,48.0,7.6,12.6,3.5,0.0,6.4,10.3,63.89999999999999
동해,2024-05-29,26.9,10.4,19.5,53.5,31.0,5.5,8.9,2.1,0.0,12.1,9.1,55.459999999999994
동해,2024-05-30,25.1,17.5,20.6,54.4,37.0,5.0,7.7,2.1,0.0,1.6,10.9,55.510000000000005
동해,2024-05-31,24.5,15.8,19.5,65.5,43.0,4.4,6.3,1.5,0.0,12.2,12.6,62.08
동해,2024-06-01,20.6,14.5,16.5,83.1,62.0,5.7,8.7,2.4,4.0,1.9,13.5,76.71
동해,2024-06-02,20.0,11.9,16.2,82.0,67.0,3.7,5.8,1.6,0.1,5.2,12.9,80.57
동해,2024-06-03,21.7,11.7,16.7,78.9,60.0,6.1,8.5,2.8,0.0,12.2,12.7,79.94000000000001
동해,2024-06-04,21.9,12.4,17.2,76.9,57.0,4.2,7.5,2.0,0.0,12.7,12.9,77.81
동해,2024-06-05,22.6,12.3,18.4,78.6,64.0,6.5,10.4,2.1,0.0,11.5,14.5,78.29
동해,2024-06-06,23.2,15.6,19.1,83.8,59.0,4.9,8.2,1.4,0.0,11.5,16.1,82.07
동해,2024-06-07,24.9,13.8,19.3,77.0,47.0,3.3,4.9,1.4,0.0,9.1,15.0,78.52
동해,2024-06-08,24.0,16.9,20.2,78.6,59.0,5.1,7.5,1.9,0.0,0.8,16.1,78.8
동해,2024-06-09,26.1,16.0,21.2,74.8,50.0,5.3,9.3,2.1,0.0,11.0,16.1,75.77999999999999
동해,2024-06-10,27.9,18.5,23.5,62.1,38.0,3.1,5.0,1.5,0.0,12.5,15.5,66.28999999999999
동해,2024-06-11,30.9,21.9,25.8,56.1,42.0,5.1,9.5,1.9,0.0,12.3,16.2,59.17
동해,2024-06-12,33.9,21.2,25.7,48.6,23.0,6.0,9.6,2.4,0.0,12.1,13.2,51.449999999999996
동해,2024-06-13,29.6,20.6,24.0,68.3,45.0,4.6,7.2,2.1,0.0,12.1,17.5,63.13999999999999
동해,2024-06-14,26.3,18.4,22.9,79.0,67.0,5.6,8.0,1.9,0.0,11.7,18.9,73.82
동해,2024-06-15,27.0,20.1,22.2,86.3,60.0,3.5,5.9,1.5,15.9,1.1,19.6,83.03999999999999
동해,2024-06-16,28.1,18.5,22.5,70.9,45.0,5.2,8.7,2.0,0.0,12.4,16.6,74.79
동해,2024-06-17,31.6,21.3,27.3,39.5,26.0,6.0,10.4,2.8,0.0,10.1,12.1,50.46
동해,2024-06-18,31.8,21.5,25.6,55.5,31.0,4.7,7.7,2.2,0.0,12.7,15.5,53.839999999999996
동해,2024-06-19,29.6,22.5,25.9,60.0,45.0,4.7,8.2,2.1,0.0,12.7,17.5,57.050000000000004
동해,2024-06-20,32.1,20.2,25.3,65.1,42.0,3.6,4.9,1.8,0.0,10.5,17.9,63.11999999999999
동해,2024-06-21,27.0,17.7,22.4,73.6,52.0,5.2,10.3,2.1,0.0,12.0,17.2,70.53999999999999
동해,2024-06-22,24.2,20.1,21.4,91.5,76.0,4.0,6.2,1.4,30.3,0.0,19.9,85.28
동해,2024-06-23,25.3,20.8,22.2,92.8,80.0,4.3,6.6,1.6,11.0,0.7,20.9,90.61999999999999
동해,2024-06-24,25.7,19.9,22.9,83.0,54.0,7.9,13.7,2.7,2.1,11.7,19.6,85.81
동해,2024-06-25,30.1,19.4,23.1,59.6,33.0,5.5,12.1,2.5,0.0,10.8,14.4,67.6
동해,2024-06-26,27.4,18.5,23.3,63.5,45.0,3.5,6.2,1.9,0.0,12.6,15.7,64.67
동해,2024-06-27,30.2,19.6,24.4,66.9,44.0,3.4,5.6,1.8,0.0,7.2,17.4,65.49000000000001
동해,2024-06-28,26.5,18.4,22.4,76.9,55.0,4.3,8.2,1.9,0.0,12.4,18.0,73.56
동해,2024-06-29,30.0,19.8,24.1,73.0,44.0,3.6,6.6,2.0,15.0,10.9,18.7,73.16999999999999
동해,2024-06-30,30.0,20.2,22.5,88.9,56.0,7.4,16.0,2.2,3.3,1.4,20.4,84.52
동해,2024-07-01,27.7,18.8,23.6,81.3,60.0,4.5,7.5,1.7,0.0,11.2,20.0,81.99
동해,2024-07-02,23.1,20.4,21.7,93.6,86.0,3.5,6.2,1.5,49.6,0.0,20.5,90.67
동해,2024-07-03,30.1,20.3,25.8,74.5,51.0,6.0,13.8,2.1,0.2,0.6,20.5,79.0
동해,2024-07-04,33.7,24.0,28.5,62.0,44.0,3.8,8.5,1.6,0.0,10.2,20.2,67.66
동해,2024-07-05,32.8,25.2,28.5,55.9,41.0,11.4,20.2,4.2,1.0,10.6,18.5,58.98
동해,2024-07-06,32.6,22.6,27.7,67.5,52.0,4.8,12.6,1.6,2.0,1.6,20.9,64.63
동해,2024-07-07,32.4,24.5,26.3,75.9,52.0,6.3,12.0,2.3,3.0,0.3,21.5,72.22
동해,2024-07-08,25.7,22.6,23.9,91.6,78.0,5.4,8.7,1.4,26.2,0.0,22.4,86.05
동해,2024-07-09,27.7,21.4,23.5,92.6,70.0,3.2,5.6,1.4,1.6,1.2,22.2,90.72999999999999
동해,2024-07-10,28.4,21.5,23.6,88.1,69.0,8.2,12.0,2.8,22.7,5.7,21.4,89.35
동해,2024-07-11,27.5,20.7,23.6,85.5,62.0,3.0,5.9,1.4,0.0,11.8,20.9,86.73
동해,2024-07-12,27.6,21.2,24.2,87.3,73.0,5.6,8.8,1.7,0.0,10.1,21.8,87.02
동해,2024-07-13,25.6,21.4,22.6,91.8,79.0,2.8,4.5,1.2,0.0,3.1,21.1,90.27
동해,2024-07-14,25.2,20.4,22.3,92.9,85.0,3.9,5.7,1.4,1.7,0.0,21.0,92.12
동해,2024-07-15,24.9,22.0,23.1,91.4,83.0,4.2,5.8,1.7,2.6,0.0,21.5,91.74000000000001
동해,2024-07-16,26.8,22.4,24.3,91.0,80.0,3.4,5.7,1.1,3.4,2.3,22.7,91.27
동해,2024-07-17,29.8,23.4,25.3,88.6,59.0,6.4,13.6,1.6,9.0,0.1,23.1,89.35999999999999
동해,2024-07-18,26.0,23.7,24.7,90.4,81.0,2.8,4.9,1.3,7.5,0.0,22.9,90.1
동해,2024-07-19,31.9,23.8,27.5,71.0,53.0,5.5,10.1,1.6,0.0,8.4,21.5,76.64
동해,2024-07-20,30.6,23.1,26.3,75.3,59.0,3.0,7.3,1.3,0.0,3.7,21.4,75.95
동해,2024-07-21,33.9,25.2,30.2,58.3,48.0,9.7,20.0,3.0,0.0,4.3,20.8,62.97
동해,2024-07-22,33.7,26.2,29.1,68.5,50.0,6.0,11.4,1.7,0.0,3.2,22.6,67.14
동해,2024-07-23,33.4,26.0,29.7,64.0,46.0,7.4,15.6,2.9,0.2,2.0,21.9,64.33
동해,2024-07-24,32.4,24.2,27.8,74.6,54.0,4.2,6.7,1.6,1.3,5.5,22.6,71.86999999999999
동해,2024-07-25,35.5,25.5,28.7,74.9,48.0,3.3,5.7,1.5,0.0,6.8,23.5,73.75
동해,2024-07-26,33.1,25.2,29.1,75.0,59.0,4.4,7.9,1.5,0.0,9.8,24.0,74.94
동해,2024-07-27,31.0,25.5,27.4,85.3,65.0,4.0,8.3,1.2,3.3,1.7,24.6,82.19999999999999
동해,2024-07-28,36.2,25.8,30.1,70.3,43.0,3.7,9.4,1.5,0.0,9.7,23.8,73.77
동해,2024-07-29,35.9,29.8,32.2,56.1,46.0,5.8,13.0,3.1,0.0,9.1,22.2,61.86
동해,2024-07-30,36.6,28.5,31.9,61.1,46.0,5.7,11.2,2.6,0.0,10.0,23.3,61.019999999999996
동해,2024-07-31,35.6,26.8,30.0,68.1,46.0,5.3,8.9,2.1,0.0,12.4,23.2,65.5
동해,2024-08-01,35.6,26.3,30.6,65.5,48.0,5.3,8.4,1.7,0.0,10.4,23.1,65.58
동해,2024-08-02,37.2,27.1,30.4,73.1,46.0,3.9,7.8,1.6,0.0,9.9,24.8,71.08
동해,2024-08-03,37.3,27.1,31.0,66.5,43.0,4.6,8.4,1.7,0.0,11.6,23.7,67.72
동해,2024-08-04,32.8,25.5,28.7,81.6,69.0,5.1,6.9,1.8,0.0,9.3,25.1,77.72999999999999
동해,2024-08-05,30.6,25.7,27.7,86.3,72.0,4.3,7.9,2.1,0.0,7.0,25.1,83.38
동해,2024-08-06,30.8,24.8,27.7,82.6,65.0,5.1,6.7,1.9,0.2,6.3,24.3,83.24
동해,2024-08-07,32.9,24.0,28.1,78.0,59.0,2.8,4.7,1.6,2.0,10.7,23.7,79.74999999999999
동해,2024-08-08,32.6,23.3,26.7,82.5,59.0,7.5,12.3,1.6,15.8,1.2,23.3,81.61
동해,2024-08-09,31.1,22.9,27.1,83.1,66.0,2.8,4.3,1.6,0.0,11.6,23.8,82.46999999999998
동해,2024-08-10,31.1,22.8,27.3,82.5,70.0,4.3,7.3,2.0,0.0,11.0,23.9,82.61999999999999
동해,2024-08-11,29.6,23.6,26.4,82.5,67.0,6.7,11.4,2.4,0.0,11.8,23.0,82.56
동해,2024-08-12,30.0,23.0,26.3,83.9,69.0,2.4,4.4,1.2,0.0,10.3,23.2,83.47999999999999
동해,2024-08-13,30.5,22.9,26.9,80.4,63.0,2.4,4.2,1.5,0.0,11.9,23.0,81.31
동해,2024-08-14,30.9,23.0,26.8,80.6,66.0,4.0,6.0,1.8,0.0,11.8,23.0,80.89
동해,2024-08-15,31.3,24.1,27.4,78.4,67.0,4.1,5.9,1.7,0.0,11.6,23.1,79.04
동해,2024-08-16,32.1,24.6,27.6,79.9,62.0,4.4,6.7,1.9,0.0,10.7,23.7,79.67
동해,2024-08-17,30.9,23.6,27.4,81.8,69.0,3.4,4.6,1.5,0.0,5.9,23.9,81.08
동해,2024-08-18,31.3,23.4,27.3,79.9,65.0,4.5,7.9,2.1,0.0,10.4,23.3,80.27999999999999
동해,2024-08-19,32.2,23.5,28.0,81.1,61.0,3.6,4.9,1.7,0.0,11.7,24.3,80.92999999999998
동해,2024-08-20,32.4,25.4,28.4,85.9,69.0,5.6,7.6,1.7,0.0,3.8,25.7,84.33999999999999
동해,2024-08-21,29.2,25.5,27.3,90.5,81.0,2.5,4.9,1.1,2.0,0.0,25.5,88.64
동해,2024-08-22,38.5,26.1,31.4,64.9,41.0,6.2,13.4,2.6,0.0,9.5,23.5,72.12
동해,2024-08-23,34.6,27.2,30.8,56.0,43.0,5.9,12.5,2.2,0.0,9.7,20.8,61.230000000000004
동해,2024-08-24,32.9,25.9,29.0,69.5,48.0,3.9,5.4,1.5,0.0,10.4,22.6,66.34
동해,2024-08-25,31.7,24.7,27.4,82.1,67.0,4.8,7.5,1.7,0.0,5.0,23.9,76.96999999999998
동해,2024-08-26,29.6,24.6,26.4,86.5,73.0,4.0,5.5,1.3,6.4,0.0,23.9,83.92
동해,2024-08-27,25.6,20.9,23.4,92.5,82.0,3.4,5.9,1.5,19.2,0.0,22.1,90.25999999999999
동해,2024-08-28,27.6,20.4,23.4,91.3,75.0,2.9,4.6,1.6,2.7,1.4,21.8,91.06
동해,2024-08-29,26.1,22.4,24.9,93.3,84.0,6.9,13.8,3.8,24.0,0.2,23.7,92.82
동해,2024-08-30,29.4,22.6,25.6,87.8,68.0,7.2,10.7,3.4,0.4,5.9,23.3,89.24999999999999
동해,2024-08-31,29.7,20.6,24.6,80.0,58.0,7.5,10.4,2.7,0.0,7.9,20.7,82.89
동해,2024-09-01,30.3,19.9,25.6,76.9,60.0,6.2,9.4,2.3,0.0,10.7,21.0,78.61
동해,2024-09-02,28.7,21.8,24.2,79.8,67.0,6.9,12.7,3.1,3.7,0.2,20.3,79.24
동해,2024-09-03,28.0,18.9,23.1,75.9,55.0,4.7,7.0,2.4,0.0,9.8,18.3,76.78
동해,2024-09-04,27.9,18.0,23.2,76.4,57.0,5.5,9.3,2.5,0.0,10.7,18.5,76.64000000000001
동해,2024-09-05,33.5,19.6,26.9,71.8,48.0,3.9,7.3,1.5,0.0,7.1,21.1,73.13
동해,2024-09-06,26.5,21.5,23.1,88.5,66.0,7.2,11.0,2.3,25.6,0.0,21.0,83.95
동해,2024-09-07,27.9,21.1,24.1,82.5,68.0,2.8,4.9,1.4,0.0,2.3,20.9,82.63
동해,2024-09-08,28.6,21.0,24.4,87.3,70.0,3.6,5.3,1.6,0.2,6.1,22.0,86.45999999999998
동해,2024-09-09,29.4,22.0,25.3,86.5,69.0,5.4,8.9,2.1,0.0,5.0,22.7,86.25999999999999
동해,2024-09-10,31.0,22.0,26.4,83.9,63.0,3.5,7.9,1.6,0.0,10.7,23.2,84.76
동해,2024-09-11,31.9,23.3,26.7,83.5,59.0,7.1,10.0,2.7,1.8,6.3,23.5,83.88
동해,2024-09-12,24.9,21.9,23.1,92.0,80.0,3.6,7.5,2.2,7.8,0.0,21.6,89.49
동해,2024-09-13,28.3,21.6,25.1,91.3,80.0,3.7,6.1,1.3,0.0,2.4,23.5,90.66
동해,2024-09-14,26.7,22.5,24.0,89.5,77.0,4.6,8.4,2.3,0.4,0.3,22.1,90.11
동해,2024-09-15,23.6,21.0,22.1,97.0,91.0,5.1,9.0,2.5,61.5,0.0,21.6,94.92999999999999
동해,2024-09-16,26.8,20.8,23.0,88.8,74.0,4.3,6.5,1.9,1.1,1.2,20.9,90.51
동해,2024-09-17,31.5,21.7,26.2,89.0,72.0,4.0,5.7,1.3,0.0,3.9,24.1,89.76
동해,2024-09-18,26.0,24.2,25.0,92.3,85.0,4.2,7.6,1.5,0.4,0.1,23.6,91.28999999999999
동해,2024-09-19,29.5,23.7,25.5,90.9,75.0,3.6,5.2,1.3,0.0,1.8,23.8,90.99000000000001
동해,2024-09-20,29.4,17.4,24.2,89.5,77.0,10.5,21.8,2.6,31.8,0.2,22.3,90.06
동해,2024-09-21,20.8,17.5,19.8,97.0,92.0,7.5,12.4,5.3,109.3,0.0,19.3,94.89
동해,2024-09-22,20.0,15.7,17.8,96.9,91.0,7.8,13.5,3.8,79.5,0.0,17.2,96.18
동해,2024-09-23,23.3,13.7,17.6,77.0,52.0,3.9,6.5,2.3,0.1,5.1,13.2,82.98
동해,2024-09-24,22.8,12.9,18.0,79.4,56.0,3.3,6.2,1.9,0.0,5.6,14.1,80.67
동해,2024-09-25,24.6,15.8,20.4,87.6,71.0,2.8,4.5,1.6,0.0,5.3,18.1,84.89999999999999
동해,2024-09-26,25.7,18.9,21.8,86.8,69.0,5.4,8.0,2.2,1.2,5.4,19.3,86.21999999999998
동해,2024-09-27,26.0,18.1,21.4,88.4,70.0,7.9,13.8,3.4,26.6,5.8,19.3,88.00000000000001
동해,2024-09-28,24.9,17.4,20.5,82.3,59.0,8.0,12.4,3.2,62.4,2.7,17.1,83.97
동해,2024-09-29,24.8,16.3,19.9,82.8,63.0,4.2,5.5,1.8,0.0,5.6,16.7,83.25999999999999
동해,2024-09-30,25.1,14.4,19.9,78.9,57.0,4.9,9.1,2.4,0.0,10.4,15.9,80.02000000000001
동해,2024-10-01,25.1,17.0,20.3,63.9,42.0,5.1,9.7,2.1,0.0,1.4,13.0,68.78999999999999
동해,2024-10-02,21.0,12.8,16.0,61.4,33.0,6.0,10.2,2.7,0.4,5.8,8.0,63.65
동해,2024-10-03,18.5,14.0,15.0,84.4,54.0,5.6,9.3,2.1,5.1,0.0,12.2,77.75
동해,2024-10-04,22.0,12.1,16.7,70.4,44.0,5.0,9.0,2.5,0.0,10.0,10.8,72.3
동해,2024-10-05,23.1,11.5,16.8,76.4,44.0,4.5,7.9,2.5,0.0,9.5,12.2,76.0
동해,2024-10-06,22.3,12.6,17.2,83.5,63.0,2.8,4.3,1.6,0.0,2.1,14.2,80.77
동해,2024-10-07,23.6,14.8,17.8,78.4,51.0,5.5,8.5,2.2,0.0,1.9,13.8,79.22
동해,2024-10-08,17.1,13.0,15.2,92.3,81.0,3.6,5.9,2.0,4.4,0.0,13.9,88.64
동해,2024-10-09,20.9,13.1,16.4,81.9,56.0,2.4,4.3,1.5,0.4,3.0,13.1,83.63
동해,2024-10-10,22.3,11.6,16.4,79.1,49.0,3.4,5.3,1.8,0.0,7.5,12.4,80.98
동해,2024-10-11,23.0,11.9,17.1,79.4,54.0,3.1,5.5,2.1,0.0,9.7,13.2,79.59
동해,2024-10-12,23.6,12.3,17.3,72.6,43.0,3.0,4.6,2.1,0.0,9.6,11.9,74.60999999999999
동해,2024-10-13,23.5,11.7,17.8,79.3,57.0,3.4,5.8,2.2,0.0,6.9,14.0,77.97
동해,2024-10-14,23.0,15.7,18.1,85.9,59.0,2.6,4.7,1.7,0.2,0.0,15.6,83.25000000000001
동해,2024-10-15,23.4,16.0,18.9,88.5,75.0,3.2,5.2,1.6,8.7,0.1,16.9,87.06
동해,2024-10-16,21.0,14.3,17.6,85.1,75.0,3.3,6.2,1.9,6.6,1.2,15.0,85.86
동해,2024-10-17,23.6,13.3,17.4,85.0,55.0,4.5,7.2,2.0,0.0,5.8,14.6,85.36999999999999
동해,2024-10-18,21.4,14.0,17.3,90.0,66.0,3.4,7.0,1.7,41.1,0.6,15.6,88.51
동해,2024-10-19,17.2,11.3,14.1,86.9,57.0,10.7,15.7,5.5,38.3,0.0,11.8,87.33
동해,2024-10-20,15.1,11.4,13.1,60.6,43.0,8.3,13.4,3.7,0.0,2.5,5.4,68.80000000000001
동해,2024-10-21,20.0,11.5,15.5,80.3,57.0,2.9,5.0,1.4,0.0,1.5,11.9,77.02
동해,2024-10-22,17.6,14.8,16.0,95.3,89.0,2.9,4.4,1.2,10.9,0.0,15.1,88.83
동해,2024-10-23,21.0,11.6,16.5,57.0,37.0,11.6,23.9,4.0,0.0,9.4,7.4,66.99
동해,2024-10-24,19.5,7.8,13.3,63.5,37.0,6.5,9.6,2.7,0.0,8.7,6.0,65.38
동해,2024-10-25,21.5,9.4,15.1,78.4,53.0,3.3,5.7,2.1,0.0,8.6,11.0,73.28
동해,2024-10-26,21.6,11.2,16.2,84.5,64.0,3.8,5.1,1.8,0.0,2.5,13.4,81.17999999999999
동해,2024-10-27,22.9,12.7,16.5,79.4,53.0,2.8,4.5,1.7,0.4,2.1,12.6,80.32000000000001
동해,2024-10-28,16.7,10.1,13.7,86.1,71.0,8.4,14.1,3.2,5.9,0.0,11.3,84.6
동해,2024-10-29,19.2,8.5,13.2,80.5,53.0,3.5,6.3,2.0,0.0,6.7,9.5,81.50999999999999
동해,2024-10-30,21.2,10.1,14.7,73.3,47.0,4.5,6.7,2.4,0.0,8.1,9.6,76.02
동해,2024-10-31,21.5,8.9,14.5,79.0,50.0,4.9,8.3,2.4,0.0,7.7,10.6,78.00999999999999
동해,2024-11-01,17.2,11.9,14.5,77.5,68.0,3.4,5.7,1.9,0.0,0.0,10.5,77.38
동해,2024-11-02,21.6,14.3,16.9,78.9,68.0,8.7,13.0,3.1,0.9,1.8,13.1,78.63000000000001
동해,2024-11-03,20.3,11.4,15.5,76.5,55.0,7.0,11.2,2.6,0.0,8.4,11.1,77.08
동해,2024-11-04,21.6,13.2,17.0,61.6,39.0,8.3,12.3,2.4,0.0,1.6,9.4,66.31
동해,2024-11-05,13.8,10.1,11.3,87.4,55.0,5.5,10.0,3.1,56.9,0.1,9.1,81.15
동해,2024-11-06,14.9,5.5,9.5,54.4,25.0,8.5,11.7,3.3,0.0,7.8,0.1,61.72
동해,2024-11-07,16.8,5.5,10.5,75.6,51.0,3.1,5.0,1.9,0.0,6.7,6.1,72.53999999999999
동해,2024-11-08,16.7,6.5,11.0,82.0,55.0,4.3,6.7,2.2,0.0,5.4,7.8,77.96
동해,2024-11-09,17.6,8.3,12.2,84.4,63.0,3.5,5.2,1.8,0.0,1.9,9.5,83.04
동해,2024-11-10,20.9,9.4,13.6,79.1,50.0,3.9,6.4,2.0,0.0,3.3,9.8,80.45
동해,2024-11-11,20.5,10.1,14.9,79.8,49.0,5.3,7.9,2.5,3.5,6.0,11.2,80.11999999999999
동해,2024-11-12,22.2,11.9,15.6,68.5,30.0,4.4,8.7,1.9,0.0,8.0,9.2,71.82
동해,2024-11-13,18.6,10.5,14.0,76.6,58.0,5.0,8.7,2.0,0.2,1.6,9.8,75.3
동해,2024-11-14,19.8,9.6,14.4,78.4,51.0,4.7,7.8,1.8,0.2,2.9,10.4,77.05
동해,2024-11-15,20.5,12.4,15.3,79.9,62.0,2.7,4.1,1.7,0.0,3.8,11.6,79.27
동해,2024-11-16,23.3,14.2,18.0,77.1,58.0,5.9,9.5,1.7,0.1,8.1,13.7,77.78999999999999
동해,2024-11-17,19.3,9.0,13.2,59.6,50.0,7.8,14.6,4.0,0.2,0.0,5.4,65.13
동해,2024-11-18,9.3,3.4,6.1,49.4,32.0,7.9,15.3,3.8,0.0,,-3.9,54.21
동해,2024-11-19,11.5,1.2,6.5,69.3,46.0,4.2,6.4,2.1,0.0,,1.0,64.35
동해,2024-11-20,14.5,4.3,9.2,53.8,34.0,4.4,8.2,2.0,0.0,,0.0,56.459999999999994
동해,2024-11-21,16.5,5.8,10.8,51.0,38.0,4.6,9.0,2.3,0.0,,0.9,53.38999999999999
동해,2024-11-22,12.2,7.5,9.5,46.1,39.0,7.4,13.0,3.6,0.0,,-1.6,47.85
동해,2024-11-23,10.5,3.4,6.4,72.3,43.0,5.4,8.9,2.5,0.8,,1.5,64.92999999999999
동해,2024-11-24,14.1,2.1,7.1,74.9,40.0,3.1,5.5,2.1,0.0,,2.6,71.5
동해,2024-11-25,17.2,3.6,10.9,61.6,38.0,5.9,10.4,3.1,0.0,,3.6,65.33
동해,2024-11-26,14.0,7.0,10.4,59.9,34.0,8.4,18.3,3.0,1.1,,2.4,61.74
동해,2024-11-27,7.4,0.0,3.8,53.6,41.0,7.8,14.2,2.8,0.6,3.1,-4.8,55.66
동해,2024-11-28,7.4,1.8,4.2,51.4,43.0,5.3,10.4,2.6,0.0,1.5,-4.9,52.69
동해,2024-11-29,9.0,-0.6,4.5,36.1,20.0,8.6,15.8,3.1,0.0,7.7,-9.6,40.91
동해,2024-11-30,13.9,3.4,7.7,44.8,27.0,6.7,13.6,3.5,0.0,7.6,-4.0,43.72
동해,2024-12-01,14.4,4.7,9.9,56.3,39.0,4.6,7.9,1.8,0.0,7.6,1.3,51.98
동해,2024-12-02,17.6,7.5,12.3,53.1,37.0,5.0,11.4,2.1,0.0,5.1,2.7,52.91
동해,2024-12-03,11.6,1.4,6.2,28.3,16.0,5.8,10.4,3.1,0.0,3.1,-11.4,36.06
동해,2024-12-04,10.2,0.5,4.8,32.8,14.0,5.9,11.9,2.9,0.0,8.0,-11.2,33.93
동해,2024-12-05,10.4,0.5,5.6,35.1,19.0,5.9,11.6,3.0,0.0,8.2,-9.1,33.96
동해,2024-12-06,10.7,2.1,5.7,23.5,9.0,7.6,15.6,3.4,0.0,8.6,-14.4,26.75
동해,2024-12-07,9.6,-0.1,3.4,25.8,14.0,5.7,12.0,3.6,0.0,8.6,-14.9,26.27
동해,2024-12-08,6.9,-1.4,2.2,31.5,18.0,6.1,13.1,3.3,0.0,8.6,-13.3,29.56
동해,2024-12-09,9.5,-1.7,3.2,33.8,16.0,3.4,6.2,2.2,0.0,8.4,-11.6,32.54
동해,2024-12-10,9.5,-0.4,4.0,42.9,20.0,3.9,6.2,2.1,0.0,8.4,-7.8,39.94
동해,2024-12-11,7.9,2.2,4.2,71.8,29.0,6.1,10.0,2.6,7.4,0.0,-1.5,62.22
동해,2024-12-12,8.1,0.0,3.6,64.3,34.0,6.0,8.6,2.3,0.0,7.5,-3.2,63.66
동해,2024-12-13,9.0,1.6,3.9,30.3,22.0,5.2,10.3,2.4,0.0,2.8,-12.1,41.25
동해,2024-12-14,6.5,-0.7,2.4,26.6,18.0,7.3,15.1,4.0,0.0,8.4,-15.2,31.11
동해,2024-12-15,8.4,0.3,3.5,36.6,24.0,7.7,14.7,3.6,0.0,6.8,-10.1,33.97
동해,2024-12-16,8.0,-1.0,2.9,35.1,23.0,5.8,12.0,3.4,0.0,7.8,-11.4,34.55
동해,2024-12-17,6.9,-0.4,2.4,32.1,24.0,8.7,15.4,3.6,0.0,8.3,-12.7,33.15
동해,2024-12-18,5.4,-3.1,0.8,55.6,23.0,6.6,12.0,3.1,6.1,7.0,-8.0,48.85
동해,2024-12-19,7.3,-1.3,2.4,58.5,41.0,4.8,8.2,2.5,0.0,7.8,-5.1,55.279999999999994
동해,2024-12-20,8.6,0.0,4.5,35.0,10.0,6.4,13.1,2.5,0.0,2.2,-10.2,41.760000000000005
동해,2024-12-21,6.7,-0.6,2.7,52.8,34.0,7.1,14.5,3.7,0.0,7.9,-6.3,49.809999999999995
동해,2024-12-22,4.4,-2.9,-0.2,34.4,22.0,6.0,11.3,3.7,0.0,8.4,-14.3,38.14
동해,2024-12-23,9.2,-2.3,3.4,28.3,16.0,5.6,13.1,3.5,0.0,8.4,-13.7,31.97
동해,2024-12-24,7.8,-2.0,2.4,37.9,20.0,5.5,10.3,2.2,0.0,8.4,-10.8,35.629999999999995
동해,2024-12-25,8.6,-0.3,4.6,34.8,20.0,5.2,11.2,2.0,0.0,1.7,-9.9,34.769999999999996
동해,2024-12-26,9.3,0.3,5.0,29.4,14.0,7.1,12.7,3.5,0.0,7.9,-12.3,31.33
동해,2024-12-27,4.9,-3.0,0.4,27.4,16.0,9.0,15.3,4.8,0.0,8.4,-16.7,28.539999999999996
동해,2024-12-28,3.9,-3.0,-0.2,27.1,17.0,8.7,15.9,3.9,0.0,8.4,-17.2,27.39
동해,2024-12-29,9.1,-0.7,3.2,34.6,16.0,6.3,10.8,2.7,0.0,8.4,-11.5,32.38
동해,2024-12-30,10.4,1.3,7.2,46.6,38.0,5.3,10.1,2.1,0.0,1.9,-3.5,42.25
동해,2024-12-31,7.4,-0.5,4.0,27.6,13.0,9.2,16.6,3.6,0.0,8.4,-13.3,32.1
삼척,2022-01-01,-0.3,-15.2,-8.4,50.1,20.0,3.1,4.7,0.8,0.0,6.1,-17.8,
삼척,2022-01-02,3.3,-11.1,-4.5,61.9,28.0,4.7,9.4,1.4,0.2,3.5,-11.3,
삼척,2022-01-03,1.0,-12.2,-4.7,60.3,29.0,4.8,9.4,1.4,0.0,6.1,-12.0,59.599999999999994
삼척,2022-01-04,3.6,-8.6,-2.2,47.3,24.0,3.2,6.4,1.4,0.0,6.2,-12.6,51.36
삼척,2022-01-05,3.7,-11.4,-3.9,61.3,36.0,1.3,4.1,0.3,0.0,4.7,-10.7,58.4
삼척,2022-01-06,5.6,-8.0,-2.9,59.3,18.0,3.3,6.2,0.7,0.0,6.2,-11.2,58.49999999999999
삼척,2022-01-07,4.1,-11.6,-5.3,58.5,20.0,3.1,4.9,0.7,0.0,6.3,-13.0,58.94
삼척,2022-01-08,4.0,-11.7,-2.8,63.9,36.0,7.2,13.5,1.4,0.0,5.6,-9.2,62.36
삼척,2022-01-09,5.3,-5.5,0.1,68.3,46.0,2.5,4.1,0.7,0.0,3.3,-5.3,66.44
삼척,2022-01-10,5.7,-8.1,-1.7,66.3,26.0,4.4,7.8,1.1,0.2,4.6,-8.0,66.46
삼척,2022-01-11,-0.8,-9.4,-4.8,44.5,27.0,7.1,13.2,3.7,0.1,6.4,-15.5,51.239999999999995
삼척,2022-01-12,-3.5,-13.1,-8.0,40.3,26.0,4.7,8.9,2.0,0.0,6.4,-19.6,43.74
삼척,2022-01-13,-4.1,-10.5,-7.6,35.3,24.0,8.4,15.3,3.0,0.0,6.2,-20.6,37.22
삼척,2022-01-14,-0.7,-14.8,-8.5,49.6,22.0,2.8,5.7,0.9,0.0,6.4,-17.9,45.81
삼척,2022-01-15,3.3,-11.3,-3.4,52.5,31.0,4.5,7.0,1.1,0.0,2.4,-12.2,50.2
삼척,2022-01-16,4.3,-7.2,-0.5,44.0,20.0,7.0,13.0,3.0,0.1,5.5,-12.6,46.26
삼척,2022-01-17,-0.9,-10.5,-5.8,39.6,13.0,7.8,14.7,2.7,0.2,5.1,-17.9,41.769999999999996
삼척,2022-01-18,-0.6,-13.3,-7.6,49.0,19.0,3.6,6.5,1.2,0.0,6.3,-17.5,46.62
삼척,2022-01-19,-0.7,-12.3,-6.9,66.8,34.0,4.1,7.1,1.4,0.9,2.7,-12.4,60.52
삼척,2022-01-20,2.6,-13.8,-7.1,71.8,37.0,2.4,4.6,0.7,0.0,6.3,-11.7,68.52
삼척,2022-01-21,4.0,-13.5,-6.5,67.0,25.0,2.0,4.0,0.4,0.0,6.4,-12.4,67.94
삼척,2022-01-22,5.8,-10.8,-3.3,73.5,47.0,3.3,5.0,0.6,0.0,1.0,-7.6,72.03
삼척,2022-01-23,10.0,-4.7,1.7,69.6,39.0,4.3,8.0,0.9,0.0,4.0,-3.7,70.11999999999999
삼척,2022-01-24,2.8,-2.7,1.2,63.4,55.0,3.3,7.2,1.2,0.0,0.0,-5.1,65.64999999999999
삼척,2022-01-25,1.4,-2.6,-0.3,80.6,71.0,4.1,7.0,0.5,0.6,0.0,-3.2,76.05999999999999
삼척,2022-01-26,4.9,-4.5,-0.2,63.3,26.0,5.6,11.5,1.3,0.0,5.9,-6.9,66.77
삼척,2022-01-27,5.9,-7.9,-2.2,59.9,25.0,3.0,5.0,0.6,0.0,6.7,-10.0,62.650000000000006
삼척,2022-01-28,3.3,-10.3,-3.8,51.5,21.0,3.3,7.2,1.1,0.0,6.8,-13.6,54.36
삼척,2022-01-29,2.8,-10.3,-4.4,44.9,18.0,4.6,8.5,1.5,0.0,7.3,-15.9,47.72
삼척,2022-01-30,3.7,-13.2,-5.7,48.1,18.0,3.1,6.1,0.8,0.0,7.7,-15.8,47.800000000000004
삼척,2022-01-31,3.4,-13.0,-5.1,49.1,18.0,3.5,6.6,0.9,0.0,7.7,-15.4,48.48
삼척,2022-02-01,-0.7,-5.9,-3.6,68.3,47.0,8.2,18.9,2.2,2.3,0.9,-8.8,62.44
삼척,2022-02-02,0.8,-5.5,-3.3,46.6,23.0,7.8,15.3,3.3,0.0,6.4,-13.7,51.19
삼척,2022-02-03,1.9,-9.7,-4.2,45.6,18.0,5.3,9.7,1.8,0.0,7.6,-15.2,48.06999999999999
삼척,2022-02-04,-0.5,-11.5,-5.9,42.0,19.0,8.9,17.2,3.8,0.0,7.6,-17.8,43.17999999999999
삼척,2022-02-05,-3.0,-12.5,-7.6,36.4,19.0,7.9,14.0,3.5,0.0,7.6,-20.5,38.44
삼척,2022-02-06,0.4,-12.2,-5.1,36.5,20.0,7.4,14.0,2.5,0.0,7.5,-18.3,37.03
삼척,2022-02-07,0.9,-12.4,-4.9,45.9,23.0,2.7,5.7,1.0,0.0,6.3,-15.7,43.06999999999999
삼척,2022-02-08,4.7,-9.8,-4.2,50.1,21.0,3.6,5.6,0.7,0.0,4.2,-13.7,47.9
삼척,2022-02-09,7.2,-12.0,-3.1,48.3,16.0,3.5,7.1,0.6,0.0,7.6,-13.8,48.42
삼척,2022-02-10,8.7,-5.7,-0.6,46.1,15.0,3.9,8.7,0.8,0.0,7.1,-12.4,46.93999999999999
삼척,2022-02-11,9.6,-9.5,-1.0,51.0,12.0,4.8,7.3,0.9,0.0,7.6,-11.5,49.74999999999999
삼척,2022-02-12,11.4,-5.3,1.2,51.5,16.0,4.1,8.7,0.8,0.0,7.1,-9.0,50.86
삼척,2022-02-13,9.4,-4.1,1.1,67.0,25.0,3.9,6.1,0.7,0.0,3.4,-4.8,62.300000000000004
삼척,2022-02-14,8.2,-4.8,1.4,64.9,28.0,9.7,18.4,2.8,1.0,4.0,-5.5,63.98
삼척,2022-02-15,-0.2,-7.6,-3.7,46.5,31.0,8.6,16.9,3.8,0.0,5.6,-13.8,52.230000000000004
삼척,2022-02-16,-3.7,-10.4,-8.0,32.9,18.0,9.2,17.7,4.5,0.0,7.6,-21.9,38.82
삼척,2022-02-17,-0.6,-12.9,-8.0,40.6,20.0,3.3,6.6,1.2,0.0,7.5,-19.6,39.65
삼척,2022-02-18,5.8,-14.3,-4.5,41.1,11.0,4.5,7.5,1.0,0.0,7.6,-17.6,40.18
삼척,2022-02-19,3.1,-5.4,-1.6,40.4,17.0,6.5,11.3,2.4,0.0,2.9,-13.9,40.56
삼척,2022-02-20,-1.8,-9.3,-5.9,32.9,14.0,7.2,13.9,3.2,0.0,7.7,-20.7,35.22
삼척,2022-02-21,0.8,-11.2,-4.1,43.1,23.0,8.0,15.3,2.7,0.2,5.1,-14.9,40.79
삼척,2022-02-22,-0.1,-9.0,-4.5,31.6,19.0,8.3,16.2,3.3,0.0,7.6,-19.2,34.03
삼척,2022-02-23,0.6,-12.4,-6.0,30.5,8.0,6.1,10.4,2.4,0.0,7.7,-22.3,31.979999999999997
삼척,2022-02-24,4.1,-14.3,-4.8,36.8,11.0,7.1,13.1,2.1,0.0,7.9,-18.9,35.019999999999996
삼척,2022-02-25,7.7,-8.3,0.9,49.8,24.0,7.9,14.6,2.1,0.0,7.5,-9.1,45.26999999999999
삼척,2022-02-26,10.3,0.2,5.0,54.3,31.0,8.8,16.2,3.6,3.9,4.6,-4.0,51.65
삼척,2022-02-27,8.8,-3.3,3.1,40.0,20.0,8.0,15.5,2.8,0.0,7.8,-10.1,43.84
삼척,2022-02-28,11.3,-3.4,3.1,53.1,25.0,4.2,5.8,1.0,0.0,5.8,-6.4,50.6
삼척,2022-03-01,9.7,-2.9,3.3,65.5,46.0,4.3,7.7,1.4,0.1,0.8,-2.8,60.47
삼척,2022-03-02,10.2,-2.9,3.1,44.0,15.0,9.7,18.3,2.5,0.0,7.8,-9.5,49.21
삼척,2022-03-03,11.1,-2.1,3.7,45.1,15.0,10.0,18.4,2.1,0.0,7.9,-8.5,46.92
삼척,2022-03-04,14.0,-5.6,5.8,45.8,21.0,10.0,18.5,3.3,0.0,6.7,-6.2,45.48
삼척,2022-03-05,8.4,-1.7,2.4,24.5,13.0,13.0,23.6,6.5,0.0,8.1,-16.7,30.82
삼척,2022-03-06,8.5,-4.8,0.3,25.5,7.0,5.3,10.5,1.4,0.0,8.3,-18.9,27.33
삼척,2022-03-07,9.9,-7.8,1.4,33.1,9.0,4.7,8.5,1.1,0.0,7.4,-15.1,30.72
삼척,2022-03-08,12.4,-5.1,3.3,43.3,23.0,4.6,8.8,1.4,0.0,7.8,-8.9,39.47999999999999
삼척,2022-03-09,15.4,-4.4,4.7,46.8,18.0,2.7,4.4,0.7,0.0,7.8,-7.4,44.730000000000004
삼척,2022-03-10,17.8,-2.2,6.5,39.6,9.0,6.5,11.9,1.6,0.0,7.5,-8.8,41.41
삼척,2022-03-11,17.6,-1.8,8.2,47.9,26.0,8.7,15.4,2.8,0.0,7.0,-2.9,46.129999999999995
삼척,2022-03-12,19.0,0.5,10.9,63.5,39.0,8.5,15.3,2.1,0.0,2.1,3.6,57.989999999999995
삼척,2022-03-13,16.0,6.6,10.3,86.8,54.0,6.7,11.0,1.3,24.6,0.0,8.1,78.25
삼척,2022-03-14,10.7,5.9,8.0,75.6,61.0,6.6,12.8,2.1,6.5,0.0,3.9,76.63
삼척,2022-03-15,16.7,2.5,8.1,58.5,24.0,3.7,8.2,1.1,0.0,8.0,-0.2,64.75
삼척,2022-03-16,19.4,0.7,9.4,57.9,24.0,3.3,7.2,1.2,0.0,7.2,-0.1,59.79
삼척,2022-03-17,8.5,4.1,6.6,69.3,58.0,3.7,7.7,1.8,1.6,0.0,1.3,65.94
삼척,2022-03-18,6.1,2.9,3.8,70.3,55.0,4.6,9.7,2.2,3.9,0.0,-1.2,68.86
삼척,2022-03-19,4.4,0.5,2.1,79.3,63.0,3.6,6.8,0.9,11.6,0.0,-1.2,76.5
삼척,2022-03-20,6.9,-0.2,2.8,73.5,48.0,5.0,12.2,1.3,0.8,1.2,-1.7,74.34
삼척,2022-03-21,10.9,-3.3,3.7,59.5,23.0,4.8,7.7,0.9,0.0,8.1,-4.8,64.28
삼척,2022-03-22,11.7,-2.5,4.0,53.5,17.0,3.7,6.5,1.0,0.0,8.6,-6.2,56.699999999999996
삼척,2022-03-23,7.8,-1.7,2.3,61.1,35.0,5.5,10.9,1.1,0.0,0.0,-4.8,59.42
삼척,2022-03-24,8.4,0.1,4.2,67.0,53.0,4.1,6.3,1.4,0.0,0.0,-1.5,64.47
삼척,2022-03-25,18.2,0.2,9.4,64.1,23.0,3.8,7.5,1.1,7.9,4.1,1.4,64.38
삼척,2022-03-26,13.1,9.0,11.0,84.3,71.0,9.1,16.0,2.2,17.8,0.0,8.4,78.52999999999999
삼척,2022-03-27,14.3,1.8,8.1,52.5,23.0,9.0,19.0,3.2,0.0,6.3,-2.3,60.019999999999996
삼척,2022-03-28,14.6,-3.0,4.8,40.0,5.0,3.5,6.4,0.9,0.0,9.2,-10.5,46.93
삼척,2022-03-29,18.1,-2.9,7.1,48.0,21.0,3.5,8.0,1.2,0.0,9.3,-4.4,46.849999999999994
삼척,2022-03-30,17.3,0.0,8.6,66.9,27.0,4.9,8.7,1.2,5.2,3.9,2.0,60.43
삼척,2022-03-31,8.9,1.0,6.3,69.3,50.0,3.8,7.4,1.5,0.0,0.0,0.9,66.69
삼척,2022-04-01,13.3,-1.0,5.5,58.1,23.0,3.2,6.2,1.1,0.0,5.6,-3.4,61.22
삼척,2022-04-02,15.2,-0.9,6.0,48.9,11.0,4.6,8.7,1.2,0.0,7.6,-6.9,52.779999999999994
삼척,2022-04-03,17.8,-2.1,7.6,46.0,11.0,4.2,6.4,1.1,0.0,9.4,-5.7,47.79
삼척,2022-04-04,18.7,-0.9,8.5,49.8,17.0,3.9,7.8,1.4,0.0,9.4,-3.5,48.949999999999996
삼척,2022-04-05,19.4,-0.7,10.3,34.4,9.0,7.6,12.5,2.2,0.0,9.1,-7.6,38.64
삼척,2022-04-06,19.8,3.6,11.4,36.5,12.0,8.9,16.3,2.1,0.0,8.6,-4.4,37.41
삼척,2022-04-07,17.2,6.1,11.4,38.1,18.0,10.1,19.8,2.8,0.0,7.5,-3.4,37.41
삼척,2022-04-08,21.3,0.3,11.0,41.9,15.0,8.0,13.8,2.1,0.0,9.6,-3.4,40.6
삼척,2022-04-09,25.3,5.1,15.9,43.8,23.0,7.7,14.3,2.6,0.0,8.3,2.1,42.85
삼척,2022-04-10,27.3,7.1,16.8,42.8,10.0,7.3,13.8,2.1,0.0,9.2,0.8,42.91
삼척,2022-04-11,27.4,8.6,17.7,47.5,21.0,4.2,7.7,1.4,0.0,9.4,5.1,46.190000000000005
삼척,2022-04-12,28.6,9.9,18.6,55.6,27.0,3.7,7.5,1.5,0.0,7.9,8.2,52.7
삼척,2022-04-13,12.7,6.6,8.3,71.0,56.0,4.2,9.3,2.3,8.8,0.0,3.2,65.57
삼척,2022-04-14,8.5,6.0,7.1,71.1,54.0,4.4,8.7,2.0,6.2,0.0,2.0,69.53
삼척,2022-04-15,16.8,3.3,8.8,56.4,29.0,4.7,8.4,1.9,0.0,7.6,0.1,60.8
삼척,2022-04-16,19.0,0.0,9.8,47.1,13.0,8.1,12.7,1.9,0.0,8.4,-3.6,51.36
삼척,2022-04-17,21.5,1.4,11.5,39.3,9.0,6.9,12.4,1.9,0.0,10.2,-4.6,42.57
삼척,2022-04-18,21.4,7.4,13.1,40.0,13.0,8.5,16.4,1.7,0.0,3.7,-2.0,40.57
삼척,2022-04-19,21.9,2.7,12.7,39.4,12.0,8.5,15.5,2.0,0.0,10.1,-2.9,39.51
삼척,2022-04-20,23.4,3.5,13.4,40.4,9.0,4.1,8.9,1.4,0.0,10.2,-2.9,40.16
삼척,2022-04-21,20.4,4.7,13.8,38.8,16.0,6.5,12.7,2.4,0.0,6.9,-1.7,39.17999999999999
삼척,2022-04-22,20.1,9.5,16.4,50.9,40.0,8.0,14.9,4.5,0.0,1.9,5.9,47.42999999999999
삼척,2022-04-23,24.7,9.1,16.5,43.4,8.0,4.2,7.1,1.2,0.0,6.8,1.6,44.44
삼척,2022-04-24,27.1,7.2,17.4,51.1,19.0,4.6,9.7,1.7,0.0,9.1,5.5,49.53999999999999
삼척,2022-04-25,27.4,10.3,19.3,50.6,25.0,4.2,7.5,1.3,0.0,6.8,7.6,49.980000000000004
삼척,2022-04-26,23.1,14.1,17.4,78.3,44.0,2.8,5.5,0.9,12.7,1.6,13.3,70.03999999999999
삼척,2022-04-27,22.6,9.4,15.3,51.3,21.0,4.2,7.6,1.4,0.0,10.4,3.8,56.629999999999995
삼척,2022-04-28,22.4,7.6,13.5,61.9,33.0,4.4,9.0,2.0,0.0,8.6,5.6,61.419999999999995
삼척,2022-04-29,11.6,6.1,9.0,66.3,46.0,4.0,8.8,2.1,10.8,0.5,2.9,63.92
삼척,2022-04-30,16.2,6.8,11.4,57.8,41.0,4.8,8.9,1.6,0.0,1.4,2.9,59.90999999999999
삼척,2022-05-01,17.0,3.5,10.9,45.0,15.0,9.1,17.1,2.7,0.0,8.5,-2.9,49.69
삼척,2022-05-02,16.1,2.8,9.0,63.3,19.0,5.0,9.4,1.3,2.5,4.8,1.0,59.089999999999996
삼척,2022-05-03,21.5,4.9,12.3,50.3,14.0,6.7,13.5,2.1,0.0,8.5,-0.3,52.36999999999999
삼척,2022-05-04,26.6,4.4,15.9,44.9,15.0,10.0,15.9,2.2,0.0,10.6,1.5,47.81999999999999
삼척,2022-05-05,26.8,7.5,16.7,47.6,16.0,3.6,7.4,1.3,0.0,10.7,3.3,47.33
삼척,2022-05-06,27.1,7.0,17.4,54.0,26.0,3.7,7.7,1.1,0.0,10.7,6.7,51.81
삼척,2022-05-07,22.3,8.5,14.2,62.9,37.0,4.3,8.0,1.3,0.2,1.7,6.8,59.589999999999996
삼척,2022-05-08,15.7,5.2,10.6,60.9,27.0,2.3,3.7,0.7,0.3,0.0,2.7,60.60999999999999
삼척,2022-05-09,22.9,7.8,14.4,44.0,7.0,4.1,8.0,1.3,0.4,9.3,-2.1,49.269999999999996
삼척,2022-05-10,26.1,3.9,13.9,43.0,1.0,3.7,6.0,1.0,0.0,7.8,-1.3,44.989999999999995
삼척,2022-05-11,26.0,8.0,17.4,49.3,23.0,4.4,10.0,1.2,0.0,9.3,5.4,47.51
삼척,2022-05-12,25.1,12.4,17.5,63.6,39.0,3.5,7.4,1.2,0.1,3.2,9.9,58.67999999999999
삼척,2022-05-13,20.9,10.0,13.6,72.5,42.0,3.4,6.1,1.1,2.9,1.4,8.3,68.4
삼척,2022-05-14,19.8,8.4,13.2,55.4,22.0,9.1,15.3,2.4,0.0,9.7,2.9,59.63999999999999
삼척,2022-05-15,21.1,4.2,12.7,48.8,16.0,6.9,11.4,1.7,0.0,10.9,0.2,52.489999999999995
삼척,2022-05-16,22.6,3.7,13.9,49.1,20.0,6.6,11.7,1.6,0.0,9.0,1.6,49.669999999999995
삼척,2022-05-17,25.8,6.1,15.9,54.0,16.0,6.0,11.3,1.3,0.0,9.4,4.7,52.5
삼척,2022-05-18,25.3,8.2,18.4,48.9,23.0,6.9,12.5,1.9,0.0,7.7,5.5,49.94
삼척,2022-05-19,24.7,13.7,19.4,35.0,20.0,8.0,14.6,2.3,0.0,7.7,2.5,39.68
삼척,2022-05-20,27.9,12.0,19.3,43.3,20.0,5.2,9.9,1.5,0.0,9.8,5.1,42.199999999999996
삼척,2022-05-21,27.4,9.6,19.1,57.1,31.0,6.2,12.0,1.9,0.0,9.8,9.4,52.129999999999995
삼척,2022-05-22,26.1,11.9,18.8,63.4,40.0,4.2,9.0,1.5,0.0,6.0,11.0,60.129999999999995
삼척,2022-05-23,30.4,13.4,21.6,55.9,14.0,7.0,12.7,1.6,0.0,9.0,11.0,57.519999999999996
삼척,2022-05-24,32.6,13.8,22.3,50.8,15.0,3.4,6.8,0.8,0.0,10.6,9.9,53.08
삼척,2022-05-25,30.3,12.2,21.8,46.1,22.0,7.5,14.5,2.0,0.0,10.9,8.1,48.019999999999996
삼척,2022-05-26,23.5,13.6,18.4,43.8,20.0,7.7,15.4,3.3,3.8,8.9,3.9,44.959999999999994
삼척,2022-05-27,22.3,14.6,17.6,47.5,22.0,6.8,12.4,2.7,0.0,0.6,5.9,46.62
삼척,2022-05-28,29.8,9.9,20.2,48.6,17.0,6.1,12.2,1.5,0.0,11.2,7.3,47.9
삼척,2022-05-29,29.8,10.3,20.2,38.0,7.0,4.8,9.4,1.1,0.0,10.5,2.1,41.07
삼척,2022-05-30,27.4,12.8,20.0,44.5,20.0,6.4,9.9,1.4,0.0,0.5,6.6,43.61
삼척,2022-05-31,27.1,12.3,20.1,35.4,12.0,8.2,15.3,2.3,0.0,11.0,2.2,37.48
삼척,2022-06-01,30.3,9.9,20.1,29.0,2.0,6.1,10.6,1.5,0.0,11.2,-3.9,31.829999999999995
삼척,2022-06-02,30.6,9.2,20.2,,30.0,7.6,12.3,1.7,0.0,11.1,-99.0,
삼척,2022-06-03,30.0,12.7,20.2,59.5,26.0,3.9,8.5,1.6,0.0,11.2,11.0,
삼척,2022-06-04,30.9,12.9,20.9,59.4,27.0,3.6,6.8,1.2,0.0,8.0,11.6,
삼척,2022-06-05,23.0,15.9,18.9,64.0,41.0,2.0,5.2,0.7,0.0,0.1,11.6,62.63
삼척,2022-06-06,19.2,13.6,16.3,66.4,47.0,6.4,12.7,2.3,10.6,2.9,9.8,65.22
삼척,2022-06-07,20.7,10.6,15.2,62.9,42.0,3.7,6.8,1.6,0.0,2.1,7.7,63.709999999999994
삼척,2022-06-08,23.7,12.5,16.6,58.6,34.0,2.9,5.7,1.0,0.0,3.0,8.0,60.239999999999995
삼척,2022-06-09,24.8,11.6,17.4,67.3,36.0,2.6,5.3,0.7,0.1,0.7,10.6,65.11999999999999
삼척,2022-06-10,29.1,15.0,21.1,58.9,28.0,3.5,6.9,1.0,0.0,6.4,11.6,60.55
삼척,2022-06-11,25.4,14.3,19.4,61.8,40.0,4.5,8.6,1.7,0.0,6.6,11.4,61.769999999999996
삼척,2022-06-12,29.1,12.7,20.1,57.9,24.0,3.5,6.1,1.3,0.0,7.2,10.4,58.779999999999994
삼척,2022-06-13,26.7,16.3,20.5,51.3,18.0,4.0,8.3,1.8,0.0,7.3,8.9,53.669999999999995
삼척,2022-06-14,19.7,13.6,16.2,65.4,45.0,4.7,11.0,2.3,3.5,0.0,9.5,61.83
삼척,2022-06-15,19.1,12.8,15.9,83.5,73.0,3.9,5.7,0.9,24.1,0.1,13.1,76.66
삼척,2022-06-16,20.7,14.8,17.8,77.3,59.0,2.8,4.9,0.8,0.2,0.1,13.5,77.35
삼척,2022-06-17,30.0,14.0,20.9,68.6,35.0,3.2,6.5,1.0,0.0,7.2,14.0,71.83
삼척,2022-06-18,30.0,16.9,23.5,64.1,39.0,4.0,7.1,0.9,0.0,6.9,15.6,66.32
삼척,2022-06-19,32.0,19.6,24.9,63.1,36.0,3.4,7.1,1.3,0.0,7.7,16.7,63.85
삼척,2022-06-20,33.5,18.1,25.3,61.6,30.0,3.0,6.3,0.9,0.0,10.3,16.3,62.14999999999999
삼척,2022-06-21,35.9,19.3,27.0,60.4,23.0,3.1,5.7,0.8,0.0,9.0,17.1,60.91
삼척,2022-06-22,34.9,20.4,27.0,62.6,35.0,5.7,8.5,1.1,0.0,9.2,18.3,62.06
삼척,2022-06-23,29.3,19.0,23.5,82.3,55.0,7.1,14.6,1.6,57.7,2.0,20.0,76.17
삼척,2022-06-24,27.2,22.3,24.5,72.4,56.0,5.9,12.1,2.4,43.0,3.7,18.9,73.4
삼척,2022-06-25,31.8,20.2,25.4,64.5,39.0,5.3,9.1,2.0,0.0,8.4,17.7,67.86
삼척,2022-06-26,28.6,23.9,26.1,72.9,64.0,5.9,13.2,2.0,0.0,0.3,20.8,71.17
삼척,2022-06-27,27.3,23.4,25.3,81.9,69.0,4.6,7.7,1.3,13.7,0.4,21.9,78.36
삼척,2022-06-28,29.3,24.4,27.4,62.1,56.0,6.0,12.8,3.6,0.0,0.2,19.4,67.14
삼척,2022-06-29,27.4,22.6,25.3,79.3,59.0,7.3,12.2,3.9,31.5,0.1,21.2,76.12
삼척,2022-06-30,25.4,21.2,22.6,90.9,75.0,4.5,9.6,0.5,94.5,0.7,20.9,85.70000000000002
삼척,2022-07-01,32.6,20.5,25.8,73.1,43.0,6.2,10.1,1.0,0.0,9.8,20.0,77.28
삼척,2022-07-02,34.6,20.9,26.0,69.9,29.0,3.5,6.7,0.7,0.0,8.5,19.0,72.64
삼척,2022-07-03,35.0,20.3,26.9,69.5,35.0,3.3,6.2,0.6,0.0,10.1,20.1,69.94
삼척,2022-07-04,32.7,21.9,26.5,75.8,49.0,2.8,5.2,0.5,0.0,5.2,21.5,73.94999999999999
삼척,2022-07-05,34.1,22.7,27.1,68.6,42.0,2.4,6.4,1.0,0.0,5.0,20.4,70.13
삼척,2022-07-06,33.4,23.2,27.1,73.3,49.0,2.9,5.3,0.8,0.0,5.3,21.5,72.61
삼척,2022-07-07,33.1,23.5,27.6,75.0,48.0,2.5,5.1,0.7,0.0,3.2,22.4,74.02
삼척,2022-07-08,30.8,24.0,26.3,76.9,52.0,4.9,8.5,1.2,3.3,2.5,21.6,76.16
삼척,2022-07-09,31.4,23.2,26.7,75.9,55.0,4.5,7.0,0.6,0.0,3.6,21.8,76.01
삼척,2022-07-10,33.9,23.3,27.1,73.4,44.0,3.4,6.5,0.9,8.3,7.6,21.4,74.25
삼척,2022-07-11,29.4,20.8,24.1,83.0,60.0,4.0,7.1,0.7,60.2,3.5,20.9,80.37
삼척,2022-07-12,29.8,20.1,24.1,73.0,50.0,3.3,6.1,1.0,0.0,4.9,18.6,75.03999999999999
삼척,2022-07-13,25.6,21.6,23.0,85.3,70.0,2.4,4.1,0.7,54.2,0.2,20.2,82.61
삼척,2022-07-14,29.5,21.7,24.5,83.8,59.0,4.6,6.8,1.2,2.1,2.5,21.4,83.02
삼척,2022-07-15,31.2,19.3,24.3,74.0,44.0,5.8,11.8,1.0,1.2,7.7,18.8,77.09
삼척,2022-07-16,29.2,19.3,22.9,80.4,45.0,2.6,4.7,0.6,0.0,4.4,19.0,79.46
삼척,2022-07-17,28.1,20.1,23.3,79.3,59.0,2.9,4.8,0.6,0.6,2.0,19.3,78.99000000000001
삼척,2022-07-18,29.4,19.8,22.9,81.8,55.0,1.9,3.7,0.4,0.0,2.0,19.4,81.16
삼척,2022-07-19,31.3,20.7,24.8,75.4,50.0,2.8,6.1,0.8,0.0,5.6,19.8,77.07
삼척,2022-07-20,31.1,21.4,25.6,71.4,44.0,4.9,7.6,0.9,0.5,5.8,19.6,73.24000000000001
삼척,2022-07-21,23.2,20.1,21.5,89.1,80.0,2.6,5.6,0.5,28.2,0.0,19.6,84.19
삼척,2022-07-22,25.2,20.3,21.8,86.6,71.0,3.3,6.1,0.3,14.3,0.3,19.4,85.58
삼척,2022-07-23,28.1,19.8,23.2,80.1,53.0,3.3,4.9,0.5,15.9,2.5,19.3,82.29999999999998
삼척,2022-07-24,30.1,20.4,24.2,81.1,53.0,2.2,4.3,0.4,16.1,2.3,20.5,81.44999999999999
삼척,2022-07-25,33.4,22.0,26.3,74.3,42.0,2.7,5.6,0.6,0.0,8.3,20.7,76.24
삼척,2022-07-26,34.1,21.1,26.2,70.4,32.0,3.2,5.3,0.8,0.0,7.9,19.7,72.25
삼척,2022-07-27,32.1,19.1,24.6,71.3,45.0,3.0,5.1,1.0,0.0,6.8,18.7,71.41999999999999
삼척,2022-07-28,31.8,20.5,26.1,73.8,52.0,2.4,4.7,0.7,0.0,5.9,20.7,72.96000000000001
삼척,2022-07-29,35.3,22.5,27.0,76.0,40.0,4.0,7.6,0.7,13.9,8.4,21.8,75.08999999999999
삼척,2022-07-30,33.2,22.8,27.2,73.9,47.0,3.0,6.4,0.9,0.0,6.0,21.8,74.31
삼척,2022-07-31,27.8,23.6,24.8,88.3,79.0,1.3,3.4,0.3,14.4,0.0,22.7,84.19
삼척,2022-08-01,28.8,23.4,25.2,89.5,73.0,2.8,4.6,0.9,5.0,0.2,23.2,87.7
삼척,2022-08-02,29.7,23.7,26.3,83.1,67.0,6.1,10.7,1.8,2.5,1.5,23.1,84.89999999999999
삼척,2022-08-03,28.8,23.7,25.3,86.3,70.0,5.5,9.1,1.4,19.8,0.5,22.8,85.98
삼척,2022-08-04,32.3,23.4,26.5,79.4,51.0,4.1,7.1,0.7,1.5,5.8,22.2,81.15
삼척,2022-08-05,32.8,23.3,27.3,77.8,53.0,3.1,5.7,0.9,0.0,5.9,22.7,78.97
삼척,2022-08-06,33.5,23.8,27.4,79.5,55.0,2.7,5.7,0.8,0.0,4.6,23.2,79.14999999999999
삼척,2022-08-07,33.2,24.2,28.0,77.3,55.0,6.0,9.6,1.1,0.0,2.9,23.4,77.78999999999999
삼척,2022-08-08,28.3,24.2,25.8,81.6,71.0,6.8,11.6,3.5,20.9,0.0,22.3,80.52999999999999
삼척,2022-08-09,26.2,22.9,24.3,87.6,76.0,6.5,11.5,3.0,78.2,0.0,22.1,85.36999999999999
삼척,2022-08-10,23.9,20.6,22.5,92.3,84.0,3.1,5.8,0.7,99.0,0.0,21.1,90.28999999999999
삼척,2022-08-11,24.1,21.9,22.9,91.4,84.0,4.4,6.9,1.5,55.0,0.0,21.4,91.2
삼척,2022-08-12,32.6,20.3,25.1,79.5,49.0,2.6,6.0,0.9,0.0,8.8,20.9,83.16000000000001
삼척,2022-08-13,25.8,20.1,22.7,89.5,72.0,3.9,6.5,0.5,3.3,0.0,20.8,87.69
삼척,2022-08-14,31.3,21.7,25.2,84.5,61.0,3.0,5.9,0.8,6.0,2.2,22.2,85.0
삼척,2022-08-15,28.1,23.4,26.3,75.9,66.0,8.8,16.7,5.0,6.1,0.0,21.5,78.98
삼척,2022-08-16,31.7,21.1,25.7,74.4,46.0,6.6,13.1,1.7,0.3,6.2,20.4,75.71000000000001
삼척,2022-08-17,31.0,20.3,23.9,78.1,47.0,4.1,7.6,0.9,33.7,4.9,19.5,77.14
삼척,2022-08-18,29.5,20.1,23.7,77.5,49.0,2.1,4.5,0.6,0.0,6.4,19.1,77.31
삼척,2022-08-19,26.0,20.0,23.4,82.4,62.0,5.5,9.8,1.6,26.9,0.1,20.1,80.99000000000001
삼척,2022-08-20,31.0,21.1,25.1,80.5,58.0,5.4,8.8,1.2,6.7,2.9,21.3,80.58
삼척,2022-08-21,33.2,20.6,24.9,72.6,37.0,1.8,3.3,0.7,0.0,7.7,18.9,75.15999999999998
삼척,2022-08-22,30.3,20.3,24.3,78.3,51.0,2.9,5.3,0.9,0.0,4.2,19.9,77.38
삼척,2022-08-23,25.1,21.2,22.9,81.1,75.0,2.4,5.2,0.7,0.0,0.0,19.4,79.69
삼척,2022-08-24,24.1,18.5,21.8,69.0,52.0,3.0,7.9,0.9,0.0,0.0,15.6,72.35
삼척,2022-08-25,24.3,17.8,20.4,80.0,63.0,2.1,4.7,0.7,0.0,0.5,16.7,77.91
삼척,2022-08-26,28.8,15.5,21.2,75.9,43.0,2.8,5.6,0.9,0.0,7.9,16.2,76.03
삼척,2022-08-27,26.6,14.2,19.9,67.9,31.0,4.3,7.8,1.2,1.4,8.5,12.8,70.71000000000001
삼척,2022-08-28,27.7,13.2,19.5,68.9,37.0,2.8,5.3,1.1,0.0,8.7,12.8,69.4
삼척,2022-08-29,19.8,15.7,17.4,86.8,74.0,1.7,3.1,0.5,1.6,0.0,15.1,81.33
삼척,2022-08-30,18.4,15.8,17.3,93.0,88.0,1.0,2.2,0.2,80.8,0.0,16.2,89.35
삼척,2022-08-31,22.4,16.4,19.0,87.6,65.0,2.2,4.1,0.7,14.6,0.1,16.8,88.6
삼척,2022-09-01,26.8,15.8,19.4,81.5,55.0,1.6,2.9,0.5,0.0,4.0,15.9,83.86999999999999
삼척,2022-09-02,26.1,14.6,19.6,72.8,47.0,3.7,8.5,1.6,0.0,3.5,14.1,76.02
삼척,2022-09-03,25.0,16.7,20.1,72.1,53.0,3.0,5.9,1.1,0.0,1.3,14.7,73.17999999999999
삼척,2022-09-04,25.0,18.2,21.3,85.3,71.0,2.8,4.5,0.9,2.8,0.0,18.6,81.41
삼척,2022-09-05,24.1,17.7,21.0,89.1,81.0,4.6,9.2,1.1,41.9,0.0,19.1,86.63999999999999
삼척,2022-09-06,23.5,15.3,18.6,81.8,60.0,5.7,12.5,2.1,52.3,1.4,15.2,83.60999999999999
삼척,2022-09-07,27.7,12.6,18.3,74.6,34.0,2.6,5.5,0.7,0.0,9.2,13.0,77.48999999999998
삼척,2022-09-08,29.0,13.3,18.9,74.4,32.0,3.1,5.8,1.2,0.0,7.1,13.7,75.18
삼척,2022-09-09,28.3,13.1,18.8,66.8,25.0,3.4,6.9,1.4,0.0,8.1,11.4,69.1
삼척,2022-09-10,26.1,11.8,18.2,71.1,37.0,4.1,8.8,1.4,0.0,3.5,12.3,70.57
삼척,2022-09-11,25.4,17.0,20.3,76.6,53.0,3.6,7.2,1.0,0.0,1.4,15.8,74.51999999999998
삼척,2022-09-12,26.1,17.7,20.9,82.9,58.0,1.6,3.4,0.4,0.0,0.6,17.7,80.46
삼척,2022-09-13,26.1,19.0,22.0,73.1,55.0,3.8,7.8,1.4,0.0,0.4,16.6,75.41
삼척,2022-09-14,26.8,20.0,22.2,60.8,45.0,5.0,10.7,2.5,0.0,4.5,14.1,65.47
삼척,2022-09-15,27.7,18.9,22.5,65.8,47.0,3.8,9.0,1.8,0.0,6.9,15.5,65.53
삼척,2022-09-16,29.4,17.6,22.0,79.6,55.0,1.8,3.7,0.6,0.0,3.5,18.1,74.96
삼척,2022-09-17,32.2,19.8,24.8,75.8,45.0,2.3,4.5,0.7,0.0,7.9,19.8,75.55999999999999
삼척,2022-09-18,27.9,21.8,24.0,75.5,59.0,4.8,10.7,2.0,0.2,0.0,19.2,75.96999999999998
삼척,2022-09-19,24.7,17.3,20.7,64.4,52.0,6.2,13.1,3.9,0.1,1.0,13.6,67.76
삼척,2022-09-20,20.4,10.8,15.5,67.9,40.0,3.9,9.9,1.4,0.0,2.8,9.1,67.96000000000001
삼척,2022-09-21,23.3,10.7,15.1,72.8,36.0,2.3,3.8,0.9,0.0,6.2,9.6,70.97999999999999
삼척,2022-09-22,22.2,8.8,14.8,72.3,33.0,2.2,3.9,0.8,0.0,5.3,9.3,71.96
삼척,2022-09-23,23.3,12.2,15.9,69.6,39.0,7.0,13.2,1.8,0.0,4.2,9.8,70.46
삼척,2022-09-24,23.5,8.5,15.2,65.4,31.0,3.1,6.9,1.1,0.0,8.8,7.8,66.93
삼척,2022-09-25,22.5,10.0,14.7,75.6,43.0,2.1,4.3,0.6,0.0,2.2,9.9,72.96
삼척,2022-09-26,25.6,11.7,16.1,75.6,38.0,1.7,2.9,0.5,0.0,5.3,11.3,74.58
삼척,2022-09-27,27.8,12.6,17.7,71.6,35.0,2.3,4.7,1.0,0.0,6.7,11.8,72.8
삼척,2022-09-28,22.5,11.5,16.2,77.5,55.0,2.0,3.6,0.8,0.0,3.6,12.0,76.13
삼척,2022-09-29,26.5,12.8,16.9,78.1,45.0,1.7,3.6,0.8,0.0,4.7,12.7,77.32999999999998
삼척,2022-09-30,27.3,11.7,16.4,77.5,33.0,1.9,4.7,0.8,0.0,5.6,11.9,77.62
삼척,2022-10-01,27.3,10.5,16.5,75.3,34.0,1.7,3.7,0.8,0.0,6.4,11.4,76.02
삼척,2022-10-02,18.7,12.5,15.3,83.9,68.0,2.6,5.1,0.9,4.0,0.0,12.4,81.53999999999999
삼척,2022-10-03,22.6,15.0,19.1,91.0,80.0,5.1,8.5,1.7,7.8,0.0,17.5,88.00999999999999
삼척,2022-10-04,21.8,13.5,17.3,82.0,68.0,4.6,8.5,1.8,63.1,0.0,14.1,83.99
삼척,2022-10-05,17.9,11.4,13.7,73.3,56.0,3.5,6.7,1.3,0.0,1.0,8.8,76.80999999999999
삼척,2022-10-06,18.6,10.8,13.7,76.8,53.0,4.8,8.0,1.1,0.0,1.1,9.4,76.62
삼척,2022-10-07,15.6,10.5,12.8,75.4,61.0,3.5,6.5,1.3,0.3,0.4,8.4,75.47
삼척,2022-10-08,19.3,8.0,11.8,73.4,37.0,2.7,5.7,1.0,0.0,4.1,6.5,74.14000000000001
삼척,2022-10-09,16.9,7.9,12.0,80.8,47.0,5.5,11.7,1.0,10.0,1.6,8.5,78.78
삼척,2022-10-10,11.5,6.7,8.7,70.8,48.0,7.6,13.7,2.5,0.9,0.9,3.5,73.06
삼척,2022-10-11,15.7,5.7,9.4,68.3,46.0,5.3,9.8,1.8,0.0,6.9,3.4,70.05
삼척,2022-10-12,21.6,6.1,11.2,76.3,39.0,2.3,5.0,1.0,0.0,5.4,6.6,74.14999999999999
삼척,2022-10-13,21.4,8.2,12.3,79.1,40.0,2.3,4.0,0.8,0.0,5.1,8.4,77.46
삼척,2022-10-14,22.1,9.5,13.6,76.3,32.0,2.1,3.7,0.9,0.0,4.0,9.1,76.85999999999999
삼척,2022-10-15,24.4,11.1,15.7,75.6,38.0,2.4,3.8,0.7,0.0,5.4,10.9,76.08999999999999
삼척,2022-10-16,21.2,13.1,15.8,79.6,55.0,2.7,5.8,0.7,0.0,0.3,12.0,78.46999999999998
삼척,2022-10-17,18.0,3.1,11.8,58.3,21.0,5.8,9.3,1.5,0.0,5.1,2.7,64.28999999999999
삼척,2022-10-18,15.1,-0.3,6.2,66.0,27.0,2.8,6.1,0.9,0.0,7.7,-0.8,65.82
삼척,2022-10-19,15.9,-0.1,6.1,68.4,27.0,2.8,6.0,0.9,0.0,6.6,-0.3,66.91000000000001
삼척,2022-10-20,20.2,-0.2,8.4,68.1,26.0,2.4,4.3,0.8,0.0,7.1,1.8,67.94999999999999
삼척,2022-10-21,20.2,4.2,10.7,66.5,26.0,3.4,7.2,1.0,0.0,5.7,3.3,67.00999999999999
삼척,2022-10-22,20.4,7.3,12.6,61.9,25.0,3.3,7.3,1.3,0.0,6.2,4.1,63.44
삼척,2022-10-23,15.7,6.4,9.5,84.3,53.0,2.9,6.3,0.8,4.2,0.7,6.9,78.03999999999999
삼척,2022-10-24,11.5,5.2,8.0,70.5,48.0,3.3,6.8,1.3,0.0,2.5,2.7,72.39999999999999
삼척,2022-10-25,12.5,2.2,6.8,76.9,49.0,3.2,5.3,1.0,0.3,1.7,2.7,76.36000000000001
삼척,2022-10-26,16.0,2.1,7.9,71.8,32.0,5.8,10.3,1.0,0.0,4.8,2.3,72.69
삼척,2022-10-27,20.1,4.1,9.7,72.6,32.0,2.9,5.3,0.7,0.0,5.8,4.1,72.86999999999999
삼척,2022-10-28,14.8,5.3,9.8,78.3,59.0,3.0,5.6,0.9,0.0,0.7,6.0,76.50999999999999
삼척,2022-10-29,19.5,6.9,11.3,72.6,25.0,3.2,5.5,0.8,0.0,4.6,5.9,73.74
삼척,2022-10-30,18.7,6.8,11.1,71.3,36.0,3.5,6.4,1.1,0.0,4.6,5.4,72.25999999999999
삼척,2022-10-31,18.1,6.0,9.8,72.4,39.0,1.7,2.8,0.7,0.0,3.9,4.5,72.2
삼척,2022-11-01,18.8,4.3,9.6,71.8,27.0,6.5,11.2,1.0,0.0,5.4,3.8,71.86999999999999
삼척,2022-11-02,19.2,3.1,8.0,69.9,21.0,2.4,4.9,0.8,0.0,5.0,1.7,70.53
삼척,2022-11-03,14.3,1.1,7.3,62.3,33.0,5.4,9.4,1.1,0.0,0.5,-0.1,64.77
삼척,2022-11-04,11.5,-1.5,4.5,50.5,20.0,3.2,6.1,1.3,0.0,7.3,-5.9,54.8
삼척,2022-11-05,12.1,-4.8,2.3,52.6,12.0,4.0,7.3,1.1,0.0,7.3,-8.2,53.150000000000006
삼척,2022-11-06,14.1,-3.8,3.9,60.0,29.0,3.0,5.4,0.7,0.0,7.2,-4.0,57.57000000000001
삼척,2022-11-07,15.4,-2.2,5.9,60.9,27.0,2.9,6.2,0.8,0.0,6.5,-2.0,59.88999999999999
삼척,2022-11-08,17.0,2.4,7.7,64.8,29.0,2.9,6.8,0.8,0.0,6.8,0.7,63.53999999999999
삼척,2022-11-09,17.1,0.1,7.3,68.1,31.0,3.0,6.2,1.1,0.0,5.8,0.9,66.72
삼척,2022-11-10,18.0,2.1,8.9,71.8,39.0,2.4,3.8,0.7,0.0,6.4,3.4,70.36
삼척,2022-11-11,19.7,5.8,11.0,70.3,38.0,3.2,4.8,0.7,0.0,6.4,5.2,70.38
삼척,2022-11-12,20.5,4.2,12.3,75.9,45.0,4.6,7.4,1.3,12.3,3.0,7.6,74.37
삼척,2022-11-13,17.0,9.0,12.5,68.9,55.0,6.9,10.5,3.0,6.9,0.9,6.9,70.44
삼척,2022-11-14,12.1,4.2,8.2,66.9,51.0,4.4,8.3,1.2,0.0,0.2,2.2,68.2
삼척,2022-11-15,10.5,-0.2,5.4,69.6,35.0,6.3,11.1,1.7,0.0,4.6,-0.2,68.99
삼척,2022-11-16,12.8,1.4,6.2,64.6,21.0,5.7,12.1,1.5,0.0,6.3,-1.1,65.83
삼척,2022-11-17,14.7,0.2,5.5,69.6,35.0,2.2,4.0,0.6,0.0,6.4,-1.6,68.6
삼척,2022-11-18,16.3,-0.7,5.2,71.0,27.0,2.9,4.2,0.8,0.0,5.3,-0.5,70.08
삼척,2022-11-19,14.5,0.4,6.4,75.3,47.0,1.8,2.9,0.7,0.0,3.0,1.9,73.86999999999999
삼척,2022-11-20,16.3,3.0,7.0,73.8,36.0,1.7,3.5,0.6,0.0,4.1,2.1,73.82
삼척,2022-11-21,16.7,0.4,8.1,71.1,42.0,3.8,6.3,0.9,0.0,4.6,2.6,72.06
삼척,2022-11-22,13.6,2.8,8.3,75.4,47.0,1.7,3.3,0.6,2.9,1.9,3.8,74.38
삼척,2022-11-23,15.0,2.7,8.5,80.5,41.0,5.1,8.9,0.8,10.6,2.6,4.9,78.53999999999999
삼척,2022-11-24,11.6,1.3,4.9,79.4,48.0,2.2,3.5,0.8,0.0,3.7,1.3,79.22000000000001
삼척,2022-11-25,14.5,-0.1,7.6,59.9,25.0,7.3,14.7,2.6,0.0,4.8,-1.3,65.86
삼척,2022-11-26,12.5,-0.3,7.4,45.0,9.0,9.2,21.3,2.9,0.0,6.3,-5.4,51.42
삼척,2022-11-27,12.8,-3.7,2.5,51.3,9.0,3.1,5.7,0.6,0.0,6.3,-7.9,50.9
삼척,2022-11-28,8.2,-2.3,4.2,76.0,38.0,4.5,6.3,1.5,11.7,2.0,-0.1,67.96
삼척,2022-11-29,12.8,3.0,8.8,57.5,19.0,5.9,11.1,2.1,14.4,0.0,-1.0,60.580000000000005
삼척,2022-11-30,3.0,-7.3,-3.6,27.8,14.0,6.9,15.9,3.1,0.0,6.3,-20.1,38.56
삼척,2022-12-01,-0.1,-9.3,-5.1,36.0,24.0,5.9,11.7,2.1,0.0,6.3,-18.0,36.51
삼척,2022-12-02,1.3,-10.3,-4.3,47.6,21.0,7.2,12.5,1.3,0.0,6.4,-14.6,43.300000000000004
삼척,2022-12-03,3.3,-6.1,-0.7,69.9,55.0,3.6,7.0,1.2,0.0,0.5,-5.5,62.050000000000004
삼척,2022-12-04,2.1,-5.2,-1.5,35.5,15.0,2.8,5.7,1.1,0.0,2.7,-15.5,43.589999999999996
삼척,2022-12-05,2.3,-7.0,-3.6,37.4,17.0,3.1,6.3,1.4,0.0,5.4,-16.7,40.269999999999996
삼척,2022-12-06,1.4,-9.0,-3.0,62.8,39.0,6.7,12.3,1.5,0.0,1.7,-9.3,54.989999999999995
삼척,2022-12-07,5.6,-2.4,2.0,57.8,32.0,9.9,21.8,2.6,0.1,3.0,-6.0,56.76
삼척,2022-12-08,8.0,-4.1,0.6,58.8,26.0,2.6,5.7,1.0,0.0,6.1,-7.4,59.0
삼척,2022-12-09,6.2,-6.5,-1.7,73.3,48.0,1.9,5.1,0.5,0.0,1.3,-6.1,68.85
삼척,2022-12-10,7.1,-5.0,-0.2,68.0,28.0,2.8,4.6,0.8,0.0,3.2,-6.2,68.13999999999999
삼척,2022-12-11,7.1,-6.6,-1.5,67.6,36.0,1.3,2.3,0.5,0.0,6.0,-7.2,68.25
삼척,2022-12-12,6.8,-5.9,0.5,64.0,27.0,7.5,13.2,2.1,0.0,3.0,-6.2,65.11999999999999
삼척,2022-12-13,2.6,-4.1,0.0,65.1,38.0,8.5,16.7,4.0,3.5,0.1,-6.0,65.13
삼척,2022-12-14,-4.1,-11.7,-9.4,39.8,21.0,9.2,16.4,3.5,0.0,6.0,-21.3,47.279999999999994
삼척,2022-12-15,-0.3,-12.7,-6.2,73.6,44.0,6.6,10.9,1.8,1.9,0.0,-10.2,65.99
삼척,2022-12-16,-1.5,-12.9,-6.4,56.8,34.0,5.0,7.0,1.4,0.0,5.8,-13.9,58.459999999999994
삼척,2022-12-17,-2.4,-11.8,-7.7,47.3,23.0,9.3,17.3,2.6,0.0,3.9,-17.6,51.83
삼척,2022-12-18,-6.7,-13.6,-10.4,37.9,21.0,7.0,16.5,3.1,0.0,5.9,-22.3,41.669999999999995
삼척,2022-12-19,-2.8,-12.8,-8.3,51.6,31.0,3.6,7.6,1.6,0.0,5.3,-16.8,48.42999999999999
삼척,2022-12-20,0.4,-12.8,-6.4,60.9,27.0,3.8,6.6,1.4,0.0,5.8,-13.4,56.739999999999995
삼척,2022-12-21,0.2,-6.7,-3.3,80.5,67.0,4.7,8.3,0.9,6.6,0.0,-6.2,73.69
삼척,2022-12-22,-0.6,-12.2,-7.8,48.3,33.0,7.4,16.0,3.5,0.0,5.1,-17.1,56.0
삼척,2022-12-23,-9.6,-14.7,-12.6,50.3,37.0,7.5,15.4,4.3,0.0,5.4,-20.8,52.91999999999999
삼척,2022-12-24,-4.2,-18.3,-11.9,65.8,38.0,2.3,4.5,1.1,0.0,5.7,-17.4,60.949999999999996
삼척,2022-12-25,-1.8,-16.5,-9.8,68.1,39.0,2.9,5.7,1.0,0.0,5.8,-15.0,65.86
삼척,2022-12-26,-0.6,-15.5,-9.4,70.9,43.0,2.5,3.9,0.6,0.0,5.2,-14.0,69.83
삼척,2022-12-27,0.8,-15.1,-8.0,67.5,35.0,3.2,4.2,0.7,0.0,5.7,-13.3,68.24
삼척,2022-12-28,-0.2,-11.7,-5.5,56.0,28.0,5.8,11.5,2.1,0.0,2.8,-13.8,59.79
삼척,2022-12-29,0.7,-8.5,-5.1,42.4,19.0,6.8,12.7,1.9,0.0,6.0,-16.5,47.629999999999995
삼척,2022-12-30,1.6,-8.6,-4.9,62.5,40.0,3.7,7.0,1.1,0.0,5.5,-11.2,57.830000000000005
삼척,2022-12-31,0.3,-11.9,-4.2,61.6,46.0,4.8,10.5,2.2,0.0,2.8,-10.8,59.86
삼척,2023-01-01,5.4,-5.4,0.1,37.0,16.0,5.9,14.2,2.2,0.0,6.0,-13.3,44.47
삼척,2023-01-02,0.2,-12.3,-6.7,47.8,19.0,3.2,5.6,1.0,0.0,6.1,-16.8,47.019999999999996
삼척,2023-01-03,-0.1,-14.7,-7.6,49.6,20.0,4.6,8.3,1.4,0.0,6.1,-17.5,47.980000000000004
삼척,2023-01-04,2.2,-14.1,-6.5,44.4,9.0,4.2,7.6,1.1,0.0,6.1,-18.5,45.78
삼척,2023-01-05,3.3,-13.1,-5.7,58.5,19.0,2.7,6.8,0.7,0.0,6.2,-13.5,54.79
삼척,2023-01-06,4.2,-11.6,-4.7,63.6,27.0,3.0,4.6,0.8,0.0,6.0,-11.1,60.66
삼척,2023-01-07,2.1,-6.2,-1.9,71.8,51.0,4.7,8.4,0.9,1.8,0.0,-6.5,68.83
삼척,2023-01-08,3.5,-11.1,-3.9,68.1,38.0,3.1,5.2,0.7,0.0,5.5,-9.3,68.39
삼척,2023-01-09,8.9,-4.4,1.0,60.8,25.0,4.0,6.8,0.9,0.0,4.3,-6.4,63.35999999999999
삼척,2023-01-10,7.7,-7.4,-1.8,63.1,19.0,2.8,5.0,0.6,0.0,6.3,-8.7,63.14
삼척,2023-01-11,8.5,-6.4,-0.4,56.5,15.0,3.9,6.9,1.2,0.0,6.4,-9.3,58.25
삼척,2023-01-12,9.7,-6.7,-0.6,58.0,15.0,1.7,3.2,0.5,0.0,6.4,-9.1,58.209999999999994
삼척,2023-01-13,3.2,-2.6,1.7,83.8,65.0,1.4,2.3,0.4,22.3,0.0,-0.8,75.91
삼척,2023-01-14,6.9,1.5,4.1,72.1,60.0,3.0,6.7,1.7,0.4,0.0,-0.6,73.02999999999999
삼척,2023-01-15,2.0,-2.0,0.4,78.4,67.0,3.2,5.3,1.1,6.7,0.0,-2.9,77.67999999999999
삼척,2023-01-16,-0.6,-8.7,-3.9,66.8,49.0,3.3,6.8,1.7,0.0,1.9,-9.2,69.64999999999999
삼척,2023-01-17,-1.2,-10.1,-5.4,62.4,40.0,2.8,5.5,1.1,0.0,2.4,-11.7,64.88
삼척,2023-01-18,1.5,-8.9,-4.1,63.4,37.0,2.8,6.4,0.9,0.0,5.5,-10.3,63.54
삼척,2023-01-19,1.5,-12.2,-4.7,64.1,36.0,6.8,10.7,1.2,0.0,5.8,-10.8,63.78999999999999
삼척,2023-01-20,0.9,-10.0,-3.0,34.9,11.0,11.2,21.9,4.7,0.5,5.7,-18.0,43.59
삼척,2023-01-21,-0.7,-15.0,-8.3,52.5,16.0,3.0,5.9,0.9,0.0,6.2,-17.3,50.14
삼척,2023-01-22,2.6,-8.7,-4.0,55.5,29.0,1.8,3.6,0.5,0.0,1.4,-12.1,52.839999999999996
삼척,2023-01-23,5.5,-7.8,-1.4,52.0,21.0,6.6,12.0,1.9,0.0,6.3,-11.1,52.75
삼척,2023-01-24,-2.6,-17.1,-12.6,28.5,11.0,7.9,16.3,5.6,0.0,6.5,-27.5,35.900000000000006
삼척,2023-01-25,-7.4,-20.1,-14.1,39.9,15.0,5.1,8.8,1.8,0.0,7.0,-25.9,38.83
삼척,2023-01-26,-2.9,-14.9,-7.8,61.4,46.0,3.0,4.8,1.1,0.0,0.0,-13.9,53.809999999999995
삼척,2023-01-27,-3.7,-13.2,-8.5,49.9,19.0,7.8,14.5,2.7,0.0,6.4,-18.1,51.2
삼척,2023-01-28,-3.3,-14.1,-7.5,34.5,18.0,8.8,17.7,2.9,0.0,7.3,-21.1,40.269999999999996
삼척,2023-01-29,0.6,-11.3,-4.0,55.4,30.0,6.0,9.5,1.9,0.8,7.0,-12.1,50.669999999999995
삼척,2023-01-30,1.8,-9.6,-4.2,46.3,17.0,5.8,10.8,1.8,0.0,7.4,-15.2,46.94
삼척,2023-01-31,5.1,-12.2,-1.5,50.4,15.0,6.3,10.4,2.0,0.0,7.4,-11.6,50.07999999999999
삼척,2023-02-01,5.7,-5.1,1.6,39.0,15.0,11.4,21.4,3.7,0.0,6.4,-12.0,42.01
삼척,2023-02-02,2.4,-9.8,-4.0,49.1,21.0,2.8,5.5,0.9,0.0,5.3,-13.8,47.21
삼척,2023-02-03,3.5,-6.7,-2.6,40.1,11.0,3.5,6.3,0.9,0.0,3.3,-15.7,41.79
삼척,2023-02-04,3.8,-10.6,-3.8,43.6,13.0,5.7,10.7,1.5,0.0,7.4,-15.8,43.45
삼척,2023-02-05,5.6,-10.4,-3.0,51.8,18.0,4.8,8.3,1.2,0.0,7.3,-12.8,48.989999999999995
삼척,2023-02-06,10.0,-8.6,-1.2,53.1,6.0,2.4,4.3,0.7,0.0,6.4,-12.0,51.89
삼척,2023-02-07,9.1,-6.1,0.3,53.8,17.0,2.7,4.3,0.8,0.0,5.1,-9.1,53.46
삼척,2023-02-08,8.2,-5.7,-0.2,53.9,11.0,4.3,8.1,1.1,0.0,5.5,-10.2,53.8
삼척,2023-02-09,8.2,-7.6,0.2,54.8,26.0,3.9,6.9,1.2,0.0,7.4,-8.5,54.519999999999996
삼척,2023-02-10,5.1,-2.7,0.7,80.1,51.0,2.3,5.0,0.4,3.7,0.1,-2.4,72.42
삼척,2023-02-11,7.8,-3.4,0.4,70.5,30.0,3.5,5.7,0.9,0.0,3.1,-5.0,70.85
삼척,2023-02-12,9.7,-5.8,1.4,63.5,27.0,3.6,6.9,1.2,0.0,2.9,-5.4,66.56
삼척,2023-02-13,4.6,0.3,2.7,62.3,55.0,3.6,7.6,1.7,0.0,0.0,-3.8,63.36
삼척,2023-02-14,5.8,-2.0,0.2,59.3,32.0,4.1,9.0,1.5,0.0,5.3,-7.2,60.32
삼척,2023-02-15,3.4,-2.8,-0.3,56.1,38.0,3.1,6.1,1.3,0.0,1.4,-8.2,57.36
삼척,2023-02-16,3.3,-3.9,-0.9,63.4,42.0,7.4,12.7,1.9,0.0,0.2,-7.2,61.529999999999994
삼척,2023-02-17,9.0,-6.2,0.2,56.8,20.0,3.0,6.2,0.7,0.0,6.2,-8.6,58.05
삼척,2023-02-18,8.2,-2.0,3.3,47.0,22.0,3.9,5.7,1.1,0.0,0.0,-7.5,50.599999999999994
삼척,2023-02-19,7.0,-1.3,3.6,35.4,19.0,6.9,15.0,3.0,0.0,3.0,-10.8,39.86
삼척,2023-02-20,3.3,-6.2,-1.3,27.4,4.0,8.0,15.0,2.5,0.0,7.3,-19.7,30.959999999999997
삼척,2023-02-21,5.2,-10.0,-3.2,36.6,5.0,2.6,4.4,0.8,0.0,7.7,-18.7,34.64
삼척,2023-02-22,8.0,-9.6,0.0,44.4,19.0,3.9,7.7,1.4,0.0,7.7,-12.1,41.14
삼척,2023-02-23,10.1,-1.7,3.1,41.3,18.0,3.8,7.4,1.7,0.0,7.6,-9.9,41.45
삼척,2023-02-24,9.5,-3.6,1.4,50.9,9.0,7.0,14.2,1.8,0.0,6.8,-9.2,48.32999999999999
삼척,2023-02-25,6.2,-4.5,0.4,46.5,14.0,4.5,8.6,1.7,0.0,5.2,-11.0,46.86
삼척,2023-02-26,10.4,-8.0,0.0,45.0,7.0,2.9,5.5,1.1,0.0,7.7,-13.1,45.89
삼척,2023-02-27,14.3,-7.4,2.5,37.3,3.0,5.1,8.1,1.2,0.0,7.9,-15.5,39.76
삼척,2023-02-28,12.7,-5.5,4.0,36.6,4.0,3.9,9.7,1.3,0.0,7.6,-13.2,37.58
삼척,2023-03-01,9.3,0.9,5.2,43.4,18.0,5.8,11.6,2.5,0.0,0.3,-6.9,41.42999999999999
삼척,2023-03-02,7.0,-3.7,1.5,22.9,5.0,7.1,11.4,2.0,0.0,8.0,-19.1,28.369999999999997
삼척,2023-03-03,11.5,-4.6,2.9,38.3,15.0,5.9,11.1,1.8,0.0,7.9,-11.0,35.72999999999999
삼척,2023-03-04,15.0,-4.0,4.2,49.9,12.0,3.3,6.9,1.0,0.0,7.1,-7.2,44.88
삼척,2023-03-05,14.9,-3.8,4.5,49.0,15.0,3.5,6.6,0.9,0.0,7.6,-6.9,48.11
삼척,2023-03-06,16.4,-4.0,5.4,40.8,2.0,5.1,11.2,1.1,0.0,7.8,-11.5,43.35
삼척,2023-03-07,18.5,-1.3,8.5,46.0,19.0,5.9,11.2,1.9,0.0,7.2,-3.5,45.26
삼척,2023-03-08,19.1,2.9,10.3,40.1,9.0,8.3,15.6,2.5,0.0,7.4,-4.9,41.35
삼척,2023-03-09,18.4,3.3,9.4,47.8,10.0,7.5,14.8,1.7,0.3,2.8,-2.3,46.08
삼척,2023-03-10,22.0,-0.2,10.6,37.0,1.0,5.3,9.4,1.2,0.0,7.7,-9.5,39.47
삼척,2023-03-11,22.7,2.4,12.0,36.5,1.0,3.5,7.4,1.0,0.0,7.1,-7.6,37.73
삼척,2023-03-12,12.2,-0.7,5.0,53.9,31.0,9.0,19.0,2.5,6.5,0.5,-3.8,48.730000000000004
삼척,2023-03-13,7.3,-3.6,1.9,18.4,2.0,8.5,16.7,3.9,0.0,8.6,-21.2,27.310000000000002
삼척,2023-03-14,14.6,-1.9,5.3,-9.0,1.0,8.5,16.7,3.1,0.0,5.7,-99.0,2.7700000000000005
삼척,2023-03-15,16.9,-2.8,8.9,-9.0,36.0,9.6,19.0,4.0,0.0,6.8,-99.0,-6.26
삼척,2023-03-16,11.7,-0.5,5.6,-9.0,-9.0,5.9,11.4,2.1,0.0,7.6,-99.0,-9.0
삼척,2023-03-17,13.9,-3.0,6.6,-9.0,12.0,2.6,4.4,1.1,0.0,2.1,-99.0,-9.0
삼척,2023-03-18,18.1,2.6,9.6,40.8,16.0,6.9,12.6,1.5,0.0,-9.0,-4.7,25.859999999999996
삼척,2023-03-19,19.2,-1.5,7.9,49.8,17.0,3.5,7.3,1.2,0.0,-9.0,-3.3,42.12
삼척,2023-03-20,19.0,-1.1,8.2,46.6,16.0,5.4,9.5,1.1,0.0,-9.0,-4.8,46.66
삼척,2023-03-21,21.8,0.0,10.1,44.3,15.0,5.4,9.5,0.9,0.0,-9.0,-3.4,45.31
삼척,2023-03-22,26.0,0.3,13.8,52.4,24.0,4.5,8.8,1.2,0.0,8.8,3.0,50.2
삼척,2023-03-23,14.8,7.0,11.1,84.5,66.0,2.9,4.6,1.2,7.3,0.0,8.4,74.06
삼척,2023-03-24,8.9,5.2,7.0,75.1,62.0,3.4,6.1,1.7,0.0,0.0,2.8,74.71
삼척,2023-03-25,12.2,4.8,7.7,72.4,55.0,2.2,3.8,0.9,0.0,0.7,2.9,74.15
삼척,2023-03-26,16.0,0.5,7.9,67.0,9.0,7.3,13.4,1.6,0.0,4.7,1.1,68.89
삼척,2023-03-27,14.4,-1.2,5.2,51.1,16.0,3.3,6.9,1.3,0.0,7.9,-6.3,56.41
삼척,2023-03-28,16.6,-3.4,6.7,48.6,19.0,7.4,13.2,1.6,0.0,8.8,-4.8,50.94
삼척,2023-03-29,20.6,-1.7,9.1,48.1,16.0,6.4,10.7,1.5,0.0,8.8,-3.4,48.5
삼척,2023-03-30,22.2,-0.1,10.9,38.3,10.0,6.8,11.8,1.5,0.0,9.1,-5.7,41.28999999999999
삼척,2023-03-31,24.4,0.7,12.0,43.3,15.0,3.4,7.7,1.2,0.0,9.0,-2.0,42.78
삼척,2023-04-01,24.8,1.7,12.3,44.5,14.0,3.9,7.9,1.3,0.0,9.2,-1.9,43.64
삼척,2023-04-02,20.8,1.3,10.8,43.9,19.0,4.3,9.3,1.6,0.0,9.4,-2.7,43.959999999999994
삼척,2023-04-03,23.5,0.9,11.7,42.4,16.0,4.3,7.9,1.6,0.0,9.4,-2.7,42.91
삼척,2023-04-04,22.9,3.8,13.5,45.6,15.0,3.7,6.8,1.2,1.9,5.1,-0.3,44.79
삼척,2023-04-05,14.7,9.9,12.0,88.3,70.0,7.1,12.5,2.3,22.8,0.0,10.0,75.16999999999999
삼척,2023-04-06,11.1,7.0,8.3,83.3,74.0,7.8,13.1,2.8,1.4,0.0,5.6,80.53
삼척,2023-04-07,14.8,3.0,8.4,54.9,24.0,8.4,16.3,3.1,0.0,7.2,-1.3,63.92
삼척,2023-04-08,13.2,-0.6,6.6,36.4,15.0,9.0,18.2,3.8,0.0,9.6,-8.3,44.78999999999999
삼척,2023-04-09,18.7,-2.2,9.4,41.1,14.0,6.8,13.0,2.7,0.0,9.9,-5.2,41.54
삼척,2023-04-10,19.9,0.7,12.2,35.9,15.0,7.5,14.9,2.8,0.0,9.2,-4.1,36.99
삼척,2023-04-11,17.6,9.9,13.3,59.4,36.0,7.7,14.1,3.8,7.9,0.2,5.1,52.87
삼척,2023-04-12,15.8,3.0,9.1,27.6,12.0,9.6,17.3,3.5,0.0,9.3,-10.3,34.790000000000006
삼척,2023-04-13,19.9,-1.7,9.7,39.1,13.0,5.5,10.4,1.8,0.0,9.0,-6.2,38.83
삼척,2023-04-14,24.9,5.4,13.3,37.3,8.0,5.4,10.0,1.2,0.0,6.0,-3.7,36.68999999999999
삼척,2023-04-15,16.3,6.5,9.7,67.9,38.0,4.9,8.7,1.1,1.5,0.0,3.4,58.900000000000006
삼척,2023-04-16,15.8,3.3,8.1,72.5,26.0,7.7,15.7,1.5,0.4,2.2,2.4,68.06
삼척,2023-04-17,16.6,2.7,9.4,62.3,33.0,3.5,7.0,1.2,0.0,3.9,1.4,64.89999999999999
삼척,2023-04-18,12.8,7.5,9.7,88.0,59.0,3.0,4.3,0.9,4.9,0.0,7.7,81.31
삼척,2023-04-19,28.6,9.0,16.6,60.8,16.0,3.7,6.0,1.2,0.0,9.2,7.2,66.39
삼척,2023-04-20,24.4,11.0,17.9,68.5,49.0,4.9,9.9,2.0,0.0,2.9,11.7,68.91
삼척,2023-04-21,18.4,7.8,12.5,50.9,23.0,3.8,8.1,1.8,0.0,6.1,1.5,55.41
삼척,2023-04-22,17.6,4.5,10.9,43.8,14.0,4.9,9.4,1.8,0.0,6.9,-2.7,47.69
삼척,2023-04-23,20.2,2.2,10.4,56.3,22.0,3.2,7.6,1.2,0.0,3.1,0.8,53.25999999999999
삼척,2023-04-24,17.3,5.5,11.6,55.6,33.0,4.2,8.1,1.5,0.0,4.2,2.4,54.56
삼척,2023-04-25,9.3,2.7,6.5,80.6,63.0,2.6,5.1,0.8,1.6,0.0,3.3,73.16999999999999
삼척,2023-04-26,12.8,2.3,7.6,68.6,43.0,5.0,9.7,1.8,0.0,1.4,1.8,69.7
삼척,2023-04-27,22.2,-0.1,10.5,56.8,16.0,5.8,10.1,1.4,0.0,8.4,0.1,61.54
삼척,2023-04-28,22.7,2.7,14.5,48.6,12.0,9.4,17.3,2.1,0.0,10.6,1.4,52.239999999999995
삼척,2023-04-29,16.5,8.8,12.9,77.4,53.0,7.9,16.7,3.0,5.7,0.0,8.8,69.58
삼척,2023-04-30,17.9,6.6,12.6,49.6,28.0,10.4,19.9,3.6,0.0,10.2,1.6,55.06
삼척,2023-05-01,17.8,5.8,11.6,58.5,27.0,8.2,15.2,2.3,1.9,6.8,2.2,58.61
삼척,2023-05-02,24.3,1.6,13.3,51.4,19.0,3.3,7.2,1.1,0.0,8.5,1.3,52.64
삼척,2023-05-03,27.0,7.8,16.8,46.0,15.0,4.1,8.4,1.2,0.0,10.0,3.1,48.33
삼척,2023-05-04,27.2,7.6,17.6,61.0,38.0,3.3,6.6,0.9,0.0,8.3,9.4,57.04
삼척,2023-05-05,17.9,11.7,16.1,92.9,76.0,4.1,7.8,1.7,42.9,0.0,14.9,81.83
삼척,2023-05-06,11.7,8.5,9.4,81.5,66.0,4.7,10.6,2.6,38.6,0.0,6.3,81.72999999999999
삼척,2023-05-07,12.6,3.9,9.3,63.0,47.0,4.6,11.9,2.6,2.3,0.0,2.3,69.69
삼척,2023-05-08,23.7,2.7,12.0,61.4,19.0,3.4,6.0,1.2,0.0,9.1,2.9,63.73
삼척,2023-05-09,25.6,4.5,14.5,60.4,18.0,6.7,13.7,1.6,0.0,10.1,4.8,60.86
삼척,2023-05-10,25.5,5.4,15.0,55.5,15.0,3.4,8.1,1.0,0.0,9.9,3.8,57.06999999999999
삼척,2023-05-11,26.2,7.0,16.1,61.3,22.0,6.3,9.6,1.1,0.0,10.3,7.0,60.05
삼척,2023-05-12,24.6,7.7,16.3,60.1,23.0,4.7,8.5,1.0,0.0,7.5,7.4,59.879999999999995
삼척,2023-05-13,25.3,8.3,15.6,68.4,24.0,3.0,5.9,0.8,1.9,7.1,8.5,66.03
삼척,2023-05-14,22.9,10.3,15.8,66.5,35.0,6.1,11.9,1.4,0.0,6.5,8.5,66.24
삼척,2023-05-15,27.0,6.9,16.9,59.8,22.0,5.8,11.9,1.4,0.0,9.8,7.2,62.0
삼척,2023-05-16,31.3,9.3,20.3,60.3,26.0,3.9,8.0,1.3,0.0,10.0,11.1,60.81999999999999
삼척,2023-05-17,29.0,10.4,20.5,52.1,21.0,9.8,17.5,2.5,0.0,10.7,8.5,54.510000000000005
삼척,2023-05-18,22.1,11.7,16.2,81.9,62.0,1.7,4.0,0.6,1.6,0.6,12.9,73.78
삼척,2023-05-19,21.1,11.4,16.6,71.9,58.0,4.1,8.0,1.9,0.0,1.4,11.3,71.92000000000002
삼척,2023-05-20,28.2,11.1,19.5,63.9,36.0,4.8,9.4,1.6,0.0,8.2,11.6,67.3
삼척,2023-05-21,23.8,15.5,18.8,55.1,26.0,6.5,11.8,1.9,0.0,6.5,9.0,58.540000000000006
삼척,2023-05-22,23.5,10.1,16.2,56.5,29.0,4.6,9.9,1.4,0.0,4.2,6.6,56.96
삼척,2023-05-23,24.4,7.6,13.6,72.3,25.0,4.1,8.7,1.2,0.7,6.3,7.5,67.42
삼척,2023-05-24,25.4,6.7,16.0,59.6,24.0,4.7,8.3,1.0,0.0,8.4,7.1,61.83
삼척,2023-05-25,27.7,9.2,19.0,53.4,25.0,5.0,9.1,1.0,0.0,9.7,8.1,56.53
삼척,2023-05-26,27.2,14.6,20.4,51.4,33.0,3.3,7.2,1.4,0.0,10.2,9.4,52.62
삼척,2023-05-27,22.2,12.9,17.8,81.9,61.0,3.3,4.8,0.6,1.6,1.0,14.5,72.95
삼척,2023-05-28,19.4,16.4,18.1,93.5,89.0,5.6,9.4,2.1,17.4,0.0,17.0,86.97000000000001
삼척,2023-05-29,25.6,16.6,19.5,87.0,60.0,2.4,4.9,0.5,19.4,1.6,17.1,87.78999999999999
삼척,2023-05-30,24.3,12.7,18.7,71.0,49.0,3.6,7.7,1.5,0.0,2.7,12.9,76.44999999999999
삼척,2023-05-31,27.4,9.9,18.4,64.0,33.0,5.7,9.2,1.0,0.0,9.7,10.6,67.7
삼척,2023-06-01,26.6,13.2,19.6,71.0,46.0,4.8,7.3,0.7,0.0,2.7,13.7,69.6
삼척,2023-06-02,26.8,15.1,20.8,63.9,33.0,7.0,13.8,1.8,0.0,8.8,12.9,65.33
삼척,2023-06-03,27.0,12.9,20.0,55.4,23.0,6.3,12.2,1.8,0.0,8.7,9.0,58.66
삼척,2023-06-04,27.5,10.0,19.2,56.3,24.0,8.1,13.2,1.7,0.0,10.6,9.1,56.879999999999995
삼척,2023-06-05,27.5,10.2,19.6,59.9,41.0,6.7,13.4,1.9,0.0,9.1,10.9,58.73
삼척,2023-06-07,26.0,14.2,20.2,71.9,51.0,3.4,7.3,1.5,0.0,8.0,14.5,67.94
삼척,2023-06-08,28.9,16.1,22.0,64.5,30.0,8.2,13.5,1.8,0.0,7.3,13.8,65.52
삼척,2023-06-09,28.3,14.3,20.3,62.3,26.0,5.1,13.5,1.5,4.8,10.8,11.5,63.69999999999999
삼척,2023-06-10,29.7,12.8,19.8,70.0,39.0,2.8,6.1,0.9,2.7,5.2,13.4,67.91
삼척,2023-06-11,29.5,15.5,19.7,80.1,44.0,6.1,20.2,1.1,19.0,6.0,15.7,76.3
삼척,2023-06-12,29.0,16.0,20.7,71.9,35.0,4.1,6.3,1.1,0.0,6.3,14.5,73.35
삼척,2023-06-13,27.3,15.5,20.5,70.4,38.0,4.9,9.1,1.2,0.0,4.6,14.4,71.67
삼척,2023-06-14,28.3,13.7,19.1,73.8,39.0,3.8,8.0,1.3,0.0,6.2,14.0,72.92999999999999
삼척,2023-06-15,26.4,15.6,18.5,81.8,47.0,3.8,7.8,1.0,13.1,4.1,15.0,79.06
삼척,2023-06-16,31.7,16.3,22.4,74.3,43.0,3.8,6.7,1.2,0.0,9.5,17.0,75.75
삼척,2023-06-17,34.2,16.4,24.1,67.4,33.0,2.8,6.0,0.9,0.0,9.8,16.5,70.22
삼척,2023-06-18,32.9,17.0,24.1,67.5,38.0,3.2,7.0,1.0,0.0,8.0,16.9,68.16
삼척,2023-06-19,32.4,16.8,24.2,64.8,40.0,3.4,6.4,1.5,0.0,10.4,16.5,65.6
삼척,2023-06-20,28.2,16.1,21.5,68.9,39.0,2.3,4.5,1.1,0.1,1.2,15.2,67.94
삼척,2023-06-21,21.5,17.1,19.3,90.9,83.0,3.6,5.7,0.7,33.1,0.0,17.8,83.89
삼척,2023-06-22,25.8,17.7,20.8,78.8,52.0,4.7,8.4,1.0,3.3,3.3,16.6,80.23
삼척,2023-06-23,29.4,17.2,22.3,69.0,47.0,2.3,4.7,0.9,0.0,6.3,15.9,73.15
삼척,2023-06-24,32.9,15.3,23.1,68.8,31.0,2.3,4.0,1.0,0.0,9.1,16.3,69.83999999999999
삼척,2023-06-25,33.3,17.2,24.7,71.6,42.0,2.3,4.9,0.8,0.0,6.3,18.7,70.77999999999999
삼척,2023-06-26,22.9,18.4,20.8,91.8,79.0,2.2,5.2,0.6,93.2,0.0,19.4,85.45999999999998
삼척,2023-06-27,29.1,20.2,24.5,72.9,54.0,8.0,15.6,2.5,12.3,5.9,19.1,76.55
삼척,2023-06-28,-99.0,-99.0,-99.0,-9.0,-9.0,-9.0,-9.0,-9.0,0.0,-9.0,-99.0,17.46
삼척,2023-06-29,-99.0,-99.0,-99.0,-9.0,-9.0,-9.0,-9.0,-9.0,0.0,-9.0,-99.0,-0.8099999999999987
삼척,2023-06-30,-99.0,-99.0,-99.0,-9.0,-9.0,-9.0,-9.0,-9.0,0.0,-9.0,-99.0,-9.0
삼척,2023-07-01,34.5,20.5,26.0,74.6,36.0,3.6,7.5,1.1,0.0,0.0,20.4,49.519999999999996
삼척,2023-07-02,33.1,20.6,25.9,79.1,51.0,2.9,5.2,1.0,0.0,0.0,21.6,69.38999999999999
삼척,2023-07-03,-99.0,-99.0,-99.0,-9.0,-9.0,-9.0,-9.0,-9.0,0.0,-9.0,-99.0,16.98
삼척,2023-07-04,31.8,21.6,25.0,78.9,48.0,3.3,6.2,1.0,16.4,3.5,20.7,61.34
삼척,2023-07-05,29.7,20.2,24.4,73.8,48.0,5.0,11.5,2.1,23.5,6.4,19.0,66.53999999999999
삼척,2023-07-06,33.3,19.7,25.5,70.5,46.0,3.8,8.4,1.4,0.0,4.5,19.2,72.0
삼척,2023-07-07,27.2,18.2,21.8,78.9,55.0,2.4,5.2,0.9,0.0,0.6,17.8,76.71000000000001
삼척,2023-07-08,32.0,16.9,23.4,76.3,52.0,3.4,5.1,1.2,0.0,1.8,18.7,76.24
삼척,2023-07-09,30.6,20.3,23.3,84.6,61.0,7.3,14.3,0.8,29.7,1.7,20.4,82.36999999999999
삼척,2023-07-10,31.7,20.4,25.7,75.6,53.0,4.5,8.7,1.4,1.1,6.4,20.7,77.46999999999998
삼척,2023-07-11,27.9,19.2,22.1,87.3,69.0,4.3,10.0,1.0,55.6,0.7,19.8,84.68999999999998
삼척,2023-07-12,30.2,19.7,24.8,81.5,61.0,2.6,4.6,0.8,0.0,2.6,21.0,82.07
삼척,2023-07-13,25.5,21.9,23.4,91.9,84.0,1.3,3.2,0.2,15.6,0.0,21.9,89.36
삼척,2023-07-14,25.0,21.9,23.6,92.5,87.0,4.7,9.7,1.4,122.5,0.0,22.2,91.28
삼척,2023-07-15,24.1,21.1,22.6,91.6,79.0,2.8,6.9,0.7,63.1,0.0,21.1,91.80999999999999
삼척,2023-07-16,28.2,21.1,23.9,81.3,64.0,3.2,7.8,1.2,0.1,1.6,20.3,84.47999999999999
삼척,2023-07-17,29.1,21.4,24.9,85.8,67.0,3.2,6.1,0.7,3.9,1.0,22.2,85.47999999999999
삼척,2023-07-18,25.1,20.2,22.6,92.4,80.0,2.0,4.4,0.5,14.7,0.0,21.2,89.97
삼척,2023-07-19,33.9,20.1,25.2,76.9,42.0,2.8,4.2,0.8,0.0,8.9,20.2,80.89
삼척,2023-07-20,33.4,19.7,24.4,81.1,51.0,5.5,10.3,1.1,19.0,6.3,20.5,81.38999999999999
삼척,2023-07-21,34.9,20.7,24.9,81.9,47.0,6.2,12.3,1.3,1.1,5.4,21.1,81.24
삼척,2023-07-22,33.2,20.7,25.9,73.1,41.0,3.7,7.2,1.5,0.0,6.8,20.3,75.66
삼척,2023-07-23,30.5,22.2,25.2,82.3,59.0,4.4,8.0,1.0,3.0,0.4,21.8,80.41999999999999
삼척,2023-07-24,29.8,22.0,25.1,84.0,62.0,3.0,5.7,0.9,7.2,0.9,22.0,82.57
삼척,2023-07-25,31.8,21.7,25.4,82.0,57.0,3.6,7.7,0.8,0.0,3.7,21.8,82.43
삼척,2023-07-26,33.3,22.3,25.4,81.0,52.0,6.0,10.2,0.9,1.1,4.4,21.6,81.5
삼척,2023-07-27,34.3,21.9,27.2,75.9,50.0,3.2,5.9,1.1,0.0,9.2,22.1,77.53
삼척,2023-07-28,36.1,21.7,28.2,73.3,45.0,4.0,7.1,1.1,0.0,9.5,22.2,74.58999999999999
삼척,2023-07-29,36.1,22.8,27.8,73.1,42.0,3.3,6.2,1.4,0.0,9.1,21.8,73.42
삼척,2023-07-30,36.2,21.7,27.1,74.9,43.0,4.8,8.9,1.3,0.6,7.4,21.6,74.38
삼척,2023-07-31,36.3,23.4,27.3,76.0,45.0,4.0,6.0,1.1,0.0,4.3,22.3,75.49
삼척,2023-08-01,35.9,22.7,28.0,72.6,46.0,3.3,5.3,1.3,0.0,8.3,22.1,73.50999999999999
삼척,2023-08-02,35.4,23.3,28.0,75.6,50.0,3.0,6.5,1.2,0.0,9.0,22.8,75.03999999999999
삼척,2023-08-03,34.8,22.4,28.0,70.1,44.0,3.6,8.2,1.5,0.0,11.0,21.3,71.45
삼척,2023-08-04,35.2,21.3,27.4,75.0,49.0,3.2,6.9,1.2,0.0,7.8,22.1,74.08
삼척,2023-08-05,37.5,22.5,29.2,69.9,42.0,3.1,5.5,1.1,0.0,11.6,22.3,70.94
삼척,2023-08-06,36.9,23.0,28.2,75.6,46.0,5.0,10.7,1.4,0.2,6.9,23.0,74.39999999999999
삼척,2023-08-07,31.7,23.7,27.0,74.3,57.0,4.5,8.3,1.6,0.0,3.9,21.7,74.11999999999999
삼척,2023-08-08,31.0,22.2,25.8,70.8,55.0,4.5,7.8,1.9,0.0,4.5,19.9,71.97999999999999
삼척,2023-08-09,27.6,20.6,22.8,81.0,62.0,3.4,5.4,1.9,16.7,0.0,19.2,78.28999999999999
삼척,2023-08-10,22.6,20.4,21.4,88.3,78.0,5.2,14.9,2.0,38.1,0.0,19.3,85.08999999999999
삼척,2023-08-11,31.4,20.0,24.4,78.0,53.0,3.7,7.7,1.4,4.6,5.0,20.0,80.35999999999999
삼척,2023-08-12,28.3,21.0,23.6,84.9,66.0,3.1,5.9,0.6,2.5,1.7,20.8,83.86
삼척,2023-08-13,31.9,21.6,25.7,78.3,55.0,2.9,4.4,0.7,0.0,3.1,21.3,79.58999999999999
삼척,2023-08-14,33.6,21.8,26.1,74.3,46.0,3.4,7.0,1.1,0.0,7.4,20.7,76.16
삼척,2023-08-15,30.4,20.7,24.6,73.6,54.0,4.7,7.0,1.7,0.0,7.2,19.2,74.21
삼척,2023-08-16,33.7,18.5,25.5,73.3,49.0,2.9,5.1,0.9,0.0,8.2,19.9,73.46000000000001
삼척,2023-08-17,32.5,21.4,25.8,76.5,53.0,3.0,4.4,1.1,0.0,5.1,21.1,75.57
삼척,2023-08-18,35.7,22.5,27.3,71.6,43.0,3.4,6.0,1.3,0.0,7.7,21.1,72.74999999999999
삼척,2023-08-19,34.9,22.8,27.8,77.1,50.0,4.5,6.8,1.1,5.2,7.2,23.0,75.94
삼척,2023-08-20,35.0,23.2,26.4,81.0,54.0,5.4,9.1,1.0,34.0,3.7,22.7,79.27999999999999
삼척,2023-08-21,34.4,22.9,26.8,79.4,49.0,3.8,7.1,1.0,0.0,7.5,22.5,79.49
삼척,2023-08-22,33.9,21.5,27.2,76.4,50.0,3.8,7.1,1.3,0.0,7.6,22.2,77.46000000000001
삼척,2023-08-23,33.1,20.1,26.0,76.9,53.0,4.7,7.6,1.2,22.3,4.2,21.2,77.05
삼척,2023-08-24,25.0,19.9,22.0,91.1,81.0,1.6,3.3,0.5,50.3,0.0,20.4,86.78999999999999
삼척,2023-08-25,31.2,20.2,24.8,78.6,52.0,3.5,7.4,1.1,13.9,7.1,20.4,80.92999999999999
삼척,2023-08-26,32.6,19.1,24.3,74.1,37.0,3.1,4.7,1.1,0.0,8.6,18.7,76.69999999999999
삼척,2023-08-27,28.6,18.7,22.8,74.9,54.0,3.7,6.8,1.1,0.0,3.1,17.8,75.11
삼척,2023-08-28,26.0,18.9,22.5,80.0,68.0,3.8,6.7,1.2,0.0,0.2,18.7,78.39
삼척,2023-08-29,28.1,20.7,24.1,86.8,67.0,3.2,8.8,0.8,16.5,0.0,21.6,84.24999999999999
삼척,2023-08-30,24.2,19.6,21.6,90.9,84.0,2.6,5.3,0.7,50.8,0.0,20.0,88.99000000000001
삼척,2023-08-31,28.4,18.7,22.2,79.8,51.0,2.9,4.4,0.8,0.1,3.3,18.1,82.72
삼척,2023-09-06,29.6,17.3,22.3,74.9,50.0,3.8,7.6,1.7,0.0,5.3,17.2,77.48
삼척,2023-09-07,29.0,14.1,20.8,70.3,41.0,4.4,8.7,1.7,0.0,9.6,14.4,72.17
삼척,2023-09-08,30.8,13.5,20.2,74.6,39.0,2.4,4.4,1.3,0.0,7.7,14.9,73.76999999999998
삼척,2023-09-09,32.4,13.9,20.8,70.9,21.0,2.6,3.6,1.0,0.0,8.2,14.2,71.58
삼척,2023-09-10,33.2,16.3,22.8,69.3,29.0,2.9,4.4,1.3,0.0,7.1,15.8,70.14999999999999
삼척,2023-09-11,32.6,18.4,23.8,74.3,42.0,3.2,4.8,0.8,0.0,6.2,18.3,72.96000000000001
삼척,2023-09-12,32.2,19.4,23.7,74.4,41.0,2.6,4.1,1.1,0.0,6.9,18.3,73.87
삼척,2023-09-13,22.6,17.9,20.1,90.0,82.0,2.7,4.9,0.7,40.0,0.0,18.4,85.31
삼척,2023-09-14,23.1,17.5,19.9,86.9,74.0,2.6,3.9,0.9,3.8,0.0,17.5,86.27
삼척,2023-09-15,23.1,18.9,20.6,90.5,83.0,2.1,3.3,0.4,12.6,0.0,18.9,89.72999999999999
삼척,2023-09-16,29.6,20.1,23.0,87.6,64.0,2.3,4.1,0.6,9.3,1.7,20.6,88.10999999999999
삼척,2023-09-17,29.2,21.0,23.8,82.8,57.0,2.6,4.4,0.7,0.3,3.3,20.3,84.52999999999999
삼척,2023-09-18,30.8,19.7,23.5,80.6,51.0,3.0,6.5,0.9,19.6,6.1,19.6,81.74
삼척,2023-09-19,28.4,17.7,22.6,75.9,52.0,3.7,6.1,1.1,0.0,6.4,17.7,77.53
삼척,2023-09-20,20.7,17.3,19.0,89.5,83.0,2.6,5.1,0.9,53.3,0.0,17.2,85.89
삼척,2023-09-21,21.7,12.2,16.8,76.8,54.0,3.3,7.3,1.5,0.1,1.4,12.3,79.25
삼척,2023-09-22,26.6,12.2,17.1,75.3,35.0,3.4,4.2,1.4,0.0,7.2,11.9,77.02
삼척,2023-09-23,25.0,13.4,17.4,77.8,46.0,4.6,9.5,1.5,0.0,4.3,13.1,77.19999999999999
삼척,2023-09-24,23.0,11.7,17.0,72.0,43.0,4.2,9.3,1.4,0.0,7.0,11.3,73.49
삼척,2023-09-25,27.1,13.2,18.9,75.1,45.0,2.6,4.1,0.8,3.0,5.6,13.9,74.75
삼척,2023-09-26,20.2,17.1,18.7,91.5,84.0,1.4,3.8,0.2,24.0,0.0,17.2,86.27
삼척,2023-09-27,21.3,18.4,19.8,92.9,86.0,0.8,1.6,0.1,5.4,0.0,18.5,90.84
삼척,2023-09-28,27.9,15.1,20.4,79.4,47.0,3.2,6.3,0.9,0.0,8.0,16.2,83.31
삼척,2023-09-29,25.1,14.2,18.0,80.3,49.0,3.2,5.6,1.0,0.0,4.1,14.2,81.38000000000001
삼척,2023-09-30,22.3,13.1,16.8,80.1,58.0,3.3,6.7,1.0,3.8,1.5,13.1,80.07
삼척,2023-10-01,23.9,8.3,15.1,72.1,32.0,4.0,7.1,1.1,0.0,9.2,9.1,74.52
삼척,2023-10-02,24.1,7.6,13.2,75.8,34.0,2.7,4.1,1.2,0.0,7.5,8.1,75.49
삼척,2023-10-03,19.7,8.1,11.8,84.6,54.0,2.9,3.9,0.9,0.0,2.6,9.1,81.58999999999999
삼척,2023-10-04,22.5,8.8,15.2,71.4,49.0,3.4,6.9,1.8,0.0,5.4,9.5,74.48
삼척,2023-10-05,19.7,6.0,12.2,59.4,31.0,4.2,8.3,1.8,0.0,9.7,3.6,64.32
삼척,2023-10-06,21.9,4.2,11.0,73.1,29.0,3.0,4.3,1.1,0.0,7.3,5.3,70.19
삼척,2023-10-07,21.2,6.7,12.7,76.4,42.0,3.1,5.8,1.1,0.0,3.2,8.2,74.04
삼척,2023-10-08,18.6,9.3,13.0,77.9,53.0,2.7,4.9,1.0,0.0,0.6,8.9,77.12
삼척,2023-10-09,20.9,8.1,13.9,80.3,54.0,3.1,5.0,1.3,8.7,1.9,10.2,79.42999999999999
삼척,2023-10-10,21.7,8.0,13.3,78.5,40.0,3.6,7.7,1.0,0.7,6.6,9.1,78.8
삼척,2023-10-11,22.9,7.6,13.3,75.3,38.0,2.5,4.5,1.0,0.0,5.2,8.4,76.44
삼척,2023-10-12,24.2,8.8,13.6,78.3,37.0,2.5,3.8,1.0,0.0,5.4,9.3,77.71999999999998
삼척,2023-10-13,22.6,9.0,14.0,76.6,33.0,2.4,4.7,1.0,0.0,3.7,9.4,76.80999999999999
삼척,2023-10-14,19.8,8.6,12.2,80.9,45.0,3.1,6.9,1.2,0.6,2.6,8.6,79.78
삼척,2023-10-15,19.5,8.1,12.5,76.3,46.0,4.6,7.3,1.4,0.0,5.7,8.0,77.25
삼척,2023-10-16,22.0,5.8,12.5,74.1,41.0,3.2,6.6,1.0,0.0,7.1,7.3,75.22
삼척,2023-10-17,21.0,3.9,9.5,74.1,30.0,2.9,4.4,1.1,0.0,7.0,4.0,74.32
삼척,2023-10-18,23.2,2.8,10.5,71.4,27.0,3.3,7.0,1.0,0.0,7.4,4.3,72.21000000000001
삼척,2023-10-19,13.8,5.1,10.7,90.5,76.0,1.3,2.3,0.3,2.9,0.0,9.1,85.03999999999999
삼척,2023-10-20,15.1,4.6,10.2,51.0,22.0,6.0,11.3,2.2,0.9,8.7,-0.8,60.94
삼척,2023-10-21,15.0,-1.8,4.6,70.8,29.0,4.5,8.9,1.2,0.0,5.7,-1.0,68.81
삼척,2023-10-22,19.2,-1.8,8.2,66.5,24.0,4.6,9.1,1.3,0.0,8.6,0.8,65.80999999999999
삼척,2023-10-23,20.2,2.9,9.4,78.6,42.0,3.9,7.0,0.8,0.0,6.6,5.3,75.39999999999999
삼척,2023-10-24,20.6,3.0,9.8,78.6,45.0,3.4,7.8,0.9,0.0,6.4,5.7,77.39
삼척,2023-10-25,22.6,3.8,11.2,79.3,42.0,3.0,5.2,0.8,0.0,6.4,7.1,79.08999999999999
삼척,2023-10-26,21.0,5.9,12.3,79.3,51.0,4.5,9.6,1.2,7.2,5.9,8.4,79.23
삼척,2023-10-27,13.1,6.4,9.8,84.8,66.0,2.9,6.4,1.1,4.1,0.0,7.2,83.15
삼척,2023-10-28,20.5,6.4,10.6,77.1,40.0,3.3,5.4,1.5,0.0,3.9,6.3,78.85999999999999
삼척,2023-10-29,20.4,3.9,9.7,74.6,32.0,3.2,4.0,1.2,0.0,5.8,4.6,76.11999999999999
삼척,2023-10-30,21.9,1.8,8.9,77.3,38.0,2.6,5.3,0.8,0.0,6.9,4.4,76.73999999999998
삼척,2023-10-31,22.0,3.5,9.9,72.8,29.0,3.7,8.4,0.9,0.0,6.0,4.3,73.87999999999998
삼척,2023-11-01,17.9,4.9,12.8,81.8,72.0,3.4,9.3,1.0,0.0,0.0,9.6,79.55
삼척,2023-11-02,25.8,9.1,16.8,65.6,30.0,4.1,8.2,1.2,0.0,7.5,9.3,69.55999999999999
삼척,2023-11-03,23.3,6.3,16.6,65.8,45.0,4.3,10.7,1.6,0.0,5.1,9.7,67.35999999999999
삼척,2023-11-04,18.4,13.6,14.8,81.0,65.0,4.3,8.3,1.1,10.7,0.0,11.5,76.42
삼척,2023-11-05,22.0,11.6,16.4,79.9,57.0,3.0,5.7,0.8,4.6,1.2,12.7,78.71
삼척,2023-11-06,19.5,6.2,13.7,68.4,43.0,5.7,15.1,3.0,35.6,0.9,7.6,71.96000000000001
삼척,2023-11-07,12.1,-0.5,5.4,55.6,26.0,6.3,16.3,2.6,0.0,7.1,-3.5,60.59
삼척,2023-11-08,18.7,-3.7,5.0,69.5,26.0,2.4,3.9,0.7,0.0,8.1,-1.1,66.61
삼척,2023-11-09,19.3,-1.7,10.0,72.6,45.0,3.9,7.0,1.2,0.0,6.4,4.9,70.28
삼척,2023-11-10,14.5,-1.9,7.1,49.5,17.0,4.8,8.6,2.0,0.0,4.7,-4.0,56.120000000000005
삼척,2023-11-11,8.7,-4.3,1.1,58.1,30.0,2.9,7.4,1.0,0.0,3.2,-6.9,57.83
삼척,2023-11-12,6.7,-6.7,-1.1,55.0,21.0,3.5,6.8,1.2,0.0,7.9,-10.1,55.07000000000001
삼척,2023-11-13,8.0,-8.1,-0.9,54.8,22.0,4.1,8.9,1.3,0.0,7.9,-10.0,55.169999999999995
삼척,2023-11-14,9.9,-7.0,0.4,60.1,28.0,3.5,7.1,0.9,0.0,7.8,-7.2,58.53
삼척,2023-11-15,13.9,-6.6,1.6,69.5,29.0,2.6,5.5,0.6,0.0,6.9,-4.0,66.15
삼척,2023-11-16,5.4,-3.5,1.9,82.0,70.0,3.9,6.7,1.0,2.6,0.0,-0.9,77.31
삼척,2023-11-17,7.4,-3.9,2.1,51.8,30.0,4.8,11.3,2.3,0.0,5.2,-7.2,59.61
삼척,2023-11-18,3.3,-7.3,-1.7,47.9,33.0,5.4,14.5,3.0,0.0,7.6,-11.5,52.089999999999996
삼척,2023-11-19,9.9,-3.4,4.6,60.4,47.0,5.2,12.4,2.2,0.0,2.3,-2.5,57.03999999999999
삼척,2023-11-20,12.7,-4.6,2.5,65.1,29.0,3.3,10.1,0.8,0.0,7.6,-4.3,62.43999999999999
삼척,2023-11-21,16.1,-6.4,2.2,64.0,16.0,2.9,5.0,0.6,0.0,7.6,-5.6,63.85999999999999
삼척,2023-11-22,16.5,-6.4,4.1,61.1,19.0,3.5,10.0,0.7,0.0,7.6,-3.9,62.07999999999999
삼척,2023-11-23,17.1,3.4,11.2,49.5,15.0,6.3,14.1,2.6,0.0,7.0,-0.5,53.269999999999996
삼척,2023-11-24,3.4,-5.9,-1.5,35.1,22.0,6.2,16.6,2.7,0.0,7.5,-15.2,40.58
삼척,2023-11-25,5.5,-10.6,-3.9,48.1,16.0,3.5,5.1,1.2,0.0,7.5,-14.4,45.64000000000001
삼척,2023-11-26,8.8,-6.7,0.3,49.8,24.0,3.3,6.5,0.9,0.0,5.1,-9.5,47.98999999999999
삼척,2023-11-27,5.7,-0.9,2.9,78.6,60.0,4.1,9.7,1.1,4.4,0.0,-0.5,69.78999999999999
삼척,2023-11-28,4.7,-1.8,1.1,46.4,27.0,6.4,13.5,2.9,0.0,5.3,-9.4,53.17999999999999
삼척,2023-11-29,4.6,-5.1,-0.8,51.5,35.0,4.8,11.5,2.3,0.3,5.0,-9.8,53.19
삼척,2023-11-30,-1.4,-9.6,-5.7,43.6,32.0,4.4,9.5,2.3,0.0,7.4,-16.3,45.46
삼척,2023-12-01,2.2,-10.8,-4.8,44.5,21.0,4.2,8.9,1.9,0.0,7.4,-15.8,45.019999999999996
삼척,2023-12-02,2.9,-12.3,-3.3,66.0,50.0,4.5,10.4,1.1,0.0,0.4,-8.8,59.459999999999994
삼척,2023-12-04,8.9,-10.2,-2.8,62.3,22.0,4.2,9.4,0.7,0.0,7.3,-10.2,61.26
삼척,2023-12-05,12.5,-9.3,-1.5,69.3,29.0,1.3,2.5,0.3,0.0,7.3,-7.2,67.57
삼척,2023-12-06,8.4,-7.8,0.7,77.5,55.0,3.5,10.0,0.8,6.7,0.0,-3.0,74.34
삼척,2023-12-07,8.0,-0.7,2.9,51.3,30.0,4.9,12.7,2.3,0.0,7.3,-6.8,58.339999999999996
삼척,2023-12-08,15.1,-4.9,6.6,68.3,39.0,4.3,9.3,1.5,0.0,7.4,0.4,65.82
삼척,2023-12-09,17.6,3.8,11.0,69.9,49.0,3.8,8.8,1.5,0.0,3.9,5.3,67.72
삼척,2023-12-10,12.7,2.4,8.1,79.4,58.0,3.3,6.4,0.8,0.0,0.1,4.5,76.39
삼척,2023-12-11,9.8,3.4,7.8,80.6,73.0,5.1,9.4,1.8,14.9,0.0,4.6,79.28999999999999
삼척,2023-12-12,6.8,-1.4,2.7,76.0,59.0,3.5,6.0,1.6,0.0,1.0,-1.2,77.25999999999999
삼척,2023-12-13,12.8,-2.4,3.5,80.1,43.0,2.5,4.4,0.5,0.0,5.5,0.0,79.33
삼척,2023-12-14,7.0,3.4,5.2,86.1,79.0,2.6,3.6,0.7,15.2,0.0,3.1,83.88999999999999
삼척,2023-12-15,4.6,0.8,1.8,89.4,84.0,3.2,4.7,1.8,41.3,0.0,0.2,87.81
삼척,2023-12-16,2.4,-11.3,-4.2,62.0,35.0,7.2,18.9,3.1,4.4,1.0,-10.9,69.89
삼척,2023-12-17,-6.1,-14.0,-10.9,36.5,22.0,4.6,10.5,2.8,0.0,7.3,-23.2,46.89
삼척,2023-12-18,-4.7,-15.2,-9.9,51.4,29.0,3.6,6.1,1.2,0.0,2.8,-18.5,49.480000000000004
삼척,2023-12-19,3.1,-11.9,-4.7,61.6,32.0,3.7,6.8,1.1,0.0,5.6,-11.4,57.05
삼척,2023-12-20,-3.2,-12.3,-7.2,52.5,34.0,4.8,10.9,2.5,0.1,5.2,-15.5,54.21
삼척,2023-12-21,-6.5,-15.4,-11.9,38.6,27.0,4.1,10.0,2.7,0.0,7.2,-23.3,43.67999999999999
삼척,2023-12-22,-6.8,-16.8,-12.5,41.6,28.0,5.0,10.5,2.5,0.0,7.3,-23.1,42.089999999999996
삼척,2023-12-23,-1.3,-17.2,-10.6,54.4,24.0,3.6,7.2,1.4,0.0,7.3,-18.7,50.26
삼척,2023-12-24,1.2,-14.0,-7.2,69.3,45.0,3.6,7.3,0.9,0.0,5.7,-12.1,63.55
삼척,2023-12-25,0.1,-8.1,-3.6,72.6,58.0,3.9,10.7,1.6,0.0,3.4,-7.9,70.11999999999999
삼척,2023-12-26,5.5,-5.9,-1.1,64.5,39.0,6.6,10.8,1.9,0.0,6.6,-7.4,66.6
삼척,2023-12-27,7.8,-10.0,-4.0,76.0,32.0,1.3,2.5,0.3,0.0,6.9,-8.3,73.36
삼척,2023-12-28,5.2,-9.3,-3.1,69.9,38.0,3.3,6.7,1.0,0.0,5.9,-8.5,70.58
삼척,2023-12-29,6.1,-10.8,-3.6,74.8,41.0,2.4,5.2,0.6,0.0,7.2,-8.0,73.93999999999998
삼척,2023-12-30,-1.6,-9.4,-4.2,87.8,76.0,1.0,1.6,0.2,6.1,0.0,-5.9,83.40999999999998
삼척,2023-12-31,2.6,-1.6,0.0,90.3,73.0,2.6,4.7,0.5,10.5,0.1,-1.3,88.25
삼척,2024-01-01,4.2,-0.8,0.6,84.1,58.0,2.2,4.8,0.4,0.0,0.2,-1.8,85.71
삼척,2024-01-02,4.9,-1.6,1.8,66.3,51.0,3.8,10.6,1.7,0.0,2.1,-3.9,72.25999999999999
삼척,2024-01-03,3.5,-2.3,-0.1,69.4,50.0,4.0,6.9,1.0,0.0,1.0,-5.2,70.25
삼척,2024-01-04,4.1,-6.5,-1.0,65.4,42.0,4.6,9.2,1.4,0.0,7.4,-7.0,66.29
삼척,2024-01-05,6.9,0.3,3.2,67.0,54.0,4.4,9.4,1.7,0.0,0.6,-2.3,66.92
삼척,2024-01-06,4.6,-3.0,-0.5,53.3,21.0,5.1,9.5,1.9,0.0,7.4,-9.6,57.24999999999999
삼척,2024-01-07,-0.7,-10.7,-5.0,39.8,21.0,5.0,10.2,2.4,0.0,7.4,-17.3,45.22
삼척,2024-01-08,1.1,-14.9,-7.3,47.5,20.0,3.5,7.5,1.3,0.0,7.4,-17.6,46.54
삼척,2024-01-09,0.6,-8.5,-2.1,73.0,48.0,3.5,6.6,1.1,0.4,0.0,-6.4,64.58
삼척,2024-01-10,6.0,-7.4,-2.5,77.8,42.0,3.5,6.1,0.8,0.0,4.2,-6.2,73.81
삼척,2024-01-11,1.9,-6.0,-1.3,66.0,51.0,4.7,11.4,2.5,0.0,3.8,-7.0,69.06
삼척,2024-01-12,6.8,-3.6,1.2,40.8,16.0,4.1,8.6,2.1,0.0,7.5,-11.9,49.54
삼척,2024-01-13,5.4,-9.2,-4.0,54.1,19.0,2.6,4.8,0.8,0.0,7.5,-13.0,52.63
삼척,2024-01-14,6.9,-10.9,-3.3,78.1,27.0,3.9,8.1,1.0,3.7,3.5,-7.2,69.57
삼척,2024-01-15,2.2,-9.0,-3.7,67.9,37.0,3.6,7.6,1.3,0.0,6.8,-9.3,68.56
삼척,2024-01-16,7.2,-12.9,-5.4,67.0,24.0,2.4,4.2,0.6,0.0,7.5,-11.5,68.29
삼척,2024-01-17,4.3,-9.4,-1.7,79.4,57.0,3.1,8.3,0.7,3.1,0.2,-4.9,75.77000000000001
삼척,2024-01-18,4.9,0.8,2.2,83.1,65.0,2.8,5.3,0.7,3.8,0.0,-0.4,80.75
삼척,2024-01-19,2.1,0.2,0.9,73.0,64.0,4.6,8.7,1.6,0.0,0.0,-3.4,75.66
삼척,2024-01-20,2.8,-1.1,0.5,78.1,62.0,2.6,6.1,1.3,3.1,0.0,-2.9,77.58
삼척,2024-01-21,4.8,-1.5,0.7,76.1,61.0,3.6,6.1,1.7,0.0,0.2,-3.0,76.19
삼척,2024-01-22,0.9,-13.2,-7.3,54.4,35.0,6.2,14.2,3.3,0.0,6.0,-15.1,61.11
삼척,2024-01-23,-8.1,-16.0,-13.2,49.4,32.0,4.9,11.6,2.7,0.0,6.9,-21.8,53.07
삼척,2024-01-24,-4.9,-16.5,-11.9,48.0,31.0,4.3,9.4,2.3,0.0,7.7,-21.0,48.919999999999995
삼척,2024-01-25,-0.8,-17.7,-9.1,52.1,27.0,3.7,7.8,1.4,0.0,7.7,-18.2,51.01
삼척,2024-01-26,4.0,-14.1,-5.9,54.4,26.0,3.4,6.7,1.3,0.0,7.7,-14.5,53.3
삼척,2024-01-27,4.6,-12.2,-5.0,68.8,38.0,3.1,5.3,0.8,0.0,5.9,-10.3,64.25
삼척,2024-01-28,4.0,-8.4,-3.4,61.8,26.0,4.0,9.9,1.2,0.0,6.4,-10.6,62.459999999999994
삼척,2024-01-29,5.4,-11.8,-4.7,67.3,31.0,2.7,4.8,0.8,0.0,7.4,-10.5,66.35
삼척,2024-01-30,9.6,-12.3,-3.8,65.3,17.0,2.6,4.1,0.5,0.0,7.9,-10.7,65.35
삼척,2024-01-31,12.1,-8.4,-0.2,61.3,23.0,3.2,5.5,0.7,0.0,7.9,-8.0,62.7
삼척,2024-02-01,3.0,-8.0,-2.8,74.1,55.0,5.0,8.4,1.8,0.0,0.2,-6.9,70.66
삼척,2024-02-02,7.6,-5.8,-0.3,67.3,32.0,3.7,6.7,1.2,0.0,4.3,-6.1,68.05999999999999
삼척,2024-02-03,8.0,-7.9,-0.5,75.0,45.0,3.3,4.4,0.6,0.0,3.1,-4.7,73.37
삼척,2024-02-04,7.5,-3.7,1.5,72.8,50.0,3.5,6.1,1.1,0.0,1.3,-3.1,72.69
삼척,2024-02-05,1.5,-3.0,-0.6,80.3,67.0,3.4,8.4,1.4,4.6,0.0,-3.6,78.27
삼척,2024-02-06,1.9,-3.9,-1.3,77.6,59.0,2.1,3.4,0.6,0.6,0.0,-4.7,77.66
삼척,2024-02-07,3.0,-3.4,-0.9,76.8,54.0,2.5,3.7,0.9,0.0,0.2,-4.6,77.31
삼척,2024-02-08,5.7,-6.4,-2.1,73.6,42.0,3.3,5.4,1.2,0.0,6.8,-6.5,74.64
삼척,2024-02-09,5.6,-7.9,-2.6,68.0,38.0,3.7,8.4,1.4,0.0,6.8,-8.2,70.0
삼척,2024-02-10,3.5,-8.7,-3.3,71.4,44.0,3.8,9.3,1.1,0.0,0.8,-8.1,70.94
삼척,2024-02-11,5.3,-10.3,-2.7,63.1,29.0,5.8,11.0,1.7,0.0,6.0,-9.4,65.25
삼척,2024-02-12,9.3,-9.1,-0.8,59.3,25.0,4.6,9.1,1.1,0.0,7.7,-9.1,61.269999999999996
삼척,2024-02-13,13.7,-5.8,5.5,61.8,38.0,5.1,15.8,1.9,0.0,7.5,-1.8,61.43
삼척,2024-02-14,16.6,2.8,9.3,69.6,53.0,4.6,10.0,1.3,0.0,2.9,3.7,67.00999999999999
삼척,2024-02-15,9.9,-2.5,2.8,83.3,72.0,3.4,6.9,1.0,15.9,0.0,0.2,78.41
삼척,2024-02-16,4.3,-5.5,-1.5,81.4,54.0,3.7,6.3,0.7,0.0,3.8,-4.5,80.6
삼척,2024-02-17,12.2,-6.9,0.3,72.3,25.0,3.5,7.0,1.1,0.0,8.3,-5.1,75.21999999999998
삼척,2024-02-18,15.2,-7.6,3.5,70.9,17.0,3.1,4.9,0.5,10.3,4.8,-2.8,72.23
삼척,2024-02-19,8.9,4.8,-99.0,-9.0,85.0,1.2,2.4,0.3,29.9,0.0,-99.0,15.110000000000003
삼척,2024-02-20,5.1,-0.2,2.2,83.0,70.0,3.3,6.2,1.1,2.7,0.0,-0.4,63.39
삼척,2024-02-21,1.8,-2.0,-0.1,84.3,73.0,3.0,7.4,0.9,7.7,0.0,-2.4,74.70999999999998
삼척,2024-02-22,-0.4,-3.6,-2.5,76.1,62.0,3.4,6.5,1.2,4.4,0.0,-6.1,78.42999999999999
삼척,2024-02-23,0.5,-4.0,-2.3,67.8,56.0,3.8,6.4,1.4,0.5,0.0,-7.5,71.10999999999999
삼척,2024-02-24,2.5,-5.7,-1.3,70.4,48.0,4.6,7.6,1.0,2.0,0.3,-6.2,70.45
삼척,2024-02-25,6.1,-2.1,0.8,78.5,58.0,3.0,4.6,0.7,2.1,0.9,-2.6,75.81
삼척,2024-02-26,3.9,-5.0,-0.9,74.1,54.0,3.5,6.9,1.0,0.0,0.8,-5.2,74.61
삼척,2024-02-27,5.3,-5.8,-1.3,69.8,42.0,3.5,7.1,1.2,0.0,2.5,-6.5,71.52999999999999
삼척,2024-02-28,10.2,-6.7,0.6,69.6,38.0,2.6,5.4,0.8,0.0,6.4,-4.8,70.08999999999999
삼척,2024-02-29,6.1,-4.6,0.5,77.8,46.0,1.8,3.2,0.2,0.0,0.0,-3.2,75.36
삼척,2024-03-01,1.3,-9.2,-3.5,29.1,15.0,6.0,14.3,3.1,0.0,9.2,-19.5,42.89
삼척,2024-03-02,1.5,-12.3,-4.1,45.1,30.0,5.1,11.7,2.4,0.2,7.0,-14.6,45.17
삼척,2024-03-03,6.1,-3.3,2.6,58.5,38.0,4.6,12.6,2.4,2.2,4.8,-5.0,52.879999999999995
삼척,2024-03-04,12.0,-4.9,3.2,55.1,22.0,3.3,6.3,1.3,0.0,7.6,-6.1,54.78
삼척,2024-03-05,7.0,0.4,2.9,72.6,57.0,3.8,6.9,1.5,0.0,0.0,-1.5,67.69
삼척,2024-03-06,3.8,-1.9,1.3,65.9,54.0,4.0,6.3,1.8,0.0,0.1,-4.4,66.16000000000001
삼척,2024-03-07,4.4,-2.1,0.7,73.6,52.0,3.7,7.7,1.1,0.5,0.6,-3.5,71.96000000000001
삼척,2024-03-08,6.0,-4.3,0.4,42.0,21.0,5.7,11.4,2.6,0.0,8.8,-11.6,50.71
삼척,2024-03-09,7.9,-8.9,-1.0,50.5,21.0,4.0,7.7,1.1,0.0,9.8,-11.4,51.10999999999999
삼척,2024-03-10,11.5,-8.9,0.9,51.4,16.0,5.0,9.5,1.2,0.0,9.9,-9.8,50.28
삼척,2024-03-11,9.5,-4.2,2.5,51.1,18.0,3.3,7.1,0.9,0.0,0.7,-8.2,51.099999999999994
삼척,2024-03-12,7.3,-5.3,0.0,73.9,51.0,3.2,7.6,0.8,0.0,0.5,-4.3,67.09
삼척,2024-03-13,13.1,-6.5,3.4,53.8,18.0,4.6,11.6,1.8,0.0,9.1,-7.1,57.55
삼척,2024-03-14,16.2,-5.0,4.8,50.0,14.0,4.2,7.9,1.3,0.0,10.1,-6.2,53.15
삼척,2024-03-15,17.4,-2.2,8.1,41.3,18.0,5.6,13.4,2.1,0.0,10.2,-5.8,44.29
삼척,2024-03-16,20.3,-3.0,10.1,42.8,19.0,4.7,10.3,1.4,0.0,8.9,-3.7,43.22
삼척,2024-03-17,16.7,-0.3,9.0,44.1,17.0,6.2,11.3,2.5,0.0,7.8,-3.4,43.56
삼척,2024-03-18,14.3,-5.6,5.1,37.6,13.0,4.7,9.6,1.3,0.0,9.9,-10.7,39.42
삼척,2024-03-19,7.3,-0.4,3.0,58.0,17.0,4.1,10.4,1.7,7.2,1.5,-5.5,52.53
삼척,2024-03-20,6.0,-3.1,1.3,60.3,30.0,4.7,10.0,1.7,2.2,5.3,-6.2,57.56999999999999
삼척,2024-03-21,10.7,-5.2,1.4,58.5,23.0,4.4,8.0,1.4,0.0,8.3,-7.0,58.81
삼척,2024-03-22,14.8,-3.8,6.0,63.8,28.0,4.7,9.6,1.4,6.5,6.1,-1.6,62.39
삼척,2024-03-23,20.8,5.5,12.4,60.9,26.0,4.1,8.5,1.7,2.5,9.6,3.8,61.239999999999995
삼척,2024-03-24,21.2,1.7,10.2,55.0,16.0,4.9,7.7,1.7,0.0,9.1,-0.4,57.06
삼척,2024-03-25,8.8,1.1,5.1,77.9,61.0,4.1,8.4,1.4,6.7,0.0,1.4,71.62
삼척,2024-03-26,6.4,-1.5,2.5,81.5,59.0,3.2,5.1,1.3,10.1,0.5,-0.5,78.13
삼척,2024-03-27,17.4,-0.9,7.1,65.6,28.0,3.0,6.8,1.2,0.0,6.9,-0.2,70.01
삼척,2024-03-28,9.3,4.5,7.0,83.4,70.0,3.6,6.7,0.4,11.5,0.0,4.3,79.65
삼척,2024-03-29,11.5,2.4,7.3,61.5,40.0,4.7,15.7,2.5,0.6,2.4,0.0,66.29
삼척,2024-03-30,17.0,-2.4,8.4,49.5,16.0,4.6,12.8,1.8,0.0,5.4,-3.4,55.290000000000006
삼척,2024-03-31,20.7,-1.0,9.9,45.9,13.0,4.2,7.8,1.2,0.0,8.4,-3.9,48.17999999999999
삼척,2024-04-01,20.3,-1.2,9.8,43.9,14.0,5.9,14.2,1.5,0.0,9.7,-4.5,44.86
삼척,2024-04-02,26.4,-0.1,12.5,45.5,14.0,3.6,9.1,1.1,0.0,9.7,-1.6,45.22
삼척,2024-04-03,12.2,6.9,9.0,73.8,57.0,3.9,5.9,1.0,2.2,0.0,4.4,65.14999999999999
삼척,2024-04-04,13.6,3.4,8.7,54.9,27.0,4.6,7.6,1.7,0.0,0.0,-0.7,57.739999999999995
삼척,2024-04-05,19.6,2.8,10.0,57.6,25.0,3.9,7.5,1.2,0.0,4.8,0.8,58.68
삼척,2024-04-06,21.6,2.3,11.6,56.3,25.0,3.7,7.5,1.0,0.0,7.7,1.6,56.42
삼척,2024-04-07,26.0,1.4,13.2,49.8,15.0,4.3,8.5,0.9,0.0,9.7,0.8,51.87999999999999
삼척,2024-04-08,26.5,4.9,14.9,46.9,17.0,3.7,6.5,1.0,0.0,6.9,1.7,48.42
삼척,2024-04-09,13.8,1.1,7.9,44.9,25.0,5.6,10.5,2.5,0.0,9.7,-4.1,45.78999999999999
삼척,2024-04-10,19.3,-2.0,9.4,51.1,31.0,4.2,7.0,1.3,0.0,5.8,-0.8,49.44
삼척,2024-04-11,20.8,6.8,12.7,59.6,36.0,2.8,4.7,0.6,0.0,0.1,4.4,56.43
삼척,2024-04-12,26.9,3.6,15.1,57.1,20.0,4.0,7.0,0.9,0.0,9.8,4.8,57.0
삼척,2024-04-13,30.3,5.4,17.4,51.3,19.0,3.6,6.6,0.8,0.0,9.9,4.7,53.29
삼척,2024-04-14,32.2,6.5,19.0,44.8,11.0,4.0,7.8,1.2,0.0,10.0,3.7,47.33
삼척,2024-04-15,16.5,10.9,14.2,72.9,48.0,2.6,6.1,1.0,10.9,0.0,9.1,65.12
삼척,2024-04-16,19.5,9.3,13.9,64.6,39.0,5.0,8.5,2.0,1.0,3.5,6.8,64.28
삼척,2024-04-17,25.0,5.0,14.3,59.5,27.0,3.4,6.2,1.1,0.0,8.1,5.0,61.86
삼척,2024-04-18,27.2,4.9,15.4,54.1,14.0,4.9,7.5,1.0,0.0,8.3,3.8,56.23
삼척,2024-04-19,27.8,5.3,16.7,51.5,21.0,3.7,7.5,1.1,0.0,10.0,4.7,52.82
삼척,2024-04-20,14.6,10.9,12.2,78.6,61.0,2.5,4.6,0.9,12.0,0.0,8.4,70.72999999999999
삼척,2024-04-21,16.0,11.1,13.1,75.0,60.0,4.3,8.6,1.6,0.0,0.0,8.7,73.37
삼척,2024-04-22,19.0,9.8,13.8,58.6,36.0,5.8,11.7,2.4,0.0,7.7,5.4,63.879999999999995
삼척,2024-04-23,18.7,8.5,12.4,62.0,39.0,6.5,11.1,2.7,0.9,5.6,4.9,62.62
삼척,2024-04-24,13.9,8.7,10.9,81.0,65.0,3.9,8.2,1.2,8.9,0.0,7.6,74.96
삼척,2024-04-25,24.9,9.3,15.7,62.8,33.0,4.0,8.3,1.6,0.0,8.8,7.8,66.36
삼척,2024-04-26,29.1,6.3,16.8,57.1,14.0,3.8,7.1,0.9,0.0,10.1,6.0,60.63
삼척,2024-04-27,30.9,5.9,18.1,53.0,16.0,3.2,6.2,1.1,0.0,11.3,5.6,54.8
삼척,2024-04-28,31.2,6.9,17.7,52.6,14.0,4.2,8.5,1.4,0.0,11.2,5.8,53.13
삼척,2024-04-29,16.0,9.2,12.3,67.9,56.0,5.2,8.9,2.2,0.0,0.7,6.4,63.35000000000001
삼척,2024-04-30,22.8,7.7,13.7,65.5,44.0,4.3,7.1,1.4,0.0,1.9,7.0,64.69
삼척,2024-05-01,20.3,5.0,12.7,49.9,29.0,4.6,8.5,1.9,0.0,9.5,1.6,54.82
삼척,2024-05-02,26.4,1.2,14.0,54.8,22.0,4.2,8.2,1.4,0.0,11.5,3.1,54.889999999999986
삼척,2024-05-03,31.7,4.5,17.5,51.4,15.0,3.4,6.4,0.9,0.0,11.3,4.5,51.93
삼척,2024-05-04,31.2,6.2,18.9,49.5,14.0,4.2,7.6,1.2,0.0,11.4,5.2,50.41
삼척,2024-05-05,18.6,11.3,15.3,81.0,63.0,2.7,6.3,0.8,22.0,0.0,12.0,71.74
삼척,2024-05-06,16.9,12.1,14.5,82.8,72.0,5.1,13.2,1.8,6.8,0.0,11.6,79.11
삼척,2024-05-07,14.0,8.1,11.2,74.8,59.0,3.7,7.3,1.4,5.2,0.0,6.7,77.01999999999998
삼척,2024-05-08,20.2,4.7,11.6,56.3,28.0,4.4,7.7,1.7,0.0,8.5,2.2,62.65
삼척,2024-05-09,24.2,1.9,13.5,57.5,23.0,4.4,13.3,1.6,0.0,11.6,3.6,58.989999999999995
삼척,2024-05-10,26.7,7.1,17.3,49.6,22.0,4.9,10.7,1.8,0.0,10.6,5.0,51.85
삼척,2024-05-11,26.4,12.6,18.9,54.9,32.0,5.2,12.4,2.4,4.8,6.6,8.9,54.1
삼척,2024-05-12,23.0,8.7,15.8,61.5,27.0,5.0,10.1,2.0,3.3,11.0,7.3,58.99
삼척,2024-05-13,25.9,6.5,15.4,57.4,21.0,4.0,8.6,1.5,0.0,10.5,4.9,57.970000000000006
삼척,2024-05-14,28.0,5.7,16.9,56.0,19.0,4.9,9.7,1.4,0.0,11.8,6.1,56.82999999999999
삼척,2024-05-15,25.5,6.6,12.5,70.0,29.0,4.3,8.4,1.3,17.5,5.4,6.3,65.94
삼척,2024-05-16,19.3,5.1,10.5,66.6,25.0,5.8,11.6,1.8,5.3,6.0,3.4,66.21999999999998
삼척,2024-05-17,26.5,3.0,14.7,66.0,34.0,3.9,8.9,1.4,0.0,8.9,7.5,66.52
삼척,2024-05-18,29.3,7.2,18.2,61.5,29.0,4.4,8.5,1.2,0.0,11.9,9.1,62.91
삼척,2024-05-19,31.5,9.4,20.3,59.6,26.0,3.7,8.9,1.1,0.0,11.7,10.6,60.62
삼척,2024-05-20,25.6,10.2,17.4,71.0,43.0,3.6,7.4,0.9,0.2,2.7,11.5,67.77
삼척,2024-05-21,28.1,12.0,18.5,57.9,30.0,2.8,5.0,1.2,0.0,6.0,9.2,60.69
삼척,2024-05-22,29.3,8.3,19.8,59.6,33.0,5.3,9.5,1.4,0.0,11.6,10.4,60.4
삼척,2024-05-23,31.4,12.1,21.9,54.9,19.0,4.3,8.9,1.5,0.0,11.9,10.6,56.14
삼척,2024-05-24,22.9,12.6,16.8,64.6,50.0,4.2,7.1,1.3,0.0,1.6,9.9,62.15999999999999
삼척,2024-05-25,25.2,12.4,17.5,57.1,32.0,3.8,6.6,1.1,0.0,4.2,8.2,58.38
삼척,2024-05-26,29.4,10.7,19.0,66.1,31.0,4.7,10.2,1.9,11.8,6.7,11.5,64.14999999999999
삼척,2024-05-27,23.3,12.3,17.8,55.5,37.0,5.0,12.9,2.6,0.1,7.9,8.3,57.779999999999994
삼척,2024-05-28,21.3,7.5,13.7,66.8,31.0,4.1,10.5,1.6,0.0,4.6,6.8,64.47
삼척,2024-05-29,28.5,4.6,16.9,61.4,26.0,4.0,8.3,1.3,0.0,11.7,8.0,61.89
삼척,2024-05-30,26.7,10.8,18.2,63.0,30.0,3.3,4.8,0.9,0.0,1.8,10.1,63.059999999999995
삼척,2024-05-31,28.9,12.0,20.9,52.3,21.0,4.1,8.4,1.6,0.0,11.5,9.0,55.349999999999994
삼척,2024-06-01,25.9,13.0,17.7,62.1,39.0,5.3,9.4,1.4,0.0,2.8,9.9,60.230000000000004
삼척,2024-06-02,22.8,10.2,16.1,67.6,41.0,2.8,5.7,1.1,0.0,4.1,9.7,64.97
삼척,2024-06-03,25.3,9.4,16.5,59.6,31.0,4.5,8.7,1.7,0.0,10.3,7.5,61.449999999999996
삼척,2024-06-04,29.3,5.6,17.5,53.3,19.0,4.2,7.6,1.4,0.0,11.9,5.6,55.989999999999995
삼척,2024-06-05,32.3,8.3,19.0,65.6,23.0,4.8,7.5,1.6,0.8,7.8,11.0,62.54
삼척,2024-06-06,30.2,13.1,18.1,74.5,28.0,4.0,7.6,1.5,3.1,6.3,12.8,70.6
삼척,2024-06-07,29.8,12.7,20.2,64.4,33.0,3.2,6.5,1.3,0.0,-9.0,12.2,66.53999999999999
삼척,2024-06-08,21.4,16.4,18.4,82.3,66.0,3.0,5.8,0.7,2.3,-9.0,15.2,77.94
삼척,2024-06-09,30.7,14.9,22.3,67.6,38.0,3.0,7.0,1.5,0.0,-9.0,15.1,70.22
삼척,2024-06-10,31.8,13.8,23.3,62.9,38.0,4.2,8.6,1.4,0.0,-9.0,15.0,65.78
삼척,2024-06-11,33.8,17.6,24.9,60.5,35.0,3.9,8.5,1.3,0.0,-9.0,16.0,61.68999999999999
삼척,2024-06-12,35.9,15.1,25.1,52.4,15.0,4.2,8.0,1.5,0.0,-9.0,11.9,55.07
삼척,2024-06-13,36.2,15.0,23.2,66.8,18.0,4.6,7.7,1.3,3.6,-9.0,15.2,63.28999999999999
삼척,2024-06-14,34.9,15.5,24.6,60.4,23.0,4.3,7.3,1.3,0.0,-9.0,14.7,60.879999999999995
삼척,2024-06-15,29.8,18.1,21.5,76.8,49.0,4.5,7.1,1.2,13.8,-9.0,16.9,72.52000000000001
삼척,2024-06-16,29.5,16.1,21.9,62.6,28.0,4.1,8.3,1.8,10.3,-9.0,13.1,65.22
삼척,2024-06-17,30.3,12.5,21.4,62.5,33.0,3.7,8.2,1.3,0.0,-9.0,12.8,63.95
삼척,2024-06-18,34.7,12.2,24.0,57.8,26.0,3.5,6.4,1.3,0.0,-9.0,13.7,59.21999999999999
삼척,2024-06-19,37.4,15.2,26.1,55.8,17.0,3.4,5.7,1.1,0.0,-9.0,14.4,56.87
삼척,2024-06-20,34.9,16.4,25.2,59.0,25.0,4.0,6.7,1.1,0.0,-9.0,15.2,58.239999999999995
삼척,2024-06-21,35.6,14.5,24.4,64.6,24.0,4.1,8.7,1.2,0.0,-9.0,16.5,62.599999999999994
삼척,2024-06-22,24.0,19.3,21.2,83.8,67.0,2.3,3.8,0.6,60.6,-9.0,18.2,77.48
삼척,2024-06-23,29.0,19.9,23.0,82.0,60.0,3.2,5.2,0.7,11.1,-9.0,19.6,80.61999999999999
삼척,2024-06-24,30.6,19.8,24.6,61.8,37.0,4.3,9.3,1.8,6.0,-9.0,16.0,68.03999999999999
삼척,2024-06-25,26.8,14.9,20.9,59.6,37.0,4.2,9.2,1.7,0.0,-9.0,12.1,62.28
삼척,2024-06-26,32.1,13.0,22.3,63.1,29.0,3.5,5.6,1.0,0.0,-9.0,13.8,62.27
삼척,2024-06-27,30.0,15.4,22.3,69.8,43.0,2.9,5.3,0.8,0.0,-9.0,15.8,67.44
삼척,2024-06-28,33.9,15.9,23.3,61.6,26.0,3.3,5.9,1.3,0.0,-9.0,13.9,63.39
삼척,2024-06-29,34.3,14.8,24.7,65.3,34.0,4.0,6.7,1.3,29.9,-9.0,16.7,65.00999999999999
삼척,2024-06-30,27.4,21.3,24.5,75.6,64.0,5.1,12.2,2.0,22.0,-9.0,19.8,72.13999999999999
삼척,2024-07-01,32.6,19.4,25.5,69.9,46.0,3.5,5.9,0.9,0.0,-9.0,19.0,70.58
삼척,2024-07-02,21.3,18.9,20.2,88.9,82.0,2.6,4.3,0.7,56.6,-9.0,18.2,83.77
삼척,2024-07-03,27.3,19.7,24.1,76.0,61.0,4.7,10.2,1.7,19.0,-9.0,19.4,77.96999999999998
삼척,2024-07-04,31.8,22.9,26.4,66.4,46.0,3.9,11.4,1.8,0.0,-9.0,19.4,70.57000000000001
삼척,2024-07-05,29.0,21.7,24.9,67.3,50.0,5.8,13.8,2.6,6.9,-9.0,18.2,67.99
삼척,2024-07-06,31.8,19.6,25.4,75.8,60.0,5.6,14.5,1.6,8.0,-9.0,20.7,73.16
삼척,2024-07-07,27.4,22.1,23.3,82.4,69.0,4.9,11.1,1.4,5.0,-9.0,20.0,79.57000000000001
삼척,2024-07-08,24.7,21.1,22.9,87.5,75.0,3.3,9.8,0.8,61.3,-9.0,20.6,85.30999999999999
삼척,2024-07-09,25.8,20.3,22.5,88.4,76.0,3.1,5.5,0.5,5.2,-9.0,20.3,87.61999999999999
삼척,2024-07-10,31.3,19.6,23.9,78.9,52.0,3.8,6.6,1.3,68.3,-9.0,19.6,81.66000000000001
삼척,2024-07-11,32.1,20.2,24.5,74.6,46.0,2.8,5.5,1.1,0.0,-9.0,19.2,76.84
삼척,2024-07-12,33.6,19.7,25.6,71.0,43.0,3.9,6.1,1.4,0.0,-9.0,19.4,72.50999999999999
삼척,2024-07-13,33.9,19.5,25.3,69.1,33.0,3.4,5.9,1.2,0.0,-9.0,18.4,70.02999999999999
삼척,2024-07-14,26.9,17.8,22.7,75.8,62.0,3.0,6.1,1.3,0.0,-9.0,18.0,73.97999999999999
삼척,2024-07-15,30.5,21.0,24.5,73.1,54.0,3.9,6.5,1.2,0.0,-9.0,19.2,73.24
삼척,2024-07-16,32.3,20.3,25.7,74.0,50.0,2.9,5.1,1.0,24.0,-9.0,20.3,74.0
삼척,2024-07-17,29.1,21.9,24.7,81.9,64.0,4.0,8.9,1.0,7.9,-9.0,21.2,79.44
삼척,2024-07-18,26.2,22.7,24.2,84.9,71.0,7.1,15.0,1.1,33.5,-9.0,21.4,83.21000000000001
삼척,2024-07-19,31.3,21.3,25.7,75.1,54.0,3.4,6.8,1.0,0.0,-9.0,20.6,77.74
삼척,2024-07-20,30.3,20.4,25.9,75.0,61.0,3.4,8.1,1.1,0.0,3.5,20.8,76.00999999999999
삼척,2024-07-21,32.7,23.6,27.4,68.4,50.0,5.8,16.1,2.4,9.3,6.3,20.8,70.39
삼척,2024-07-22,30.2,24.2,27.0,76.1,62.0,3.6,8.1,1.0,7.1,1.0,22.2,74.45
삼척,2024-07-23,28.1,23.9,25.4,81.0,62.0,4.9,13.8,2.0,10.7,0.0,21.8,78.75999999999999
삼척,2024-07-24,31.8,22.3,25.6,81.9,62.0,3.1,6.4,1.0,11.3,2.9,22.1,81.14
삼척,2024-07-25,34.5,21.7,27.8,74.9,47.0,3.5,7.4,0.8,0.0,7.1,22.5,76.91
삼척,2024-07-26,35.7,24.5,28.9,72.9,49.0,3.3,7.7,1.0,0.0,5.1,23.1,74.2
삼척,2024-07-27,34.2,24.5,27.3,80.3,55.0,3.6,9.2,0.9,6.9,2.0,23.4,78.27999999999999
삼척,2024-07-28,33.9,23.0,28.4,71.6,52.0,3.7,9.7,1.5,0.0,6.4,22.4,73.47
삼척,2024-07-29,31.3,26.4,28.0,69.9,57.0,3.9,10.3,2.1,0.0,0.4,21.9,71.28
삼척,2024-07-30,28.2,24.0,26.2,78.8,73.0,3.0,7.0,1.5,0.0,0.0,22.1,76.3
삼척,2024-07-31,34.9,23.0,27.9,71.5,47.0,3.6,7.4,1.4,0.0,9.8,21.7,72.8
삼척,2024-08-01,35.3,22.4,28.3,72.9,51.0,3.1,6.7,1.1,0.0,4.3,22.5,73.21
삼척,2024-08-02,35.9,24.6,29.2,73.8,50.0,3.7,7.6,1.2,1.4,5.8,23.6,73.39
삼척,2024-08-03,36.6,24.4,29.4,72.4,46.0,3.1,5.9,1.1,0.0,9.7,23.4,72.73
삼척,2024-08-04,37.3,24.3,29.0,70.6,43.0,3.2,5.4,1.3,0.0,7.3,22.7,71.28
삼척,2024-08-05,36.4,23.7,27.8,75.5,49.0,4.5,7.8,1.4,0.2,4.1,22.7,74.21
삼척,2024-08-06,36.2,23.1,25.5,82.3,47.0,3.9,8.1,1.0,18.3,5.5,22.2,79.77
삼척,2024-08-07,35.0,21.5,26.5,80.4,52.0,5.3,11.4,1.4,5.0,8.1,22.6,80.29
삼척,2024-08-08,31.2,23.3,26.5,81.3,60.0,3.5,6.2,1.1,0.3,1.9,22.8,81.22
삼척,2024-08-09,36.5,23.1,28.4,71.8,44.0,5.3,9.7,1.5,0.0,9.6,22.2,74.56
삼척,2024-08-10,35.3,23.3,28.4,72.6,46.0,3.2,4.7,1.4,0.0,7.7,22.5,73.30999999999999
삼척,2024-08-11,37.0,23.0,29.1,68.6,41.0,3.9,5.5,1.5,0.0,10.2,22.1,69.72
삼척,2024-08-12,35.2,23.2,28.4,69.4,44.0,4.0,6.9,1.5,0.0,8.4,21.8,69.56
삼척,2024-08-13,37.0,20.4,27.8,64.9,34.0,3.4,6.2,1.6,0.0,11.2,19.7,66.17
삼척,2024-08-14,34.8,21.6,27.5,68.5,44.0,3.6,6.5,1.7,0.0,9.8,20.7,67.87
삼척,2024-08-15,33.8,21.4,27.0,69.0,44.0,3.7,7.0,1.6,0.0,9.3,20.3,68.49
삼척,2024-08-16,32.8,20.0,26.3,70.6,45.0,3.6,6.7,1.6,0.0,5.9,20.0,70.07
삼척,2024-08-17,35.1,21.1,26.8,70.9,43.0,3.9,8.1,1.6,0.0,7.1,20.5,70.65
삼척,2024-08-18,37.2,21.2,27.7,70.0,35.0,3.7,6.7,1.5,0.0,7.9,20.9,70.24
삼척,2024-08-19,37.2,23.2,28.6,66.5,32.0,3.4,6.4,1.6,0.0,9.4,20.8,67.64
삼척,2024-08-20,34.5,22.4,27.6,78.1,50.0,3.6,6.1,1.3,0.6,3.2,23.1,74.97
삼척,2024-08-21,30.3,24.8,26.8,85.9,71.0,2.4,4.6,0.7,9.5,0.7,24.1,82.4
삼척,2024-08-22,33.8,25.3,28.9,71.4,52.0,4.2,10.1,1.8,5.5,4.5,23.0,74.97000000000001
삼척,2024-08-23,31.8,24.1,26.9,73.1,55.0,4.0,9.1,1.7,0.0,4.2,21.4,74.03999999999999
삼척,2024-08-24,34.3,22.3,27.3,74.4,47.0,3.2,7.3,1.1,0.0,8.1,21.8,73.84
삼척,2024-08-25,34.4,22.6,27.0,72.0,39.0,3.3,5.5,1.1,0.0,6.9,20.9,72.59
삼척,2024-08-26,31.9,22.5,25.9,79.8,58.0,2.6,4.5,0.9,0.0,0.5,21.9,77.69999999999999
삼척,2024-08-27,25.2,18.9,22.5,89.6,75.0,2.6,5.0,0.8,33.2,0.2,20.6,85.88
삼척,2024-08-28,29.0,17.7,23.1,76.8,57.0,4.3,6.9,1.7,0.0,3.2,18.5,79.66
삼척,2024-08-29,27.8,20.0,23.8,81.4,62.0,3.4,7.5,1.4,1.3,1.4,20.2,81.3
삼척,2024-08-30,33.0,21.6,25.2,80.9,52.0,4.0,7.3,1.3,0.4,5.7,21.3,80.59
삼척,2024-08-31,31.3,19.2,24.5,71.8,44.0,4.1,7.5,1.3,0.0,7.0,18.5,74.58
삼척,2024-09-01,32.6,17.8,23.7,72.9,40.0,3.7,7.2,1.3,0.0,8.6,17.9,73.48
삼척,2024-09-02,29.0,18.2,22.6,75.4,56.0,3.3,6.6,1.0,0.0,0.1,17.8,74.53999999999999
삼척,2024-09-03,29.6,17.2,22.6,65.6,42.0,4.4,7.9,2.0,0.0,8.1,15.3,68.29
삼척,2024-09-04,33.4,16.3,22.4,67.5,29.0,2.9,4.2,1.3,0.0,7.9,14.8,67.91
삼척,2024-09-05,31.1,16.0,23.9,73.8,51.0,4.0,7.3,1.2,0.0,5.0,18.5,71.72
삼척,2024-09-06,23.7,19.9,22.0,78.9,68.0,3.2,5.9,1.1,0.9,0.0,18.1,76.74000000000001
삼척,2024-09-07,32.2,19.3,23.9,77.4,48.0,3.1,6.4,0.8,0.2,5.6,19.2,77.34
삼척,2024-09-08,33.5,19.9,25.3,71.8,43.0,3.4,5.7,1.1,0.0,5.7,19.3,73.63
삼척,2024-09-09,34.8,21.1,26.6,73.0,41.0,3.6,6.3,1.0,0.0,6.4,20.9,73.19999999999999
삼척,2024-09-10,37.1,22.0,27.4,67.4,33.0,3.0,6.2,1.6,0.0,8.7,20.0,68.96000000000001
삼척,2024-09-11,35.8,20.2,26.3,75.8,41.0,3.9,6.9,1.2,13.2,4.7,21.1,73.83999999999999
삼척,2024-09-12,23.9,22.2,22.9,90.9,86.0,2.6,3.7,0.3,40.6,0.0,21.3,85.53
삼척,2024-09-13,32.2,22.0,25.7,82.6,53.0,2.9,5.4,0.7,0.0,2.2,22.2,83.58
삼척,2024-09-14,30.5,23.5,25.5,88.3,72.0,1.6,3.8,0.4,5.1,0.5,23.3,87.42
삼척,2024-09-15,27.9,21.2,23.5,79.3,63.0,4.6,8.4,1.6,0.0,0.7,19.6,81.43
삼척,2024-09-16,30.1,21.1,24.8,78.5,61.0,3.7,6.2,1.2,0.0,2.0,20.6,79.64
삼척,2024-09-17,32.7,23.2,26.0,87.5,61.0,2.2,3.4,0.4,3.9,1.6,23.5,84.88
삼척,2024-09-18,32.1,22.9,25.0,89.5,66.0,5.3,10.3,0.4,48.8,1.6,23.0,88.0
삼척,2024-09-19,32.6,22.7,25.9,84.6,59.0,2.9,4.5,0.6,0.0,1.8,22.8,85.86999999999999
삼척,2024-09-20,29.9,16.2,23.1,87.0,64.0,5.5,10.4,1.3,64.0,1.1,20.7,86.77
삼척,2024-09-21,19.3,15.8,18.0,92.3,86.0,3.2,4.6,1.2,64.3,0.0,16.7,90.47
삼척,2024-09-22,23.5,15.4,18.4,77.9,60.0,4.7,8.2,1.8,0.0,1.8,14.3,81.69000000000001
삼척,2024-09-23,22.3,10.5,16.1,70.1,44.0,5.1,9.5,1.9,0.0,7.0,10.1,73.88
삼척,2024-09-24,27.1,10.6,16.8,75.4,40.0,2.8,4.8,1.4,0.0,7.4,11.7,74.59
삼척,2024-09-25,28.5,14.2,19.1,81.1,48.0,2.4,3.5,1.0,0.0,4.4,15.4,78.86
삼척,2024-09-26,28.8,16.2,20.9,80.3,50.0,3.6,6.3,1.1,0.0,4.3,17.0,79.97
삼척,2024-09-27,29.9,17.8,21.2,77.6,38.0,3.8,7.9,1.3,1.8,5.9,16.7,78.49
삼척,2024-09-28,24.0,14.7,19.3,73.3,50.0,4.7,8.4,1.7,1.1,6.4,14.0,74.86
삼척,2024-09-29,25.4,12.8,18.1,77.9,52.0,3.6,6.4,1.3,0.0,3.6,13.9,76.95
삼척,2024-09-30,27.6,12.4,17.0,75.9,34.0,3.2,5.6,1.2,0.0,8.0,12.0,76.04
삼척,2024-10-01,23.6,11.1,15.6,72.6,47.0,3.8,7.5,1.6,0.0,1.0,10.3,73.79
삼척,2024-10-02,19.8,8.0,12.9,66.1,22.0,4.2,7.8,1.3,0.0,9.3,5.6,68.38
삼척,2024-10-03,18.5,7.8,12.0,87.0,48.0,4.7,8.8,1.0,6.4,0.8,9.7,81.38000000000001
삼척,2024-10-04,24.2,10.3,14.4,77.9,33.0,2.4,3.5,0.9,0.0,7.5,9.7,78.54
삼척,2024-10-05,25.3,10.1,14.3,77.6,28.0,2.7,4.0,1.1,0.0,6.5,9.7,78.6
삼척,2024-10-06,17.2,10.2,13.7,85.9,69.0,2.3,3.8,0.8,0.0,0.2,11.3,83.44000000000001
삼척,2024-10-07,21.8,13.1,15.8,79.9,43.0,2.2,4.9,0.7,0.0,1.8,12.0,80.87
삼척,2024-10-08,23.7,12.4,16.0,75.4,51.0,3.9,6.8,1.1,0.0,3.5,11.3,77.35000000000001
삼척,2024-10-09,23.0,9.3,14.1,78.3,41.0,3.7,6.0,1.0,0.0,4.8,9.8,77.88
삼척,2024-10-10,23.9,9.3,14.5,75.9,37.0,3.6,6.9,1.3,0.0,6.1,9.5,76.33000000000001
삼척,2024-10-11,23.6,10.2,14.4,79.5,42.0,3.1,6.5,1.3,0.0,6.0,10.4,78.66
삼척,2024-10-12,24.0,9.8,14.2,79.9,41.0,2.8,4.5,1.2,0.0,6.3,10.2,79.42
삼척,2024-10-13,24.1,10.0,15.0,77.1,37.0,3.0,6.0,1.4,0.0,4.1,10.5,77.89999999999999
삼척,2024-10-14,18.6,11.8,14.9,89.1,69.0,2.6,3.9,0.6,0.2,0.0,13.0,85.77999999999999
삼척,2024-10-15,21.2,13.9,16.8,88.5,72.0,2.9,5.0,0.6,5.0,0.2,14.7,87.47999999999999
삼척,2024-10-16,24.8,12.8,16.4,81.1,46.0,2.4,4.0,0.9,0.0,6.2,12.8,83.37999999999998
삼척,2024-10-17,25.1,9.7,14.8,82.9,46.0,2.8,3.7,1.1,0.0,4.7,11.6,83.1
삼척,2024-10-18,16.8,9.6,14.1,89.9,71.0,3.0,4.7,0.7,92.9,0.0,12.3,87.62
삼척,2024-10-19,16.1,8.8,12.9,82.0,69.0,2.9,6.3,1.4,29.8,0.0,9.8,83.67
삼척,2024-10-20,12.2,7.6,9.6,66.4,49.0,4.2,8.1,1.4,0.0,0.4,3.5,71.87
삼척,2024-10-21,19.7,6.2,12.9,81.4,52.0,2.2,4.3,0.5,0.0,1.9,9.5,78.46
삼척,2024-10-22,16.6,12.7,14.5,94.0,90.0,2.0,3.5,0.3,17.2,0.0,13.5,88.72
삼척,2024-10-23,17.4,5.5,12.0,71.5,50.0,5.7,13.0,2.5,4.3,3.3,6.7,76.99
삼척,2024-10-24,20.1,4.7,9.5,81.1,41.0,3.1,4.4,0.9,0.0,6.0,5.9,80.47
삼척,2024-10-25,23.1,4.4,11.6,79.4,39.0,3.5,5.5,1.1,0.0,6.6,7.4,78.95
삼척,2024-10-26,23.4,8.5,13.5,79.1,44.0,3.3,6.3,1.0,0.0,5.7,9.4,79.36
삼척,2024-10-27,19.0,8.5,12.8,83.4,58.0,2.8,4.8,0.9,0.4,0.5,9.8,82.14
삼척,2024-10-28,18.6,8.4,12.5,79.3,60.0,4.5,8.5,1.5,0.0,0.8,8.8,80.1
삼척,2024-10-29,20.7,4.7,10.9,77.4,38.0,2.7,4.2,0.9,0.0,7.0,6.4,78.38
삼척,2024-10-30,22.7,5.2,11.2,76.0,33.0,2.7,3.7,0.7,0.0,7.3,6.2,76.60999999999999
삼척,2024-10-31,23.0,3.6,10.0,77.1,32.0,2.9,4.0,0.7,0.0,6.1,5.3,76.90999999999998
삼척,2024-11-01,12.7,5.4,9.4,86.8,71.0,2.4,3.8,0.4,0.1,0.0,7.2,83.77999999999999
삼척,2024-11-02,19.1,7.5,13.5,80.3,56.0,3.1,7.4,1.1,0.5,1.1,10.0,81.27999999999999
삼척,2024-11-03,21.3,7.3,12.2,76.0,37.0,3.8,6.7,1.3,0.0,5.3,7.4,77.94
삼척,2024-11-04,20.1,7.6,13.4,66.6,26.0,4.7,10.3,1.3,0.0,3.9,6.6,69.85
삼척,2024-11-05,16.7,5.7,10.1,72.9,48.0,3.4,5.3,0.9,0.0,2.6,5.1,71.94999999999999
삼척,2024-11-06,13.9,-0.9,5.0,60.6,17.0,3.0,5.1,0.7,0.0,8.2,-3.6,63.66
삼척,2024-11-07,17.2,-2.8,4.8,69.5,24.0,3.3,5.5,0.7,0.0,8.1,-1.5,68.06
삼척,2024-11-08,18.8,0.1,7.2,75.3,31.0,3.2,5.1,1.0,0.0,5.9,2.3,72.67
삼척,2024-11-09,19.0,3.3,9.0,78.8,38.0,2.1,3.0,0.6,0.0,4.1,5.0,77.17
삼척,2024-11-10,19.9,4.3,8.9,81.9,43.0,3.4,5.2,0.7,0.0,4.1,5.5,80.62
삼척,2024-11-11,22.1,4.0,10.3,78.8,35.0,2.3,4.0,0.8,0.0,5.5,6.0,79.41999999999999
삼척,2024-11-12,20.6,4.8,11.5,64.8,24.0,3.3,5.9,1.0,0.0,7.9,3.8,69.30999999999999
삼척,2024-11-13,19.4,2.6,9.5,75.0,39.0,2.1,3.7,0.4,0.0,5.6,4.5,73.34
삼척,2024-11-14,18.4,5.0,11.0,77.1,47.0,2.8,5.5,0.6,0.0,3.0,6.7,75.45
삼척,2024-11-15,20.7,8.9,12.4,75.6,39.0,3.0,6.8,0.6,0.0,2.6,7.7,75.83999999999999
삼척,2024-11-16,22.6,7.2,15.0,69.8,42.0,4.0,7.8,1.1,0.0,6.6,8.8,71.68999999999998
삼척,2024-11-17,16.0,2.4,10.6,57.5,49.0,3.5,6.5,1.8,0.0,0.1,2.5,61.77
삼척,2024-11-18,7.6,-3.4,1.3,58.5,21.0,4.0,6.9,1.2,0.0,7.6,-7.2,59.42999999999999
삼척,2024-11-19,10.2,-5.1,1.8,71.5,40.0,3.1,5.7,0.8,0.0,4.4,-3.2,67.5
삼척,2024-11-20,12.1,-2.2,3.7,72.8,39.0,3.5,7.2,1.0,0.0,6.6,-1.3,71.10999999999999
삼척,2024-11-21,11.2,-2.2,5.4,71.9,54.0,3.5,6.2,1.2,0.0,3.2,0.3,72.04
삼척,2024-11-22,11.4,-0.8,5.4,57.5,29.0,3.3,6.9,1.2,0.0,7.5,-2.9,61.910000000000004
삼척,2024-11-23,10.2,-4.3,1.6,72.1,43.0,4.5,7.4,1.0,0.0,4.0,-3.2,69.16
삼척,2024-11-24,12.6,-2.8,2.1,73.3,29.0,3.5,5.7,1.1,0.0,5.6,-2.8,71.47999999999999
삼척,2024-11-25,14.9,-4.1,4.1,72.3,38.0,2.2,3.5,0.6,0.0,6.8,-1.1,72.47999999999999
삼척,2024-11-26,9.4,2.8,5.4,71.4,47.0,5.1,18.0,2.4,17.4,0.8,0.4,71.77
삼척,2024-11-27,3.0,-3.1,-0.8,69.6,54.0,5.2,13.1,2.5,2.3,0.1,-5.7,70.22999999999999
삼척,2024-11-28,1.2,-2.5,-0.4,70.6,52.0,4.5,11.3,2.5,3.2,0.0,-5.2,70.47999999999999
삼척,2024-11-29,2.2,-4.5,-0.7,57.8,36.0,5.4,12.4,2.5,0.0,4.8,-8.1,61.53999999999999
삼척,2024-11-30,6.0,-1.7,2.1,62.3,40.0,4.1,9.6,2.1,0.0,4.6,-4.7,62.23
삼척,2024-12-01,11.0,-1.1,3.4,85.4,45.0,2.8,5.3,0.7,0.0,3.4,1.0,78.02000000000001
삼척,2024-12-02,12.0,1.8,6.8,74.5,59.0,4.1,10.1,1.6,0.0,1.0,2.3,75.46000000000001
삼척,2024-12-03,5.9,-2.3,1.4,47.0,18.0,4.6,9.0,1.9,0.0,6.4,-9.5,56.339999999999996
삼척,2024-12-04,5.2,-3.9,0.7,37.9,14.0,4.1,9.2,2.1,0.0,7.4,-12.9,43.38
삼척,2024-12-05,6.1,-0.7,2.4,43.1,24.0,5.1,12.0,3.0,0.0,7.2,-9.1,42.45
삼척,2024-12-06,5.6,-1.8,1.5,27.1,11.0,6.5,11.2,3.0,0.0,7.4,-16.4,31.38
삼척,2024-12-07,4.8,-4.4,-0.9,36.3,16.0,5.3,10.7,2.5,0.0,7.4,-14.4,35.14
삼척,2024-12-08,3.5,-7.2,-3.0,43.0,17.0,4.0,8.6,1.9,0.0,7.4,-14.6,40.07
삼척,2024-12-09,5.4,-11.0,-4.0,55.6,20.0,3.3,5.8,0.9,0.0,7.4,-12.7,51.150000000000006
삼척,2024-12-10,5.7,-9.9,-3.1,63.0,30.0,4.0,8.5,0.9,0.0,7.3,-9.8,59.519999999999996
삼척,2024-12-11,8.5,-5.6,-0.2,68.9,38.0,3.6,6.0,0.8,0.0,2.2,-5.4,66.39
삼척,2024-12-12,6.2,-5.1,-0.1,58.8,27.0,3.7,6.3,0.9,0.0,6.6,-8.3,61.239999999999995
삼척,2024-12-13,5.2,-3.5,-0.5,32.9,19.0,4.3,8.4,1.6,0.0,3.6,-15.1,41.68
삼척,2024-12-14,2.4,-9.3,-3.2,40.3,19.0,4.2,10.9,2.1,0.0,7.3,-15.5,40.67
삼척,2024-12-15,4.2,-3.4,-0.4,44.5,30.0,5.1,12.3,2.8,0.0,4.7,-11.2,42.5
삼척,2024-12-16,3.2,-8.0,-1.7,45.5,28.0,4.8,9.5,1.9,0.0,5.7,-12.2,44.78
삼척,2024-12-17,2.7,-7.5,-2.5,43.6,28.0,6.0,11.5,1.9,0.0,3.8,-13.5,44.07
삼척,2024-12-18,1.8,-11.8,-5.1,53.9,29.0,2.9,4.6,1.0,0.0,7.2,-13.9,50.99999999999999
삼척,2024-12-20,4.0,-9.0,-3.0,62.4,35.0,4.3,6.9,1.0,0.0,3.4,-9.5,58.82
삼척,2024-12-21,0.9,-5.2,-2.1,70.1,52.0,3.7,9.8,1.7,3.2,0.7,-6.9,66.94
삼척,2024-12-22,-2.1,-11.2,-7.2,56.4,33.0,4.2,9.8,1.7,0.0,7.3,-14.7,59.74
삼척,2024-12-23,3.7,-14.0,-5.7,61.0,27.0,4.2,8.3,1.3,0.0,7.3,-12.9,60.989999999999995
삼척,2024-12-24,3.8,-11.0,-5.2,64.1,26.0,2.7,4.7,0.7,0.0,7.3,-11.8,62.709999999999994
삼척,2024-12-25,2.9,-10.3,-2.8,62.6,39.0,4.2,10.1,1.3,0.0,2.4,-9.4,62.74
삼척,2024-12-26,4.8,-4.8,0.5,40.3,20.0,4.3,11.7,2.7,0.0,6.7,-12.1,47.14
삼척,2024-12-27,0.2,-8.9,-4.8,38.1,19.0,4.8,12.1,2.9,0.0,7.3,-17.2,40.989999999999995
삼척,2024-12-28,-0.8,-8.8,-5.0,36.0,20.0,4.2,10.8,2.7,0.0,7.3,-18.1,36.85
삼척,2024-12-29,3.5,-9.7,-2.2,50.6,28.0,4.2,8.2,1.5,0.0,7.3,-11.6,46.43000000000001
삼척,2024-12-30,6.0,-2.0,3.6,59.9,49.0,4.5,11.3,1.8,0.0,0.0,-3.5,55.65
삼척,2024-12-31,4.4,-6.6,-0.5,37.5,20.0,3.7,8.5,1.9,0.0,7.2,-14.1,43.290000000000006
속초,2022-01-01,2.1,-9.2,-3.3,40.8,19.0,2.6,4.0,1.3,0.0,9.0,-15.2,
속초,2022-01-02,5.9,-2.4,2.2,37.8,20.0,5.4,10.0,2.1,0.0,8.1,-11.7,
속초,2022-01-03,3.0,-3.0,0.6,33.9,14.0,4.7,8.7,2.1,0.0,8.0,-14.4,35.37
속초,2022-01-04,1.8,-4.2,-1.2,43.4,25.0,5.6,11.1,2.1,0.0,8.9,-12.4,40.94
속초,2022-01-05,1.9,-4.9,-1.5,60.1,42.0,3.7,5.4,1.9,0.0,7.2,-8.3,54.14
속초,2022-01-06,3.3,-4.7,-1.2,57.4,30.0,6.6,9.9,2.2,0.0,8.9,-8.8,56.540000000000006
속초,2022-01-07,3.9,-4.2,-0.4,46.9,32.0,2.5,3.9,1.5,0.0,9.0,-10.5,50.32
속초,2022-01-08,5.4,-2.4,3.3,45.3,29.0,4.7,10.5,2.1,0.0,5.9,-7.6,46.83
속초,2022-01-09,5.2,-1.2,1.9,66.1,51.0,4.4,9.3,1.9,0.0,4.5,-3.8,60.019999999999996
속초,2022-01-10,5.1,-2.0,1.8,65.6,51.0,3.8,6.0,1.7,0.0,6.3,-4.0,63.669999999999995
속초,2022-01-11,2.0,-7.1,-2.8,36.3,21.0,4.5,9.8,2.4,0.0,9.0,-16.1,45.13999999999999
속초,2022-01-12,1.1,-9.8,-4.2,28.3,19.0,7.0,12.0,1.8,0.0,9.1,-20.2,33.63
속초,2022-01-13,-2.0,-7.2,-5.2,31.4,23.0,5.6,12.0,2.9,0.0,9.1,-19.6,31.269999999999996
속초,2022-01-14,3.4,-9.0,-3.1,33.9,23.0,2.6,5.3,1.3,0.0,9.1,-16.9,32.839999999999996
속초,2022-01-15,4.9,-4.5,1.2,46.3,29.0,4.5,8.6,2.0,0.0,1.6,-9.3,42.33
속초,2022-01-16,4.4,-3.8,1.4,33.5,16.0,5.6,11.4,3.3,0.0,8.8,-14.0,36.1
속초,2022-01-17,-0.5,-5.6,-3.4,28.6,17.0,4.8,10.4,2.6,0.0,6.7,-19.5,31.349999999999998
속초,2022-01-18,-0.7,-9.3,-4.5,41.3,19.0,2.7,4.4,1.2,0.0,9.2,-15.9,37.98
속초,2022-01-19,1.5,-6.1,-2.3,53.5,32.0,6.2,11.7,1.8,3.1,4.1,-10.9,48.56999999999999
속초,2022-01-20,-0.1,-6.3,-3.5,58.9,45.0,3.5,7.3,2.2,0.1,9.0,-10.5,56.06
속초,2022-01-21,2.4,-6.4,-2.5,55.4,27.0,2.8,4.3,1.8,0.0,9.2,-10.5,55.91
속초,2022-01-22,2.3,-5.4,-1.1,73.3,60.0,3.9,6.0,1.6,0.0,8.4,-5.3,68.28
속초,2022-01-23,3.5,-1.2,1.3,76.0,63.0,5.3,7.7,2.3,0.2,3.2,-2.5,73.4
속초,2022-01-24,4.0,-0.6,2.0,72.5,53.0,3.6,5.8,1.6,0.2,0.0,-2.5,73.28
속초,2022-01-25,4.3,-0.6,2.4,69.8,57.0,1.9,4.3,0.7,0.0,0.0,-2.6,70.96
속초,2022-01-26,7.8,0.3,3.7,40.4,24.0,4.7,7.7,1.9,0.0,8.6,-8.8,49.489999999999995
속초,2022-01-27,4.3,-2.8,0.7,56.3,30.0,7.1,10.0,2.0,0.0,8.3,-7.4,54.47
속초,2022-01-28,2.3,-4.5,-0.6,44.8,25.0,3.3,6.6,1.6,0.0,9.3,-11.4,46.66
속초,2022-01-29,3.8,-4.1,-0.5,32.5,24.0,4.1,6.7,1.7,0.0,9.5,-15.1,37.34
속초,2022-01-30,2.1,-4.6,-1.5,38.5,25.0,3.1,5.3,1.7,0.0,9.6,-13.9,37.93
속초,2022-01-31,5.6,-3.9,0.9,31.4,16.0,3.6,5.7,1.5,0.0,9.6,-14.4,32.92999999999999
속초,2022-02-01,3.5,-1.3,0.9,44.1,31.0,4.8,10.1,2.1,0.0,9.3,-10.0,41.0
속초,2022-02-02,3.2,-3.5,-0.5,32.3,21.0,5.7,10.7,2.7,0.0,9.7,-15.3,34.56999999999999
속초,2022-02-03,3.8,-4.8,-0.9,25.6,16.0,4.6,9.2,2.1,0.0,9.8,-18.5,28.79
속초,2022-02-04,1.0,-6.7,-3.1,27.0,18.0,5.3,11.1,2.6,0.0,9.8,-19.7,27.25
속초,2022-02-05,-1.0,-9.0,-5.1,29.5,19.0,6.0,11.8,2.3,0.0,9.8,-20.4,28.61
속초,2022-02-06,2.8,-6.8,-2.0,27.9,20.0,6.0,11.5,2.7,0.0,9.7,-18.3,28.13
속초,2022-02-07,1.9,-6.0,-1.5,37.6,25.0,2.4,3.9,1.2,0.0,8.3,-14.1,34.85
속초,2022-02-08,3.9,-4.0,-0.3,42.6,30.0,3.0,4.5,1.3,0.0,9.4,-11.6,40.13
속초,2022-02-09,6.5,-3.3,0.9,57.9,34.0,3.3,5.4,1.4,0.0,9.1,-6.7,52.809999999999995
속초,2022-02-10,4.8,-2.2,1.0,47.4,35.0,4.9,8.0,1.9,0.0,8.9,-9.0,49.019999999999996
속초,2022-02-11,9.1,-2.3,4.1,46.0,31.0,3.2,5.4,1.6,0.0,9.5,-6.6,47.46999999999999
속초,2022-02-12,7.3,0.8,4.5,51.8,36.0,4.4,6.4,1.5,0.0,8.7,-4.7,50.2
속초,2022-02-13,5.5,1.1,3.3,78.0,59.0,7.0,10.3,2.7,8.1,0.5,-0.2,69.55999999999999
속초,2022-02-14,5.4,0.9,3.4,81.3,52.0,4.7,9.4,2.5,1.4,2.9,0.4,77.69
속초,2022-02-15,1.8,-6.2,-2.0,36.6,27.0,6.7,12.5,3.5,0.0,10.0,-15.0,49.68000000000001
속초,2022-02-16,-2.9,-8.6,-6.2,29.5,21.0,6.8,14.4,3.7,0.0,10.1,-21.3,36.1
속초,2022-02-17,-0.9,-10.9,-5.4,37.3,26.0,4.5,7.6,2.2,0.0,10.1,-17.8,35.67
속초,2022-02-18,5.3,-6.2,0.8,37.8,15.0,3.9,5.5,1.5,0.0,8.6,-13.0,36.87
속초,2022-02-19,5.1,-3.0,1.6,29.6,13.0,5.4,10.4,2.4,0.0,4.7,-15.0,32.01
속초,2022-02-20,0.6,-6.9,-3.2,25.6,14.0,5.8,13.2,2.9,0.0,10.2,-20.6,27.62
속초,2022-02-21,3.1,-5.7,-1.6,35.4,20.0,7.3,10.9,3.1,0.0,9.8,-15.0,32.86
속초,2022-02-22,1.0,-5.8,-3.0,25.8,18.0,6.7,11.9,2.8,0.0,10.3,-20.2,27.700000000000003
속초,2022-02-23,-1.3,-10.1,-4.8,33.1,20.0,3.3,4.9,1.6,0.0,10.4,-18.9,31.869999999999997
속초,2022-02-24,6.4,-7.6,0.4,25.8,10.0,6.1,12.4,2.0,0.0,10.5,-17.6,27.259999999999998
속초,2022-02-25,10.6,-0.3,5.9,34.3,19.0,6.1,11.8,2.6,0.0,10.3,-8.9,32.48
속초,2022-02-26,11.2,2.9,7.0,51.3,36.0,7.8,15.4,3.6,1.6,4.7,-2.7,45.349999999999994
속초,2022-02-27,11.0,1.1,6.1,32.3,21.0,7.6,14.6,3.0,0.0,10.5,-9.5,36.3
속초,2022-02-28,12.7,3.6,6.8,50.4,25.0,4.9,6.9,1.7,0.0,8.2,-3.0,46.87
속초,2022-03-01,11.9,3.1,7.3,56.3,24.0,4.4,7.9,1.8,0.0,5.1,-1.3,52.71999999999999
속초,2022-03-02,11.9,1.1,6.4,32.4,16.0,4.6,10.3,2.0,0.0,10.6,-9.8,38.98
속초,2022-03-03,8.5,1.0,5.1,47.6,29.0,5.1,10.5,2.1,0.0,10.5,-5.5,45.43
속초,2022-03-04,17.7,0.0,9.2,42.1,13.0,6.6,14.5,2.3,0.6,8.1,-4.4,42.230000000000004
속초,2022-03-05,10.1,1.0,4.1,20.3,12.0,8.1,14.9,4.2,0.0,10.5,-17.2,27.39
속초,2022-03-06,6.2,-0.5,2.3,34.0,14.0,5.8,11.1,2.5,0.0,10.7,-12.6,32.07
속초,2022-03-07,8.4,-2.0,4.2,40.9,28.0,2.6,3.3,1.3,0.0,7.1,-8.1,37.459999999999994
속초,2022-03-08,9.8,1.1,5.1,58.6,31.0,3.2,4.6,1.3,0.0,7.7,-2.5,52.599999999999994
속초,2022-03-09,9.7,1.3,5.3,76.8,58.0,3.4,5.6,1.4,0.0,10.3,1.5,69.57000000000001
속초,2022-03-10,17.4,2.2,11.0,45.0,9.0,5.0,10.8,2.0,0.0,10.3,-3.9,52.72
속초,2022-03-11,21.0,10.9,14.3,31.6,10.0,4.7,10.1,1.7,0.0,6.8,-2.8,38.8
속초,2022-03-12,12.5,4.5,8.8,65.4,37.0,5.2,7.8,2.0,0.5,4.3,2.5,56.6
속초,2022-03-13,6.4,3.8,5.2,94.4,88.0,7.2,10.7,2.5,18.3,0.0,4.3,82.32
속초,2022-03-14,9.1,4.4,6.3,94.6,61.0,7.0,11.5,1.8,9.3,0.0,5.4,91.64
속초,2022-03-15,11.2,4.1,8.3,72.5,55.0,4.3,9.7,2.3,0.0,6.2,3.5,79.11
속초,2022-03-16,16.3,5.7,10.6,64.5,31.0,4.7,8.8,1.9,0.0,7.7,3.6,69.11
속초,2022-03-17,8.3,4.1,5.3,89.5,77.0,5.2,8.5,2.4,18.5,0.0,3.7,82.8
속초,2022-03-18,5.7,2.0,4.3,78.3,65.0,6.9,9.6,3.6,2.7,0.0,0.8,79.16
속초,2022-03-19,3.0,-0.3,1.1,90.1,79.0,5.4,8.7,2.3,29.2,0.0,-0.4,87.67999999999999
속초,2022-03-20,10.1,-0.2,4.1,75.5,48.0,3.5,5.1,1.4,0.0,4.5,0.0,78.69999999999999
속초,2022-03-21,8.7,0.2,4.8,66.3,51.0,3.4,5.5,1.5,0.0,5.5,-1.1,70.52
속초,2022-03-22,8.2,0.4,4.7,62.5,36.0,5.0,8.3,1.9,0.0,11.1,-2.2,64.56
속초,2022-03-23,11.4,1.1,6.9,49.9,33.0,4.9,9.3,1.8,0.0,4.1,-3.3,54.06
속초,2022-03-24,14.9,6.3,10.5,53.9,45.0,4.9,10.7,2.2,0.0,8.1,1.4,53.959999999999994
속초,2022-03-25,14.4,8.2,11.2,66.9,48.0,3.6,5.9,1.3,6.2,0.5,5.0,62.6
속초,2022-03-26,12.7,7.3,9.7,88.8,68.0,11.9,16.5,2.7,22.2,2.7,7.7,80.92999999999999
속초,2022-03-27,15.4,5.8,10.7,38.9,20.0,6.4,12.3,2.6,0.0,11.2,-4.2,51.67999999999999
속초,2022-03-28,11.8,1.7,6.9,41.6,16.0,5.3,7.7,2.0,0.0,11.7,-6.2,45.78
속초,2022-03-29,15.8,1.5,10.6,46.8,21.0,5.2,7.7,1.8,0.0,11.5,-1.2,44.97
속초,2022-03-30,15.1,5.9,11.2,61.6,27.0,6.3,10.6,2.1,1.3,2.0,3.1,56.64
속초,2022-03-31,7.2,3.8,5.2,87.4,69.0,4.3,6.3,1.8,5.7,0.6,3.2,78.18
속초,2022-04-01,10.3,1.9,5.5,69.4,45.0,3.7,5.9,1.9,0.0,11.9,-0.1,72.22
속초,2022-04-02,13.1,1.8,7.3,69.8,55.0,3.4,4.9,1.4,0.0,11.8,2.0,71.47999999999999
속초,2022-04-03,13.8,3.8,8.7,67.6,50.0,4.6,7.5,1.9,0.0,11.9,3.0,68.22
속초,2022-04-04,17.0,5.0,11.8,44.8,20.0,6.0,10.2,2.1,0.0,11.8,-0.6,51.86
속초,2022-04-05,20.6,7.6,15.3,24.4,13.0,5.6,13.5,2.6,0.0,11.5,-5.4,32.8
속초,2022-04-06,14.0,7.3,10.9,52.0,34.0,5.3,11.7,2.8,0.0,10.7,1.1,45.76
속초,2022-04-07,20.2,7.4,11.5,54.0,18.0,7.6,15.1,2.2,0.0,8.3,1.6,50.63999999999999
속초,2022-04-08,21.1,4.0,13.8,46.8,13.0,7.1,13.4,2.9,0.0,11.9,0.2,48.760000000000005
속초,2022-04-09,27.2,17.7,23.2,24.4,13.0,8.6,22.3,5.1,0.0,11.4,1.5,31.839999999999996
속초,2022-04-10,29.8,14.9,24.0,20.4,12.0,6.6,15.1,2.7,0.0,11.1,-0.8,23.839999999999996
속초,2022-04-11,23.9,13.7,19.1,46.0,20.0,6.8,10.4,2.9,0.0,11.9,6.7,38.71999999999999
속초,2022-04-12,23.7,9.7,15.3,66.4,29.0,6.4,9.1,2.4,2.2,8.3,8.1,57.720000000000006
속초,2022-04-13,10.5,6.6,8.5,80.8,62.0,5.0,7.7,2.1,13.8,0.0,5.2,74.44
속초,2022-04-14,13.0,7.4,9.5,68.3,55.0,3.3,5.7,1.7,0.5,1.3,3.8,70.61
속초,2022-04-15,14.1,5.3,9.1,68.1,49.0,2.5,4.0,1.5,0.0,7.0,3.2,69.41
속초,2022-04-16,16.9,2.8,12.3,51.9,22.0,6.2,8.7,2.6,0.0,12.6,1.5,56.779999999999994
속초,2022-04-17,20.1,12.9,16.9,28.4,16.0,4.1,7.9,2.2,0.0,12.3,-2.5,37.07
속초,2022-04-18,20.9,8.7,15.3,47.4,15.0,5.5,10.7,2.1,0.0,5.4,1.8,44.05
속초,2022-04-19,17.1,6.6,12.6,74.6,29.0,4.0,5.9,1.6,0.0,10.9,7.8,64.53999999999999
속초,2022-04-20,26.0,13.3,20.0,22.5,14.0,4.8,11.4,1.9,0.0,12.2,-2.5,35.41
속초,2022-04-21,23.2,12.9,18.6,35.8,18.0,4.5,8.3,2.0,0.0,12.0,2.6,37.019999999999996
속초,2022-04-22,23.3,15.9,19.2,50.0,43.0,6.3,14.0,2.6,0.0,9.1,8.5,44.41
속초,2022-04-23,18.4,10.1,14.5,67.4,50.0,6.5,9.9,2.9,0.0,12.2,8.3,60.76
속초,2022-04-24,25.6,9.2,20.5,44.5,21.0,4.5,7.5,1.8,0.0,11.3,7.3,49.63
속초,2022-04-25,22.2,14.3,18.8,62.9,26.0,4.4,8.5,1.9,0.0,7.4,11.4,59.669999999999995
속초,2022-04-26,24.7,13.8,19.0,67.6,30.0,4.3,8.1,2.2,0.2,5.6,12.4,64.35
속초,2022-04-27,21.4,9.0,13.5,57.1,34.0,7.8,12.5,2.9,0.0,11.4,4.7,59.779999999999994
속초,2022-04-28,12.1,8.9,11.0,85.4,69.0,3.0,5.2,1.4,1.2,0.0,8.6,77.96000000000001
속초,2022-04-29,10.8,6.4,7.8,90.4,79.0,5.1,7.8,1.8,15.6,0.2,6.2,86.07
속초,2022-04-30,17.0,4.4,11.3,67.0,43.0,4.7,10.2,1.7,0.0,5.6,4.9,73.52000000000001
속초,2022-05-01,21.1,9.0,13.5,43.1,18.0,6.6,12.0,2.8,0.0,9.4,-0.3,52.61
속초,2022-05-02,15.4,5.8,10.5,61.6,45.0,4.8,8.4,1.9,0.0,11.5,3.2,58.44
속초,2022-05-03,24.2,5.9,17.6,33.1,20.0,5.5,13.5,2.4,0.0,12.0,-0.4,39.8
속초,2022-05-04,29.1,19.4,23.9,25.4,19.0,6.2,15.9,4.1,0.0,12.7,2.7,30.56
속초,2022-05-05,24.9,15.4,20.5,41.0,29.0,5.2,10.5,2.3,0.0,12.7,6.4,37.09
속초,2022-05-06,23.9,14.5,18.9,59.5,41.0,5.0,7.2,1.5,0.0,9.9,10.3,52.39
속초,2022-05-07,20.9,9.5,13.5,81.4,40.0,8.4,13.3,2.4,7.7,2.8,9.9,72.97999999999999
속초,2022-05-08,15.7,7.7,12.5,72.6,53.0,3.7,5.9,1.6,0.0,1.8,7.6,73.05
속초,2022-05-09,20.0,7.9,13.6,67.5,42.0,3.4,4.7,1.4,0.0,13.3,7.4,69.91
속초,2022-05-10,19.2,7.0,13.5,65.3,47.0,5.9,9.7,2.3,0.0,11.0,6.9,66.47
속초,2022-05-11,19.7,10.7,15.2,77.9,66.0,3.8,5.6,1.6,0.0,11.1,11.3,74.34
속초,2022-05-12,18.1,11.1,14.0,80.0,67.0,7.4,9.8,2.8,0.0,6.5,10.5,78.11
속초,2022-05-13,15.3,7.8,12.1,81.0,59.0,5.3,7.7,1.7,0.0,0.0,8.8,80.49
속초,2022-05-14,22.8,6.8,16.0,41.0,14.0,6.8,13.7,2.3,0.0,12.2,1.3,52.9
속초,2022-05-15,19.7,9.6,15.4,41.9,27.0,5.5,8.9,2.3,0.0,13.5,2.3,45.63
속초,2022-05-16,26.4,13.6,19.2,37.8,20.0,5.8,11.6,3.0,0.0,11.9,2.8,38.94
속초,2022-05-17,23.6,12.9,19.4,50.0,35.0,6.5,9.1,2.1,0.0,11.1,8.5,46.75
속초,2022-05-18,27.9,17.0,23.5,35.6,26.0,4.6,10.1,2.3,0.0,7.3,7.2,38.7
속초,2022-05-19,24.0,17.6,21.1,49.4,27.0,4.5,8.1,2.2,0.0,11.4,9.4,46.7
속초,2022-05-20,27.6,20.1,23.1,33.0,19.0,4.6,8.6,1.8,0.0,10.3,5.6,36.54
속초,2022-05-21,30.3,18.2,24.5,41.1,27.0,3.6,7.8,1.8,0.0,13.1,10.2,40.309999999999995
속초,2022-05-22,24.3,14.9,20.0,63.9,38.0,6.3,8.9,1.7,0.0,10.6,12.6,56.24999999999999
속초,2022-05-23,23.9,14.0,18.6,76.0,51.0,5.4,9.1,1.9,0.0,13.0,14.0,70.08999999999999
속초,2022-05-24,30.2,16.9,24.6,50.5,26.0,4.6,7.3,2.0,0.0,12.7,12.5,56.94
속초,2022-05-25,27.8,17.5,22.4,52.8,22.0,6.2,11.7,2.1,0.0,9.9,11.8,54.66
속초,2022-05-26,25.5,14.9,20.8,42.5,23.0,5.9,10.9,2.6,1.4,13.2,6.0,45.36
속초,2022-05-27,24.9,16.8,19.7,54.1,31.0,6.4,10.6,2.5,0.0,9.7,9.8,51.65
속초,2022-05-28,33.5,17.4,26.5,32.5,14.0,6.3,14.2,2.7,0.0,13.4,7.3,37.82
속초,2022-05-29,27.8,16.9,22.5,50.4,12.0,5.9,11.9,2.5,0.0,12.0,9.2,47.19
속초,2022-05-30,18.7,16.0,16.9,85.8,72.0,6.4,8.6,3.0,0.0,0.0,14.4,73.39
속초,2022-05-31,26.8,12.8,20.9,51.3,17.0,6.1,10.4,2.1,0.0,12.7,8.5,58.10999999999999
속초,2022-06-01,24.2,16.3,20.7,44.4,16.0,3.8,8.9,1.7,0.0,9.2,7.2,49.919999999999995
속초,2022-06-02,27.2,16.1,21.3,57.0,28.0,4.6,7.6,1.8,0.0,13.2,11.8,53.910000000000004
속초,2022-06-03,21.8,17.0,19.1,80.4,69.0,5.6,8.4,2.7,0.0,4.4,15.5,72.12
속초,2022-06-04,22.1,17.3,18.7,83.0,70.0,5.1,7.6,3.3,0.0,1.4,15.7,79.88
속초,2022-06-05,19.0,16.5,17.5,91.0,83.0,6.3,8.2,3.4,14.1,0.0,15.9,88.34
속초,2022-06-06,16.9,12.3,14.1,93.6,86.0,7.9,11.6,4.3,75.4,0.0,13.1,92.02
속초,2022-06-07,14.9,11.2,13.6,87.0,77.0,5.3,8.2,2.1,2.8,0.1,11.4,88.72
속초,2022-06-08,20.0,10.1,15.8,75.5,56.0,3.1,4.3,1.6,0.0,13.4,11.1,79.61
속초,2022-06-09,19.7,12.4,15.6,87.4,71.0,3.4,5.2,1.0,0.1,2.6,13.4,84.98
속초,2022-06-10,23.0,13.1,17.8,85.8,66.0,2.8,4.3,1.1,0.0,11.5,15.2,85.08999999999999
속초,2022-06-11,20.2,15.9,17.8,92.0,80.0,3.9,5.4,1.6,0.0,6.2,16.4,90.29999999999998
속초,2022-06-12,22.9,16.4,18.7,85.4,72.0,3.5,5.5,1.8,0.0,3.0,16.1,86.76
속초,2022-06-13,21.3,16.4,18.4,86.1,75.0,3.7,5.8,1.7,0.0,2.4,15.9,86.55
속초,2022-06-14,20.1,15.9,17.3,80.9,72.0,3.3,5.2,1.7,0.0,1.0,13.9,82.39
속초,2022-06-15,16.6,13.7,14.8,89.5,77.0,4.6,6.6,1.6,9.2,0.0,13.1,87.44
속초,2022-06-16,23.0,13.8,18.7,81.4,59.0,4.1,6.1,1.5,5.4,11.5,15.2,82.97
속초,2022-06-17,31.0,19.5,23.6,60.8,39.0,5.4,9.3,2.1,0.0,13.9,15.2,67.78999999999999
속초,2022-06-18,28.9,20.5,24.6,67.0,52.0,4.6,7.1,1.7,0.1,11.0,17.9,67.2
속초,2022-06-19,29.4,19.8,23.9,74.8,53.0,4.6,6.6,1.7,0.0,12.0,18.9,71.83999999999999
속초,2022-06-20,28.9,20.9,24.5,73.0,57.0,3.1,4.4,1.3,0.0,13.2,19.2,72.76
속초,2022-06-21,26.3,20.0,22.2,88.4,75.0,3.3,4.5,1.5,0.0,7.9,20.1,83.96000000000001
속초,2022-06-22,25.2,19.7,22.3,91.9,77.0,3.5,5.1,1.7,0.0,4.5,20.8,89.31
속초,2022-06-23,22.9,20.1,21.3,96.5,88.0,3.8,6.2,1.2,54.8,0.0,20.6,94.77000000000001
속초,2022-06-24,32.7,20.2,26.2,66.6,43.0,5.9,10.9,2.1,11.7,11.0,18.5,75.10999999999999
속초,2022-06-25,34.6,23.9,29.8,45.9,34.0,5.0,11.2,2.4,0.0,12.2,16.6,55.099999999999994
속초,2022-06-26,32.3,19.8,26.4,72.3,50.0,5.0,8.9,2.0,19.9,2.4,20.5,66.44999999999999
속초,2022-06-27,28.5,21.6,24.4,87.1,64.0,3.2,5.4,1.2,19.9,0.3,21.9,80.02
속초,2022-06-28,31.4,24.2,29.4,61.4,53.0,6.0,14.7,2.9,0.4,0.0,21.1,67.63
속초,2022-06-29,32.5,22.8,27.1,74.5,52.0,5.0,12.1,2.0,0.6,1.3,21.8,73.14
속초,2022-06-30,23.8,21.1,22.1,95.6,82.0,3.9,6.2,1.3,34.3,0.0,21.3,87.96
속초,2022-07-01,30.7,20.7,24.1,85.8,55.0,4.1,6.7,1.5,0.0,11.9,21.4,86.63
속초,2022-07-02,31.2,20.7,25.1,83.4,60.0,4.2,6.2,1.7,0.0,13.3,21.8,85.10000000000001
속초,2022-07-03,31.6,22.0,26.7,78.4,55.0,4.3,6.0,1.2,0.0,12.8,22.4,80.14
속초,2022-07-04,31.1,23.7,27.4,74.4,59.0,3.5,4.9,1.2,0.0,9.1,22.2,76.10000000000001
속초,2022-07-05,29.6,23.4,25.6,87.5,75.0,2.8,4.3,1.2,0.0,5.3,23.3,83.97
속초,2022-07-06,28.8,23.6,25.6,87.3,78.0,3.3,4.6,1.5,0.0,3.3,23.2,86.04999999999998
속초,2022-07-07,27.3,23.7,25.4,90.1,82.0,4.2,5.8,1.2,1.4,0.2,23.6,89.28
속초,2022-07-08,33.4,23.3,28.3,72.4,51.0,3.5,7.4,1.1,0.0,7.1,22.5,77.43
속초,2022-07-09,29.4,24.2,25.9,85.5,73.0,3.3,4.7,1.4,0.0,4.6,23.2,83.34
속초,2022-07-10,26.1,22.6,24.0,89.6,80.0,3.6,4.8,1.8,1.3,0.0,22.1,87.05999999999999
속초,2022-07-11,26.8,21.1,22.8,94.5,84.0,5.3,10.1,1.8,28.8,0.2,21.8,92.61999999999999
속초,2022-07-12,24.7,20.3,21.7,90.8,79.0,2.4,3.6,0.8,3.0,0.7,20.1,91.41999999999999
속초,2022-07-13,22.5,20.6,21.6,94.9,90.0,6.2,9.3,2.0,26.9,0.0,20.7,94.04
속초,2022-07-14,24.0,20.0,22.1,88.5,79.0,7.5,10.3,2.2,0.0,2.6,20.1,90.00999999999999
속초,2022-07-15,26.0,19.9,22.1,89.0,78.0,4.5,6.5,1.6,21.1,7.0,20.1,89.49
속초,2022-07-16,25.4,20.4,22.8,90.5,84.0,3.5,4.6,1.3,0.3,3.4,21.1,89.99999999999999
속초,2022-07-17,26.2,20.8,23.1,88.3,77.0,2.9,4.2,1.3,0.0,5.7,21.0,88.81
속초,2022-07-18,27.2,22.0,24.4,89.0,78.0,4.3,7.0,1.3,0.0,7.2,22.4,89.00999999999999
속초,2022-07-19,28.3,22.7,24.7,86.9,74.0,2.9,4.8,1.1,0.4,1.9,22.2,87.46
속초,2022-07-20,31.4,22.9,26.2,79.3,57.0,2.8,4.5,1.1,0.7,4.1,22.1,81.79
속초,2022-07-21,23.3,20.0,21.2,95.8,92.0,5.2,8.8,2.3,87.2,0.0,20.4,91.60999999999999
속초,2022-07-22,25.1,20.4,22.2,91.4,80.0,3.6,5.2,1.4,9.4,3.1,20.6,91.07
속초,2022-07-23,26.9,18.8,22.9,87.4,75.0,4.4,7.5,2.2,12.1,4.3,20.5,89.04
속초,2022-07-24,26.8,21.4,23.4,91.1,83.0,5.9,9.0,2.0,3.3,0.9,21.7,90.38999999999999
속초,2022-07-25,26.4,21.3,23.6,87.1,78.0,3.5,4.9,1.5,0.0,10.0,21.3,87.92999999999999
속초,2022-07-26,26.7,21.9,23.9,87.6,78.0,3.5,4.8,1.3,0.0,1.0,21.7,87.85
속초,2022-07-27,28.3,22.5,24.7,86.8,77.0,3.7,5.3,1.6,0.0,7.5,22.3,86.98999999999998
속초,2022-07-28,27.5,23.4,25.0,88.1,81.0,3.3,4.7,1.6,0.0,1.5,22.8,87.79
속초,2022-07-29,28.5,23.3,25.5,89.0,79.0,2.4,3.5,1.0,0.0,3.4,23.5,88.6
속초,2022-07-30,29.3,24.6,26.2,89.5,78.0,4.0,5.3,1.5,0.0,3.4,24.2,89.26
속초,2022-07-31,26.8,24.2,25.0,95.9,91.0,1.6,2.5,0.6,17.2,0.0,24.3,93.93
속초,2022-08-01,28.3,24.2,25.4,93.4,84.0,4.1,5.7,1.1,6.1,2.3,24.2,93.51
속초,2022-08-02,28.0,24.6,25.8,93.0,78.0,5.2,7.3,1.1,14.8,1.3,24.5,93.37
속초,2022-08-03,35.0,24.7,29.5,75.0,56.0,3.3,6.8,1.2,0.3,7.4,24.2,80.44
속초,2022-08-04,33.0,25.4,28.0,85.5,59.0,3.5,5.2,1.3,11.3,9.6,25.2,84.14999999999999
속초,2022-08-05,32.3,26.2,29.3,74.8,61.0,6.2,9.9,1.4,0.0,10.8,24.2,76.96
속초,2022-08-06,35.5,27.4,30.2,70.8,52.0,2.6,5.4,1.0,0.0,7.7,24.2,73.07
속초,2022-08-07,32.0,26.7,28.8,81.0,72.0,2.3,3.4,1.0,0.5,4.7,25.1,78.34
속초,2022-08-08,31.7,25.1,27.8,78.9,57.0,3.8,8.8,1.5,21.4,0.0,23.5,78.51
속초,2022-08-09,29.8,20.3,24.6,90.3,68.0,3.6,7.3,1.5,110.9,0.5,22.8,87.08999999999999
속초,2022-08-10,27.0,20.3,23.6,87.0,74.0,3.6,6.3,1.3,24.9,3.8,21.2,86.85
속초,2022-08-11,28.8,22.7,24.8,87.9,74.0,4.3,6.1,1.5,1.6,7.3,22.6,87.96000000000001
속초,2022-08-12,30.3,21.8,25.8,73.6,57.0,3.1,4.3,1.3,0.0,12.6,20.5,77.8
속초,2022-08-13,28.1,20.7,24.9,87.5,75.0,2.2,3.7,1.0,0.3,3.4,22.7,84.76
속초,2022-08-14,29.6,22.5,25.7,86.5,77.0,3.3,6.0,1.3,20.5,3.7,23.2,85.41
속초,2022-08-15,32.5,24.2,28.4,73.5,54.0,5.3,13.9,1.7,1.8,0.0,23.0,77.5
속초,2022-08-16,30.2,22.1,25.9,81.9,56.0,3.4,6.8,1.8,25.3,6.4,22.3,80.68
속초,2022-08-17,24.6,20.9,22.7,92.3,84.0,4.0,5.5,1.1,28.5,0.5,21.3,88.34
속초,2022-08-18,27.6,19.7,23.7,86.6,75.0,4.7,6.6,1.6,0.0,10.3,21.2,87.26999999999998
속초,2022-08-19,27.4,22.6,24.8,77.8,60.0,4.7,6.3,1.1,0.0,0.7,20.5,81.01
속초,2022-08-20,26.9,19.8,23.5,84.6,65.0,3.5,5.8,1.4,0.0,3.0,20.7,83.43999999999998
속초,2022-08-21,27.6,18.6,23.3,83.8,73.0,4.3,6.8,1.4,0.0,12.0,20.3,83.36
속초,2022-08-22,28.6,20.4,24.4,82.3,64.0,3.8,5.8,1.1,0.1,4.8,21.0,82.82999999999998
속초,2022-08-23,28.2,18.6,23.5,77.3,57.0,5.0,8.3,1.7,0.0,0.1,19.2,78.94999999999999
속초,2022-08-24,26.2,18.5,21.5,82.3,67.0,3.6,5.5,1.2,0.0,3.4,18.2,81.3
속초,2022-08-25,24.9,17.6,21.8,78.6,59.0,2.9,5.6,0.8,0.6,0.0,17.7,79.21
속초,2022-08-26,28.8,19.6,23.9,68.5,43.0,3.0,5.1,1.5,0.0,11.3,17.5,71.89999999999999
속초,2022-08-27,25.1,16.9,21.5,57.5,36.0,4.9,7.6,2.0,0.0,11.8,12.4,61.81
속초,2022-08-28,25.7,15.8,20.8,65.1,47.0,2.6,3.5,1.6,0.0,10.7,13.8,63.919999999999995
속초,2022-08-29,22.9,18.1,20.4,79.5,67.0,2.3,4.5,0.9,0.1,0.1,16.7,74.42
속초,2022-08-30,19.8,18.2,19.0,92.9,76.0,3.9,7.1,1.2,34.7,0.0,17.7,87.44000000000001
속초,2022-08-31,22.8,17.2,19.5,89.9,76.0,4.1,6.9,2.0,20.0,0.9,17.6,89.46000000000001
속초,2022-09-01,26.1,15.6,21.0,80.4,64.0,4.2,6.3,1.7,0.0,11.6,17.3,83.55000000000001
속초,2022-09-02,26.1,16.3,21.5,80.3,64.0,2.6,4.8,1.2,0.9,7.3,17.8,81.27999999999999
속초,2022-09-03,25.9,17.4,21.4,80.1,57.0,4.1,6.5,1.4,0.0,8.8,17.6,80.17
속초,2022-09-04,21.9,18.5,20.3,93.4,85.0,3.6,6.5,1.2,10.8,0.0,19.2,89.42999999999999
속초,2022-09-05,21.1,17.3,18.7,95.6,93.0,6.0,9.1,2.0,119.4,0.0,18.0,93.61
속초,2022-09-06,27.0,17.1,21.1,71.6,35.0,6.8,11.6,3.0,87.6,6.5,14.8,78.58
속초,2022-09-07,29.2,18.3,22.8,56.5,32.0,5.3,8.7,1.7,0.0,12.2,13.3,63.43
속초,2022-09-08,25.5,17.0,21.0,76.3,54.0,3.6,5.4,1.5,0.0,12.2,16.5,71.86999999999999
속초,2022-09-09,25.6,14.8,19.9,79.5,61.0,3.0,4.3,1.4,0.0,11.3,16.1,76.56
속초,2022-09-10,24.1,15.5,20.9,77.9,70.0,4.7,6.3,2.1,0.0,4.2,16.8,78.06
속초,2022-09-11,24.9,19.7,21.9,83.4,75.0,3.6,4.8,1.3,0.2,2.2,18.9,81.91000000000001
속초,2022-09-12,26.0,18.9,21.7,84.1,69.0,3.0,4.3,1.2,0.0,5.6,18.8,83.34
속초,2022-09-13,24.1,19.4,22.1,88.3,80.0,2.8,4.4,1.2,0.0,0.0,20.0,86.97
속초,2022-09-14,25.7,20.6,22.6,85.0,69.0,4.6,6.9,2.1,3.5,5.1,19.8,85.57
속초,2022-09-15,25.5,20.4,22.4,77.1,67.0,5.1,7.3,2.4,0.0,6.7,18.1,79.8
속초,2022-09-16,25.1,18.9,21.8,85.3,72.0,4.0,5.9,1.4,0.0,1.8,19.1,83.63
속초,2022-09-17,26.0,20.8,22.9,88.1,77.0,3.0,4.5,1.3,0.0,7.0,20.8,86.43999999999998
속초,2022-09-18,25.4,21.1,23.0,86.8,73.0,4.2,6.0,1.6,0.6,0.1,20.6,86.91
속초,2022-09-19,22.3,16.9,20.0,77.0,57.0,8.6,14.8,4.3,40.4,0.5,15.6,80.07
속초,2022-09-20,19.9,11.6,15.9,70.5,46.0,4.6,8.1,1.5,0.4,2.0,10.1,73.43
속초,2022-09-21,22.0,10.9,16.6,70.8,45.0,5.5,9.4,2.4,0.0,11.4,10.8,71.36
속초,2022-09-22,23.5,11.3,17.6,71.1,46.0,4.1,7.1,1.7,0.0,10.8,11.8,70.97999999999999
속초,2022-09-23,26.9,13.7,19.3,53.0,30.0,6.3,14.8,2.2,0.0,9.7,8.8,58.39999999999999
속초,2022-09-24,26.0,14.0,18.9,47.3,25.0,5.4,12.8,2.5,0.0,11.5,6.8,50.82
속초,2022-09-25,22.8,13.1,18.0,66.3,51.0,2.6,3.6,1.2,0.0,6.9,11.3,61.17
속초,2022-09-26,23.3,13.6,18.2,69.4,47.0,2.8,3.5,1.3,0.0,8.7,12.3,66.57
속초,2022-09-27,23.8,13.7,18.2,76.5,62.0,3.1,4.8,1.5,0.0,10.6,13.8,74.06
속초,2022-09-28,23.6,12.7,18.2,75.6,51.0,3.6,5.5,1.3,0.0,7.2,13.6,75.16
속초,2022-09-29,25.8,14.9,19.8,73.8,44.0,3.3,4.9,1.5,0.0,10.7,14.7,74.43
속초,2022-09-30,27.5,13.8,21.5,58.5,34.0,5.1,6.9,1.6,0.0,11.1,12.8,63.269999999999996
속초,2022-10-01,29.9,18.1,23.4,48.9,22.0,3.6,4.8,1.4,0.0,10.1,11.7,53.31
속초,2022-10-02,22.4,17.0,19.3,82.9,56.0,3.4,4.8,1.1,5.0,0.1,16.1,73.66
속초,2022-10-03,21.2,16.0,18.7,90.8,78.0,3.7,6.0,1.0,16.7,1.0,17.1,85.03
속초,2022-10-04,19.7,12.5,15.5,91.9,78.0,7.4,12.0,3.0,76.8,0.0,14.1,90.78
속초,2022-10-05,13.3,11.6,12.1,93.6,84.0,6.0,10.3,2.7,68.2,0.0,11.0,92.98
속초,2022-10-06,14.0,11.7,12.5,91.4,79.0,7.2,10.3,2.3,65.0,0.0,11.1,91.88999999999999
속초,2022-10-07,14.2,9.9,11.9,90.3,79.0,6.1,10.0,2.4,38.2,0.0,10.3,90.85
속초,2022-10-08,18.0,8.9,13.6,73.6,57.0,5.2,8.3,1.9,0.0,5.7,8.7,78.72
속초,2022-10-09,19.2,9.9,13.5,75.3,49.0,4.4,7.8,1.3,0.5,1.5,9.0,76.46
속초,2022-10-10,14.5,8.0,11.4,50.0,38.0,8.6,19.8,3.9,0.0,10.3,1.2,57.42
속초,2022-10-11,18.9,7.3,12.8,53.8,35.0,4.7,10.8,1.7,0.0,10.7,3.5,55.19
속초,2022-10-12,19.2,8.5,13.7,68.0,49.0,3.0,4.0,1.6,0.0,10.1,7.6,63.35999999999999
속초,2022-10-13,20.6,10.0,14.7,74.6,54.0,4.3,6.5,1.7,0.0,10.4,10.0,71.19999999999999
속초,2022-10-14,20.7,10.8,15.6,78.4,60.0,2.6,4.0,1.1,0.0,5.2,11.6,76.6
속초,2022-10-15,21.5,12.0,16.8,78.4,63.0,3.1,4.4,1.5,0.0,8.8,12.8,78.02
속초,2022-10-16,20.5,13.4,16.7,75.1,40.0,3.1,5.5,1.3,0.0,0.1,11.8,76.09
속초,2022-10-17,18.8,7.6,13.3,54.5,35.0,7.1,10.7,3.0,0.0,7.0,4.3,61.010000000000005
속초,2022-10-18,14.3,6.0,10.0,55.6,46.0,4.2,7.9,2.3,0.0,10.4,1.4,57.33
속초,2022-10-19,15.7,6.4,10.5,47.3,30.0,3.6,4.7,1.5,0.0,10.4,-0.6,49.68000000000001
속초,2022-10-20,20.7,7.5,14.0,50.4,30.0,4.7,6.8,1.7,0.0,10.3,3.6,50.3
속초,2022-10-21,22.4,11.6,18.2,28.5,15.0,4.7,8.9,2.0,0.0,2.0,-1.2,34.76
속초,2022-10-22,23.7,15.5,18.4,40.6,16.0,4.5,8.9,1.6,0.0,9.1,4.0,39.16
속초,2022-10-23,16.9,7.9,11.8,84.3,56.0,5.9,9.7,2.0,28.2,0.7,9.1,69.97999999999999
속초,2022-10-24,10.9,5.6,7.9,77.3,48.0,4.4,9.7,2.1,37.5,0.3,3.9,75.03
속초,2022-10-25,13.4,5.2,9.5,63.6,46.0,4.7,9.4,1.8,0.0,3.0,2.7,68.41
속초,2022-10-26,17.8,4.8,11.9,59.8,37.0,4.3,6.6,1.4,0.0,8.9,4.0,62.30999999999999
속초,2022-10-27,19.4,10.2,14.8,63.6,40.0,4.4,8.0,1.7,34.3,8.5,7.5,62.839999999999996
속초,2022-10-28,14.4,11.0,12.5,85.3,69.0,3.6,7.4,1.1,6.5,0.0,10.0,78.41
속초,2022-10-29,15.7,8.4,11.3,89.6,77.0,3.3,5.6,1.2,0.2,1.4,9.6,86.13999999999999
속초,2022-10-30,15.5,8.9,11.9,86.1,75.0,3.5,5.4,1.2,0.0,0.5,9.6,86.71999999999998
속초,2022-10-31,18.0,8.1,12.7,77.1,57.0,5.9,8.7,1.9,0.0,7.3,8.5,80.14999999999999
속초,2022-11-01,20.8,8.9,14.6,58.0,35.0,3.1,6.5,1.3,0.0,9.1,5.8,64.63
속초,2022-11-02,17.1,8.1,12.3,51.3,35.0,2.8,3.8,1.2,0.0,9.9,2.2,55.22
속초,2022-11-03,16.3,9.4,12.9,36.6,29.0,5.2,9.4,2.1,0.0,1.1,-1.6,41.68000000000001
속초,2022-11-04,10.8,3.4,7.0,37.8,25.0,4.9,8.1,2.3,0.0,9.9,-6.6,38.910000000000004
속초,2022-11-05,14.6,2.4,9.2,27.5,13.0,3.6,7.4,2.0,0.0,9.9,-8.9,30.47
속초,2022-11-06,15.4,6.5,10.3,46.3,26.0,3.0,4.5,1.3,0.0,9.7,-1.1,41.69
속초,2022-11-07,18.0,6.9,12.5,45.4,28.0,4.0,7.6,1.7,0.0,5.7,0.8,43.79
속초,2022-11-08,17.6,7.3,12.7,54.9,36.0,3.4,6.9,1.4,0.0,9.4,3.6,52.14
속초,2022-11-09,18.6,7.3,13.4,47.0,23.0,3.2,7.6,1.3,0.0,8.5,2.1,48.419999999999995
속초,2022-11-10,18.7,10.9,14.4,59.0,39.0,7.1,10.2,2.2,0.0,6.4,6.4,56.19
속초,2022-11-11,18.1,10.8,14.1,76.6,62.0,1.9,2.9,1.2,0.0,3.0,9.9,70.11999999999999
속초,2022-11-12,22.3,9.7,16.7,78.0,55.0,5.3,9.5,1.9,5.7,7.0,12.5,75.82
속초,2022-11-13,20.8,8.8,11.7,86.8,64.0,7.9,13.2,2.4,9.6,0.0,9.5,84.01999999999998
속초,2022-11-14,15.8,6.8,10.6,62.1,38.0,3.6,7.4,1.4,0.0,4.2,3.1,68.63
속초,2022-11-15,13.9,6.3,10.4,43.3,28.0,7.1,11.2,2.4,0.0,8.9,-1.8,51.41
속초,2022-11-16,15.3,6.8,11.2,40.8,24.0,4.7,8.1,1.9,0.0,9.4,-2.2,43.43
속초,2022-11-17,16.0,6.1,10.9,53.4,36.0,3.1,4.9,1.1,0.0,9.0,1.5,49.86999999999999
속초,2022-11-18,17.8,6.2,12.2,55.8,35.0,3.3,5.8,1.3,0.0,9.1,3.1,53.81999999999999
속초,2022-11-19,17.2,8.1,12.1,67.8,50.0,5.3,8.3,1.6,0.0,5.6,6.1,63.959999999999994
속초,2022-11-20,16.9,7.0,11.2,81.1,67.0,2.7,4.1,1.2,0.0,8.3,8.0,75.90999999999998
속초,2022-11-21,19.1,7.0,13.4,54.5,42.0,4.7,9.4,1.6,0.0,5.1,4.2,61.15
속초,2022-11-22,14.5,5.8,10.6,69.3,51.0,2.9,5.2,1.1,4.2,2.6,4.9,67.52
속초,2022-11-23,13.4,8.9,10.1,83.4,70.0,7.0,11.5,1.9,7.1,3.0,7.2,77.69000000000001
속초,2022-11-24,14.0,5.8,9.6,66.3,52.0,2.5,4.3,1.4,0.0,6.9,3.4,70.02000000000001
속초,2022-11-25,20.6,6.5,14.5,46.0,19.0,10.3,23.5,4.0,0.0,8.8,2.0,53.8
속초,2022-11-26,14.6,2.3,10.2,23.1,10.0,10.2,23.1,4.5,0.3,8.6,-10.7,32.00000000000001
속초,2022-11-27,11.6,1.5,6.7,41.3,25.0,3.1,4.6,1.5,0.0,8.4,-5.8,38.129999999999995
속초,2022-11-28,11.2,3.8,7.9,79.1,55.0,2.9,4.5,1.3,9.8,1.2,4.4,65.93999999999998
속초,2022-11-29,14.9,4.8,10.0,50.0,15.0,6.8,11.1,2.2,1.7,1.3,-2.9,54.95
속초,2022-11-30,4.9,-4.6,-2.1,19.6,15.0,6.6,12.2,3.4,0.0,8.8,-22.4,31.63
속초,2022-12-01,0.7,-7.2,-3.3,26.8,23.0,6.0,11.6,2.7,0.0,9.0,-19.7,27.68
속초,2022-12-02,3.8,-6.0,-1.2,26.3,11.0,4.6,7.6,1.8,0.0,9.1,-18.7,25.73
속초,2022-12-03,8.3,-2.9,4.4,46.0,30.0,5.6,11.8,2.5,0.0,5.7,-6.4,40.13999999999999
속초,2022-12-04,3.7,-2.2,0.4,22.3,15.0,4.7,8.3,1.8,0.0,4.2,-18.8,27.44
속초,2022-12-05,4.1,-4.3,-0.3,28.3,18.0,3.5,6.9,1.5,0.0,8.1,-16.6,28.87
속초,2022-12-06,3.4,-1.9,1.4,41.6,36.0,5.8,12.2,2.7,0.0,6.9,-10.3,37.01
속초,2022-12-07,8.7,2.5,5.6,36.1,26.0,7.5,12.9,3.0,0.0,8.9,-8.4,36.42
속초,2022-12-08,11.6,2.2,6.2,29.1,16.0,4.8,9.9,2.0,0.0,8.8,-11.0,31.750000000000004
속초,2022-12-09,8.9,2.2,5.9,44.6,24.0,5.5,9.4,2.0,0.0,3.4,-5.3,40.65
속초,2022-12-10,7.8,1.1,3.9,35.4,19.0,5.3,7.8,2.0,0.0,2.9,-10.2,36.61
속초,2022-12-11,8.2,0.7,3.8,53.4,36.0,3.6,5.6,2.2,0.0,8.4,-4.9,48.919999999999995
속초,2022-12-12,10.0,0.3,4.5,52.0,19.0,6.1,10.4,2.1,0.0,5.1,-5.3,50.62
속초,2022-12-13,4.9,-5.1,1.6,41.0,28.0,6.0,14.6,3.2,0.7,5.8,-10.5,44.44
속초,2022-12-14,-4.4,-10.5,-6.9,22.3,16.0,6.5,12.9,2.5,0.0,8.9,-25.0,29.01
속초,2022-12-15,3.1,-7.3,-1.8,48.0,27.0,4.5,8.7,1.9,0.0,6.0,-11.5,42.16
속초,2022-12-16,2.5,-6.4,-2.1,23.4,14.0,4.4,7.3,1.2,0.0,8.6,-20.5,28.21
속초,2022-12-17,-1.3,-9.0,-4.9,21.3,13.0,6.3,13.6,2.6,0.0,7.9,-24.1,24.39
속초,2022-12-18,-4.8,-10.7,-7.9,22.1,14.0,5.2,9.8,2.4,0.0,8.9,-26.2,22.07
속초,2022-12-19,-1.0,-9.2,-4.8,25.3,16.0,6.6,11.5,2.6,0.0,8.9,-21.8,24.26
속초,2022-12-20,4.1,-5.1,-0.4,27.8,17.0,3.3,6.5,1.3,0.0,8.3,-17.2,26.730000000000004
속초,2022-12-21,9.2,-0.7,2.9,45.6,26.0,4.3,8.8,1.9,0.0,3.8,-7.9,40.01
속초,2022-12-22,1.3,-10.5,-5.6,33.8,25.0,8.5,17.0,3.6,0.0,8.6,-19.1,35.56
속초,2022-12-23,-5.3,-12.5,-9.2,34.1,24.0,5.1,12.0,2.9,0.0,8.9,-22.2,35.190000000000005
속초,2022-12-24,5.9,-9.5,-1.1,36.5,23.0,4.7,7.3,2.6,0.0,7.8,-14.5,35.75
속초,2022-12-25,5.3,-2.2,0.5,36.6,27.0,5.4,8.6,2.9,0.0,8.0,-12.7,36.33
속초,2022-12-26,5.5,-2.9,0.3,40.8,27.0,4.6,5.9,2.6,0.0,8.7,-11.6,39.529999999999994
속초,2022-12-27,7.3,-3.6,1.3,31.0,15.0,5.6,9.3,2.1,0.0,8.8,-14.7,33.519999999999996
속초,2022-12-28,2.6,-3.1,-0.4,32.4,18.0,5.2,11.4,2.6,0.0,7.9,-15.5,32.959999999999994
속초,2022-12-29,2.4,-5.1,-1.4,30.5,19.0,8.5,12.1,3.4,0.0,8.9,-16.9,30.93
속초,2022-12-30,5.7,-4.2,0.5,36.9,21.0,4.5,7.2,1.5,0.0,8.9,-12.9,35.17
속초,2022-12-31,5.9,-2.5,1.9,36.9,26.0,8.8,14.0,3.0,0.0,8.9,-11.4,36.26
속초,2023-01-01,7.3,0.3,3.2,21.8,11.0,8.7,13.2,3.0,0.0,8.8,-17.9,26.330000000000002
속초,2023-01-02,4.2,-5.1,-0.5,24.3,13.0,3.1,5.7,1.4,0.0,8.9,-18.5,25.06
속초,2023-01-03,5.6,-5.1,0.0,18.3,9.0,6.9,11.1,1.9,0.0,9.0,-21.8,19.85
속초,2023-01-04,5.0,-2.7,0.7,15.6,10.0,5.4,9.8,2.1,0.0,8.9,-22.9,17.01
속초,2023-01-05,7.0,-1.6,2.5,23.8,16.0,5.2,11.1,2.2,0.0,8.9,-16.4,21.61
속초,2023-01-06,8.4,-1.4,3.5,36.4,24.0,5.0,7.7,1.6,0.0,7.3,-10.2,31.799999999999997
속초,2023-01-07,6.7,0.0,2.5,66.3,43.0,4.1,7.3,1.7,3.0,5.8,-3.6,56.07
속초,2023-01-08,9.1,-2.2,3.8,40.0,19.0,6.8,10.5,1.9,0.0,7.9,-9.3,44.9
속초,2023-01-09,10.2,1.7,5.2,46.4,29.0,6.0,9.7,2.7,0.0,8.6,-5.6,47.11
속초,2023-01-10,9.5,-1.7,3.6,45.4,27.0,4.6,6.6,1.8,0.0,8.9,-7.3,45.059999999999995
속초,2023-01-11,12.9,0.8,8.0,26.4,13.0,4.5,7.9,1.6,0.0,9.0,-10.9,32.199999999999996
속초,2023-01-12,15.1,4.0,9.6,34.6,16.0,4.0,6.2,1.5,0.0,7.5,-6.3,34.04
속초,2023-01-13,9.0,4.1,6.1,87.1,27.0,4.3,6.2,1.5,14.5,0.0,3.8,70.52999999999999
속초,2023-01-14,7.0,0.0,3.8,90.8,85.0,5.2,8.1,3.0,29.5,0.0,2.4,84.43999999999998
속초,2023-01-15,1.8,-2.0,-0.2,93.3,87.0,3.3,5.3,1.3,47.7,0.0,-1.2,92.17999999999998
속초,2023-01-16,1.1,-6.8,-2.6,73.6,54.0,4.9,6.7,1.4,0.0,6.4,-6.7,79.25999999999999
속초,2023-01-17,0.9,-8.0,-2.7,53.0,35.0,5.6,11.0,2.0,0.0,2.0,-11.0,61.14999999999999
속초,2023-01-18,1.2,-6.9,-2.6,57.0,40.0,2.5,5.5,1.3,0.0,8.9,-10.1,57.86
속초,2023-01-19,3.7,-6.3,0.3,48.9,37.0,4.9,9.1,1.7,0.0,7.2,-9.2,50.92999999999999
속초,2023-01-20,3.6,-5.6,-1.1,29.6,15.0,8.3,17.8,3.6,0.0,8.8,-17.2,36.2
속초,2023-01-21,0.8,-9.0,-4.1,32.3,13.0,4.3,9.0,1.3,0.0,9.3,-18.9,33.42
속초,2023-01-22,3.6,-4.8,-0.7,57.0,39.0,2.7,3.9,1.2,0.0,2.1,-8.2,49.32
속초,2023-01-23,4.7,-2.4,0.8,57.9,24.0,4.8,8.5,2.0,0.0,7.7,-7.1,55.15999999999999
속초,2023-01-24,-2.4,-15.1,-11.3,28.3,20.0,6.1,12.5,2.6,0.0,9.2,-26.3,37.09
속초,2023-01-25,-3.3,-16.0,-9.7,31.5,15.0,4.9,8.9,2.0,0.0,9.1,-23.7,33.5
속초,2023-01-26,-1.0,-7.9,-4.1,51.5,42.0,6.3,12.2,2.1,0.0,2.2,-12.6,45.17999999999999
속초,2023-01-27,-2.5,-8.9,-5.7,38.4,26.0,5.3,9.3,2.2,0.0,9.4,-17.9,40.33
속초,2023-01-28,-0.8,-11.0,-5.4,32.9,23.0,6.7,12.6,2.3,0.0,9.4,-19.3,35.86
속초,2023-01-29,3.3,-6.3,-1.3,45.1,26.0,4.3,8.0,1.7,0.0,6.1,-11.9,41.989999999999995
속초,2023-01-30,3.6,-3.7,-0.2,33.5,22.0,5.2,8.4,2.1,0.0,9.5,-14.6,35.76
속초,2023-01-31,8.3,-2.8,3.9,45.4,31.0,5.9,12.1,2.4,0.0,8.9,-6.9,42.989999999999995
속초,2023-02-01,7.1,-2.0,3.2,37.0,21.0,6.6,12.7,2.9,0.0,9.2,-10.4,38.33
속초,2023-02-02,1.3,-6.4,-2.2,56.4,38.0,3.2,5.3,1.4,0.0,8.0,-9.9,51.419999999999995
속초,2023-02-03,1.7,-4.0,-1.2,50.1,35.0,4.2,6.4,1.9,0.0,6.4,-10.4,50.050000000000004
속초,2023-02-04,5.1,-4.1,0.9,27.6,21.0,5.5,11.1,1.9,0.0,9.8,-15.7,34.980000000000004
속초,2023-02-05,8.2,-2.1,3.7,31.9,19.0,4.5,8.0,1.5,0.0,9.8,-11.7,32.86
속초,2023-02-06,10.1,0.6,5.0,42.4,27.0,2.7,4.9,1.1,0.0,8.3,-6.9,38.81999999999999
속초,2023-02-07,5.5,-0.4,2.6,68.0,47.0,3.1,4.8,1.7,0.0,1.7,-2.7,59.269999999999996
속초,2023-02-08,5.6,-1.9,1.2,69.1,50.0,5.5,7.8,1.9,0.0,9.5,-4.1,66.21
속초,2023-02-09,5.2,-1.6,2.2,59.1,35.0,2.9,4.8,1.6,0.0,7.5,-5.2,61.989999999999995
속초,2023-02-10,3.6,-0.5,1.4,87.9,74.0,4.6,6.7,1.5,2.7,0.0,-0.4,80.25999999999999
속초,2023-02-11,7.4,-1.0,3.7,67.5,37.0,2.6,4.0,1.2,0.0,6.2,-2.1,70.74
속초,2023-02-12,7.2,0.4,4.4,63.0,34.0,4.0,6.1,1.6,1.4,1.3,-2.3,66.39
속초,2023-02-13,5.6,0.0,1.4,87.8,58.0,3.1,5.5,1.6,26.0,0.0,-0.6,80.81
속초,2023-02-14,1.6,-4.4,-0.8,64.4,39.0,8.2,11.0,2.3,0.9,5.7,-6.9,68.94
속초,2023-02-15,0.0,-3.2,-1.2,80.3,56.0,3.1,5.2,1.5,4.1,0.7,-4.2,77.87
속초,2023-02-16,6.3,-4.5,1.4,63.0,38.0,4.1,10.4,1.5,0.0,8.3,-5.4,66.6
속초,2023-02-17,9.8,1.1,5.5,41.6,32.0,5.7,9.3,2.0,0.0,8.2,-6.6,49.75
속초,2023-02-18,8.8,1.4,5.8,57.9,31.0,5.9,11.3,1.0,0.0,0.0,-2.3,55.14999999999999
속초,2023-02-19,10.3,1.5,5.8,35.0,19.0,7.0,13.5,3.3,0.0,9.8,-9.2,40.239999999999995
속초,2023-02-20,4.8,-2.3,0.5,30.1,14.0,8.5,13.7,3.5,0.0,10.1,-15.5,33.86
속초,2023-02-21,1.5,-5.8,-2.0,44.4,27.0,3.0,7.4,1.6,0.0,10.0,-12.8,40.6
속초,2023-02-22,8.6,-5.6,3.7,37.6,16.0,4.1,7.6,1.6,0.0,9.0,-10.0,38.21
속초,2023-02-23,9.7,2.7,5.9,40.8,15.0,4.0,8.0,1.6,0.0,10.0,-7.1,40.519999999999996
속초,2023-02-24,8.8,-1.1,3.4,52.8,22.0,6.8,11.1,2.2,0.0,7.8,-5.5,48.87999999999999
속초,2023-02-25,1.6,-3.9,-0.7,73.6,50.0,3.9,6.8,1.6,8.3,2.7,-5.0,66.16
속초,2023-02-26,7.7,-3.7,2.5,46.5,23.0,5.1,7.3,2.0,0.0,10.5,-8.2,52.55
속초,2023-02-27,15.6,-0.6,8.7,29.0,10.0,4.3,8.5,1.6,0.0,10.6,-9.6,36.959999999999994
속초,2023-02-28,14.9,6.6,9.7,24.5,9.0,9.1,14.8,3.3,0.0,5.5,-10.9,27.6
속초,2023-03-01,10.6,4.1,7.2,40.1,26.0,6.5,11.0,2.5,0.0,3.9,-5.7,35.87
속초,2023-03-02,4.4,-0.3,2.5,35.6,18.0,6.7,10.0,2.3,0.0,10.4,-11.7,35.39
속초,2023-03-03,14.2,2.0,8.7,29.4,21.0,4.1,8.4,2.0,0.0,10.3,-8.4,31.71
속초,2023-03-04,10.7,3.3,6.1,66.6,42.0,3.9,5.4,1.7,0.0,10.4,0.2,56.059999999999995
속초,2023-03-05,12.5,0.7,7.3,67.8,34.0,4.9,7.3,1.6,0.0,9.6,1.2,63.71999999999999
속초,2023-03-06,19.3,6.5,14.1,22.4,9.0,4.6,11.5,2.0,0.0,10.2,-9.4,35.9
속초,2023-03-07,18.0,11.2,14.4,42.0,20.0,4.7,9.7,1.9,0.0,9.7,1.3,40.66
속초,2023-03-08,20.8,8.4,15.6,42.6,20.0,6.3,13.1,3.1,0.0,4.3,1.6,40.46
속초,2023-03-09,9.4,4.9,6.6,87.1,75.0,5.4,7.5,2.2,2.6,1.9,4.5,73.69
속초,2023-03-10,13.6,5.2,9.4,84.0,68.0,5.7,8.0,2.2,0.0,7.7,6.7,80.48
속초,2023-03-11,9.1,6.2,7.2,91.3,88.0,5.3,8.3,2.6,0.0,0.0,5.8,89.41999999999999
속초,2023-03-12,8.1,0.4,5.5,74.4,35.0,6.5,12.9,2.3,6.3,0.5,0.7,78.74000000000001
속초,2023-03-13,8.6,-1.7,4.2,23.4,14.0,7.1,13.8,3.0,0.0,8.1,-15.2,40.39
속초,2023-03-14,13.2,6.2,9.3,44.4,22.0,4.3,12.3,2.2,0.0,4.1,-2.5,43.2
속초,2023-03-15,18.7,8.1,13.3,42.1,28.0,5.8,11.4,2.5,0.0,5.9,0.7,40.69
속초,2023-03-16,10.5,2.1,5.7,31.5,17.0,5.1,10.2,1.8,0.0,8.2,-10.5,34.91
속초,2023-03-17,9.6,0.8,5.6,42.8,24.0,3.4,5.5,1.6,0.0,8.7,-6.6,40.47
속초,2023-03-18,10.6,2.3,7.1,51.0,27.0,3.8,5.5,1.6,0.0,10.5,-2.5,47.41
속초,2023-03-19,15.4,4.2,10.0,42.5,19.0,3.3,5.2,1.8,0.0,11.3,-2.7,44.23
속초,2023-03-20,16.7,4.7,11.7,42.9,17.0,4.6,6.7,1.7,0.0,9.8,-1.3,43.63
속초,2023-03-21,17.3,8.0,13.0,47.3,14.0,5.5,8.4,2.0,0.0,10.5,0.9,45.94
속초,2023-03-22,16.0,6.2,11.8,72.3,58.0,3.7,5.4,1.5,0.0,9.8,6.8,64.36
속초,2023-03-23,14.0,6.6,10.4,76.3,55.0,8.2,11.3,2.5,0.0,0.1,6.2,72.60000000000001
속초,2023-03-24,9.8,5.8,7.4,75.4,53.0,4.9,7.4,2.2,0.0,0.0,3.1,75.27000000000001
속초,2023-03-25,8.4,4.8,6.4,90.1,81.0,2.5,3.9,1.1,1.2,0.0,4.8,85.77999999999999
속초,2023-03-26,9.0,2.2,5.8,75.4,61.0,5.8,8.6,2.5,0.0,3.2,1.6,78.34
속초,2023-03-27,12.3,1.4,7.1,66.1,45.0,3.5,5.6,1.7,0.0,10.9,1.0,70.36
속초,2023-03-28,15.6,2.9,9.6,46.4,31.0,4.0,6.2,1.8,0.0,10.6,-1.6,53.239999999999995
속초,2023-03-29,16.4,6.0,12.6,48.5,15.0,5.6,8.4,2.2,0.0,10.8,1.1,49.839999999999996
속초,2023-03-30,25.4,12.2,19.3,17.6,9.0,5.5,11.2,2.3,0.0,11.5,-7.1,26.660000000000004
속초,2023-03-31,17.4,8.7,13.8,59.9,19.0,3.7,5.7,1.4,0.0,11.1,4.9,50.300000000000004
속초,2023-04-01,17.0,7.0,12.5,80.5,69.0,3.5,5.4,1.4,0.0,10.4,9.1,70.09
속초,2023-04-02,15.4,7.9,11.3,85.5,73.0,3.1,4.5,1.4,0.0,9.4,8.8,81.93999999999998
속초,2023-04-03,16.1,6.4,11.5,77.0,64.0,4.0,5.8,1.8,0.0,9.6,7.5,79.05
속초,2023-04-04,16.1,7.7,11.9,81.1,55.0,4.6,6.5,1.3,0.0,4.0,8.6,80.71999999999998
속초,2023-04-05,12.6,10.3,11.4,96.4,89.0,4.0,5.9,1.4,28.0,0.0,10.8,91.4
속초,2023-04-06,18.2,10.7,13.5,63.6,48.0,3.8,8.6,1.7,0.0,7.9,6.6,71.91
속초,2023-04-07,18.0,7.2,11.9,37.3,25.0,5.3,11.3,2.6,0.0,10.2,-2.6,48.47
속초,2023-04-08,16.4,5.3,11.2,23.4,12.0,6.3,13.3,3.4,0.0,12.1,-9.2,30.2
속초,2023-04-09,21.8,6.5,14.8,24.8,14.0,5.6,14.0,2.3,0.0,12.1,-5.7,25.77
속초,2023-04-10,23.2,12.3,17.7,22.8,13.0,5.5,11.2,2.7,0.0,8.5,-4.2,23.26
속초,2023-04-11,23.2,12.5,17.6,41.6,16.0,11.3,25.5,6.0,4.5,7.8,3.5,36.16
속초,2023-04-12,18.1,9.2,13.6,13.5,8.0,8.2,17.0,3.6,0.0,11.3,-14.3,20.05
속초,2023-04-13,23.3,10.6,17.5,18.1,9.0,6.0,14.0,2.8,0.0,9.6,-8.0,19.53
속초,2023-04-14,17.5,7.6,12.1,59.1,12.0,4.2,7.5,1.6,0.0,0.3,3.7,46.339999999999996
속초,2023-04-15,10.0,6.5,7.5,83.5,69.0,7.4,10.5,2.7,1.8,1.9,4.8,72.08
속초,2023-04-16,10.9,6.7,7.9,83.5,67.0,3.9,5.8,1.3,2.4,0.3,5.2,81.05999999999999
속초,2023-04-17,14.1,4.0,10.0,81.0,58.0,5.2,7.9,1.6,0.3,6.5,6.7,81.74999999999999
속초,2023-04-18,15.1,8.7,10.6,88.0,64.0,4.7,6.6,1.5,12.0,5.9,8.5,86.14999999999999
속초,2023-04-19,16.8,8.7,11.0,88.3,59.0,4.5,6.0,1.6,0.0,4.8,9.0,87.50999999999999
속초,2023-04-20,26.9,8.2,19.3,56.6,34.0,5.9,13.2,2.5,0.0,6.7,9.3,66.08
속초,2023-04-21,15.5,6.9,12.1,49.5,32.0,6.2,8.6,2.0,0.0,6.6,1.5,54.8
속초,2023-04-22,15.5,5.2,10.6,57.9,28.0,4.6,6.7,2.3,0.0,6.7,2.1,56.08999999999999
속초,2023-04-23,14.4,7.1,11.1,73.8,64.0,5.3,7.3,2.3,0.0,9.2,6.5,68.19
속초,2023-04-24,13.8,6.9,10.9,77.9,60.0,4.6,7.6,2.1,3.2,5.3,7.0,75.08000000000001
속초,2023-04-25,14.9,6.3,10.3,77.1,55.0,3.4,5.7,1.2,0.9,0.0,6.3,76.92999999999999
속초,2023-04-26,16.2,6.7,10.7,63.5,43.0,5.1,9.4,1.7,1.0,7.2,3.7,67.66
속초,2023-04-27,19.3,5.4,12.9,65.1,41.0,4.8,7.9,1.8,0.0,12.5,6.1,65.97999999999999
속초,2023-04-28,22.9,10.1,17.0,48.3,25.0,4.4,6.9,1.6,0.0,10.7,5.6,53.18
속초,2023-04-29,17.9,10.6,13.2,80.0,47.0,5.4,10.7,1.8,2.9,1.9,9.4,72.17
속초,2023-04-30,20.4,11.7,15.6,40.3,29.0,6.4,14.7,2.8,0.0,12.8,1.7,49.03999999999999
속초,2023-05-01,17.9,9.5,14.2,42.5,24.0,4.8,10.5,2.2,0.0,10.2,1.3,45.809999999999995
속초,2023-05-02,21.7,10.0,16.3,47.0,25.0,5.1,7.5,1.6,0.0,8.2,4.3,45.43
속초,2023-05-03,23.7,13.8,19.5,41.5,23.0,4.7,7.8,1.9,0.0,12.8,5.2,42.699999999999996
속초,2023-05-04,22.6,14.6,17.7,67.1,39.0,4.2,6.4,1.4,0.0,6.8,11.2,59.97
속초,2023-05-05,15.4,10.9,12.8,91.3,78.0,8.2,11.9,2.7,9.8,0.0,11.3,81.48
속초,2023-05-06,11.0,6.9,9.1,89.6,80.0,6.4,9.6,2.7,48.4,0.0,7.4,87.68999999999998
속초,2023-05-07,14.2,6.0,9.6,72.3,43.0,4.1,6.1,1.7,0.0,0.8,4.6,77.65999999999998
속초,2023-05-08,18.3,5.5,13.6,53.3,28.0,4.0,6.3,1.6,0.0,13.3,3.9,60.73
속초,2023-05-09,28.9,15.7,22.9,27.0,12.0,4.9,10.6,2.5,0.0,12.9,2.1,36.79
속초,2023-05-10,21.1,10.7,15.7,67.8,32.0,5.9,8.8,1.9,0.0,12.7,9.5,58.18999999999999
속초,2023-05-11,18.3,11.8,13.8,85.4,68.0,2.9,4.1,1.4,0.0,3.8,11.3,76.04
속초,2023-05-12,19.9,9.9,14.5,79.5,49.0,4.2,6.9,1.6,0.0,6.1,10.7,79.51
속초,2023-05-13,16.6,9.7,13.0,87.1,46.0,2.9,4.1,1.5,0.0,6.7,10.8,85.41
속초,2023-05-14,17.0,12.6,14.3,90.1,76.0,3.8,6.1,1.5,0.1,7.3,12.6,88.44
속초,2023-05-15,23.2,11.7,16.3,77.4,43.0,4.7,7.6,2.1,0.0,9.4,12.1,80.91
속초,2023-05-16,34.4,17.8,27.5,35.8,18.0,5.3,9.5,2.2,0.0,11.8,9.4,49.55
속초,2023-05-17,31.6,20.3,25.4,35.0,15.0,4.2,11.3,1.8,0.0,8.8,8.4,39.4
속초,2023-05-18,26.5,14.8,19.8,71.0,45.0,4.8,7.8,2.3,3.2,3.1,13.9,60.279999999999994
속초,2023-05-19,17.2,11.5,14.5,80.8,66.0,5.5,8.9,2.5,0.0,1.6,11.2,74.25999999999999
속초,2023-05-20,24.6,10.4,17.8,65.9,39.0,6.1,10.5,2.6,0.0,11.0,10.8,69.39
속초,2023-05-21,27.3,20.0,22.5,41.5,26.0,5.8,10.6,1.9,0.0,7.3,8.4,50.309999999999995
속초,2023-05-22,21.1,12.4,17.9,49.9,37.0,4.1,7.1,1.9,0.0,9.3,6.9,49.82000000000001
속초,2023-05-23,22.9,10.7,16.9,58.3,37.0,3.2,4.7,1.2,0.0,12.2,8.4,54.93999999999999
속초,2023-05-24,25.5,10.6,18.1,53.5,26.0,6.0,9.7,2.0,0.0,11.4,7.7,54.1
속초,2023-05-25,24.2,15.0,18.4,62.6,35.0,5.5,8.9,1.9,0.0,9.2,10.8,60.35
속초,2023-05-26,23.9,15.2,19.2,62.4,43.0,6.3,9.3,2.5,0.0,10.7,11.6,61.550000000000004
속초,2023-05-27,24.8,16.1,18.7,77.3,48.0,2.6,4.3,0.9,6.9,2.8,14.3,72.85
속초,2023-05-28,17.1,14.6,15.6,98.4,96.0,3.9,5.7,1.2,9.6,0.0,15.3,90.58
속초,2023-05-29,21.5,15.2,17.3,93.8,79.0,3.2,4.4,1.1,3.0,7.0,16.2,93.07000000000001
속초,2023-05-30,21.6,14.3,17.1,88.9,74.0,6.0,10.3,1.8,0.0,4.9,15.2,90.83
속초,2023-05-31,21.3,12.1,17.4,81.0,54.0,4.6,7.5,1.7,0.0,10.5,13.9,83.85999999999999
속초,2023-06-01,28.2,16.0,20.8,71.0,47.0,3.1,6.5,1.2,0.0,3.6,15.1,74.78999999999999
속초,2023-06-02,24.1,16.6,19.4,75.5,55.0,3.8,7.1,1.6,0.0,8.3,14.8,75.14999999999999
속초,2023-06-03,30.1,13.3,23.5,44.4,22.0,6.2,10.7,2.1,0.0,13.8,8.5,53.28
속초,2023-06-04,29.7,19.4,25.0,37.5,21.0,4.8,8.9,2.6,0.0,10.8,8.8,42.68000000000001
속초,2023-06-05,30.9,17.7,25.5,41.9,29.0,5.1,10.3,2.2,0.0,12.9,11.3,41.269999999999996
속초,2023-06-06,26.0,19.0,22.5,55.1,39.0,4.3,8.6,1.6,1.3,8.9,12.7,50.7
속초,2023-06-07,26.6,19.3,24.0,54.1,37.0,6.3,11.3,3.1,0.0,13.9,13.9,53.08
속초,2023-06-08,27.7,19.1,23.1,57.9,31.0,6.3,11.1,1.6,0.0,4.8,13.9,56.85999999999999
속초,2023-06-09,23.5,14.3,19.5,73.9,48.0,9.0,13.2,2.2,12.6,13.4,14.4,68.72
속초,2023-06-10,23.4,16.2,18.7,84.9,67.0,4.8,7.3,1.7,23.1,7.3,16.0,80.00000000000001
속초,2023-06-11,22.4,16.1,18.7,89.1,75.0,3.0,4.7,1.1,4.9,3.3,16.8,86.74
속초,2023-06-12,22.1,16.7,18.9,91.6,75.0,2.9,4.3,1.1,2.3,1.3,17.4,90.42999999999999
속초,2023-06-13,24.3,15.6,18.9,90.8,76.0,5.2,9.4,1.3,16.1,6.0,17.3,90.78999999999999
속초,2023-06-14,22.5,13.9,18.6,86.1,74.0,4.1,6.0,1.5,0.2,8.4,16.2,87.58999999999999
속초,2023-06-15,23.3,17.1,19.5,86.9,77.0,3.1,4.7,1.3,0.2,6.0,17.2,87.13
속초,2023-06-16,28.8,16.1,22.8,75.9,49.0,4.5,6.6,1.7,0.0,13.8,17.9,79.12
속초,2023-06-17,32.2,20.5,27.0,54.1,34.0,3.8,5.6,1.4,0.0,12.3,16.4,61.739999999999995
속초,2023-06-18,27.4,20.9,23.4,73.6,53.0,5.5,8.0,2.1,0.0,10.8,18.2,69.92999999999999
속초,2023-06-19,25.5,19.1,22.1,84.0,73.0,3.8,5.7,2.2,0.0,11.4,19.2,78.92999999999999
속초,2023-06-20,23.1,20.3,21.1,84.3,72.0,5.9,8.7,3.2,0.0,0.4,18.2,83.16999999999999
속초,2023-06-21,21.3,17.8,18.8,89.1,77.0,6.6,10.9,2.2,38.2,1.2,16.9,87.63
속초,2023-06-22,23.6,16.3,20.4,82.3,67.0,4.8,7.1,1.6,2.2,8.1,17.2,83.85999999999999
속초,2023-06-23,25.3,17.7,21.4,83.0,67.0,2.8,3.8,1.2,0.0,13.0,18.2,83.47
속초,2023-06-24,24.8,16.6,21.0,83.0,69.0,3.9,6.6,2.0,0.0,12.3,17.9,82.92999999999999
속초,2023-06-25,25.8,18.6,21.7,86.1,71.0,4.2,6.2,1.9,0.0,11.6,19.1,85.16999999999999
속초,2023-06-26,22.1,19.4,20.4,95.9,91.0,3.9,7.2,1.3,33.8,0.0,19.7,92.64999999999999
속초,2023-06-27,32.4,20.0,26.8,64.4,38.0,6.1,12.9,2.6,15.2,11.6,18.7,72.87
속초,2023-06-28,34.3,23.2,28.8,58.0,40.0,3.2,7.3,1.5,0.0,11.6,19.4,63.07
속초,2023-06-29,29.1,19.9,23.7,80.3,56.0,4.8,8.4,1.6,37.6,0.0,19.8,74.25
속초,2023-06-30,24.8,19.7,21.9,89.4,77.0,4.7,7.1,1.2,12.4,4.1,20.0,84.44
속초,2023-07-01,27.7,19.9,23.2,84.4,63.0,5.2,8.3,1.9,0.0,8.4,20.3,84.99000000000001
속초,2023-07-02,33.0,21.7,25.9,72.0,47.0,3.9,6.7,1.6,0.0,6.5,20.2,76.22
속초,2023-07-03,26.7,21.2,23.4,87.6,77.0,3.3,5.2,1.5,0.0,2.5,21.1,84.16
속초,2023-07-04,26.0,22.0,23.4,90.1,80.0,3.2,5.2,1.2,14.9,2.4,21.6,87.78999999999999
속초,2023-07-05,33.3,21.8,27.4,64.0,39.0,7.7,15.5,2.8,19.4,9.4,19.2,71.58
속초,2023-07-06,34.5,25.3,30.1,47.4,28.0,6.9,16.7,3.7,0.0,7.5,17.3,54.99
속초,2023-07-07,31.7,20.7,24.5,73.8,27.0,3.9,7.4,1.2,0.0,7.7,19.3,67.54
속초,2023-07-08,26.6,19.6,22.6,86.4,69.0,2.6,3.9,1.3,0.0,6.6,20.1,79.97999999999999
속초,2023-07-09,26.8,21.2,22.5,90.3,74.0,4.4,8.6,1.7,29.4,2.4,20.7,87.86999999999999
속초,2023-07-10,33.7,22.0,27.6,68.6,46.0,4.0,7.5,1.3,7.4,8.3,20.7,74.72
속초,2023-07-11,30.3,23.2,26.3,68.9,53.0,5.8,9.2,1.7,1.1,4.2,20.0,70.98
속초,2023-07-12,31.3,23.3,26.0,76.5,57.0,3.7,8.3,1.3,0.0,10.0,21.4,74.19
속초,2023-07-13,26.8,22.9,24.3,91.4,83.0,3.0,4.3,0.9,9.5,0.2,22.7,86.17
속초,2023-07-14,29.6,23.1,26.5,83.3,65.0,5.3,8.3,1.3,10.3,0.8,23.3,84.24000000000001
속초,2023-07-15,29.6,23.5,25.9,75.1,59.0,5.6,8.3,2.0,0.6,0.0,20.9,78.36999999999999
속초,2023-07-16,28.2,24.0,25.3,76.9,57.0,3.9,7.1,0.9,0.0,0.0,20.8,77.17999999999999
속초,2023-07-17,27.5,23.8,25.0,83.3,73.0,3.0,4.4,0.9,0.0,0.0,21.9,81.2
속초,2023-07-18,28.1,22.7,25.0,87.0,73.0,3.7,5.8,1.2,0.7,0.3,22.5,85.25
속초,2023-07-19,27.5,21.4,23.8,86.3,72.0,4.6,6.4,1.8,0.0,9.3,21.3,86.14
속초,2023-07-20,27.8,20.6,23.8,88.9,75.0,3.6,5.5,1.4,0.0,8.8,21.7,88.19
속초,2023-07-21,27.8,22.4,24.6,88.5,78.0,3.5,5.9,1.5,0.0,2.7,22.5,88.35999999999999
속초,2023-07-22,28.0,22.9,24.9,85.9,74.0,5.4,8.2,1.8,0.1,9.1,22.3,86.72
속초,2023-07-23,28.7,22.6,24.5,84.0,62.0,4.5,11.0,1.6,3.5,0.0,21.4,84.83
속초,2023-07-24,31.9,23.0,26.3,81.6,59.0,3.8,5.4,1.4,8.5,7.2,22.7,82.50999999999999
속초,2023-07-25,32.9,23.8,27.3,71.9,56.0,3.5,6.1,1.4,0.0,11.1,21.7,75.05000000000001
속초,2023-07-26,31.0,23.9,27.0,77.5,64.0,3.5,5.7,1.3,2.8,5.2,22.6,76.78999999999999
속초,2023-07-27,32.5,25.7,28.5,70.6,55.0,4.5,7.1,1.8,0.0,12.5,22.4,72.10999999999999
속초,2023-07-28,32.1,25.1,28.2,76.3,58.0,2.7,3.6,1.2,0.0,11.5,23.5,75.28
속초,2023-07-29,33.4,24.5,29.0,71.8,58.0,3.9,5.4,1.5,0.0,11.5,23.2,72.58
속초,2023-07-30,35.1,24.1,29.1,66.9,41.0,4.1,5.8,1.5,0.0,13.1,22.0,68.82
속초,2023-07-31,30.6,25.0,27.7,77.0,64.0,3.0,4.4,1.0,0.0,5.3,23.1,74.46000000000001
속초,2023-08-01,31.8,23.4,27.2,81.4,65.0,3.5,4.9,1.4,0.0,11.1,23.6,79.07
속초,2023-08-02,34.9,25.3,30.3,67.6,48.0,4.2,6.4,1.4,0.0,10.4,23.4,71.3
속초,2023-08-03,36.3,25.1,31.5,54.4,36.0,4.7,10.0,1.8,0.0,12.9,20.9,59.739999999999995
속초,2023-08-04,36.6,26.7,31.2,60.6,42.0,3.5,8.4,1.6,0.0,11.2,22.5,60.06
속초,2023-08-05,35.8,26.2,31.0,63.1,41.0,4.3,6.6,1.7,0.0,13.3,22.7,61.730000000000004
속초,2023-08-06,30.0,25.4,27.0,88.4,77.0,,,,55.0,2.1,24.8,80.56
속초,2023-08-07,26.1,21.6,23.8,89.5,80.0,,,,67.3,,21.9,86.64
속초,2023-08-08,24.3,21.2,22.8,86.1,80.0,,,,0.4,,20.3,87.00999999999999
속초,2023-08-09,23.1,21.1,21.8,91.9,83.0,3.4,5.7,,34.1,,20.3,90.5
속초,2023-08-10,24.2,20.8,22.2,95.0,94.0,11.2,18.6,4.9,368.7,,21.3,93.49
속초,2023-08-11,31.6,22.1,25.4,76.8,44.0,5.4,9.9,1.3,0.3,,20.6,81.94999999999999
속초,2023-08-12,24.4,21.8,23.2,87.8,83.0,3.2,4.0,1.0,0.1,,21.0,86.32
속초,2023-08-13,24.8,22.0,22.8,91.6,86.0,2.6,3.4,1.0,0.0,,21.3,89.35999999999999
속초,2023-08-14,26.4,21.7,23.2,91.1,80.0,3.1,4.4,1.3,0.0,,21.6,90.86999999999999
속초,2023-08-15,23.2,21.5,22.1,91.3,83.0,4.1,5.9,2.2,1.8,,20.5,91.28999999999999
속초,2023-08-16,25.9,21.2,23.2,86.6,76.0,3.8,5.4,1.3,0.0,,20.8,87.99
속초,2023-08-17,27.4,21.9,24.1,88.1,78.0,3.5,5.2,1.5,0.0,,21.9,88.11999999999999
속초,2023-08-18,27.7,21.9,24.1,89.1,79.0,3.5,5.4,1.3,0.2,,22.1,88.64999999999999
속초,2023-08-19,27.5,21.7,24.5,89.0,78.0,2.3,3.4,1.0,0.0,8.0,22.5,88.93
속초,2023-08-20,27.0,23.6,24.7,90.6,82.0,2.7,4.2,1.0,6.7,2.2,23.0,90.13
속초,2023-08-21,28.7,22.9,25.6,91.0,80.0,3.3,5.3,1.1,0.0,7.7,23.9,90.72
속초,2023-08-22,34.1,23.1,26.7,82.3,50.0,4.4,7.5,1.2,0.3,8.4,23.1,84.86999999999999
속초,2023-08-23,29.2,20.5,23.4,91.4,79.0,6.8,11.8,1.6,59.7,2.6,21.9,89.53999999999999
속초,2023-08-24,24.3,20.9,22.3,92.9,87.0,2.9,5.1,1.1,29.7,0.0,21.1,91.54
속초,2023-08-25,26.7,21.4,23.7,87.3,69.0,3.4,5.2,1.5,6.5,10.8,21.4,88.83
속초,2023-08-26,29.3,20.6,24.6,76.5,60.0,3.4,6.1,1.0,0.0,10.7,20.0,80.3
속초,2023-08-27,25.9,21.0,23.1,87.0,82.0,2.8,4.7,1.4,0.0,3.5,20.8,84.93
속초,2023-08-28,22.5,20.6,21.5,93.3,85.0,2.1,3.4,1.1,13.9,0.0,20.3,90.36
속초,2023-08-29,26.0,21.8,23.9,93.3,82.0,2.2,4.2,0.7,1.9,0.2,22.7,92.66999999999999
속초,2023-08-30,24.9,20.7,22.5,89.9,71.0,3.1,4.8,1.1,23.0,0.0,20.7,90.92
속초,2023-08-31,26.6,19.1,22.5,84.6,61.0,4.0,6.0,1.5,0.0,6.8,19.6,86.52999999999999
속초,2023-09-01,28.9,17.6,22.8,76.9,47.0,4.0,6.9,1.6,0.0,11.8,18.3,79.74
속초,2023-09-02,26.7,19.0,22.7,75.4,64.0,2.2,3.2,1.1,0.0,12.0,18.0,76.61999999999999
속초,2023-09-03,24.6,20.3,22.5,88.1,80.0,2.8,3.5,1.0,0.7,0.4,20.4,84.44
속초,2023-09-04,26.4,21.9,23.6,87.0,73.0,3.4,5.5,1.3,0.0,1.1,21.2,86.06
속초,2023-09-05,27.0,21.6,23.7,87.3,75.0,3.3,4.3,1.2,0.0,5.0,21.4,87.32
속초,2023-09-06,27.0,20.5,23.4,84.1,77.0,3.6,4.9,1.7,0.3,5.9,20.5,85.02999999999999
속초,2023-09-07,27.0,18.7,22.4,81.0,66.0,2.4,3.8,1.5,0.0,11.7,18.8,82.25
속초,2023-09-08,27.2,18.4,22.3,78.8,65.0,3.2,5.0,1.8,0.0,12.1,18.2,79.77
속초,2023-09-09,26.8,17.4,22.1,79.5,61.0,3.7,5.7,1.6,0.0,12.0,18.2,79.50999999999999
속초,2023-09-10,26.2,18.3,22.3,81.3,68.0,2.5,4.0,1.1,0.0,8.0,18.8,80.69
속초,2023-09-11,26.2,19.2,23.0,81.9,72.0,2.7,4.1,1.2,0.0,4.5,19.6,81.54
속초,2023-09-12,28.5,20.7,24.4,80.1,61.0,3.4,5.1,1.1,0.0,9.8,20.6,80.57999999999998
속초,2023-09-13,23.2,18.3,20.2,93.8,81.0,3.8,7.4,1.0,76.8,0.0,19.1,89.86999999999999
속초,2023-09-14,23.5,18.7,21.1,88.0,78.0,5.0,8.8,1.9,5.7,0.7,18.9,88.37
속초,2023-09-15,21.8,19.7,21.0,91.9,85.0,1.8,3.2,0.9,7.0,0.0,19.5,91.31
속초,2023-09-16,23.2,20.2,21.5,93.5,87.0,3.1,4.9,1.0,11.4,0.0,20.3,92.63000000000001
속초,2023-09-17,23.7,20.3,22.0,92.9,87.0,3.5,5.7,1.3,10.6,0.7,20.7,92.92
속초,2023-09-18,26.1,20.2,23.1,88.9,80.0,4.0,5.3,1.3,0.2,6.5,21.0,90.16
속초,2023-09-19,30.6,20.6,25.9,61.6,48.0,3.4,6.7,1.6,0.0,8.8,17.8,70.19
속초,2023-09-20,25.5,16.3,19.6,88.5,63.0,8.1,13.0,2.6,61.1,0.0,17.6,83.16
속초,2023-09-21,22.0,14.0,17.7,76.9,56.0,5.6,11.0,2.1,1.9,1.2,13.4,77.69
속초,2023-09-22,23.2,13.6,18.5,75.4,60.0,2.9,4.3,1.4,0.0,11.4,13.9,77.00999999999999
속초,2023-09-23,23.8,16.2,20.4,69.6,59.0,5.7,9.0,2.6,0.0,4.6,14.5,71.49
속초,2023-09-24,23.7,15.0,19.3,67.5,48.0,3.1,4.6,1.7,0.0,9.5,12.8,68.71000000000001
속초,2023-09-25,21.7,16.9,,,71.0,2.2,3.4,1.2,1.3,0.1,-99.0,
속초,2023-09-26,19.9,17.7,18.8,95.9,89.0,2.2,3.9,1.0,22.1,0.0,18.1,
속초,2023-09-27,20.7,18.2,19.5,95.5,92.0,2.2,3.5,1.1,9.1,0.0,18.7,
속초,2023-09-28,29.2,18.9,23.8,65.8,40.0,3.4,8.1,1.2,0.0,10.0,16.5,74.75
속초,2023-09-29,23.8,17.5,20.4,65.6,39.0,3.8,5.1,1.6,0.0,5.6,13.4,68.63
속초,2023-09-30,25.9,17.7,21.3,57.0,39.0,3.8,7.2,1.7,0.0,3.2,12.2,59.599999999999994
속초,2023-10-01,23.1,15.8,19.3,48.0,35.0,5.1,7.9,2.4,0.0,11.0,7.9,51.559999999999995
속초,2023-10-02,23.2,13.3,18.1,46.8,24.0,3.9,6.3,1.7,0.0,11.1,6.0,48.06
속초,2023-10-03,23.1,12.7,18.0,56.3,42.0,3.5,5.6,1.3,0.0,2.5,9.0,53.56999999999999
속초,2023-10-04,25.5,14.6,19.8,51.9,35.0,4.0,8.1,1.9,0.0,7.2,9.3,52.269999999999996
속초,2023-10-05,20.0,11.4,15.5,42.5,26.0,4.6,8.0,2.1,0.0,10.7,2.5,45.76
속초,2023-10-06,20.8,9.8,15.3,48.8,28.0,3.0,4.6,1.4,0.0,10.4,3.9,47.849999999999994
속초,2023-10-07,21.8,11.1,17.4,63.9,41.0,4.4,7.4,1.6,2.4,8.4,10.2,58.739999999999995
속초,2023-10-08,19.4,12.9,15.2,81.6,53.0,2.7,4.2,1.4,18.7,1.8,11.9,74.77999999999999
속초,2023-10-09,19.5,11.9,16.0,76.3,63.0,2.8,4.8,1.7,0.0,1.7,11.7,76.11999999999999
속초,2023-10-10,20.8,12.2,16.1,73.4,50.0,4.2,6.9,2.1,1.3,9.7,11.0,74.8
속초,2023-10-11,22.2,11.6,16.1,69.0,47.0,3.1,5.5,1.6,0.0,10.0,10.2,70.61
속초,2023-10-12,20.8,12.6,16.5,75.3,60.0,4.4,6.5,1.8,0.0,8.7,12.0,73.85
속초,2023-10-13,22.1,13.0,17.1,75.6,59.0,3.3,5.2,1.5,0.0,5.9,12.6,74.88
속초,2023-10-14,21.5,12.1,15.8,69.3,49.0,2.2,4.5,1.1,0.7,3.8,10.1,71.16
속초,2023-10-15,22.9,13.0,18.4,52.3,38.0,3.7,7.9,1.8,0.0,10.1,8.1,58.029999999999994
속초,2023-10-16,19.1,11.6,15.8,70.4,51.0,3.9,6.9,1.6,0.6,2.6,10.2,66.67
속초,2023-10-17,19.6,9.5,14.6,62.4,36.0,4.4,6.5,1.9,0.0,9.9,7.2,62.99000000000001
속초,2023-10-18,25.0,9.9,19.0,45.0,23.0,6.0,12.0,1.9,0.0,6.1,6.0,51.019999999999996
속초,2023-10-19,21.2,17.2,19.0,57.3,42.0,5.3,11.1,2.5,0.0,0.4,10.2,55.349999999999994
속초,2023-10-20,17.3,8.5,13.5,36.1,18.0,6.1,9.9,2.6,0.0,9.0,-1.9,41.230000000000004
속초,2023-10-21,16.6,7.7,10.8,44.6,29.0,5.4,8.9,2.3,0.0,8.4,-1.2,44.17
속초,2023-10-22,20.9,6.3,15.1,39.1,22.0,5.4,11.5,2.1,0.0,9.0,0.8,39.9
속초,2023-10-23,22.2,10.3,16.5,53.9,34.0,3.2,6.5,1.3,0.0,8.7,6.8,50.01
속초,2023-10-24,23.1,11.8,17.0,52.8,36.0,3.2,7.3,1.4,0.0,6.1,7.1,51.64999999999999
속초,2023-10-25,23.6,14.2,18.5,55.6,44.0,4.2,6.2,1.6,0.0,8.4,9.4,54.870000000000005
속초,2023-10-26,24.0,14.0,19.3,52.4,42.0,4.7,7.8,1.9,0.4,6.0,9.2,53.08
속초,2023-10-27,17.7,9.1,12.3,79.0,53.0,6.8,11.5,2.2,7.3,0.0,8.6,71.34
속초,2023-10-28,17.9,8.9,13.1,77.4,62.0,3.3,5.3,1.4,0.0,5.3,9.1,75.22
속초,2023-10-29,19.0,9.6,13.6,73.3,51.0,4.5,6.3,2.0,0.0,8.2,8.6,74.69
속초,2023-10-30,21.8,9.1,15.9,62.8,40.0,3.9,5.7,1.1,0.0,8.5,8.4,66.35999999999999
속초,2023-10-31,22.1,11.2,18.4,48.5,27.0,5.1,9.7,1.4,0.0,8.5,7.0,53.839999999999996
속초,2023-11-01,24.6,16.6,21.2,55.3,41.0,5.1,12.3,2.0,0.0,5.4,11.8,54.69
속초,2023-11-02,27.5,17.5,22.0,49.9,18.0,4.7,11.8,1.9,0.0,7.9,9.1,50.84
속초,2023-11-03,26.1,15.5,19.3,63.4,18.0,6.8,13.7,2.7,27.7,3.9,10.4,59.89
속초,2023-11-04,16.1,12.7,13.5,92.9,81.0,5.7,9.6,1.8,19.9,0.0,12.3,82.7
속초,2023-11-05,16.0,13.2,14.4,90.6,83.0,4.2,6.5,1.5,4.1,0.0,12.8,88.34
속초,2023-11-06,24.2,8.9,16.5,57.3,37.0,12.2,23.4,5.9,8.0,7.7,7.3,67.52
속초,2023-11-07,14.8,6.1,9.5,38.8,22.0,9.8,22.2,3.2,0.0,9.7,-4.3,47.68
속초,2023-11-08,14.3,5.6,9.5,61.8,43.0,2.8,4.3,1.8,0.0,9.6,2.2,56.75
속초,2023-11-09,20.4,5.6,13.3,66.6,26.0,7.7,10.9,2.2,0.0,6.8,6.2,62.85999999999999
속초,2023-11-10,15.4,2.5,9.5,38.3,11.0,9.9,13.8,3.5,0.0,8.4,-4.5,46.309999999999995
속초,2023-11-11,9.6,1.4,4.9,48.8,31.0,3.5,6.2,1.9,0.0,5.5,-5.2,48.47999999999999
속초,2023-11-12,8.4,-0.5,3.5,40.3,19.0,5.8,9.0,2.3,0.0,7.6,-9.3,41.8
속초,2023-11-13,10.5,-0.1,4.8,33.9,19.0,2.8,4.5,1.6,0.0,9.5,-10.1,36.67
속초,2023-11-14,11.7,2.3,6.7,37.4,20.0,3.5,5.7,1.4,0.0,9.5,-7.3,36.989999999999995
속초,2023-11-15,12.8,3.7,8.0,48.3,28.0,3.0,4.2,1.7,0.0,9.4,-2.6,44.67999999999999
속초,2023-11-16,11.1,4.7,8.1,60.5,47.0,3.6,7.3,1.3,0.0,0.0,0.8,55.74999999999999
속초,2023-11-17,8.6,-1.3,4.2,40.0,27.0,6.9,11.3,3.3,0.0,5.7,-8.4,44.93
속초,2023-11-18,9.5,-2.4,3.9,31.8,21.0,9.3,13.7,3.3,0.0,9.3,-11.5,36.31
속초,2023-11-19,12.5,3.6,9.2,43.8,27.0,9.6,16.1,3.4,0.0,6.8,-2.7,41.019999999999996
속초,2023-11-20,12.8,2.6,7.2,51.8,32.0,3.7,6.0,1.8,0.0,9.2,-2.4,48.199999999999996
속초,2023-11-21,20.5,3.8,12.0,35.0,13.0,2.9,6.2,1.2,0.0,9.2,-3.8,39.24
속초,2023-11-22,16.3,7.4,12.6,51.0,23.0,3.9,8.1,1.7,0.0,8.7,2.1,47.879999999999995
속초,2023-11-23,17.9,5.3,13.9,36.1,16.0,9.6,19.8,4.7,0.4,7.9,-1.7,38.97
속초,2023-11-24,5.3,-2.5,1.2,28.0,17.0,7.0,12.1,2.9,0.0,8.9,-15.6,31.92
속초,2023-11-25,4.8,-4.9,0.1,35.0,16.0,2.8,6.7,1.5,0.0,9.0,-13.9,33.71
속초,2023-11-26,10.2,1.2,5.5,43.0,16.0,4.7,7.4,1.8,0.0,6.5,-6.8,39.89999999999999
속초,2023-11-27,11.4,4.2,8.2,57.4,41.0,5.2,11.0,2.0,0.0,0.9,0.1,52.28
속초,2023-11-28,7.6,0.5,3.6,29.0,18.0,9.7,21.3,3.6,0.0,8.6,-13.2,36.08
속초,2023-11-29,5.8,-2.2,1.0,35.3,20.0,6.8,13.2,3.0,0.0,8.3,-12.9,36.25
속초,2023-11-30,2.0,-6.0,-2.4,34.3,26.0,4.9,9.7,1.5,0.0,8.8,-16.1,33.97
속초,2023-12-01,4.0,-4.4,-0.7,29.4,20.0,5.0,10.9,2.0,0.0,8.9,-16.6,30.97
속초,2023-12-02,8.2,-2.8,3.9,37.6,26.0,5.3,11.0,2.2,0.0,6.7,-9.3,35.63
속초,2023-12-03,7.2,-2.7,2.0,45.3,30.0,4.7,6.6,1.5,0.0,8.8,-8.7,42.169999999999995
속초,2023-12-04,11.5,-1.1,5.9,37.0,23.0,5.1,9.8,1.6,0.0,8.6,-8.0,38.72
속초,2023-12-05,12.4,1.9,6.9,57.4,39.0,3.8,5.9,1.6,0.0,8.4,-1.1,52.11
속초,2023-12-06,13.6,3.1,8.9,55.0,41.0,4.8,8.4,1.7,0.3,3.3,0.1,53.68000000000001
속초,2023-12-07,10.7,3.5,7.9,34.9,21.0,8.0,14.6,4.3,0.0,7.3,-6.8,41.169999999999995
속초,2023-12-08,17.3,4.8,12.7,52.1,36.0,7.1,15.6,2.4,0.0,7.4,2.9,48.95
속초,2023-12-09,19.0,8.8,14.0,60.9,42.0,5.3,11.3,2.0,0.0,7.5,6.1,56.54
속초,2023-12-10,11.3,6.9,9.3,79.3,62.0,6.9,9.6,2.8,22.4,0.1,5.7,72.9
속초,2023-12-11,9.7,3.2,6.8,89.6,85.0,8.0,13.0,5.7,66.6,0.0,5.2,84.66999999999999
속초,2023-12-12,4.5,0.1,2.5,90.3,82.0,6.7,10.4,2.4,11.5,0.0,1.0,89.06
속초,2023-12-13,10.2,-0.2,4.7,82.3,60.0,4.9,8.4,1.6,0.0,6.6,1.8,84.62999999999998
속초,2023-12-14,6.9,2.2,4.9,89.0,75.0,5.2,9.3,2.6,38.2,0.0,3.2,87.78999999999999
속초,2023-12-15,3.5,0.1,2.0,92.6,85.0,7.6,11.2,3.4,38.1,0.0,0.9,90.85
속초,2023-12-16,3.7,-7.9,-1.7,57.0,35.0,9.7,18.1,3.7,0.4,5.3,-9.9,67.32000000000001
속초,2023-12-17,-4.9,-8.5,,,24.0,3.5,7.0,1.7,0.0,2.6,-99.0,
속초,2023-12-18,-1.2,-10.5,-4.8,29.0,17.0,3.0,5.7,1.3,0.0,6.6,-20.4,
속초,2023-12-19,1.4,-6.6,-2.5,49.0,25.0,3.2,5.0,1.3,0.0,6.6,-12.1,
속초,2023-12-20,-2.0,-9.8,-5.0,38.9,27.0,10.5,16.3,4.5,0.0,8.4,-17.1,39.93
속초,2023-12-21,-4.7,-13.1,-8.9,30.5,22.0,8.2,15.9,2.4,0.0,8.4,-23.3,34.03
속초,2023-12-22,-3.4,-13.2,-8.4,32.6,21.0,6.5,11.4,2.1,0.0,8.3,-22.2,32.81
속초,2023-12-23,0.8,-9.3,-4.2,31.0,22.0,4.2,6.7,1.5,0.0,8.4,-18.9,31.27
속초,2023-12-24,3.3,-4.8,-0.7,41.5,31.0,4.6,8.1,1.9,0.0,7.4,-12.2,38.51
속초,2023-12-25,4.4,-1.6,1.1,46.1,33.0,6.3,10.1,2.1,0.0,7.8,-9.3,43.669999999999995
속초,2023-12-26,6.3,-0.7,3.1,48.3,27.0,11.7,17.1,3.4,0.0,7.4,-6.8,47.17999999999999
속초,2023-12-27,6.1,-3.4,0.5,65.3,43.0,2.6,4.2,1.5,0.0,8.3,-5.5,59.97999999999999
속초,2023-12-28,7.6,-2.6,2.4,53.0,24.0,6.3,12.2,2.1,0.0,6.5,-7.3,54.989999999999995
속초,2023-12-29,8.9,-2.3,3.0,50.0,32.0,2.6,4.8,1.1,0.0,8.4,-6.6,52.13
속초,2023-12-30,4.6,0.1,2.2,73.1,49.0,3.9,6.0,1.2,0.7,0.0,-2.5,66.47
속초,2023-12-31,3.3,0.2,1.6,90.1,73.0,4.5,9.6,1.9,26.8,0.0,0.1,82.69
속초,2024-01-01,6.1,0.9,2.7,81.6,58.0,2.3,4.5,1.0,0.4,2.0,-0.2,82.44999999999999
속초,2024-01-02,7.3,1.1,,,40.0,4.7,9.8,1.8,0.0,4.0,-99.0,
속초,2024-01-03,6.7,0.2,3.1,52.9,41.0,4.6,7.8,1.6,0.0,6.3,-5.6,
속초,2024-01-04,6.6,-2.3,2.9,49.8,32.0,9.9,16.4,1.9,0.0,8.4,-6.7,
속초,2024-01-05,10.3,4.7,7.7,45.3,36.0,5.2,11.2,2.6,0.0,8.0,-3.5,46.96
속초,2024-01-06,6.5,-0.3,2.8,37.0,21.0,5.7,9.8,2.1,0.0,8.5,-11.0,39.94
속초,2024-01-07,0.8,-6.3,-2.3,30.8,15.0,7.1,12.6,2.7,0.0,8.5,-17.8,33.49
속초,2024-01-08,3.4,-9.2,-2.5,30.8,14.0,4.6,14.6,1.6,0.0,8.5,-18.1,31.419999999999998
속초,2024-01-09,4.8,-0.9,2.2,54.4,43.0,4.8,10.4,2.1,0.0,1.1,-6.1,47.31999999999999
속초,2024-01-10,4.4,-2.1,1.1,59.8,45.0,3.2,5.7,1.6,0.0,7.5,-5.9,55.81999999999999
속초,2024-01-11,5.5,-2.8,3.1,43.4,24.0,11.5,17.7,4.3,0.0,8.5,-8.3,47.779999999999994
속초,2024-01-12,8.3,1.6,4.2,28.9,15.0,4.9,10.2,2.0,0.0,8.7,-13.0,34.89
속초,2024-01-13,2.7,-4.1,-0.1,42.9,23.0,4.1,8.4,1.9,0.0,8.8,-12.0,40.14999999999999
속초,2024-01-14,11.0,-3.8,3.8,47.1,22.0,5.4,11.7,2.3,0.0,7.6,-6.6,44.44
속초,2024-01-15,3.6,-3.2,0.0,46.4,35.0,3.8,6.1,1.7,0.0,8.6,-10.2,46.19
속초,2024-01-16,5.7,-4.4,0.5,43.5,33.0,4.1,6.0,1.9,0.0,8.8,-10.6,44.44
속초,2024-01-17,9.8,-2.0,6.0,43.5,13.0,5.2,10.5,2.1,0.0,0.0,-7.2,43.79
속초,2024-01-18,6.8,3.4,4.7,73.5,65.0,4.7,8.1,2.8,0.0,0.0,0.4,64.5
속초,2024-01-19,3.5,1.0,2.3,74.3,67.0,4.3,7.6,2.4,0.0,0.0,-1.8,71.05999999999999
속초,2024-01-20,2.5,-0.7,1.0,87.3,66.0,6.1,9.6,3.9,9.3,0.0,-0.9,83.32
속초,2024-01-21,0.8,-0.8,-0.1,90.8,83.0,4.2,7.3,1.7,1.9,0.0,-1.4,88.44999999999999
속초,2024-01-22,1.7,-9.8,-4.7,51.0,36.0,10.4,19.1,3.4,0.0,8.6,-13.5,62.59
속초,2024-01-23,-6.7,-12.3,-10.1,43.5,32.0,5.2,8.1,2.2,0.0,8.9,-20.3,49.73
속초,2024-01-24,-3.4,-12.2,-7.9,37.6,27.0,4.1,7.4,1.7,0.0,9.0,-20.0,40.120000000000005
속초,2024-01-25,0.5,-9.7,-4.3,38.9,23.0,3.7,6.0,1.8,0.0,9.2,-16.5,39.1
속초,2024-01-26,3.7,-6.1,-0.2,42.6,28.0,3.2,4.7,1.5,0.0,9.2,-11.5,41.36
속초,2024-01-27,5.3,-2.3,0.7,49.0,27.0,3.6,5.5,1.5,0.0,9.1,-9.3,46.71
속초,2024-01-28,4.3,-4.8,-0.7,59.5,31.0,3.1,5.1,1.4,0.0,8.8,-7.8,55.71
속초,2024-01-29,4.3,-5.0,-0.8,64.4,42.0,3.0,4.1,1.1,0.0,9.3,-6.8,61.879999999999995
속초,2024-01-30,3.5,-4.2,-0.8,70.8,48.0,2.6,3.7,1.3,0.0,8.7,-5.6,68.39
속초,2024-01-31,11.1,-3.2,3.6,59.6,28.0,3.8,6.0,1.6,0.0,8.8,-4.3,62.31999999999999
속초,2024-02-01,4.9,-2.5,-0.1,83.0,48.0,5.9,10.2,3.0,2.6,0.0,-2.6,77.1
속초,2024-02-02,1.7,-2.4,-0.7,87.3,78.0,2.0,3.3,0.9,0.3,1.3,-2.6,83.66999999999999
속초,2024-02-03,3.0,-1.6,1.1,82.3,76.0,3.2,5.1,1.3,0.0,0.1,-1.6,83.36999999999999
속초,2024-02-04,2.8,1.0,1.8,78.9,76.0,3.3,5.0,1.4,0.0,0.0,-1.4,80.42
속초,2024-02-05,2.8,-2.3,0.0,89.3,79.0,5.7,8.6,3.1,14.7,0.0,-1.5,86.52
속초,2024-02-06,2.1,-2.7,-1.0,76.9,57.0,2.0,3.3,1.0,0.0,2.7,-4.6,79.58
속초,2024-02-07,3.0,-3.3,-0.7,83.0,63.0,3.2,4.5,1.4,0.0,6.9,-3.2,82.41
속초,2024-02-08,4.8,-4.6,-0.3,72.5,51.0,2.5,3.1,1.1,0.0,9.3,-4.8,75.03999999999999
속초,2024-02-09,5.2,-2.8,0.9,69.0,43.0,3.2,4.4,1.2,0.0,9.2,-4.2,71.1
속초,2024-02-10,7.1,-2.5,2.2,52.1,34.0,4.0,7.3,1.6,0.0,8.9,-7.0,57.519999999999996
속초,2024-02-11,6.2,-3.6,1.7,46.4,24.0,5.6,8.5,1.7,0.0,4.9,-8.8,49.8
속초,2024-02-12,9.6,-3.4,4.1,51.3,24.0,6.1,9.7,1.4,0.0,9.8,-5.5,50.4
속초,2024-02-13,14.8,8.2,11.9,41.6,33.0,7.2,12.9,3.5,0.0,9.4,-0.8,44.019999999999996
속초,2024-02-14,18.1,11.2,13.5,55.4,42.0,7.5,13.5,2.5,0.0,5.3,4.6,52.23
속초,2024-02-15,14.9,-1.6,1.6,90.0,52.0,4.7,7.2,1.8,39.2,0.0,0.1,78.24
속초,2024-02-16,4.7,-5.6,-0.1,77.9,57.0,2.6,3.9,1.2,0.0,10.0,-3.7,78.07000000000001
속초,2024-02-17,10.9,-2.0,3.9,59.4,29.0,2.2,4.1,1.2,0.0,10.1,-3.4,66.16
속초,2024-02-18,10.5,0.8,6.2,60.4,38.0,2.4,3.7,1.0,0.0,7.2,-1.3,61.949999999999996
속초,2024-02-19,9.4,4.1,5.4,92.9,75.0,4.4,7.2,1.6,10.2,2.9,4.3,83.05
속초,2024-02-20,4.2,0.6,1.6,94.0,89.0,4.5,7.6,2.7,17.4,0.0,0.7,90.42
속초,2024-02-21,1.1,-1.7,-0.2,93.9,88.0,5.3,8.4,3.6,26.7,0.0,-1.0,93.82000000000001
속초,2024-02-22,0.0,-2.9,-1.7,84.4,60.0,5.5,8.6,2.6,8.6,0.0,-4.0,87.26
속초,2024-02-23,1.3,-3.8,-1.6,84.6,66.0,3.5,5.7,1.3,2.5,0.2,-3.9,85.49
속초,2024-02-24,2.3,-4.5,-0.4,78.0,60.0,2.1,2.7,1.1,1.2,0.0,-3.8,79.96
속초,2024-02-25,3.1,-1.4,0.6,88.6,77.0,4.7,7.4,1.6,2.0,2.0,-1.1,86.07999999999998
속초,2024-02-26,3.9,-1.6,1.3,79.5,60.0,2.9,4.4,1.5,0.0,0.4,-1.9,81.17
속초,2024-02-27,4.6,-1.4,1.3,73.6,52.0,3.3,4.7,1.6,0.3,2.6,-3.0,76.28
속초,2024-02-28,3.9,-2.8,1.3,80.3,65.0,3.4,4.9,1.2,0.0,6.5,-1.7,78.88
속초,2024-02-29,5.3,-0.3,2.4,81.5,65.0,2.5,4.2,1.0,0.0,0.0,-0.5,80.47
속초,2024-03-01,1.9,-6.5,-1.8,29.3,16.0,7.3,13.4,2.9,0.0,10.4,-17.9,44.84
속초,2024-03-02,3.5,-7.4,-0.5,41.1,24.0,6.9,14.4,2.9,0.0,7.6,-12.4,42.78
속초,2024-03-03,7.4,0.6,3.6,49.3,28.0,4.6,8.9,2.2,0.1,6.4,-6.5,45.66
속초,2024-03-04,6.9,-0.3,3.6,51.4,29.0,3.0,4.9,1.5,0.0,9.7,-5.8,49.949999999999996
속초,2024-03-05,5.1,0.9,2.4,80.4,53.0,3.2,6.4,1.7,7.0,0.0,-0.8,71.49000000000001
속초,2024-03-06,3.4,-0.3,1.5,81.3,66.0,2.8,5.4,1.5,1.8,0.0,-1.5,78.13
속초,2024-03-07,3.3,-1.1,0.9,84.1,68.0,3.7,4.9,1.0,2.2,0.7,-1.4,83.17
속초,2024-03-08,7.0,0.1,2.9,40.9,26.0,5.6,10.2,3.3,0.0,9.5,-9.2,53.58
속초,2024-03-09,3.9,-2.2,0.3,51.1,37.0,3.7,5.5,1.9,0.0,10.7,-8.9,52.36
속초,2024-03-10,8.9,-3.3,4.5,50.4,23.0,5.6,8.0,2.0,0.0,10.7,-5.8,49.58999999999999
속초,2024-03-11,11.7,4.3,7.5,36.1,15.0,3.7,6.3,1.3,0.0,1.7,-7.8,40.46
속초,2024-03-12,7.8,-0.5,3.7,72.5,55.0,5.3,8.7,1.7,0.0,4.5,-0.9,63.01
속초,2024-03-13,14.8,-1.8,7.3,49.0,20.0,5.7,11.2,2.1,0.0,8.4,-4.4,52.41
속초,2024-03-14,17.1,5.5,12.1,28.0,15.0,4.7,9.8,2.5,0.0,10.9,-6.7,36.65
속초,2024-03-15,20.6,10.5,15.9,25.4,18.0,11.2,19.7,3.9,0.0,10.6,-4.0,28.28
속초,2024-03-16,14.8,4.9,8.7,74.3,30.0,3.0,5.3,1.5,0.0,8.2,4.2,59.88999999999999
속초,2024-03-17,16.7,4.3,10.3,42.8,19.0,7.9,13.6,3.9,0.0,10.0,-2.1,47.35999999999999
속초,2024-03-18,9.6,-0.2,6.2,44.8,24.0,6.0,8.7,2.2,0.0,10.9,-5.7,47.349999999999994
속초,2024-03-19,12.4,0.1,6.3,56.3,18.0,9.3,15.1,2.8,10.1,5.3,-3.8,52.65
속초,2024-03-20,6.1,-0.5,2.8,60.8,38.0,5.9,10.8,2.1,3.8,6.1,-4.3,58.29999999999999
속초,2024-03-21,7.2,-0.2,3.7,51.9,38.0,4.6,6.8,2.1,0.0,10.6,-5.5,54.12
속초,2024-03-22,10.1,0.2,4.7,76.3,53.0,5.1,7.7,2.2,4.6,4.6,0.7,69.87
속초,2024-03-23,10.6,2.1,6.3,85.1,70.0,3.1,4.4,1.4,1.1,11.1,3.9,80.02
속초,2024-03-24,10.4,3.8,7.8,85.5,75.0,3.3,5.0,1.5,0.0,2.3,5.4,84.49999999999999
속초,2024-03-25,8.5,3.4,6.2,90.0,84.0,4.9,7.4,2.2,9.1,0.0,4.7,88.61
속초,2024-03-26,7.4,-0.1,3.3,80.3,49.0,5.0,8.4,2.0,18.5,2.8,-0.1,82.75999999999999
속초,2024-03-27,12.9,0.2,7.6,77.4,54.0,6.0,8.4,2.1,0.0,10.0,3.7,79.24
속초,2024-03-28,13.2,7.6,10.4,70.5,50.0,3.9,7.0,1.1,0.3,0.0,5.1,72.86
속초,2024-03-29,15.5,8.5,11.7,37.3,18.0,8.5,14.9,3.2,0.0,10.1,-2.9,47.949999999999996
속초,2024-03-30,17.5,3.7,8.8,49.9,15.0,8.1,16.6,2.6,0.0,9.5,-3.0,49.44
속초,2024-03-31,13.7,3.7,9.5,41.4,21.0,4.9,6.7,1.7,0.0,9.6,-3.1,42.68999999999999
속초,2024-04-01,14.6,5.3,9.9,48.6,26.0,4.6,6.9,1.8,0.0,11.6,-0.9,47.29
속초,2024-04-02,14.9,5.4,9.8,66.1,33.0,5.0,6.7,1.7,0.0,9.6,3.1,60.129999999999995
속초,2024-04-03,9.7,4.8,7.6,78.3,59.0,5.1,7.0,2.4,0.0,0.0,3.9,72.89
속초,2024-04-04,15.3,6.1,9.6,64.1,31.0,3.7,5.4,1.4,0.0,7.6,2.8,67.13999999999999
속초,2024-04-05,14.3,6.9,,,55.0,5.1,7.5,1.4,0.0,2.2,-99.0,
속초,2024-04-06,21.3,7.4,15.1,51.4,28.0,6.0,9.5,1.9,0.0,9.8,4.1,
속초,2024-04-07,22.8,12.9,18.0,36.0,21.0,6.7,10.3,2.3,0.0,11.4,2.2,
속초,2024-04-08,22.0,10.3,15.6,50.4,31.0,7.5,12.0,2.1,0.0,5.8,5.0,47.62
속초,2024-04-09,11.7,3.6,7.9,52.5,40.0,4.4,7.0,2.4,0.0,9.8,-1.4,50.43
속초,2024-04-10,15.9,2.1,10.4,64.9,38.0,6.1,9.3,2.0,0.0,8.6,3.8,60.97
속초,2024-04-11,17.9,9.9,13.6,69.6,53.0,3.2,4.9,1.2,0.0,0.8,8.0,66.94999999999999
속초,2024-04-12,22.6,8.7,15.5,65.8,36.0,5.5,8.5,1.5,0.0,11.6,8.5,66.47
속초,2024-04-13,24.7,12.0,17.7,54.3,31.0,4.7,7.8,1.5,0.0,11.8,7.8,58.13
속초,2024-04-14,24.8,12.5,17.6,59.0,36.0,5.3,7.5,1.7,0.0,11.6,8.7,58.739999999999995
속초,2024-04-15,16.3,10.5,13.1,90.0,78.0,3.4,6.0,1.4,6.9,1.9,11.4,80.22999999999999
속초,2024-04-16,22.4,11.0,18.2,47.4,32.0,6.5,11.2,3.4,0.0,,6.4,57.08
속초,2024-04-17,20.0,11.2,15.6,57.1,41.0,3.3,4.8,1.9,0.0,,6.8,58.45
속초,2024-04-18,18.5,9.4,14.3,75.0,62.0,5.8,8.0,2.0,0.0,11.4,9.8,68.66
속초,2024-04-19,23.3,12.3,15.7,67.3,32.0,4.8,7.0,2.1,0.0,11.2,9.0,67.82
속초,2024-04-20,13.0,10.8,12.0,90.5,85.0,5.0,7.8,2.1,32.7,0.0,10.4,84.31
속초,2024-04-21,13.9,10.8,12.5,93.8,89.0,5.7,8.6,3.2,18.0,0.0,11.4,90.49
속초,2024-04-22,16.6,11.8,13.7,85.4,71.0,3.9,5.3,2.1,0.0,2.7,11.1,87.59
속초,2024-04-23,15.4,11.5,13.0,80.6,68.0,5.4,8.2,3.3,0.2,2.6,9.6,82.88
속초,2024-04-24,12.0,9.4,10.6,83.3,70.0,6.0,9.6,3.3,5.6,1.5,7.8,82.97
속초,2024-04-25,27.1,11.7,20.1,44.5,24.0,6.9,12.5,2.2,0.0,10.3,6.9,55.870000000000005
속초,2024-04-26,25.5,13.7,19.1,51.0,22.0,5.7,7.7,1.9,0.0,9.4,7.8,52.92999999999999
속초,2024-04-27,26.5,14.0,19.3,54.9,23.0,5.3,8.6,2.0,0.0,11.9,9.3,53.080000000000005
속초,2024-04-28,17.5,12.1,14.8,71.1,52.0,7.9,12.0,4.1,0.0,10.2,9.5,65.85
속초,2024-04-29,15.8,8.9,12.5,74.3,59.0,5.6,9.1,2.9,0.0,6.7,7.9,71.71999999999998
속초,2024-04-30,14.9,7.8,11.7,77.8,66.0,4.6,7.5,2.3,0.0,3.2,7.8,76.42999999999999
속초,2024-05-01,17.4,8.3,12.5,72.6,51.0,5.3,7.7,2.5,0.0,12.5,7.4,73.81
속초,2024-05-02,20.1,6.6,14.8,63.9,46.0,7.1,10.0,2.7,0.0,13.0,7.7,67.03
속초,2024-05-03,25.2,13.0,19.1,48.1,23.0,5.7,7.7,1.9,0.0,12.9,7.1,53.71
속초,2024-05-04,23.5,12.4,18.0,62.3,40.0,5.6,7.8,2.2,0.0,12.5,10.3,59.61999999999999
속초,2024-05-05,20.1,14.4,16.5,82.4,55.0,3.6,6.4,1.6,5.3,0.0,13.2,74.95
속초,2024-05-06,22.8,13.2,16.7,79.8,49.0,6.0,11.1,2.2,0.0,2.5,12.8,78.57
속초,2024-05-07,13.1,9.1,10.7,88.8,72.0,6.7,10.0,3.5,22.2,0.1,8.8,86.36
속초,2024-05-08,16.2,7.5,11.8,73.1,55.0,5.4,6.9,2.2,0.0,12.6,6.8,76.91
속초,2024-05-09,25.2,6.5,18.5,44.1,24.0,6.7,13.2,2.6,0.0,12.0,5.0,54.37
속초,2024-05-10,28.8,16.1,22.0,38.0,20.0,6.8,12.1,2.8,0.0,,6.6,42.730000000000004
속초,2024-05-11,24.5,15.0,20.6,50.9,25.0,8.3,14.4,3.5,0.3,5.7,9.3,47.64
속초,2024-05-12,24.7,14.0,18.5,44.6,27.0,7.0,12.7,3.0,0.0,12.5,5.8,45.199999999999996
속초,2024-05-13,22.2,12.3,18.2,46.8,30.0,6.3,9.9,2.9,0.0,13.5,6.2,46.769999999999996
속초,2024-05-14,29.2,17.2,23.8,27.1,19.0,5.5,13.0,2.9,0.0,13.2,3.4,32.79
속초,2024-05-15,22.3,9.4,14.7,68.8,23.0,9.6,15.5,4.1,20.2,3.6,8.0,58.26
속초,2024-05-16,16.8,8.7,12.6,65.4,42.0,10.2,15.3,3.8,14.3,3.4,5.8,62.25
속초,2024-05-17,26.8,14.8,21.0,39.8,22.0,7.0,16.7,3.4,0.0,13.1,6.3,47.82
속초,2024-05-18,27.0,21.7,23.6,37.8,18.0,7.2,14.3,3.2,0.0,13.3,7.7,40.959999999999994
속초,2024-05-19,25.8,13.3,18.2,56.3,16.0,9.0,13.4,2.9,0.0,12.9,8.4,50.949999999999996
속초,2024-05-20,15.8,12.8,14.4,78.0,68.0,3.3,5.3,1.7,0.9,0.0,10.5,69.64
속초,2024-05-21,19.2,12.3,15.6,75.5,59.0,6.7,9.5,2.7,0.0,9.7,11.1,74.07999999999998
속초,2024-05-22,23.0,11.9,17.9,75.3,50.0,7.1,9.0,2.9,0.0,13.7,13.2,75.61
속초,2024-05-23,33.2,17.5,26.7,36.8,23.0,5.4,9.6,2.3,0.0,12.6,9.3,48.370000000000005
속초,2024-05-24,20.9,13.3,16.6,74.8,43.0,6.0,9.3,2.5,0.2,2.4,11.7,67.24999999999999
속초,2024-05-25,21.0,11.9,16.3,71.6,43.0,8.3,13.2,3.2,0.0,5.9,10.8,68.75999999999999
속초,2024-05-26,23.0,14.5,17.8,77.8,64.0,4.5,9.1,1.9,0.0,1.0,13.8,76.26
속초,2024-05-27,23.8,16.9,20.4,44.6,34.0,7.0,14.9,3.2,0.0,10.5,7.7,53.94
속초,2024-05-28,20.5,12.5,16.8,62.4,39.0,5.4,8.4,2.4,0.0,7.0,9.3,60.38
속초,2024-05-29,30.3,11.4,19.6,59.5,24.0,4.8,10.8,1.6,0.0,12.4,11.1,58.589999999999996
속초,2024-05-30,21.3,16.9,18.6,68.6,36.0,3.5,6.0,1.4,0.0,0.4,12.4,66.16
속초,2024-05-31,21.1,16.1,18.0,81.6,66.0,4.6,6.3,1.8,0.0,8.3,14.7,76.78999999999999
속초,2024-06-01,17.7,14.1,16.2,84.0,70.0,4.6,8.1,2.1,1.3,1.0,13.4,81.98
속초,2024-06-02,19.7,12.0,15.9,81.6,65.0,3.1,4.8,1.6,0.6,6.9,12.5,82.07999999999998
속초,2024-06-03,20.4,11.2,16.7,76.4,62.0,3.7,5.2,2.0,0.0,13.8,12.3,78.20000000000002
속초,2024-06-04,22.2,13.3,18.0,75.0,52.0,6.4,8.9,2.9,0.0,13.6,13.2,75.94
속초,2024-06-05,22.6,14.3,19.1,82.0,64.0,5.2,6.7,2.1,0.0,11.4,15.8,80.04
속초,2024-06-06,23.5,16.8,19.9,82.9,67.0,5.9,8.5,2.1,0.0,10.4,16.7,81.93
속초,2024-06-07,23.6,17.2,20.8,76.9,52.0,5.7,7.6,2.0,0.0,8.3,16.3,78.61
속초,2024-06-08,21.1,17.2,18.8,88.3,70.0,4.7,7.1,1.9,10.9,0.7,16.6,85.48
속초,2024-06-09,26.7,16.0,22.4,70.5,47.0,6.1,8.2,2.4,0.0,13.4,16.2,74.69999999999999
속초,2024-06-10,27.9,19.7,23.0,69.1,46.0,5.7,7.4,1.9,0.0,12.4,16.8,71.3
속초,2024-06-11,29.9,18.7,24.9,66.6,45.0,5.7,10.5,2.1,0.0,13.5,17.8,67.49
속초,2024-06-12,34.2,21.6,26.5,47.9,25.0,5.1,7.9,1.5,0.0,9.3,13.5,53.75999999999999
속초,2024-06-13,26.8,20.2,23.2,73.3,54.0,4.1,5.3,1.6,0.0,13.6,17.9,67.55
속초,2024-06-14,26.1,19.8,22.7,82.4,69.0,6.6,9.1,2.6,0.0,9.4,19.4,77.13000000000001
속초,2024-06-15,25.5,20.2,22.1,83.4,69.0,3.6,6.6,1.7,10.0,2.2,19.1,82.19
속초,2024-06-16,27.4,18.8,24.1,57.8,37.0,5.4,10.8,2.1,0.0,13.7,14.7,65.38
속초,2024-06-17,34.1,22.4,28.6,34.0,25.0,5.5,10.4,2.7,0.0,13.4,11.0,43.7
속초,2024-06-18,30.9,21.8,25.8,57.6,28.0,5.0,10.5,2.2,0.0,13.7,16.1,52.900000000000006
속초,2024-06-19,28.6,20.2,24.5,73.9,55.0,4.6,7.0,1.9,0.0,13.4,19.3,66.65
속초,2024-06-20,30.5,21.5,25.6,62.4,39.0,6.2,8.2,1.6,0.0,10.6,17.5,64.22
속초,2024-06-21,28.0,20.8,23.8,76.5,54.0,6.4,10.0,2.6,0.0,12.9,19.2,73.42
속초,2024-06-22,23.2,21.5,22.0,90.1,84.0,3.2,5.9,1.6,8.3,0.0,20.3,84.60999999999999
속초,2024-06-23,23.7,20.5,21.4,93.3,83.0,4.9,7.7,1.9,17.7,1.0,20.2,90.97999999999999
속초,2024-06-24,25.0,20.1,22.7,82.0,63.0,4.7,8.5,2.4,0.0,2.4,19.3,85.07000000000001
속초,2024-06-25,27.0,18.5,22.7,57.1,34.0,6.4,11.3,2.4,0.0,,13.2,65.7
속초,2024-06-26,26.6,18.2,23.1,72.3,49.0,5.3,7.6,2.2,0.0,13.8,17.6,70.22999999999999
속초,2024-06-27,31.3,19.7,24.9,67.0,39.0,6.4,8.5,2.2,0.0,12.2,17.7,67.07
속초,2024-06-28,27.4,20.0,23.7,72.0,48.0,5.3,7.4,2.3,0.0,13.5,18.1,71.03
속초,2024-06-29,28.4,19.6,24.4,78.8,56.0,5.0,7.1,2.2,20.2,11.6,20.3,76.26
속초,2024-06-30,24.4,20.9,22.4,90.9,77.0,7.0,12.3,2.3,64.8,2.4,20.7,86.59
속초,2024-07-01,31.4,20.5,24.7,80.3,53.0,6.1,10.5,2.3,0.0,10.6,20.9,82.27
속초,2024-07-02,22.4,20.9,21.4,93.4,89.0,5.4,8.0,2.2,44.5,0.0,20.2,90.53
속초,2024-07-03,30.1,20.7,26.5,65.3,48.0,8.6,17.0,3.6,0.5,3.8,18.9,72.42
속초,2024-07-04,31.9,24.8,27.8,62.4,49.0,6.1,11.7,2.8,0.8,7.5,19.6,66.08
속초,2024-07-05,31.9,24.5,28.0,56.9,40.0,8.5,18.4,3.6,1.4,10.4,18.3,58.84
속초,2024-07-06,33.1,23.1,26.8,69.4,52.0,7.7,15.2,2.4,0.1,1.3,20.5,66.2
속초,2024-07-07,30.2,25.3,27.5,60.5,46.0,7.7,16.0,4.1,0.0,1.0,19.1,61.919999999999995
속초,2024-07-08,30.1,23.5,25.9,82.4,61.0,4.6,8.1,1.5,2.5,1.3,22.4,76.72
속초,2024-07-09,27.3,22.6,24.3,87.0,71.0,4.2,6.3,1.9,2.1,3.3,21.8,83.42999999999999
속초,2024-07-10,25.0,21.0,22.7,90.4,78.0,5.5,9.0,2.5,4.4,2.3,21.0,88.92
속초,2024-07-11,28.4,19.2,24.1,79.0,56.0,5.3,7.3,2.3,0.0,13.1,20.0,82.08
속초,2024-07-12,26.8,21.9,24.2,86.9,77.0,4.4,6.0,1.7,0.0,9.0,21.8,85.67
속초,2024-07-13,26.1,22.2,23.6,89.8,79.0,3.4,4.6,1.5,0.0,0.0,21.8,88.14
속초,2024-07-14,23.3,20.4,22.2,90.3,82.0,3.2,4.9,1.4,0.1,0.0,20.4,89.85999999999999
속초,2024-07-15,24.8,21.2,22.7,90.8,76.0,4.1,5.7,1.6,0.2,0.0,21.1,90.6
속초,2024-07-16,27.8,22.4,24.5,89.9,75.0,4.1,5.7,1.8,1.1,4.4,22.6,90.12
속초,2024-07-17,28.9,23.2,25.0,88.0,62.0,4.2,8.5,1.7,31.6,0.3,22.7,88.66
속초,2024-07-18,26.9,22.1,24.7,87.1,69.0,5.5,9.4,2.0,6.4,0.0,22.2,87.55999999999999
속초,2024-07-19,32.6,24.9,28.4,64.8,49.0,5.5,10.9,2.2,0.0,11.8,21.0,71.57999999999998
속초,2024-07-20,31.5,24.9,27.8,69.0,47.0,6.8,12.2,1.9,0.0,5.2,21.4,69.97
속초,2024-07-21,32.8,26.7,30.4,55.3,46.0,11.6,20.6,4.5,0.0,6.9,20.3,58.989999999999995
속초,2024-07-22,33.0,26.3,29.8,64.0,51.0,6.3,12.8,2.8,0.3,1.3,22.1,62.76
속초,2024-07-23,32.6,25.0,30.3,57.8,49.0,7.6,17.4,3.8,3.3,3.5,20.8,58.78999999999999
속초,2024-07-24,34.7,25.6,29.6,65.8,48.0,6.0,11.6,2.4,0.0,9.4,22.3,64.02
속초,2024-07-25,33.1,26.6,29.0,73.5,54.0,3.9,5.9,1.6,0.0,3.2,23.5,70.39
속초,2024-07-26,29.4,25.2,27.0,89.3,76.0,3.0,4.9,1.6,5.4,5.1,24.9,83.78999999999999
속초,2024-07-27,32.1,25.8,27.5,89.3,67.0,2.7,4.8,1.1,4.4,0.4,25.5,87.71999999999998
속초,2024-07-28,36.5,26.5,31.3,62.8,44.0,8.7,17.5,2.9,0.0,6.5,22.9,70.75
속초,2024-07-29,34.3,30.3,31.8,59.4,52.0,8.3,13.5,4.5,0.2,6.0,22.8,63.07
속초,2024-07-30,35.2,30.0,32.0,60.1,50.0,5.1,12.1,2.7,0.0,9.7,23.2,60.230000000000004
속초,2024-07-31,34.2,27.4,30.3,67.1,49.0,5.4,8.1,2.3,0.0,13.2,23.3,64.92999999999999
속초,2024-08-01,36.6,27.1,31.5,63.4,45.0,4.7,8.5,1.9,0.0,12.1,23.5,63.809999999999995
속초,2024-08-02,34.2,27.6,29.8,74.4,58.0,6.9,15.5,2.0,0.0,6.8,24.6,71.46999999999998
속초,2024-08-03,35.2,27.2,31.4,66.1,50.0,4.6,6.9,2.0,0.0,12.8,24.1,67.49
속초,2024-08-04,32.1,26.5,28.5,82.5,70.0,4.8,7.1,2.4,0.0,4.6,25.2,78.41
속초,2024-08-05,31.8,26.1,28.1,84.3,71.0,6.0,8.6,2.9,3.3,4.6,25.0,82.11999999999999
속초,2024-08-06,30.5,24.8,27.3,85.5,73.0,5.4,8.5,2.1,0.0,4.8,24.5,84.96
속초,2024-08-07,31.9,24.9,28.5,77.4,60.0,3.8,6.1,1.6,0.0,6.8,24.0,79.71000000000001
속초,2024-08-08,30.6,25.5,28.2,78.3,61.0,3.3,5.7,1.6,0.0,2.8,23.9,78.83999999999999
속초,2024-08-09,31.9,24.2,28.0,82.5,67.0,5.0,7.2,2.2,0.0,11.3,24.6,81.14999999999999
속초,2024-08-10,31.9,24.1,27.9,81.0,66.0,6.4,8.7,3.0,0.0,9.6,24.2,81.02999999999999
속초,2024-08-11,31.1,22.5,27.1,80.4,65.0,7.0,10.6,3.4,0.0,7.1,23.3,80.73
속초,2024-08-12,30.9,21.9,26.5,82.9,67.0,3.3,5.3,1.7,0.0,9.9,23.2,82.21
속초,2024-08-13,30.4,23.3,26.8,80.5,67.0,4.5,7.0,1.7,0.0,12.1,23.0,80.97
속초,2024-08-14,30.4,22.9,26.9,80.1,68.0,3.5,4.2,1.5,0.0,11.5,23.0,80.46
속초,2024-08-15,31.1,22.6,26.9,75.5,60.0,3.6,4.8,1.8,0.0,12.2,22.1,76.91999999999999
속초,2024-08-16,30.8,23.0,26.7,79.4,62.0,3.9,5.3,1.7,0.0,7.8,22.7,78.69000000000001
속초,2024-08-17,31.7,23.6,27.6,78.6,63.0,4.3,6.3,2.1,0.0,12.5,23.4,78.45
속초,2024-08-18,31.7,24.2,27.5,79.4,67.0,6.4,9.2,2.5,0.0,10.3,23.5,79.24
속초,2024-08-19,31.8,24.4,28.0,79.9,62.0,4.7,6.8,1.9,0.0,11.7,24.1,79.67
속초,2024-08-20,31.4,25.2,27.9,86.0,74.0,4.7,6.8,2.0,23.8,4.2,25.3,84.11999999999999
속초,2024-08-21,27.6,25.8,26.7,93.5,90.0,2.8,4.9,1.1,14.7,0.0,25.5,90.64
속초,2024-08-22,33.9,26.0,30.0,72.1,52.0,7.2,14.7,2.8,0.5,5.0,24.0,77.76999999999998
속초,2024-08-23,35.3,28.1,31.3,52.5,40.0,7.6,16.4,3.8,0.0,11.4,20.2,60.52
속초,2024-08-24,30.3,25.0,27.4,77.8,61.0,3.7,5.4,1.8,0.0,7.8,23.1,72.16999999999999
속초,2024-08-25,29.6,24.4,26.5,83.8,72.0,3.2,4.9,1.5,0.0,7.0,23.4,79.47
속초,2024-08-26,29.4,24.2,26.2,86.6,75.0,3.6,5.2,1.6,0.0,0.3,23.7,85.16
속초,2024-08-27,27.7,22.2,24.9,84.6,69.0,4.7,6.1,1.7,0.4,2.3,22.0,84.91999999999999
속초,2024-08-28,29.8,22.3,25.4,79.6,63.0,3.7,5.6,2.0,0.1,6.5,21.4,81.29999999999998
속초,2024-08-29,27.7,21.4,25.2,82.3,71.0,5.4,8.5,2.7,2.6,0.7,21.8,81.98999999999998
속초,2024-08-30,28.4,21.9,24.9,81.6,63.0,3.3,6.2,1.8,1.0,3.7,21.4,81.53999999999998
속초,2024-08-31,29.1,20.7,24.6,72.8,54.0,5.8,8.2,2.5,0.0,8.8,19.1,75.51
속초,2024-09-01,31.3,20.0,25.8,75.8,59.0,5.9,8.4,2.0,0.0,11.0,21.0,75.77999999999999
속초,2024-09-02,25.8,20.6,22.3,88.4,71.0,4.0,8.2,1.9,23.0,0.0,20.1,84.32000000000001
속초,2024-09-03,26.8,19.0,22.4,74.6,51.0,3.2,5.1,2.0,0.0,10.5,17.3,77.47999999999999
속초,2024-09-04,27.7,18.4,23.4,77.4,63.0,7.2,10.0,2.8,0.0,11.6,19.0,77.94
속초,2024-09-05,30.0,21.1,26.3,72.8,56.0,4.1,9.7,1.8,0.0,4.3,20.7,73.89999999999999
속초,2024-09-06,26.1,21.5,23.3,76.9,60.0,7.1,12.1,1.9,6.0,0.0,18.9,76.13
속초,2024-09-07,27.1,21.2,23.7,81.5,65.0,2.9,4.3,1.5,0.2,4.0,20.2,79.71000000000001
속초,2024-09-08,27.7,20.9,24.3,86.8,73.0,3.6,5.0,1.5,1.4,4.1,21.8,84.74999999999999
속초,2024-09-09,29.1,22.9,25.4,86.9,71.0,4.3,6.3,1.8,0.0,1.8,22.9,86.34
속초,2024-09-10,30.3,22.6,26.6,84.0,65.0,5.1,6.8,1.9,0.0,11.4,23.5,84.86000000000001
속초,2024-09-11,28.6,22.4,24.9,84.8,75.0,4.4,8.2,1.9,0.6,3.4,22.0,84.85
속초,2024-09-12,23.0,21.3,21.9,93.5,86.0,2.7,4.9,1.5,5.9,0.0,20.8,90.81
속초,2024-09-13,24.8,21.2,23.3,93.0,86.0,3.5,6.1,1.3,10.7,0.0,22.1,92.28
속초,2024-09-14,23.8,21.2,22.1,91.8,80.0,5.4,9.9,2.1,18.4,0.0,20.6,92.20999999999998
속초,2024-09-15,21.8,19.3,20.4,96.4,90.0,4.8,8.6,2.4,39.5,0.0,19.7,95.14
속초,2024-09-16,23.4,19.4,21.3,88.1,73.0,2.7,4.2,1.6,0.4,0.1,19.2,90.13
속초,2024-09-17,28.2,20.8,24.3,87.6,75.0,3.7,5.7,1.6,0.0,5.4,22.0,88.58
속초,2024-09-18,24.7,22.4,23.4,93.3,87.0,3.2,5.4,1.2,70.4,0.0,22.2,91.63999999999999
속초,2024-09-19,26.1,23.1,24.1,92.0,83.0,3.0,5.4,1.5,0.6,0.5,22.7,91.82
속초,2024-09-20,26.0,16.7,21.9,93.3,88.0,9.4,15.4,3.2,128.2,0.0,20.6,93.03999999999999
속초,2024-09-21,18.4,17.3,17.9,95.4,89.0,8.5,12.9,6.1,89.2,0.0,17.1,94.64
속초,2024-09-22,19.8,15.6,17.4,89.1,75.0,8.2,13.3,4.1,53.0,0.0,15.5,90.77999999999999
속초,2024-09-23,22.2,14.2,17.8,70.3,48.0,3.4,6.0,2.2,0.0,7.4,11.9,76.57000000000001
속초,2024-09-24,22.6,13.4,17.8,75.3,54.0,3.4,5.0,2.2,0.0,7.1,13.1,75.67999999999999
속초,2024-09-25,23.2,15.2,19.7,85.0,72.0,2.8,3.9,1.5,0.0,3.7,16.9,81.58999999999999
속초,2024-09-26,24.1,18.7,20.8,89.8,77.0,3.9,5.8,1.6,3.8,3.1,19.0,87.38999999999999
속초,2024-09-27,22.5,18.3,20.6,84.6,73.0,7.4,11.1,3.2,6.6,0.6,17.8,85.67999999999999
속초,2024-09-28,23.5,16.9,20.0,73.4,56.0,3.4,4.8,2.2,0.0,9.3,14.8,77.28
속초,2024-09-29,23.5,15.5,19.0,81.5,66.0,3.3,4.4,1.7,0.0,4.3,15.6,80.19
속초,2024-09-30,25.8,14.0,20.5,72.3,53.0,6.5,8.7,2.4,0.0,10.6,15.1,74.25
속초,2024-10-01,25.0,15.2,20.8,55.4,36.0,9.3,17.1,2.9,0.0,1.2,11.2,61.38999999999999
속초,2024-10-02,18.6,11.5,15.0,54.9,31.0,5.8,10.5,2.5,0.0,8.6,5.5,56.739999999999995
속초,2024-10-03,19.7,11.7,15.4,72.1,46.0,5.0,7.9,2.5,1.4,1.4,10.1,66.99
속초,2024-10-04,21.8,11.9,16.4,64.0,33.0,4.2,5.9,2.1,0.0,10.5,8.8,64.71
속초,2024-10-05,22.5,11.6,17.1,70.0,48.0,4.6,6.4,2.2,0.0,9.7,11.3,69.00999999999999
속초,2024-10-06,20.1,12.8,17.0,77.1,65.0,3.0,4.9,1.6,0.0,0.8,12.8,74.37
속초,2024-10-07,21.3,14.6,17.4,71.4,49.0,4.0,6.3,1.9,0.0,3.4,11.9,72.4
속초,2024-10-08,17.1,14.2,15.3,91.4,77.0,4.6,8.0,2.0,32.1,0.0,13.8,85.96999999999998
속초,2024-10-09,21.1,14.1,16.8,79.1,57.0,3.4,5.2,1.7,0.0,1.4,12.9,80.78999999999999
속초,2024-10-10,20.7,12.0,15.5,81.1,55.0,3.0,4.4,1.6,0.2,2.5,12.1,81.72999999999999
속초,2024-10-11,22.4,12.5,17.2,76.6,59.0,4.9,6.8,2.1,0.0,9.9,12.9,77.74999999999999
속초,2024-10-12,24.1,12.7,17.8,65.3,40.0,3.7,5.7,1.7,0.0,9.9,10.5,69.13999999999999
속초,2024-10-13,22.3,12.7,18.4,75.6,61.0,3.2,4.6,1.7,0.0,6.5,13.9,73.63999999999999
속초,2024-10-14,21.6,15.9,18.7,78.1,65.0,2.6,3.5,1.3,0.0,0.2,14.7,76.32
속초,2024-10-15,23.7,15.6,19.8,71.9,58.0,4.8,9.7,1.7,0.0,0.3,14.5,73.51
속초,2024-10-16,20.9,14.2,17.6,81.8,60.0,5.7,8.1,2.3,0.8,0.7,14.3,79.44999999999999
속초,2024-10-17,22.9,13.1,17.4,83.8,64.0,4.5,6.6,1.8,0.0,7.1,14.4,82.21
속초,2024-10-18,19.8,14.5,17.1,88.6,75.0,3.4,7.7,1.7,44.7,0.0,15.1,86.95999999999998
속초,2024-10-19,16.6,10.0,13.4,84.5,53.0,8.1,13.7,3.5,21.7,0.0,10.6,85.25
속초,2024-10-20,13.9,12.1,12.8,57.9,47.0,6.8,12.2,3.8,0.0,0.0,4.6,66.28999999999999
속초,2024-10-21,17.6,10.7,14.4,75.0,59.0,2.9,4.0,1.5,0.1,1.2,9.8,72.53
속초,2024-10-22,15.6,13.8,14.7,94.6,90.0,2.8,5.9,1.3,32.5,0.0,13.8,87.01
속초,2024-10-23,19.2,10.4,14.9,57.5,36.0,12.6,26.4,3.5,0.0,7.2,6.2,66.67
속초,2024-10-24,19.0,8.1,13.3,59.9,34.0,3.8,7.2,2.2,0.0,9.6,5.1,62.89
속초,2024-10-25,20.7,10.9,15.6,74.0,58.0,3.5,5.5,2.2,0.0,8.9,10.8,69.53
속초,2024-10-26,20.3,12.1,16.0,84.5,75.0,3.2,6.6,1.8,0.0,4.1,13.3,79.94
속초,2024-10-27,19.9,13.3,16.3,76.9,54.0,3.3,6.7,1.7,0.0,0.5,12.0,78.13000000000001
속초,2024-10-28,17.3,11.5,14.0,87.6,70.0,9.3,11.8,3.2,9.7,0.0,11.8,85.14999999999999
속초,2024-10-29,19.1,9.0,14.0,76.0,51.0,5.7,9.8,2.2,0.0,7.0,9.6,78.41
속초,2024-10-30,21.2,11.0,15.3,65.9,40.0,3.3,4.5,1.7,0.0,9.6,8.5,70.09
속초,2024-10-31,21.0,9.4,15.2,70.9,45.0,4.9,7.1,1.9,0.0,9.6,9.7,70.41
속초,2024-11-01,19.9,12.6,16.4,69.9,58.0,2.7,3.8,1.5,0.0,0.0,10.7,69.7
속초,2024-11-02,19.0,12.4,16.0,78.4,63.0,8.3,12.9,2.7,0.4,0.1,12.1,75.95
속초,2024-11-03,20.5,10.5,17.2,67.9,49.0,7.1,9.7,2.9,0.0,9.5,10.8,70.2
속초,2024-11-04,20.8,12.4,17.3,49.8,35.0,6.9,11.5,2.6,0.0,5.0,6.5,56.28
속초,2024-11-05,13.8,8.4,11.3,73.5,45.0,6.3,11.0,2.2,9.7,0.1,6.5,68.2
속초,2024-11-06,13.2,4.3,8.4,48.9,22.0,4.3,8.5,2.6,0.0,9.7,-2.2,53.91
속초,2024-11-07,15.4,5.5,9.8,61.8,37.0,3.1,4.1,2.2,0.0,8.9,2.5,60.39
속초,2024-11-08,15.7,7.2,10.9,72.3,50.0,3.0,4.5,2.0,0.0,8.6,5.8,67.85999999999999
속초,2024-11-09,17.8,7.3,12.3,76.9,61.0,4.0,6.5,2.1,0.0,9.3,8.1,74.47
속초,2024-11-10,20.8,9.1,14.1,68.8,44.0,4.0,5.2,1.6,0.0,5.3,8.2,70.77
속초,2024-11-11,18.6,11.3,14.3,76.1,55.0,8.2,12.5,2.5,0.2,2.4,9.9,74.72
속초,2024-11-12,21.8,11.7,16.2,58.0,27.0,6.5,10.2,2.5,0.0,9.3,7.3,62.699999999999996
속초,2024-11-13,18.0,10.6,14.3,70.4,56.0,5.8,9.1,3.2,0.0,1.1,8.8,68.49000000000001
속초,2024-11-14,19.3,10.5,14.6,75.5,50.0,3.1,5.5,1.5,0.5,2.5,10.1,72.72999999999999
속초,2024-11-15,21.1,13.6,16.4,76.4,50.0,3.3,4.3,1.5,0.0,2.5,12.0,75.62000000000002
속초,2024-11-16,20.9,14.3,17.2,79.5,58.0,4.7,6.7,1.6,0.0,4.2,13.4,78.48
속초,2024-11-17,18.5,5.6,11.2,50.9,31.0,4.9,12.1,2.6,0.0,1.5,1.1,59.169999999999995
속초,2024-11-18,7.1,0.5,3.4,42.5,24.0,5.4,9.9,2.5,0.0,9.1,-8.7,47.879999999999995
속초,2024-11-19,12.1,1.1,6.4,59.6,42.0,4.9,7.5,2.3,0.0,7.0,-1.0,55.31
속초,2024-11-20,15.3,5.1,10.1,42.9,29.0,6.1,10.4,2.4,0.0,8.4,-2.0,46.2
속초,2024-11-21,15.0,7.0,11.2,50.3,42.0,4.7,9.4,2.3,0.0,6.8,1.2,49.74999999999999
속초,2024-11-22,10.9,5.0,7.6,43.1,30.0,5.1,10.6,2.6,0.0,6.8,-4.4,44.519999999999996
속초,2024-11-23,10.3,2.7,6.1,68.4,32.0,6.2,9.4,2.1,0.3,1.2,0.5,61.53
속초,2024-11-24,13.3,2.3,7.2,59.9,33.0,3.3,5.3,2.1,0.0,8.9,-0.6,59.92
속초,2024-11-25,14.1,4.7,9.9,57.9,40.0,3.3,6.1,1.9,0.0,7.9,1.9,59.349999999999994
속초,2024-11-26,12.9,5.8,9.0,60.3,37.0,9.5,19.5,3.6,6.0,2.8,1.2,59.779999999999994
속초,2024-11-27,6.0,-0.3,1.9,54.6,40.0,7.1,14.0,3.7,0.5,6.6,-6.6,56.07
속초,2024-11-28,6.7,0.5,3.0,46.9,36.0,8.3,16.7,4.2,0.0,6.4,-7.4,49.78
속초,2024-11-29,7.2,-0.9,3.3,37.0,21.0,8.1,16.3,3.0,0.0,8.2,-10.3,40.74
속초,2024-11-30,11.3,1.8,7.1,44.9,26.0,8.5,15.6,3.7,0.0,8.9,-4.3,43.519999999999996
속초,2024-12-01,13.1,4.2,9.6,53.3,40.0,5.6,9.4,2.3,0.0,6.4,0.3,49.989999999999995
속초,2024-12-02,15.5,6.6,11.5,50.4,35.0,5.8,14.0,2.3,0.0,2.1,1.3,50.43
속초,2024-12-03,8.4,0.1,4.1,30.6,14.0,6.6,10.1,2.4,0.0,7.6,-12.3,36.83
속초,2024-12-04,9.3,-0.1,4.6,25.3,11.0,7.3,13.7,2.8,0.0,9.0,-14.4,28.87
속초,2024-12-05,9.0,1.3,5.4,28.9,15.0,7.7,17.1,4.4,0.0,9.0,-11.6,28.35
속초,2024-12-06,8.1,0.1,4.1,22.4,14.0,8.9,17.7,4.0,0.0,9.0,-15.9,23.99
속초,2024-12-07,6.2,-0.9,2.1,32.4,20.0,7.8,13.8,3.5,0.0,9.0,-13.0,30.049999999999997
속초,2024-12-08,7.2,-3.3,0.8,33.9,19.0,4.0,6.8,1.8,0.0,8.9,-13.6,32.449999999999996
속초,2024-12-09,8.7,-2.3,3.0,30.5,19.0,3.2,5.8,1.8,0.0,8.9,-12.8,31.369999999999997
속초,2024-12-10,9.2,-0.8,4.3,35.1,22.0,3.8,5.8,1.8,0.0,8.8,-10.0,34.06
속초,2024-12-11,6.9,1.1,3.5,67.9,30.0,7.8,12.2,2.6,3.1,0.0,-2.8,57.6
속초,2024-12-12,7.7,-0.4,3.2,52.0,24.0,3.7,6.1,1.8,0.0,8.4,-6.8,53.49
속초,2024-12-13,6.9,-0.7,3.1,26.0,18.0,5.6,10.0,2.2,0.0,2.9,-14.7,35.39
속초,2024-12-14,5.5,-3.3,1.4,27.6,18.0,8.8,14.7,3.1,0.0,8.8,-15.6,29.72
속초,2024-12-15,6.4,-0.8,2.3,32.9,22.0,9.6,18.4,3.9,0.0,8.7,-12.7,31.15
속초,2024-12-16,6.1,-2.8,1.5,33.0,24.0,6.3,13.5,3.1,0.0,8.8,-13.3,32.44
속초,2024-12-17,6.2,-2.3,1.4,27.0,16.0,6.9,14.5,3.3,0.0,8.8,-16.0,28.79
속초,2024-12-18,3.8,-4.8,-0.2,43.1,25.0,4.3,7.9,2.4,0.0,3.6,-11.3,38.87
속초,2024-12-19,7.1,-1.6,2.1,45.0,26.0,4.7,7.4,2.3,0.0,8.7,-8.9,42.82
속초,2024-12-20,6.9,0.6,3.5,36.4,16.0,8.8,15.4,3.1,0.0,1.3,-10.5,38.79
속초,2024-12-21,5.5,-1.9,1.8,50.9,38.0,7.7,13.3,3.0,0.1,6.7,-7.4,47.41
속초,2024-12-22,4.4,-4.4,-0.7,33.3,20.0,4.8,7.7,2.2,0.0,8.7,-15.3,37.129999999999995
속초,2024-12-23,6.5,-1.4,2.7,28.5,19.0,7.5,14.3,3.2,0.0,8.8,-13.9,31.7
속초,2024-12-24,7.1,-1.5,2.0,33.1,19.0,4.7,7.6,2.1,0.0,8.8,-12.8,32.199999999999996
속초,2024-12-25,6.4,0.3,4.1,37.9,18.0,8.7,15.6,3.1,0.0,3.2,-9.5,36.0
속초,2024-12-26,7.3,-1.6,3.3,30.8,17.0,9.4,18.0,3.9,0.0,8.5,-12.9,32.45
속초,2024-12-27,2.8,-5.0,-0.9,29.0,19.0,9.0,15.6,3.6,0.0,8.9,-17.0,30.249999999999996
속초,2024-12-28,2.1,-5.2,-0.7,26.8,19.0,8.7,17.5,3.2,0.0,8.8,-17.7,27.64
속초,2024-12-29,7.0,-2.1,3.0,30.4,16.0,9.0,14.6,2.5,0.0,8.9,-13.3,29.54
속초,2024-12-30,10.2,3.0,7.0,45.8,36.0,5.8,13.3,2.7,0.0,3.5,-4.1,40.81999999999999
속초,2024-12-31,7.2,0.1,3.5,25.3,17.0,8.0,15.8,3.3,0.0,8.8,-14.7,29.91
양양,2022-01-01,0.4,-11.9,-5.5,69.8,33.0,2.1,3.4,0.5,0.0,8.7,-10.6,
양양,2022-01-02,5.5,-6.1,-0.6,68.1,31.0,3.5,7.0,1.1,0.0,7.4,-6.2,
양양,2022-01-03,3.5,-9.0,-2.0,77.0,49.0,3.0,4.6,0.7,0.0,7.5,-5.7,74.5
양양,2022-01-04,3.0,-6.3,-0.9,63.8,26.0,3.5,5.7,1.2,0.0,9.0,-7.7,66.86999999999999
양양,2022-01-05,0.6,-7.5,-3.1,69.6,45.0,2.8,5.1,0.7,0.0,0.0,-8.2,69.17999999999999
양양,2022-01-06,4.8,-7.8,-2.3,68.9,32.0,2.8,5.6,0.9,0.0,9.2,-7.9,68.53
양양,2022-01-07,4.6,-8.8,-3.0,70.9,40.0,2.1,3.4,0.4,0.0,9.1,-8.1,70.37
양양,2022-01-08,6.3,-7.8,0.3,73.8,51.0,3.3,6.5,0.9,0.0,4.1,-4.0,72.73
양양,2022-01-09,5.3,-4.5,1.0,77.5,55.0,4.0,5.8,0.6,0.0,7.3,-2.7,76.10000000000001
양양,2022-01-10,5.0,-6.0,-0.3,78.9,51.0,1.6,2.8,0.3,0.1,2.1,-3.8,78.11
양양,2022-01-11,1.8,-6.1,-3.7,57.4,41.0,5.4,10.2,2.9,0.2,8.8,-11.0,63.71
양양,2022-01-12,0.1,-10.4,-5.4,62.5,37.0,3.2,5.9,1.0,0.0,9.2,-11.7,63.120000000000005
양양,2022-01-13,-1.1,-7.1,-4.5,67.6,46.0,5.2,10.0,2.0,0.5,5.5,-9.9,65.55999999999999
양양,2022-01-14,2.2,-10.7,-4.6,60.0,22.0,3.9,6.8,0.9,0.0,9.3,-12.1,61.769999999999996
양양,2022-01-15,6.2,-7.1,0.2,64.1,35.0,2.1,3.7,0.8,0.0,2.4,-6.3,63.62999999999999
양양,2022-01-16,5.3,-3.9,0.3,54.3,36.0,5.3,9.2,2.4,0.0,9.0,-8.0,56.83
양양,2022-01-17,2.5,-8.9,-3.4,67.8,46.0,5.1,10.3,1.4,0.3,5.7,-8.7,64.72999999999999
양양,2022-01-18,1.1,-10.6,-5.5,61.5,22.0,2.8,4.8,0.8,0.0,9.3,-12.5,62.04
양양,2022-01-19,3.6,-10.0,-3.9,72.5,46.0,3.9,7.7,1.5,1.0,2.9,-8.3,69.83
양양,2022-01-20,1.4,-11.6,-5.4,73.4,35.0,3.5,5.2,1.0,0.0,9.4,-9.8,72.03
양양,2022-01-21,4.9,-11.4,-3.8,64.1,8.0,2.7,3.8,0.5,0.0,9.5,-11.4,66.79999999999998
양양,2022-01-22,7.0,-6.3,0.3,65.3,40.0,3.0,4.4,0.5,0.0,1.6,-5.9,65.86999999999999
양양,2022-01-23,8.5,-3.4,2.0,64.6,36.0,3.9,5.8,1.4,0.0,6.0,-4.3,64.69
양양,2022-01-24,8.9,-4.3,2.9,68.9,44.0,3.2,4.4,0.7,0.0,4.5,-2.8,67.68
양양,2022-01-25,6.4,0.8,4.1,72.5,57.0,3.0,4.7,0.8,0.0,0.0,-0.4,70.99
양양,2022-01-26,7.1,-2.9,1.4,68.8,27.0,3.3,5.4,1.0,0.0,7.2,-4.5,69.55
양양,2022-01-27,5.1,-5.4,-1.2,67.6,34.0,2.8,5.7,0.9,0.0,9.3,-7.0,68.32999999999998
양양,2022-01-28,4.0,-6.4,-1.8,65.6,30.0,3.1,5.6,0.9,0.0,9.4,-8.0,66.32
양양,2022-01-29,2.2,-8.1,-3.2,62.8,28.0,3.7,7.0,1.1,0.0,9.4,-10.1,63.83999999999999
양양,2022-01-30,3.6,-9.5,-2.9,60.8,25.0,3.2,6.1,0.9,0.0,9.6,-10.3,61.68
양양,2022-01-31,5.6,-9.1,-0.7,68.8,39.0,4.1,7.2,1.2,3.1,9.6,-6.2,66.6
양양,2022-02-01,1.9,-1.2,0.3,71.9,53.0,4.2,8.7,1.9,1.0,0.9,-4.3,70.17
양양,2022-02-02,1.2,-4.5,-1.3,62.1,42.0,2.9,5.9,1.1,0.0,8.4,-7.9,64.73
양양,2022-02-03,2.0,-7.9,-2.5,62.1,30.0,3.7,7.0,1.2,0.0,9.7,-9.3,63.08
양양,2022-02-04,1.4,-6.0,-3.2,69.6,41.0,4.4,8.6,1.7,0.6,6.7,-8.2,67.35
양양,2022-02-05,-0.2,-7.4,-4.0,64.6,45.0,4.3,9.3,1.4,0.0,6.2,-9.9,65.35
양양,2022-02-06,3.4,-8.3,-2.0,60.6,38.0,5.1,9.9,1.6,0.0,7.3,-8.8,62.300000000000004
양양,2022-02-07,2.2,-8.4,-2.6,59.9,29.0,3.0,5.3,0.9,0.0,3.6,-10.1,60.51
양양,2022-02-08,6.6,-5.8,-0.4,62.8,34.0,3.5,6.7,1.2,0.0,7.4,-7.0,62.0
양양,2022-02-09,7.2,-7.3,-0.1,62.6,27.0,2.0,3.5,0.7,0.0,9.2,-7.5,62.370000000000005
양양,2022-02-10,7.9,-4.0,1.2,61.0,30.0,3.9,7.7,1.2,0.0,9.8,-6.4,61.5
양양,2022-02-11,9.0,-5.7,0.9,66.5,35.0,5.0,6.8,1.2,0.0,9.2,-5.3,65.01
양양,2022-02-12,10.7,-4.0,2.1,58.0,17.0,4.5,7.5,1.0,0.0,9.5,-6.8,59.99999999999999
양양,2022-02-13,10.4,-3.0,2.6,66.0,34.0,3.7,5.6,1.0,0.0,5.3,-3.5,64.45
양양,2022-02-14,10.1,-4.9,1.7,70.9,34.0,5.3,9.4,1.9,1.7,7.3,-3.7,68.63000000000001
양양,2022-02-15,0.3,-5.2,-2.8,65.0,51.0,4.4,8.6,2.2,0.0,3.3,-8.5,66.28
양양,2022-02-16,-2.1,-6.5,-5.0,61.5,42.0,5.1,9.6,2.3,0.7,6.3,-11.5,63.14
양양,2022-02-17,-2.0,-8.5,-5.4,54.9,36.0,4.7,7.7,1.8,0.0,10.1,-13.3,57.230000000000004
양양,2022-02-18,6.5,-10.9,-2.0,52.8,12.0,2.8,4.2,0.8,0.0,9.5,-12.6,54.089999999999996
양양,2022-02-19,4.0,-3.7,-0.4,61.4,46.0,4.6,8.0,1.4,0.0,1.8,-7.0,59.03
양양,2022-02-20,-0.4,-5.7,-3.1,47.5,29.0,5.6,9.3,2.5,0.0,10.3,-13.1,50.81
양양,2022-02-21,5.8,-8.7,-1.6,62.5,34.0,6.4,12.0,2.2,0.0,8.4,-8.3,59.39
양양,2022-02-22,1.8,-6.9,-2.4,48.4,35.0,4.3,7.8,1.7,0.0,7.1,-12.0,51.129999999999995
양양,2022-02-23,0.6,-10.0,-4.7,50.8,31.0,4.3,6.9,1.7,0.0,10.1,-13.9,51.489999999999995
양양,2022-02-24,4.8,-10.3,-1.9,61.4,30.0,3.8,7.9,1.3,0.0,10.5,-9.0,57.980000000000004
양양,2022-02-25,9.6,-5.3,2.6,79.4,52.0,4.6,8.4,2.1,0.0,8.9,-0.9,72.94
양양,2022-02-26,9.6,1.8,6.1,75.5,53.0,7.6,13.8,3.9,0.0,5.4,1.9,74.86999999999999
양양,2022-02-27,9.4,-2.6,5.0,51.9,22.0,7.7,11.2,3.2,0.0,10.6,-4.6,59.370000000000005
양양,2022-02-28,13.4,-1.7,6.8,53.5,15.0,3.7,6.4,1.5,0.0,8.3,-4.1,55.379999999999995
양양,2022-03-01,10.9,-2.2,6.5,73.1,56.0,3.6,6.9,1.6,0.6,3.6,1.8,67.06
양양,2022-03-02,9.2,-4.9,3.4,63.1,29.0,4.4,9.3,2.2,0.0,10.7,-3.6,64.14
양양,2022-03-03,12.5,0.1,6.3,70.1,23.0,4.2,6.4,2.1,0.0,10.5,0.2,69.0
양양,2022-03-04,14.9,-2.5,7.7,65.0,25.0,8.3,19.8,3.4,0.0,6.8,0.1,65.83
양양,2022-03-05,7.0,0.9,3.5,37.3,20.0,7.9,15.2,3.4,0.0,10.6,-10.3,46.12
양양,2022-03-06,7.1,-3.1,2.0,37.3,21.0,3.9,7.5,1.8,0.0,10.9,-12.0,40.06999999999999
양양,2022-03-07,10.2,-5.3,2.1,58.8,30.0,3.2,4.8,1.1,0.0,8.7,-5.8,52.349999999999994
양양,2022-03-08,12.4,-4.8,4.0,71.6,43.0,3.6,6.6,1.2,0.0,10.5,-1.2,65.60999999999999
양양,2022-03-09,15.2,-1.9,6.1,74.1,27.0,3.3,5.4,0.9,0.0,8.7,0.8,72.07
양양,2022-03-10,16.3,-1.7,6.9,67.4,13.0,4.6,8.1,1.5,0.0,7.6,-1.2,69.16
양양,2022-03-11,16.0,0.8,9.3,74.6,46.0,2.2,3.6,0.6,0.0,0.2,4.6,73.10999999999999
양양,2022-03-12,19.5,5.0,13.2,77.3,58.0,5.7,9.5,1.7,0.0,2.9,8.9,75.76999999999998
양양,2022-03-13,16.8,10.1,12.2,96.5,67.0,7.3,13.3,2.2,21.6,0.0,11.5,90.46999999999998
양양,2022-03-14,13.0,4.6,8.8,93.5,81.0,7.7,14.0,2.5,10.1,0.1,7.7,92.48
양양,2022-03-15,15.0,0.1,6.9,79.6,49.0,4.2,5.2,1.2,0.0,9.4,3.1,84.07
양양,2022-03-16,17.0,0.2,8.5,70.1,33.0,5.0,7.0,1.2,0.0,8.8,2.3,74.33999999999999
양양,2022-03-17,9.9,6.2,8.0,88.8,73.0,4.1,7.6,1.3,6.2,0.0,6.2,84.13999999999999
양양,2022-03-18,9.5,5.8,7.4,77.4,66.0,5.9,8.4,3.1,1.0,0.0,3.6,78.95
양양,2022-03-19,6.8,3.1,4.5,85.3,67.0,5.8,10.7,2.1,9.7,0.7,2.1,84.07
양양,2022-03-20,9.7,1.7,5.0,70.6,51.0,4.3,7.1,1.9,0.0,6.8,-0.2,74.21999999999998
양양,2022-03-21,10.9,-1.5,4.7,57.8,24.0,3.1,5.1,1.1,0.0,7.3,-3.5,63.10999999999999
양양,2022-03-22,11.5,0.5,6.1,60.9,29.0,4.1,7.0,1.4,0.0,11.0,-1.5,61.25
양양,2022-03-23,9.4,1.4,5.1,68.6,42.0,3.1,4.9,1.2,0.0,1.0,-0.6,65.97999999999999
양양,2022-03-24,14.2,1.6,8.5,65.4,49.0,4.1,6.5,1.9,0.0,8.2,2.0,65.59
양양,2022-03-25,18.4,2.6,11.6,73.3,42.0,3.7,6.5,1.2,11.9,1.0,6.2,71.25
양양,2022-03-26,15.0,5.9,10.8,84.6,60.0,6.2,9.4,2.5,17.5,4.6,8.1,80.42
양양,2022-03-27,13.9,3.0,7.8,53.6,27.0,4.8,8.5,2.5,0.0,11.0,-2.2,61.769999999999996
양양,2022-03-28,14.5,-1.4,6.3,54.4,16.0,2.7,5.2,1.0,0.0,11.6,-4.0,57.26
양양,2022-03-29,16.9,-0.3,8.7,65.1,38.0,3.5,6.7,1.2,0.0,11.5,1.9,61.809999999999995
양양,2022-03-30,16.4,2.2,9.7,91.5,71.0,3.6,5.6,0.9,0.8,0.9,8.2,82.50999999999999
양양,2022-03-31,13.4,5.8,9.9,78.3,58.0,4.1,6.4,1.4,0.0,0.6,6.1,79.62
양양,2022-04-01,14.5,2.2,7.7,66.8,25.0,4.0,6.1,1.2,0.0,9.5,1.0,71.57000000000001
양양,2022-04-02,13.3,-0.1,6.3,63.4,32.0,4.5,7.4,1.7,0.0,11.1,-1.0,65.57
양양,2022-04-03,16.1,-1.0,7.6,61.6,25.0,4.0,6.4,1.4,0.0,11.8,-0.8,62.48
양양,2022-04-04,17.6,0.3,8.7,56.5,23.0,4.2,7.3,1.3,0.0,12.0,-1.0,58.209999999999994
양양,2022-04-05,16.3,-0.4,8.1,53.8,20.0,4.3,7.2,1.8,0.0,7.4,-2.3,55.11999999999999
양양,2022-04-06,18.7,4.6,10.8,55.8,28.0,4.3,5.9,1.5,0.0,8.9,1.1,55.46999999999999
양양,2022-04-07,16.2,5.9,10.3,55.1,27.0,5.0,7.9,2.3,0.3,9.9,0.7,55.11000000000001
양양,2022-04-08,21.2,1.4,12.1,51.6,23.0,4.4,6.7,1.8,0.0,12.1,0.6,52.72
양양,2022-04-09,22.4,10.6,18.5,37.5,30.0,8.5,14.0,3.9,0.0,10.6,3.6,42.08
양양,2022-04-10,23.2,12.8,18.0,47.3,18.0,5.2,8.7,2.6,0.0,11.7,5.7,45.769999999999996
양양,2022-04-11,25.5,9.6,18.3,71.6,38.0,4.8,7.6,1.7,0.0,11.0,12.3,63.32999999999999
양양,2022-04-12,23.8,13.4,17.2,84.6,57.0,6.7,9.9,2.6,0.0,7.5,14.3,78.27
양양,2022-04-13,13.7,9.3,11.4,97.8,92.0,3.5,6.4,1.6,27.3,0.0,10.9,92.53999999999999
양양,2022-04-14,13.3,8.4,10.2,86.4,69.0,5.8,7.7,2.6,11.5,1.1,7.8,88.49999999999999
양양,2022-04-15,17.8,7.2,12.2,57.8,28.0,4.2,6.9,2.0,0.0,12.0,3.5,67.52
양양,2022-04-16,18.9,4.1,11.6,59.1,14.0,3.6,6.2,1.5,0.0,12.1,1.3,61.57
양양,2022-04-17,20.2,3.4,12.5,58.5,25.0,5.5,7.1,2.2,0.0,12.0,3.3,58.55
양양,2022-04-18,20.8,7.7,13.5,51.5,18.0,3.7,6.4,1.4,0.0,9.0,2.2,53.66
양양,2022-04-19,20.9,5.5,13.8,53.8,21.0,3.9,6.5,1.7,0.0,12.2,3.3,53.809999999999995
양양,2022-04-20,20.6,4.8,13.3,54.6,29.0,4.8,7.9,2.2,0.0,12.4,2.9,54.129999999999995
양양,2022-04-21,21.8,4.5,13.3,59.0,15.0,6.3,10.9,2.2,0.0,10.6,3.9,57.6
양양,2022-04-22,20.4,11.4,15.0,77.8,53.0,8.6,14.9,3.4,0.0,3.9,10.7,71.72
양양,2022-04-23,24.1,8.8,16.1,68.8,33.0,3.8,5.5,1.3,0.0,8.8,9.4,69.62
양양,2022-04-24,24.1,12.4,17.9,78.0,52.0,5.4,8.4,1.8,0.0,7.5,13.7,76.14
양양,2022-04-25,24.8,16.0,19.6,78.8,51.0,3.1,5.7,0.9,1.4,2.2,15.5,77.63999999999999
양양,2022-04-26,24.5,15.3,18.9,72.9,48.0,3.9,8.9,1.9,13.2,5.7,13.4,74.59
양양,2022-04-27,22.0,10.7,15.4,42.9,25.0,4.5,8.7,2.2,0.0,11.8,1.9,52.49
양양,2022-04-28,24.1,7.6,14.9,58.8,29.0,5.0,9.2,1.2,0.0,8.6,6.0,57.029999999999994
양양,2022-04-29,16.6,10.3,13.2,75.6,53.0,5.5,8.3,2.4,14.3,5.6,8.7,68.97
양양,2022-04-30,18.2,7.4,12.4,73.8,50.0,4.8,7.5,1.6,0.0,6.3,7.4,72.66
양양,2022-05-01,18.5,5.8,12.7,59.0,20.0,6.3,11.1,2.7,0.0,12.2,3.4,63.62
양양,2022-05-02,19.2,6.9,12.6,59.6,18.0,5.3,8.7,2.0,0.0,11.8,3.0,60.9
양양,2022-05-03,19.7,4.7,12.8,52.9,20.0,5.2,7.6,2.3,0.0,13.0,1.4,54.849999999999994
양양,2022-05-04,23.0,7.4,15.7,40.1,22.0,5.2,8.7,2.4,0.0,12.7,0.9,44.61
양양,2022-05-05,23.9,6.3,16.5,59.6,33.0,4.4,7.2,1.6,0.0,13.1,7.9,55.03
양양,2022-05-06,25.4,9.5,17.9,72.6,38.0,3.6,6.0,1.3,0.0,12.2,12.1,66.75
양양,2022-05-07,21.5,11.1,16.5,62.5,22.0,4.7,7.7,1.8,0.0,7.9,8.0,64.22999999999999
양양,2022-05-08,21.7,10.2,15.4,62.5,42.0,3.8,6.2,1.3,1.6,3.7,7.8,63.51
양양,2022-05-09,23.2,11.2,16.5,64.9,31.0,4.5,6.8,1.7,0.6,10.1,8.9,64.18
양양,2022-05-10,24.9,10.5,17.5,52.1,19.0,5.0,7.2,1.4,0.0,10.4,5.3,55.7
양양,2022-05-11,23.8,13.9,18.0,55.8,38.0,4.7,6.6,1.2,0.0,6.8,8.6,55.97
양양,2022-05-12,26.1,12.4,18.7,62.6,41.0,3.4,5.8,1.2,0.0,10.5,10.9,60.190000000000005
양양,2022-05-13,21.9,14.1,18.0,54.9,33.0,4.8,9.4,1.7,0.0,6.1,8.1,56.53
양양,2022-05-14,20.3,8.9,14.4,48.9,13.0,5.6,10.3,2.5,0.0,11.8,2.5,51.46999999999999
양양,2022-05-15,20.4,8.1,14.6,47.4,19.0,4.3,8.1,2.1,0.0,12.8,1.5,48.45
양양,2022-05-16,22.3,9.0,15.9,55.4,20.0,5.7,9.9,2.7,0.0,13.2,5.7,53.14999999999999
양양,2022-05-17,25.4,11.7,18.7,63.1,37.0,5.5,9.7,2.6,0.0,12.9,10.8,59.99
양양,2022-05-18,25.1,15.6,20.4,48.8,31.0,6.9,12.8,3.1,0.0,12.6,8.6,52.32
양양,2022-05-19,23.3,15.6,19.5,43.0,30.0,6.3,10.3,3.1,0.0,8.6,6.2,46.17
양양,2022-05-20,25.5,12.8,19.0,59.9,28.0,4.0,6.8,1.9,0.0,10.3,10.4,55.410000000000004
양양,2022-05-21,24.4,14.6,19.0,76.1,53.0,5.0,8.4,2.2,0.0,12.5,14.2,69.55
양양,2022-05-22,23.2,14.2,18.6,78.9,57.0,5.7,8.2,3.0,0.0,12.6,14.5,76.44
양양,2022-05-23,29.3,15.0,21.0,71.5,38.0,5.6,7.7,2.6,0.0,12.9,14.9,73.44
양양,2022-05-24,28.2,13.3,20.7,64.1,35.0,4.1,6.3,1.7,0.0,13.4,12.6,67.05999999999999
양양,2022-05-25,26.3,13.6,19.6,73.8,44.0,4.8,7.6,1.8,1.5,9.0,14.2,71.63
양양,2022-05-26,23.7,12.9,18.4,60.3,26.0,4.7,7.8,2.5,0.7,13.7,9.3,63.379999999999995
양양,2022-05-27,25.7,15.9,19.8,63.0,41.0,4.6,8.1,2.8,0.0,13.4,11.9,63.54
양양,2022-05-28,28.1,15.0,21.6,59.0,21.0,5.2,8.7,2.6,0.0,13.4,11.5,59.93
양양,2022-05-29,28.0,16.9,22.0,69.4,37.0,4.3,6.4,1.7,0.0,10.1,15.5,66.67999999999999
양양,2022-05-30,23.9,17.6,20.2,71.8,37.0,3.9,6.4,1.5,0.0,0.7,14.5,70.04
양양,2022-05-31,26.9,11.4,19.0,53.5,17.0,5.0,7.9,2.2,0.0,13.5,7.7,58.75
양양,2022-06-01,29.2,15.5,21.3,43.8,14.0,4.7,8.7,2.2,0.0,13.6,6.5,48.54
양양,2022-06-02,26.6,14.2,20.6,72.1,48.0,4.1,6.8,1.9,0.0,12.7,15.0,64.57999999999998
양양,2022-06-03,30.2,19.1,22.7,70.5,33.0,3.9,6.0,1.5,0.0,10.4,16.5,68.14999999999999
양양,2022-06-04,29.9,18.5,24.1,69.4,37.0,2.9,5.4,1.3,0.0,8.2,17.4,69.89
양양,2022-06-05,22.6,17.2,19.3,84.0,59.0,3.5,5.3,1.4,1.4,0.3,16.4,79.73
양양,2022-06-06,23.7,17.3,19.4,79.4,61.0,5.0,7.3,1.7,1.0,4.1,15.5,79.32
양양,2022-06-07,21.7,14.6,17.6,76.1,56.0,3.1,4.6,1.3,0.0,2.2,13.1,77.55000000000001
양양,2022-06-08,24.8,15.7,19.8,79.5,54.0,3.4,5.8,1.3,0.0,7.7,15.8,78.81
양양,2022-06-09,27.2,16.5,20.7,77.8,48.0,3.9,6.6,1.1,0.0,7.0,16.2,77.97
양양,2022-06-10,27.8,15.8,21.8,71.4,47.0,4.2,7.1,1.3,0.0,7.7,15.8,73.49000000000001
양양,2022-06-11,29.6,16.6,23.2,67.6,37.0,5.4,7.3,2.0,0.0,12.2,16.2,69.38
양양,2022-06-12,28.8,18.0,22.6,75.6,49.0,5.0,8.0,1.7,0.0,9.7,17.6,73.58
양양,2022-06-13,28.7,19.0,23.4,62.5,39.0,4.6,7.6,2.3,0.0,10.2,15.0,65.63
양양,2022-06-14,23.2,15.5,18.8,72.8,50.0,6.7,11.9,2.9,3.4,2.0,13.4,71.02
양양,2022-06-15,24.4,15.1,18.8,90.3,68.0,4.7,9.3,1.9,16.9,3.9,17.0,84.02
양양,2022-06-16,25.6,17.6,20.9,72.8,53.0,2.9,5.3,1.4,0.0,8.0,15.4,76.3
양양,2022-06-17,26.1,16.1,21.6,85.5,68.0,3.5,5.9,1.4,0.0,0.3,18.9,83.44
양양,2022-06-18,26.7,20.6,23.2,81.6,64.0,5.0,8.1,2.0,0.0,6.3,19.7,81.5
양양,2022-06-19,28.1,21.0,23.8,85.4,62.0,3.8,6.6,1.6,0.3,4.4,20.9,84.64999999999999
양양,2022-06-20,29.4,21.9,25.2,80.3,59.0,3.0,4.8,1.1,0.0,6.3,21.2,81.44999999999999
양양,2022-06-21,32.1,19.8,24.8,80.6,49.0,3.8,5.3,1.4,0.0,11.3,20.7,81.02
양양,2022-06-22,31.2,21.2,25.0,75.8,40.0,3.8,6.4,1.8,0.0,11.5,19.8,77.21
양양,2022-06-23,29.4,21.2,24.1,94.4,69.0,5.3,10.9,2.6,32.5,1.1,23.0,89.3
양양,2022-06-24,25.7,20.8,23.4,89.5,77.0,5.9,11.1,2.9,11.1,2.7,21.5,89.11
양양,2022-06-25,29.9,22.0,25.9,83.5,64.0,5.4,8.3,2.8,0.0,5.2,22.7,85.78999999999999
양양,2022-06-26,29.0,24.4,26.8,81.8,72.0,4.9,8.8,3.0,0.3,1.4,23.4,82.91
양양,2022-06-27,30.2,26.0,28.2,75.1,67.0,6.0,13.0,3.1,0.0,0.4,23.3,77.27999999999999
양양,2022-06-28,29.9,26.7,28.4,71.0,65.0,6.6,14.6,4.6,0.0,3.1,22.6,72.9
양양,2022-06-29,28.3,23.7,25.8,92.5,70.0,5.9,13.9,3.3,122.5,0.0,24.4,86.46000000000001
양양,2022-06-30,29.4,25.6,27.2,83.1,73.0,4.7,10.8,3.0,2.2,1.0,24.0,83.76999999999998
양양,2022-07-01,31.9,23.8,27.7,77.9,56.0,4.8,9.0,1.9,0.0,12.7,23.1,80.4
양양,2022-07-02,32.1,22.7,27.1,85.9,59.0,2.4,4.6,0.9,0.0,10.0,24.2,84.02000000000001
양양,2022-07-03,33.7,22.5,27.7,77.4,51.0,3.3,6.1,1.1,0.0,11.0,22.9,79.15
양양,2022-07-04,32.7,24.1,27.4,81.3,58.0,4.8,8.4,1.0,0.0,7.0,23.7,80.98
양양,2022-07-05,32.5,24.2,27.3,84.8,62.0,2.9,5.3,0.9,0.0,4.4,24.3,83.35999999999999
양양,2022-07-06,34.8,23.8,29.5,74.0,52.0,3.5,6.2,1.6,0.0,8.1,23.9,76.88999999999999
양양,2022-07-07,33.1,25.9,28.4,81.0,59.0,5.6,9.6,3.0,1.0,3.1,24.6,79.98
양양,2022-07-08,30.6,23.6,26.8,78.8,59.0,4.5,8.4,2.7,0.0,8.1,22.5,78.76
양양,2022-07-09,32.1,22.0,26.4,82.8,60.0,3.7,5.6,1.2,0.0,7.7,23.0,81.82
양양,2022-07-10,33.6,22.7,27.7,77.9,55.0,3.8,6.1,1.6,0.0,9.1,23.1,78.97
양양,2022-07-11,29.5,22.7,25.2,92.1,70.0,2.6,4.4,0.9,16.5,2.8,23.6,88.33
양양,2022-07-12,29.4,22.0,26.1,90.1,71.0,2.2,3.2,0.8,0.0,0.3,24.2,89.28
양양,2022-07-13,27.1,23.7,25.6,95.1,80.0,5.3,9.8,1.9,40.9,0.0,24.7,93.79999999999998
양양,2022-07-14,29.7,22.3,25.3,88.4,70.0,4.3,6.5,2.2,0.0,3.8,23.1,89.91000000000001
양양,2022-07-15,31.0,20.2,25.0,82.8,58.0,2.9,4.6,1.4,0.0,9.0,21.5,85.15
양양,2022-07-16,29.9,22.7,26.0,78.0,54.0,5.1,9.2,2.1,0.0,11.6,21.5,80.0
양양,2022-07-17,30.2,21.8,25.7,79.5,50.0,3.6,6.1,1.8,0.0,8.8,21.5,79.53
양양,2022-07-18,25.2,21.7,23.4,95.0,84.0,4.1,6.7,1.2,8.4,0.2,22.4,90.2
양양,2022-07-19,30.1,20.7,25.4,83.4,61.0,4.5,8.0,1.9,0.0,6.9,22.1,85.33
양양,2022-07-20,31.8,23.3,26.7,81.0,53.0,2.6,5.2,1.2,1.2,6.0,22.9,82.88
양양,2022-07-21,26.1,21.6,23.8,86.8,70.0,4.9,7.6,2.0,38.8,0.4,21.2,85.3
양양,2022-07-22,29.5,21.8,25.5,75.5,58.0,4.3,7.4,1.9,0.0,9.3,20.5,78.30999999999999
양양,2022-07-23,27.4,20.2,23.9,90.3,68.0,2.9,4.7,1.0,18.0,1.7,22.1,86.99000000000001
양양,2022-07-24,28.4,22.8,25.5,92.5,75.0,2.8,4.6,0.9,0.4,1.0,24.0,90.36
양양,2022-07-25,31.0,23.0,26.2,85.3,58.0,3.0,6.1,1.0,0.0,9.5,23.2,87.24
양양,2022-07-26,32.5,21.1,26.7,84.9,55.0,3.6,5.8,1.1,0.0,10.4,23.6,85.74
양양,2022-07-27,30.9,23.3,27.1,81.4,55.0,3.3,5.1,1.1,0.0,8.6,23.3,82.49
양양,2022-07-28,33.6,22.4,27.6,80.5,50.0,3.3,5.7,1.1,0.0,11.8,23.4,81.11999999999999
양양,2022-07-29,33.9,23.8,28.8,78.9,54.0,3.3,5.4,1.2,0.0,12.2,24.4,79.47000000000001
양양,2022-07-30,33.6,24.0,28.9,77.0,56.0,4.9,7.2,1.6,0.0,7.1,24.2,77.73
양양,2022-07-31,27.8,25.4,26.4,95.3,79.0,2.3,4.0,1.1,16.3,0.0,25.5,90.0
양양,2022-08-01,31.8,25.1,27.8,89.1,72.0,4.3,7.4,1.5,100.8,1.9,25.6,89.13
양양,2022-08-02,29.4,25.9,27.7,88.8,78.0,4.1,9.7,2.3,0.8,1.3,25.6,89.50999999999999
양양,2022-08-03,31.8,26.3,28.4,87.0,66.0,4.6,7.7,2.4,0.3,7.8,25.9,87.57
양양,2022-08-04,32.8,26.0,28.8,84.0,61.0,4.2,6.9,1.6,0.0,8.8,25.6,85.08
양양,2022-08-05,32.2,26.3,28.8,87.0,69.0,4.1,7.9,1.9,3.2,9.2,26.2,86.4
양양,2022-08-06,33.5,26.3,29.3,83.5,61.0,3.3,6.2,1.9,0.0,9.5,25.9,84.25
양양,2022-08-07,32.7,26.0,29.1,83.1,64.0,6.1,9.9,2.5,0.0,6.0,25.8,83.57
양양,2022-08-08,29.5,27.1,28.4,87.0,79.0,4.6,11.3,2.9,7.0,0.0,26.0,85.86999999999999
양양,2022-08-09,29.2,26.9,28.0,89.0,81.0,5.6,9.7,3.5,18.3,0.1,26.0,88.01
양양,2022-08-10,28.1,22.2,23.8,98.9,87.0,5.1,9.6,1.2,109.2,0.0,23.6,95.73
양양,2022-08-11,27.1,24.7,25.6,97.9,92.0,5.4,11.0,2.2,70.1,0.0,25.2,97.21000000000001
양양,2022-08-12,31.3,21.4,25.9,84.6,56.0,2.8,4.8,0.9,0.0,12.0,22.8,88.69
양양,2022-08-13,27.7,23.0,25.4,95.8,80.0,3.0,6.3,0.8,36.1,0.9,24.6,93.77
양양,2022-08-14,28.6,24.8,26.9,95.8,88.0,3.5,6.7,1.4,34.4,0.0,26.1,94.67999999999998
양양,2022-08-15,30.8,24.8,28.2,84.8,71.0,6.9,12.9,4.0,30.6,3.0,25.3,88.1
양양,2022-08-16,30.9,21.9,26.4,82.9,55.0,3.6,6.6,1.7,0.0,9.2,22.9,84.57000000000001
양양,2022-08-17,31.1,20.8,24.8,83.0,51.0,3.7,5.9,1.2,0.0,9.0,21.2,83.16
양양,2022-08-18,30.1,19.4,24.5,83.3,53.0,3.7,5.9,1.1,0.0,9.8,21.0,83.2
양양,2022-08-19,29.5,20.6,26.3,89.1,77.0,4.5,8.3,2.0,0.6,1.3,24.2,87.32999999999998
양양,2022-08-20,31.6,22.6,27.6,82.5,58.0,4.2,9.4,1.6,4.1,7.4,24.0,83.89999999999999
양양,2022-08-21,31.9,21.5,26.0,87.3,58.0,2.9,5.0,0.9,0.0,7.3,23.4,86.51999999999998
양양,2022-08-22,31.9,22.9,26.6,80.4,51.0,4.3,9.1,1.7,0.2,8.2,22.5,81.99000000000001
양양,2022-08-23,27.5,19.9,23.8,92.6,65.0,2.4,4.6,0.9,13.5,2.3,22.4,89.63
양양,2022-08-24,26.6,19.8,23.1,84.0,65.0,4.6,8.2,1.2,0.0,4.3,20.1,85.36
양양,2022-08-25,27.6,18.4,21.7,84.6,48.0,3.4,6.5,0.8,0.1,0.6,18.5,85.28
양양,2022-08-26,28.8,16.3,22.4,79.5,54.0,3.9,6.4,1.2,0.0,10.4,18.3,80.97
양양,2022-08-27,25.4,15.8,21.5,65.9,37.0,3.9,7.4,1.9,0.0,10.3,14.0,70.49
양양,2022-08-28,28.2,13.9,21.3,72.8,40.0,3.2,5.5,1.2,0.0,12.3,15.4,72.09
양양,2022-08-29,21.2,18.2,19.6,87.3,68.0,3.3,5.2,0.7,1.7,0.0,17.3,82.25999999999999
양양,2022-08-30,20.3,17.7,19.4,98.9,90.0,3.0,4.8,1.1,92.9,0.0,19.2,93.97
양양,2022-08-31,24.1,19.7,21.5,93.1,73.0,2.9,4.1,1.1,0.8,0.7,20.2,93.67999999999999
양양,2022-09-01,28.7,17.6,22.5,83.4,50.0,4.0,6.2,1.2,0.0,9.5,19.1,86.89
양양,2022-09-02,28.3,17.4,23.4,74.4,55.0,5.3,8.0,1.6,0.0,8.0,18.1,78.07000000000001
양양,2022-09-03,28.6,18.6,23.5,73.8,59.0,5.2,8.0,2.2,0.0,8.3,18.4,74.88
양양,2022-09-04,27.6,20.8,23.7,90.4,75.0,3.9,8.0,1.4,12.2,0.0,22.0,85.48
양양,2022-09-05,23.2,17.8,20.2,98.4,94.0,5.5,12.8,2.6,77.5,0.0,19.9,94.33999999999999
양양,2022-09-06,26.4,17.7,21.2,80.1,47.0,6.4,12.0,3.4,38.7,8.9,17.1,84.79
양양,2022-09-07,28.1,16.1,21.5,79.1,32.0,2.4,4.2,1.2,0.0,11.5,16.7,81.22999999999999
양양,2022-09-08,28.4,13.7,20.9,76.6,31.0,2.4,4.5,1.0,0.0,11.8,15.6,77.45
양양,2022-09-09,28.7,15.2,21.2,80.4,39.0,3.1,5.6,1.0,0.0,9.5,17.1,79.50999999999999
양양,2022-09-10,26.7,17.2,21.7,69.6,46.0,4.0,6.2,1.3,0.0,7.8,15.5,72.46
양양,2022-09-11,25.8,18.1,21.6,82.3,55.0,2.4,4.7,0.8,0.0,1.7,18.1,79.57
양양,2022-09-12,27.7,18.7,22.9,88.5,59.0,1.8,3.2,0.7,0.2,2.4,20.7,85.36999999999999
양양,2022-09-13,26.5,20.8,23.9,86.9,72.0,3.1,5.0,1.4,0.1,0.1,21.4,86.76
양양,2022-09-14,27.6,19.9,23.3,69.6,51.0,4.8,6.8,2.2,1.2,3.0,17.2,74.94999999999999
양양,2022-09-15,29.2,18.9,24.6,72.3,56.0,4.2,6.7,1.6,0.0,6.5,19.1,73.21999999999998
양양,2022-09-16,31.2,21.8,25.7,81.0,60.0,4.4,7.0,1.8,3.9,3.8,22.0,78.11999999999999
양양,2022-09-17,30.1,22.2,25.5,87.5,66.0,2.9,5.5,1.2,0.0,5.5,23.1,84.67999999999999
양양,2022-09-18,30.0,21.8,26.0,83.8,69.0,3.5,6.8,1.7,0.6,2.0,22.8,84.25999999999999
양양,2022-09-19,28.2,17.2,23.9,66.1,50.0,6.7,12.0,3.6,0.0,8.6,16.9,71.78
양양,2022-09-20,23.0,13.5,18.3,71.8,44.0,3.8,6.2,1.4,0.0,6.0,12.7,71.86
양양,2022-09-21,24.5,10.6,17.4,74.3,36.0,4.3,6.7,1.0,0.0,11.4,11.9,72.98
양양,2022-09-22,24.3,11.5,17.8,76.5,44.0,2.4,3.9,0.7,0.0,8.0,13.0,75.59
양양,2022-09-23,22.7,12.6,17.3,73.5,47.0,5.9,9.9,2.3,0.6,8.4,12.0,74.18
양양,2022-09-24,24.5,10.4,17.3,74.5,35.0,3.9,6.2,1.3,0.0,10.5,12.1,74.5
양양,2022-09-25,24.6,13.4,18.3,81.0,33.0,2.5,4.2,0.9,0.0,4.0,14.4,78.94999999999999
양양,2022-09-26,25.5,12.6,18.1,75.5,36.0,2.8,4.8,1.0,0.0,5.4,12.8,76.5
양양,2022-09-27,26.4,9.9,17.8,75.8,38.0,2.4,4.0,0.9,0.0,11.1,12.5,76.25999999999999
양양,2022-09-28,25.8,12.0,17.8,85.8,45.0,2.8,4.2,0.9,0.0,5.7,14.9,82.77
양양,2022-09-29,25.2,13.2,17.3,84.9,32.0,1.9,3.2,0.6,0.0,6.3,14.0,84.17
양양,2022-09-30,27.1,10.2,17.5,80.6,33.0,2.3,3.7,0.8,0.0,7.7,13.2,81.97999999999999
양양,2022-10-01,26.6,12.2,18.3,84.6,38.0,1.8,2.8,0.6,0.0,3.9,15.1,83.82999999999998
양양,2022-10-02,26.4,16.7,21.1,83.3,50.0,2.4,4.1,0.7,7.8,1.9,17.7,83.28999999999999
양양,2022-10-03,25.4,20.0,23.7,94.1,84.0,4.6,9.8,2.7,52.1,0.0,22.6,90.98999999999998
양양,2022-10-04,23.8,14.5,19.0,76.8,61.0,6.1,12.0,2.0,68.8,5.8,14.5,80.91
양양,2022-10-05,20.4,11.9,15.6,76.1,43.0,2.5,5.6,1.0,0.0,8.6,10.9,78.03999999999999
양양,2022-10-06,20.4,13.2,16.0,82.0,54.0,3.2,6.2,1.0,0.0,4.7,12.7,80.30000000000001
양양,2022-10-07,18.2,8.7,14.1,71.5,43.0,4.2,7.5,2.1,0.0,10.3,8.5,74.06
양양,2022-10-08,21.8,6.8,14.2,76.9,39.0,3.0,6.5,1.0,0.0,10.5,9.4,76.33
양양,2022-10-09,14.9,11.2,13.1,91.9,76.0,3.6,6.4,0.8,17.2,0.0,11.7,86.86000000000001
양양,2022-10-10,13.4,9.3,11.4,67.8,47.0,6.2,12.2,3.6,8.1,3.6,5.5,73.53
양양,2022-10-11,16.9,7.0,12.2,74.3,51.0,3.5,5.9,1.6,0.0,10.4,7.4,74.75999999999999
양양,2022-10-12,19.2,3.4,11.4,83.4,49.0,2.4,4.6,0.8,0.0,10.7,8.1,80.02000000000001
양양,2022-10-13,21.9,6.0,14.0,82.5,46.0,2.8,4.9,0.8,0.0,10.2,10.4,81.85999999999999
양양,2022-10-14,21.6,9.1,15.1,84.8,52.0,2.6,3.7,0.8,0.0,3.7,12.1,84.19999999999999
양양,2022-10-15,23.8,9.7,16.9,78.3,39.0,2.0,3.4,0.6,0.0,7.6,12.5,80.02
양양,2022-10-16,21.6,13.9,16.8,83.0,57.0,2.9,5.6,1.0,0.0,0.3,13.7,82.24
양양,2022-10-17,16.6,6.6,12.4,49.9,21.0,5.9,9.6,2.6,0.0,10.1,1.5,59.36
양양,2022-10-18,13.9,2.9,8.4,63.3,30.0,4.3,7.3,1.8,0.0,10.5,0.7,62.58999999999999
양양,2022-10-19,17.3,1.7,8.9,69.9,27.0,3.3,5.9,1.2,0.0,10.4,2.5,66.58
양양,2022-10-20,18.8,2.2,10.5,71.9,33.0,2.9,5.1,0.9,0.0,10.4,4.7,70.64
양양,2022-10-21,19.4,5.1,12.2,76.4,39.0,3.1,4.8,0.9,0.0,5.0,7.4,74.85000000000001
양양,2022-10-22,20.9,6.7,14.2,83.6,48.0,3.5,5.2,1.1,0.0,8.9,10.9,80.98999999999998
양양,2022-10-23,17.6,9.0,13.9,63.8,37.0,5.1,8.7,1.8,0.0,10.0,6.1,69.02
양양,2022-10-24,14.1,2.9,9.7,59.3,28.0,5.0,9.1,2.1,0.0,10.2,1.2,62.629999999999995
양양,2022-10-25,16.4,1.1,8.8,71.5,36.0,3.5,6.2,0.9,0.0,10.3,3.1,68.28999999999999
양양,2022-10-26,18.3,2.2,11.1,70.3,30.0,1.8,2.7,0.5,0.0,7.9,4.8,69.44
양양,2022-10-27,19.4,5.1,11.7,80.0,35.0,2.9,5.9,1.0,0.0,9.9,7.7,77.21000000000001
양양,2022-10-28,17.9,5.8,10.7,87.9,52.0,2.6,4.4,0.8,0.0,5.3,8.4,84.56
양양,2022-10-29,20.4,4.3,11.4,81.0,35.0,3.2,5.5,0.6,0.0,7.6,7.5,82.28
양양,2022-10-30,20.5,5.0,12.4,80.5,39.0,2.0,3.6,0.5,0.0,8.8,8.3,81.34
양양,2022-10-31,20.1,6.4,13.1,83.4,47.0,3.3,5.0,0.6,0.0,8.5,9.8,82.58
양양,2022-11-01,18.6,7.4,12.0,84.9,43.0,2.9,4.7,0.8,0.0,6.4,9.1,84.16
양양,2022-11-02,18.0,2.0,8.9,71.1,29.0,2.4,4.8,0.7,0.0,9.8,2.7,75.09
양양,2022-11-03,15.7,2.6,9.2,68.9,34.0,2.8,7.0,1.0,0.0,2.2,2.9,70.94
양양,2022-11-04,10.1,0.6,5.6,55.3,27.0,4.9,8.5,1.7,0.0,9.7,-3.4,59.599999999999994
양양,2022-11-05,14.3,-1.6,5.7,69.5,33.0,2.7,5.3,1.0,0.0,9.9,-0.3,66.6
양양,2022-11-06,15.8,1.4,8.4,71.0,43.0,3.2,5.6,0.9,0.0,6.4,2.8,69.13
양양,2022-11-07,17.3,1.5,9.5,70.0,27.0,3.6,5.1,0.8,0.0,6.7,3.2,70.15
양양,2022-11-08,18.5,5.8,11.0,82.0,49.0,1.9,3.2,0.5,0.0,5.7,7.7,78.5
양양,2022-11-09,16.5,5.7,10.1,88.1,51.0,1.9,3.1,0.5,0.0,4.2,7.9,85.07
양양,2022-11-10,18.6,2.4,10.5,80.3,42.0,3.0,4.7,0.6,0.0,9.1,6.6,82.03
양양,2022-11-11,22.2,4.5,12.4,75.8,36.0,1.9,3.5,0.5,0.0,8.1,7.3,77.92999999999999
양양,2022-11-12,23.1,6.8,16.1,83.3,50.0,7.3,10.5,1.5,33.7,2.7,12.8,81.5
양양,2022-11-13,17.7,9.6,10.4,80.6,71.0,4.9,7.5,1.7,0.0,0.0,7.1,80.66
양양,2022-11-14,14.8,5.5,9.7,76.1,52.0,4.1,6.3,1.3,0.0,6.7,5.3,77.72
양양,2022-11-15,14.0,2.7,8.6,76.5,46.0,4.9,7.3,1.6,0.8,8.3,4.2,76.83
양양,2022-11-16,16.2,3.5,8.4,74.4,27.0,2.9,5.0,0.9,0.0,8.2,3.0,74.99
양양,2022-11-17,15.6,3.1,8.7,75.0,44.0,3.6,4.8,0.9,0.0,8.9,4.0,75.03
양양,2022-11-18,17.0,1.4,8.6,74.9,32.0,3.1,5.1,0.9,0.0,8.4,3.4,74.87
양양,2022-11-19,18.8,1.9,10.0,75.1,33.0,2.0,3.6,0.5,0.0,8.9,4.9,75.05
양양,2022-11-20,18.8,6.9,11.7,74.4,33.0,2.4,4.0,0.5,0.0,4.0,6.7,74.58999999999999
양양,2022-11-21,19.3,4.7,10.9,79.3,29.0,4.2,7.2,0.8,0.0,8.8,6.7,77.9
양양,2022-11-22,13.8,6.9,10.0,90.6,63.0,2.1,3.4,0.8,0.4,0.0,8.3,86.72
양양,2022-11-23,15.8,3.9,9.5,73.8,27.0,3.8,6.1,1.1,0.0,7.5,4.2,77.71000000000001
양양,2022-11-24,14.4,3.6,8.1,82.0,53.0,2.0,3.5,0.8,0.0,6.5,4.7,81.22
양양,2022-11-25,17.3,1.2,10.0,75.1,34.0,4.6,8.3,1.4,0.0,8.3,4.7,76.35
양양,2022-11-26,14.4,-0.5,7.5,64.0,33.0,4.1,7.6,1.6,0.0,8.8,0.5,68.02
양양,2022-11-27,12.0,-2.3,4.2,73.4,37.0,2.2,3.5,0.7,0.0,8.7,-0.8,71.69000000000001
양양,2022-11-28,20.8,1.3,12.3,81.8,56.0,4.4,9.7,1.0,16.2,1.0,9.0,78.34
양양,2022-11-29,14.9,1.4,8.0,63.8,34.0,5.5,10.9,3.1,2.4,0.9,0.9,68.36
양양,2022-11-30,1.3,-4.0,-2.6,65.8,48.0,5.5,9.6,2.8,0.1,4.7,-8.2,67.0
양양,2022-12-01,-0.5,-6.8,-3.6,52.6,32.0,5.2,6.7,1.7,0.0,6.4,-12.2,56.36000000000001
양양,2022-12-02,1.5,-5.4,-1.6,62.0,35.0,3.5,5.2,1.3,0.0,8.3,-8.4,60.5
양양,2022-12-03,7.1,-1.1,3.5,81.1,61.0,5.0,9.0,0.9,1.3,2.1,0.5,74.42999999999999
양양,2022-12-04,2.9,-4.2,-1.5,48.8,29.0,4.7,8.9,2.2,0.0,1.9,-11.4,56.58
양양,2022-12-05,1.9,-5.1,-2.2,51.5,26.0,4.0,6.3,1.7,0.0,8.1,-11.4,53.919999999999995
양양,2022-12-06,6.4,-5.2,1.8,75.1,52.0,4.4,7.9,1.4,0.6,4.2,-2.4,67.74999999999999
양양,2022-12-07,9.9,3.2,6.8,53.6,42.0,5.1,8.3,2.2,0.0,5.0,-2.1,57.68999999999999
양양,2022-12-08,9.4,-2.3,2.5,72.8,28.0,2.4,3.8,0.7,0.0,9.1,-2.8,69.19
양양,2022-12-09,11.8,-2.2,3.4,78.6,47.0,3.1,4.8,0.8,0.0,6.5,-0.4,74.94
양양,2022-12-10,5.9,-4.3,1.4,70.3,34.0,4.3,5.5,0.7,0.0,3.1,-4.3,72.21
양양,2022-12-11,8.0,-4.1,0.4,71.4,28.0,2.8,4.6,0.8,0.0,8.9,-4.9,71.9
양양,2022-12-12,7.3,-5.5,1.5,82.0,52.0,3.7,6.1,1.2,2.6,4.1,-1.4,78.71000000000001
양양,2022-12-13,5.0,-2.5,2.4,77.5,59.0,7.7,13.2,3.6,5.5,1.6,-1.2,77.79
양양,2022-12-14,-2.4,-9.7,-7.6,87.4,67.0,6.2,11.2,1.8,0.5,0.8,-9.3,84.88000000000001
양양,2022-12-15,3.7,-10.0,-2.2,86.5,59.0,3.4,7.1,1.0,6.5,1.6,-4.3,85.78
양양,2022-12-16,-1.0,-6.6,-4.3,67.1,52.0,3.3,5.0,1.3,0.0,6.6,-9.5,73.00999999999999
양양,2022-12-17,-3.3,-10.2,-6.1,80.3,55.0,4.3,8.6,1.3,4.7,3.0,-9.0,78.28
양양,2022-12-18,-6.8,-15.4,-9.8,74.9,45.0,3.3,4.1,0.7,0.4,8.6,-13.7,75.19999999999999
양양,2022-12-19,-3.0,-15.2,-7.9,79.0,40.0,2.0,3.7,0.8,0.0,5.9,-11.1,78.31
양양,2022-12-20,1.3,-13.0,-4.8,80.8,52.0,2.3,3.3,0.5,0.0,8.2,-7.9,79.85
양양,2022-12-21,3.9,-3.9,1.6,88.6,63.0,4.2,7.7,0.9,4.1,0.2,-0.2,86.08
양양,2022-12-22,1.2,-6.9,-4.4,71.1,54.0,6.0,12.0,2.9,1.4,2.1,-8.9,75.57
양양,2022-12-23,-4.7,-10.2,-7.2,71.1,55.0,6.2,15.1,3.5,0.5,0.8,-11.5,72.85
양양,2022-12-24,-6.4,-14.2,-10.3,75.5,54.0,3.6,4.8,1.1,0.0,8.7,-14.0,74.17999999999999
양양,2022-12-25,1.3,-13.5,-6.1,80.8,52.0,3.0,3.9,0.8,0.0,9.1,-9.0,78.77
양양,2022-12-26,0.2,-9.6,-5.3,84.9,59.0,1.8,2.5,0.5,0.0,6.2,-7.6,83.14
양양,2022-12-27,2.4,-10.7,-3.7,80.8,52.0,2.1,2.9,0.5,0.0,8.6,-6.8,81.61999999999999
양양,2022-12-28,0.6,-7.2,-2.9,73.4,48.0,4.4,6.7,1.4,0.0,7.1,-7.3,76.03
양양,2022-12-29,0.3,-9.7,-4.0,77.0,39.0,2.0,3.2,0.6,0.0,3.1,-7.8,76.66
양양,2022-12-30,1.5,-5.0,-2.0,86.0,65.0,3.5,4.4,1.0,0.1,3.9,-4.1,82.94
양양,2022-12-31,5.5,-6.9,-1.2,75.6,43.0,3.5,6.9,1.0,0.0,4.7,-5.3,77.82
양양,2023-01-01,4.8,-4.4,-0.6,63.6,30.0,3.8,6.2,1.3,0.0,8.3,-7.3,68.24
양양,2023-01-02,0.9,-8.4,-4.1,63.3,29.0,4.0,5.7,1.1,0.0,9.1,-11.2,64.58999999999999
양양,2023-01-03,2.3,-10.6,-4.7,68.0,34.0,2.5,4.3,0.8,0.0,9.2,-10.3,66.61999999999999
양양,2023-01-04,4.9,-6.9,-1.9,73.5,42.0,2.7,4.3,0.7,0.0,8.4,-6.3,71.38
양양,2023-01-05,3.0,-6.9,-2.4,81.6,52.0,2.3,3.6,0.6,0.0,4.6,-5.3,78.61999999999999
양양,2023-01-06,6.2,-5.7,0.8,83.4,64.0,4.5,7.9,0.7,3.5,3.1,-1.9,82.05
양양,2023-01-07,6.2,-2.4,2.9,67.4,45.0,4.4,8.4,2.1,0.0,7.2,-2.7,72.02
양양,2023-01-08,7.8,-4.8,0.4,82.8,47.0,1.9,3.1,0.5,0.0,7.2,-2.5,79.78
양양,2023-01-09,8.3,-1.5,2.3,70.0,38.0,3.3,5.9,1.2,0.0,6.1,-2.9,72.3
양양,2023-01-10,8.2,-5.5,-0.2,75.3,40.0,2.2,3.4,0.8,0.0,8.2,-4.5,74.99
양양,2023-01-11,7.9,-4.9,0.4,78.5,24.0,1.9,3.0,0.5,0.0,8.8,-3.6,77.00999999999999
양양,2023-01-12,12.2,-3.9,3.8,79.5,49.0,2.5,3.4,0.7,0.3,9.1,0.2,78.88
양양,2023-01-13,13.8,5.0,9.3,99.0,85.0,4.3,7.9,1.4,22.3,0.0,9.1,93.05
양양,2023-01-14,8.1,3.9,6.2,99.0,99.0,3.1,4.1,0.8,1.5,0.0,6.0,97.05
양양,2023-01-15,4.3,-2.6,0.0,81.8,64.0,3.9,7.1,1.9,0.8,0.5,-2.9,86.96
양양,2023-01-16,0.3,-6.0,-3.2,63.4,41.0,2.7,5.4,1.3,0.0,8.9,-9.4,70.64
양양,2023-01-17,2.5,-6.4,-2.1,72.4,46.0,3.2,5.1,1.0,0.0,6.6,-6.6,71.53999999999999
양양,2023-01-18,3.4,-4.7,-1.2,72.3,37.0,3.4,4.7,1.1,0.0,5.9,-6.0,71.42999999999999
양양,2023-01-19,6.1,-5.9,0.9,69.9,39.0,4.4,8.3,1.4,0.8,6.7,-4.5,70.63
양양,2023-01-20,5.6,-6.0,-0.9,52.0,32.0,6.4,11.7,3.1,0.1,8.2,-9.8,57.61
양양,2023-01-21,1.2,-7.6,-3.0,69.0,51.0,2.5,3.9,1.1,0.0,9.4,-8.0,65.69
양양,2023-01-22,3.7,-3.4,0.2,68.0,46.0,3.3,4.3,0.9,0.0,0.1,-5.2,66.6
양양,2023-01-23,6.2,-4.0,0.0,72.4,43.0,5.1,9.9,1.8,0.0,7.1,-4.6,71.18
양양,2023-01-24,-4.0,-13.3,-11.1,63.9,46.0,6.1,12.1,3.5,0.3,4.5,-16.6,66.01
양양,2023-01-25,-6.3,-16.2,-11.1,67.0,45.0,3.7,5.0,1.0,0.0,9.5,-16.3,66.92
양양,2023-01-26,-3.4,-10.5,-5.2,87.0,48.0,2.5,4.2,0.7,1.9,0.0,-7.2,80.69
양양,2023-01-27,-3.2,-12.2,-6.3,65.0,38.0,6.0,10.0,2.3,0.0,9.5,-12.4,69.60000000000001
양양,2023-01-28,-0.5,-12.1,-5.2,71.0,39.0,2.9,5.1,1.4,0.0,6.8,-9.8,71.39999999999999
양양,2023-01-29,5.5,-9.1,-0.8,67.1,44.0,5.6,9.8,2.1,0.0,6.4,-6.6,67.66999999999999
양양,2023-01-30,4.7,-5.9,-0.3,55.0,27.0,4.2,7.1,1.3,0.0,9.5,-9.0,59.02
양양,2023-01-31,9.4,-6.4,2.5,74.9,48.0,5.4,9.7,1.7,0.0,9.3,-1.8,70.14
양양,2023-02-01,6.7,-2.9,1.9,66.3,30.0,5.2,9.9,2.4,0.0,8.8,-4.7,66.89
양양,2023-02-02,2.0,-4.5,-1.8,58.3,33.0,4.3,6.2,1.2,0.0,7.3,-9.2,61.559999999999995
양양,2023-02-03,3.6,-4.0,-1.3,59.8,27.0,3.1,5.2,0.9,0.0,8.0,-8.7,60.15
양양,2023-02-04,6.3,-6.7,-0.6,71.1,40.0,3.3,6.7,1.3,0.0,9.3,-5.7,67.56
양양,2023-02-05,7.5,-5.8,0.3,78.5,44.0,3.3,5.4,1.0,0.0,9.3,-3.5,75.14999999999999
양양,2023-02-06,8.1,-5.3,1.1,78.9,39.0,3.0,4.4,0.9,0.0,5.5,-2.8,78.04
양양,2023-02-07,7.6,-3.6,1.0,84.5,61.0,3.4,5.2,1.0,0.0,5.7,-1.5,82.78
양양,2023-02-08,8.7,-4.8,0.6,70.4,30.0,3.0,5.4,1.0,0.0,9.5,-5.2,74.07000000000001
양양,2023-02-09,9.6,-5.6,2.4,66.9,27.0,3.6,6.8,0.9,0.0,5.9,-4.1,69.36
양양,2023-02-10,8.2,-1.6,3.6,86.5,62.0,2.9,5.2,1.3,0.3,4.6,1.3,80.97000000000001
양양,2023-02-11,6.7,-3.5,0.2,90.8,62.0,2.6,3.3,0.7,0.0,2.5,-1.3,87.55
양양,2023-02-12,5.9,-4.5,1.8,84.1,66.0,3.9,5.3,1.3,0.0,0.0,-0.8,85.67999999999999
양양,2023-02-13,9.5,0.7,5.2,70.4,56.0,4.2,6.1,1.8,0.0,0.8,0.2,75.17999999999999
양양,2023-02-14,5.7,-3.7,0.2,66.4,36.0,3.7,6.6,1.3,0.0,10.0,-6.0,68.97
양양,2023-02-15,7.6,-3.5,2.2,64.6,44.0,3.3,4.9,1.4,0.0,8.5,-3.9,65.53999999999999
양양,2023-02-16,6.3,-3.3,2.2,69.6,48.0,4.2,7.9,1.8,0.0,3.7,-3.0,68.28
양양,2023-02-17,9.5,-3.3,3.4,71.3,43.0,3.0,5.0,1.0,0.0,7.7,-1.7,70.28999999999999
양양,2023-02-18,9.6,2.7,5.5,64.6,28.0,4.1,6.1,1.0,0.0,0.0,-1.2,66.43999999999998
양양,2023-02-19,6.5,1.0,3.7,60.9,31.0,5.7,10.5,3.0,0.1,8.0,-3.7,62.68
양양,2023-02-20,4.4,-4.0,0.1,50.4,19.0,5.3,10.5,2.3,0.0,9.5,-9.9,53.919999999999995
양양,2023-02-21,3.8,-7.0,-1.9,53.1,29.0,3.9,5.7,1.5,0.0,10.4,-10.7,53.34
양양,2023-02-22,7.8,-8.5,-0.3,63.1,27.0,4.0,6.1,1.1,0.0,9.3,-7.3,59.830000000000005
양양,2023-02-23,8.6,-4.4,2.0,70.3,42.0,3.3,5.4,0.9,0.0,9.8,-3.3,67.14
양양,2023-02-24,9.0,-1.9,2.8,60.4,22.0,4.8,8.4,1.7,0.0,9.4,-5.5,62.65
양양,2023-02-25,4.1,-3.7,1.2,43.5,26.0,4.5,7.2,2.1,0.0,10.6,-10.1,49.56
양양,2023-02-26,9.3,-6.1,1.1,49.6,24.0,3.8,6.0,1.2,0.0,10.6,-9.1,49.46
양양,2023-02-27,12.6,-6.7,1.9,55.5,21.0,3.6,5.1,1.0,0.0,10.6,-7.2,53.12
양양,2023-02-28,11.1,-6.3,3.8,73.9,45.0,5.9,9.4,1.8,0.0,8.8,-0.6,67.79
양양,2023-03-01,9.3,2.5,5.7,61.3,30.0,5.3,9.3,1.8,0.0,4.7,-2.3,63.239999999999995
양양,2023-03-02,5.8,-1.9,2.3,35.9,22.0,4.8,8.4,2.2,0.0,10.6,-11.8,44.78
양양,2023-03-03,10.1,-4.7,3.3,66.9,39.0,4.6,7.8,1.8,0.0,10.5,-2.7,60.14
양양,2023-03-04,13.1,-2.1,5.1,73.9,32.0,2.5,4.9,0.7,0.0,7.7,-0.3,68.70000000000002
양양,2023-03-05,16.5,-3.2,5.7,54.8,16.0,3.5,5.5,0.8,0.0,10.4,-5.7,59.83
양양,2023-03-06,15.4,-3.2,6.9,53.8,17.0,4.3,8.5,1.6,0.0,10.5,-3.2,56.01
양양,2023-03-07,16.3,3.0,11.4,62.6,49.0,8.2,13.0,3.5,0.0,9.6,4.4,60.06
양양,2023-03-08,19.0,11.4,15.1,56.6,26.0,7.3,13.0,3.5,0.0,8.3,5.9,57.52
양양,2023-03-09,15.5,4.9,11.3,78.0,51.0,5.3,9.5,2.4,0.0,6.4,7.2,72.17999999999999
양양,2023-03-10,22.0,-0.3,11.1,64.0,18.0,5.5,9.9,1.9,0.0,9.1,2.4,66.06
양양,2023-03-11,23.8,5.4,14.0,52.5,12.0,5.8,8.5,1.7,0.0,8.9,1.5,57.349999999999994
양양,2023-03-12,12.1,1.8,6.3,68.9,31.0,6.7,12.7,3.1,2.7,1.8,0.2,65.13000000000001
양양,2023-03-13,8.5,-1.3,3.5,41.0,25.0,6.1,10.2,2.3,0.0,10.8,-9.2,47.730000000000004
양양,2023-03-14,15.2,1.8,8.7,51.1,17.0,7.2,11.6,3.0,0.0,10.7,-2.1,50.86
양양,2023-03-15,17.1,2.8,10.2,64.4,42.0,7.6,12.9,2.9,0.0,4.4,3.6,59.4
양양,2023-03-16,10.1,-2.4,5.2,34.5,11.0,5.1,9.0,1.9,0.0,7.4,-10.7,42.14
양양,2023-03-17,12.1,-0.4,6.4,39.5,20.0,3.4,5.4,1.5,0.0,2.2,-7.0,40.989999999999995
양양,2023-03-18,13.7,1.7,7.2,47.0,17.0,4.5,7.5,1.6,0.0,10.0,-4.7,44.25
양양,2023-03-19,15.4,-1.5,6.3,70.9,31.0,3.1,5.2,1.6,0.0,11.0,0.0,62.980000000000004
양양,2023-03-20,17.7,-2.7,6.7,60.5,16.0,4.5,7.2,1.1,0.0,9.6,-2.8,61.23
양양,2023-03-21,21.4,0.6,10.9,47.4,18.0,3.0,4.9,0.9,0.0,10.8,-2.0,52.370000000000005
양양,2023-03-22,24.4,2.5,14.4,49.0,27.0,3.1,5.5,0.9,0.0,5.4,2.9,49.83
양양,2023-03-23,21.0,7.9,14.2,63.0,32.0,4.2,6.5,1.4,1.0,3.5,6.4,58.63999999999999
양양,2023-03-24,13.4,2.9,9.2,47.5,29.0,3.6,6.1,1.2,0.0,2.6,-1.8,50.75
양양,2023-03-25,17.4,5.5,10.0,57.9,35.0,4.0,6.9,1.3,0.0,9.6,1.7,56.33
양양,2023-03-26,13.4,1.1,7.3,48.5,10.0,5.6,10.2,2.1,0.0,10.9,-5.7,50.279999999999994
양양,2023-03-27,13.8,-1.9,5.5,56.8,26.0,4.5,7.5,1.5,0.0,11.4,-3.3,55.25
양양,2023-03-28,15.4,-1.8,6.6,64.1,17.0,4.5,7.6,1.2,0.0,6.8,-1.4,61.07999999999999
양양,2023-03-29,20.0,-0.2,9.2,64.9,15.0,3.9,6.2,1.1,0.0,11.0,0.9,63.93
양양,2023-03-30,21.8,0.2,11.5,47.5,14.0,5.1,7.3,1.2,0.0,10.5,-2.2,52.64
양양,2023-03-31,23.2,0.7,11.7,48.9,15.0,3.7,7.0,1.1,0.0,11.6,-1.0,50.22
양양,2023-04-01,25.4,2.2,14.3,46.4,13.0,5.0,8.8,1.2,0.0,11.0,0.4,47.01
양양,2023-04-02,23.7,4.5,15.6,36.6,14.0,6.1,8.6,2.0,0.0,11.7,-1.7,39.79
양양,2023-04-03,24.3,4.2,16.5,34.6,16.0,5.6,9.6,1.8,0.0,11.3,0.0,36.18
양양,2023-04-04,22.8,9.9,15.7,53.6,24.0,4.9,8.5,1.6,8.6,2.0,4.6,48.099999999999994
양양,2023-04-05,16.4,8.5,12.4,95.8,87.0,6.5,10.7,3.3,23.0,0.0,11.7,81.23999999999998
양양,2023-04-06,10.4,7.3,8.7,93.3,79.0,6.1,9.0,2.6,2.7,0.0,7.6,89.82999999999998
양양,2023-04-07,15.4,4.6,8.7,59.4,32.0,6.4,9.9,2.4,0.0,11.8,0.6,69.82
양양,2023-04-08,15.5,1.4,8.3,61.9,17.0,5.7,11.4,3.1,0.0,12.1,0.2,64.54
양양,2023-04-09,17.0,2.4,9.6,64.1,29.0,5.2,8.8,2.3,0.0,12.1,1.9,63.18999999999999
양양,2023-04-10,18.9,1.5,12.3,53.3,25.0,6.4,11.8,2.5,0.0,11.1,1.6,56.31999999999999
양양,2023-04-11,20.0,9.6,14.4,70.5,37.0,9.0,18.6,4.1,0.0,2.6,8.6,66.41999999999999
양양,2023-04-12,16.0,2.3,9.7,50.5,13.0,4.7,8.7,2.0,0.0,11.5,-2.2,54.779999999999994
양양,2023-04-13,21.8,2.8,12.5,42.5,10.0,3.9,6.5,1.6,0.0,8.1,-2.7,46.89999999999999
양양,2023-04-14,23.5,7.1,15.1,58.0,33.0,3.7,6.6,1.4,0.0,8.6,6.2,54.14999999999999
양양,2023-04-15,16.9,7.0,11.7,85.0,57.0,5.8,7.9,1.6,1.7,4.6,9.1,75.35
양양,2023-04-16,17.2,6.6,11.1,66.6,32.0,4.6,7.6,1.7,0.3,6.7,4.2,69.41999999999999
양양,2023-04-17,20.0,4.4,13.3,59.6,29.0,4.9,7.3,1.8,0.0,9.9,4.4,63.54
양양,2023-04-18,16.3,11.6,14.8,85.1,39.0,4.1,5.9,1.0,4.2,0.0,11.5,78.14999999999999
양양,2023-04-19,27.5,11.4,18.4,99.0,99.0,4.7,8.0,2.1,0.0,11.4,18.2,92.28
양양,2023-04-20,22.9,14.0,17.3,99.0,99.0,4.7,7.5,2.2,0.0,6.8,17.1,97.61
양양,2023-04-21,24.9,11.6,15.4,,99.0,3.8,6.4,2.0,0.0,6.2,-99.0,
양양,2023-04-22,22.1,9.5,15.5,,,5.5,8.1,1.5,0.0,8.4,-99.0,
양양,2023-04-23,20.7,10.4,16.0,,,3.1,5.7,1.1,0.0,3.3,-99.0,
양양,2023-04-24,19.9,9.5,14.2,,,4.7,8.5,1.9,0.0,5.9,-99.0,
양양,2023-04-25,12.5,7.5,10.3,,60.0,3.6,5.5,1.0,0.0,0.0,-99.0,
양양,2023-04-26,12.6,3.2,8.9,68.6,46.0,5.3,9.7,2.4,0.0,5.4,3.1,
양양,2023-04-27,20.2,0.4,10.5,60.0,25.0,4.1,6.5,1.3,0.0,12.5,1.7,
양양,2023-04-28,21.3,3.4,14.6,63.4,31.0,4.5,8.5,1.7,0.1,8.1,6.9,63.239999999999995
양양,2023-04-29,17.9,9.7,13.6,79.3,62.0,5.2,8.8,2.5,2.2,0.1,9.9,74.19
양양,2023-04-30,18.5,7.3,13.0,64.8,27.0,7.1,12.2,3.2,0.0,12.2,5.7,67.55999999999999
양양,2023-05-01,21.1,7.5,13.4,61.5,23.0,4.5,14.6,1.8,0.5,9.6,4.6,63.94
양양,2023-05-02,25.6,5.1,16.4,45.1,14.0,5.0,8.2,1.6,0.0,10.3,1.4,50.35000000000001
양양,2023-05-03,25.4,9.2,18.2,56.9,22.0,4.6,8.1,1.8,0.0,7.3,8.7,55.0
양양,2023-05-04,27.5,13.1,19.8,68.6,42.0,5.2,8.5,2.0,2.3,5.2,13.3,63.91
양양,2023-05-05,20.6,17.9,19.3,91.8,79.0,4.3,8.8,2.2,14.0,0.0,17.9,83.66999999999999
양양,2023-05-06,19.4,11.8,14.2,90.4,80.0,6.5,9.9,3.1,26.3,0.0,12.6,88.5
양양,2023-05-07,15.7,8.1,12.1,74.8,54.0,5.3,8.4,1.9,2.5,0.8,7.6,79.62
양양,2023-05-08,21.5,4.7,13.0,64.4,21.0,4.2,6.2,1.4,0.0,12.5,4.8,69.08
양양,2023-05-09,23.1,6.5,15.4,56.6,22.0,3.8,6.6,2.2,0.0,13.1,5.3,59.980000000000004
양양,2023-05-10,25.7,9.8,16.5,63.8,24.0,3.4,5.3,1.4,0.0,,8.6,62.42
양양,2023-05-11,27.3,8.9,17.7,54.3,22.0,3.9,6.0,1.1,0.0,12.6,6.6,56.42999999999999
양양,2023-05-12,24.0,11.2,17.3,52.5,16.0,3.8,5.2,1.4,0.0,6.0,6.0,53.99
양양,2023-05-13,23.7,12.5,17.3,68.5,40.0,3.3,6.1,1.3,0.0,10.0,10.8,63.879999999999995
양양,2023-05-14,24.7,9.4,17.3,58.8,23.0,3.5,5.6,1.2,0.0,13.3,7.3,60.11
양양,2023-05-15,28.7,10.4,19.9,57.4,28.0,4.5,7.1,1.6,0.0,13.1,10.0,58.79
양양,2023-05-16,29.9,15.1,22.9,48.6,26.0,5.8,8.9,2.4,0.0,12.3,10.3,51.38
양양,2023-05-17,28.5,17.2,22.9,65.5,30.0,6.5,10.7,3.0,0.0,12.1,15.1,61.309999999999995
양양,2023-05-18,25.4,17.9,20.4,77.0,41.0,5.1,8.0,1.7,1.9,4.6,15.7,71.86
양양,2023-05-19,25.7,15.4,20.8,66.8,44.0,5.0,7.4,1.8,0.0,8.1,13.9,68.71
양양,2023-05-20,25.6,15.3,19.2,76.3,49.0,5.6,9.2,2.5,0.0,12.9,14.5,74.47
양양,2023-05-21,21.4,14.9,17.1,80.1,56.0,4.6,8.9,2.6,0.0,5.7,13.3,78.00999999999999
양양,2023-05-22,23.0,14.6,17.5,75.1,45.0,3.4,5.8,1.6,0.0,5.1,12.6,76.21999999999998
양양,2023-05-23,25.6,12.2,18.7,64.3,28.0,4.1,6.6,1.4,0.0,12.3,10.7,68.04
양양,2023-05-24,26.0,11.6,19.3,55.0,30.0,3.6,6.4,1.6,0.0,7.1,9.1,58.87
양양,2023-05-25,26.8,12.7,20.0,51.8,26.0,4.7,7.7,1.6,0.0,11.1,8.3,53.69
양양,2023-05-26,26.6,14.4,20.8,65.6,42.0,3.9,7.6,1.3,0.3,9.1,13.4,61.779999999999994
양양,2023-05-27,21.5,18.6,20.1,93.5,73.0,2.4,3.4,0.7,9.4,0.0,19.0,83.75
양양,2023-05-28,21.3,18.3,20.1,97.0,86.0,5.1,9.0,2.3,69.2,0.0,19.5,93.16
양양,2023-05-29,23.5,18.8,21.2,94.6,84.0,3.6,5.9,1.3,12.6,0.0,20.2,94.97
양양,2023-05-30,28.7,18.9,23.1,77.3,49.0,4.7,7.1,1.6,0.0,5.7,18.5,82.72999999999999
양양,2023-05-31,26.8,19.3,21.9,75.3,50.0,2.7,4.6,1.1,0.0,6.1,17.0,77.62999999999998
양양,2023-06-01,26.7,18.7,21.9,74.6,53.0,2.7,4.8,1.2,0.0,4.4,17.0,75.00999999999999
양양,2023-06-02,25.4,16.5,20.2,79.5,52.0,4.4,6.3,1.7,0.0,7.3,16.2,78.1
양양,2023-06-03,27.6,14.6,21.7,54.9,20.0,4.4,7.7,2.1,0.0,13.4,10.0,61.79
양양,2023-06-04,28.0,16.1,21.8,63.9,27.0,4.4,7.5,2.4,0.0,11.0,13.7,63.66
양양,2023-06-05,25.8,17.4,21.1,70.5,41.0,4.7,8.5,2.3,0.0,10.8,14.9,67.61999999999999
양양,2023-06-06,26.4,15.7,20.2,75.4,44.0,4.1,6.4,1.6,0.0,11.0,15.2,73.27
양양,2023-06-07,25.2,18.2,21.0,77.9,57.0,5.4,9.2,2.3,0.0,7.2,16.8,76.66
양양,2023-06-08,24.8,18.2,21.0,80.1,61.0,4.8,8.5,2.4,0.1,3.6,17.3,79.19
양양,2023-06-09,28.6,18.9,23.4,66.5,28.0,4.4,8.5,1.8,1.2,11.3,15.3,70.36
양양,2023-06-10,28.7,19.5,23.3,68.6,37.0,5.2,9.9,1.8,0.0,6.1,16.6,69.33
양양,2023-06-11,28.3,18.4,22.7,74.4,49.0,3.5,7.2,1.4,0.0,9.8,17.4,72.45
양양,2023-06-12,27.7,16.8,22.1,72.6,45.0,3.9,6.7,1.3,0.0,8.4,16.4,72.55999999999999
양양,2023-06-13,26.8,17.9,21.9,71.1,43.0,4.7,7.1,1.8,0.0,12.7,15.9,71.72999999999999
양양,2023-06-14,27.7,16.6,21.1,75.4,37.0,3.8,6.1,1.3,0.0,9.1,16.0,74.26
양양,2023-06-15,27.2,15.7,21.4,74.5,49.0,4.1,6.5,1.4,0.0,11.5,16.1,74.34
양양,2023-06-16,29.5,16.0,22.8,72.6,43.0,4.3,5.9,1.5,0.0,13.1,16.9,73.26
양양,2023-06-17,30.0,17.2,23.2,69.1,39.0,4.2,6.4,1.4,0.0,10.4,16.3,70.33999999999999
양양,2023-06-18,30.9,18.5,24.2,63.4,35.0,3.7,6.4,1.2,0.0,11.0,16.1,65.46
양양,2023-06-19,32.8,18.2,25.2,65.3,38.0,5.3,7.3,1.6,0.0,11.1,17.5,65.3
양양,2023-06-20,26.0,19.8,22.5,78.9,52.0,2.7,4.3,1.0,18.3,1.4,18.3,74.63000000000001
양양,2023-06-21,24.6,19.6,21.1,94.9,74.0,3.3,5.9,1.2,12.3,0.9,20.2,88.74000000000001
양양,2023-06-22,26.8,19.0,22.6,82.1,59.0,4.1,6.3,2.1,0.0,9.4,19.0,84.33999999999999
양양,2023-06-23,30.1,19.7,24.0,82.5,49.0,2.4,5.0,1.1,0.0,5.4,20.4,83.65999999999998
양양,2023-06-24,30.8,20.4,25.3,78.3,48.0,3.5,5.9,1.4,0.0,12.7,20.7,79.52
양양,2023-06-25,32.0,20.3,26.0,73.1,41.0,3.8,6.1,1.3,0.0,9.7,20.2,75.08
양양,2023-06-26,26.4,21.7,24.1,95.5,76.0,5.1,10.7,2.5,20.4,0.1,23.3,89.3
양양,2023-06-27,30.1,21.8,25.3,80.5,47.0,4.5,9.6,2.7,1.8,10.8,21.2,82.75999999999999
양양,2023-06-28,27.6,21.8,24.4,92.1,73.0,3.5,7.4,1.7,0.0,1.2,22.9,90.11999999999999
양양,2023-06-29,25.1,23.3,24.1,98.5,95.0,5.5,10.9,1.9,45.7,0.0,23.8,95.41999999999999
양양,2023-06-30,27.9,22.9,24.9,93.4,78.0,3.0,5.9,1.5,0.5,3.5,23.7,94.28999999999999
양양,2023-07-01,32.3,22.4,26.4,85.5,52.0,3.1,5.5,1.2,0.0,8.0,23.4,88.38
양양,2023-07-02,30.0,22.4,25.6,90.9,69.0,4.4,7.8,1.3,0.0,5.9,23.9,90.07000000000001
양양,2023-07-03,33.1,22.0,27.2,81.8,50.0,4.1,6.2,1.5,0.0,9.2,23.3,83.99
양양,2023-07-04,26.2,24.0,24.9,99.0,90.0,3.7,6.1,1.6,60.3,0.0,24.7,94.75
양양,2023-07-05,27.4,22.8,24.5,87.0,71.0,6.7,11.1,3.4,26.5,8.5,22.0,88.88
양양,2023-07-06,30.5,21.8,26.3,73.6,52.0,5.4,9.1,2.3,0.0,8.9,20.8,78.82000000000001
양양,2023-07-07,26.0,20.6,22.8,96.0,82.0,4.6,7.0,1.5,2.2,0.2,22.0,90.61999999999999
양양,2023-07-08,29.8,20.5,24.4,93.4,71.0,4.5,7.0,1.2,0.0,3.4,23.2,91.94
양양,2023-07-09,28.9,23.1,25.8,94.8,76.0,4.4,7.8,1.7,2.6,2.4,24.8,94.64000000000001
양양,2023-07-10,30.8,23.1,26.7,84.9,60.0,5.6,9.0,2.2,7.5,10.4,23.7,87.73
양양,2023-07-11,26.9,23.5,25.1,94.9,77.0,4.5,8.3,1.8,3.7,0.1,24.1,92.89000000000001
양양,2023-07-12,29.1,24.2,26.3,92.1,77.0,4.5,7.1,1.9,0.1,4.9,24.8,91.94
양양,2023-07-13,26.3,24.9,25.5,98.9,96.0,4.2,7.7,1.3,23.1,0.0,25.3,97.14
양양,2023-07-14,25.7,24.1,24.8,99.0,99.0,5.4,11.3,3.3,182.2,0.0,24.6,98.28999999999999
양양,2023-07-15,25.3,22.5,23.9,97.8,77.0,5.3,9.2,2.2,63.5,0.0,23.5,98.14999999999999
양양,2023-07-16,27.7,22.6,24.9,94.9,76.0,3.1,5.5,1.5,0.1,0.8,24.0,95.89000000000001
양양,2023-07-17,28.8,22.6,25.3,94.8,77.0,3.4,6.3,1.5,10.9,2.6,24.3,95.12
양양,2023-07-18,25.6,23.4,24.2,98.6,94.0,3.7,5.7,1.2,18.5,1.1,23.9,97.46999999999998
양양,2023-07-19,31.3,21.7,25.7,88.5,57.0,3.3,5.5,1.2,0.0,10.0,23.3,91.14999999999999
양양,2023-07-20,31.4,21.4,26.2,87.8,64.0,2.4,4.8,1.2,0.0,8.0,23.8,89.02
양양,2023-07-21,34.2,21.5,27.6,81.5,48.0,3.1,5.7,1.0,0.1,11.8,23.6,83.46
양양,2023-07-22,29.2,23.1,25.2,90.4,62.0,4.5,7.6,1.7,16.3,3.6,23.3,88.36
양양,2023-07-23,25.6,24.5,25.0,98.6,95.0,4.2,9.0,1.5,126.6,0.0,24.8,95.25
양양,2023-07-24,29.9,24.3,26.5,91.3,70.0,3.5,6.3,1.6,1.1,5.9,24.8,92.67
양양,2023-07-25,29.7,25.1,27.2,89.3,70.0,5.3,9.0,1.9,0.2,4.6,25.1,90.63
양양,2023-07-26,31.8,24.6,28.1,84.1,64.0,4.7,7.6,1.9,0.0,11.3,24.9,85.85999999999999
양양,2023-07-27,32.4,22.8,27.1,90.4,61.0,2.9,4.9,0.9,0.9,9.9,25.2,89.03
양양,2023-07-28,33.6,23.6,28.8,79.3,50.0,3.4,5.3,1.2,0.0,11.7,24.3,82.0
양양,2023-07-29,34.1,24.2,28.7,79.5,44.0,2.7,4.9,1.1,0.0,10.8,24.3,80.55
양양,2023-07-30,33.3,23.8,28.5,82.9,59.0,4.3,6.3,1.4,15.8,12.3,25.0,81.86000000000001
양양,2023-07-31,31.7,24.5,27.5,86.6,56.0,3.2,5.1,1.4,0.0,7.7,24.8,85.14999999999999
양양,2023-08-01,34.4,23.3,28.4,85.3,51.0,3.3,5.9,0.8,0.0,11.8,25.3,85.32000000000001
양양,2023-08-02,34.2,24.2,28.4,79.8,46.0,3.7,5.6,1.2,0.0,11.1,23.9,81.57999999999998
양양,2023-08-03,34.4,22.8,28.5,77.1,45.0,3.0,4.9,1.2,0.0,12.3,23.4,78.46
양양,2023-08-04,34.4,24.1,29.1,80.4,55.0,2.7,5.3,0.9,0.0,11.2,24.9,79.68
양양,2023-08-05,33.7,24.8,28.6,82.9,60.0,2.5,4.8,1.0,0.0,9.9,25.2,81.82
양양,2023-08-06,34.4,23.4,28.1,87.1,54.0,3.4,5.5,1.2,0.0,10.2,25.5,85.59
양양,2023-08-07,34.2,24.8,28.5,88.5,62.0,4.0,8.1,1.1,0.0,8.2,26.2,87.66
양양,2023-08-08,33.7,25.8,29.8,80.4,60.0,3.7,6.5,1.7,0.0,12.2,25.8,82.69
양양,2023-08-09,30.9,24.6,27.7,85.9,70.0,4.9,8.0,2.5,0.7,5.0,25.0,85.06
양양,2023-08-10,24.6,22.1,22.9,97.5,91.0,6.9,12.6,4.0,76.6,0.0,22.4,93.47000000000001
양양,2023-08-11,27.3,22.5,25.3,94.4,84.0,6.8,12.9,2.6,30.6,0.0,24.3,94.17
양양,2023-08-12,29.7,22.1,25.5,92.9,75.0,4.1,7.0,1.5,5.3,3.4,24.1,93.66
양양,2023-08-13,31.8,23.4,26.8,84.1,57.0,3.4,5.4,1.0,0.0,8.3,23.4,86.88999999999999
양양,2023-08-14,33.3,22.8,27.3,85.4,54.0,4.4,7.4,1.0,0.0,9.1,24.4,85.89
양양,2023-08-15,31.9,23.4,27.0,88.8,65.0,3.1,4.7,1.1,0.0,7.9,24.8,87.64999999999999
양양,2023-08-16,31.8,22.5,26.6,82.8,57.0,3.9,6.9,1.6,0.0,10.6,23.1,84.26
양양,2023-08-17,31.9,21.3,26.2,84.1,53.0,2.9,4.7,1.1,0.0,11.6,22.9,84.30999999999999
양양,2023-08-18,32.8,23.4,27.5,82.0,58.0,3.0,4.8,0.9,0.0,8.3,23.8,82.5
양양,2023-08-19,32.2,23.9,27.5,81.4,61.0,3.1,5.2,1.2,0.0,10.2,23.7,81.78999999999999
양양,2023-08-20,32.4,23.0,27.4,85.9,54.0,3.8,4.9,1.0,0.0,6.6,24.5,84.61
양양,2023-08-21,33.2,23.6,28.1,83.8,56.0,4.4,9.6,1.4,3.0,8.8,24.7,83.98
양양,2023-08-22,32.6,25.3,27.9,86.3,62.0,4.3,7.2,2.0,1.7,5.7,25.2,85.76
양양,2023-08-23,27.4,22.7,24.6,99.0,87.0,3.8,6.5,1.1,39.8,0.5,24.4,94.94
양양,2023-08-24,30.4,23.9,26.2,92.6,72.0,3.3,5.5,1.4,4.1,4.3,24.8,93.24999999999999
양양,2023-08-25,30.4,22.2,26.2,82.9,58.0,3.7,6.9,1.8,0.0,10.0,22.7,86.45
양양,2023-08-26,29.9,20.4,24.1,88.9,56.0,3.1,5.4,0.9,0.0,7.7,21.9,88.07000000000001
양양,2023-08-27,30.3,19.6,25.1,90.9,63.0,2.2,3.7,0.7,1.9,3.2,23.3,89.7
양양,2023-08-28,27.4,22.2,24.6,95.4,83.0,2.7,4.8,1.1,6.6,0.1,23.7,93.85000000000001
양양,2023-08-29,26.8,21.8,24.4,95.8,85.0,4.5,8.7,1.8,21.2,0.0,23.6,95.22999999999999
양양,2023-08-30,24.1,20.7,22.0,98.4,87.0,1.8,2.5,0.4,7.7,0.0,21.7,97.58
양양,2023-08-31,27.1,18.7,22.6,89.8,67.0,3.1,4.9,1.1,0.0,6.0,20.6,92.11999999999999
양양,2023-09-01,29.3,17.6,22.9,77.9,41.0,3.7,5.9,1.2,0.0,9.3,18.0,82.33000000000001
양양,2023-09-02,30.0,17.4,23.9,85.0,54.0,3.1,5.0,1.2,0.0,11.6,20.8,84.06
양양,2023-09-03,31.7,22.6,25.9,92.1,64.0,3.3,5.3,0.5,3.7,5.6,24.3,89.26
양양,2023-09-04,28.9,23.5,26.3,94.6,83.0,2.8,4.4,0.9,0.3,1.2,25.3,93.14
양양,2023-09-05,30.8,23.5,26.7,87.4,61.0,3.3,4.8,1.0,0.0,7.2,24.1,89.30999999999999
양양,2023-09-06,31.1,21.5,26.0,86.1,59.0,4.6,6.6,1.2,0.0,11.5,23.1,87.20999999999998
양양,2023-09-07,30.1,20.2,24.8,71.9,38.0,3.9,5.6,1.4,0.0,12.1,18.6,76.28999999999999
양양,2023-09-08,28.7,17.4,22.9,76.1,40.0,3.7,5.8,1.2,0.0,12.0,17.6,76.26
양양,2023-09-09,29.8,17.8,23.9,81.4,55.0,2.6,4.1,0.9,0.0,8.4,20.1,79.38999999999999
양양,2023-09-10,29.5,18.8,23.8,81.6,57.0,2.8,4.8,0.8,0.0,7.4,20.0,81.00999999999999
양양,2023-09-11,29.3,19.9,23.9,81.5,52.0,2.8,5.2,0.9,0.0,7.9,20.0,81.51
양양,2023-09-12,29.4,19.4,23.9,82.4,46.0,3.1,5.6,1.0,0.0,8.9,20.2,82.14
양양,2023-09-13,22.7,19.4,20.6,98.6,69.0,3.3,5.0,1.0,37.4,0.0,20.4,93.65
양양,2023-09-14,25.5,19.8,22.5,95.1,84.0,4.1,6.0,2.1,1.1,1.2,21.6,94.52999999999999
양양,2023-09-15,24.2,21.0,22.6,98.8,96.0,3.2,4.6,1.2,18.3,0.1,22.4,98.03999999999999
양양,2023-09-16,27.8,22.1,23.9,96.9,81.0,3.1,6.0,0.8,29.2,0.4,23.3,97.10000000000001
양양,2023-09-17,28.8,21.9,24.3,92.4,65.0,3.6,5.1,0.9,0.0,6.5,22.8,93.94
양양,2023-09-18,28.4,20.3,24.2,87.5,65.0,3.7,5.9,1.4,1.3,9.2,21.8,89.41999999999999
양양,2023-09-19,28.5,19.4,23.7,90.3,63.0,3.1,5.0,1.1,0.0,5.8,21.7,89.94999999999999
양양,2023-09-20,22.7,19.3,21.0,99.0,99.0,5.7,9.3,2.4,117.1,0.0,20.8,96.11
양양,2023-09-21,21.9,15.9,19.3,89.6,72.0,6.0,9.4,2.2,0.3,1.1,17.4,91.55
양양,2023-09-22,24.8,13.0,18.6,82.4,39.0,3.9,6.2,1.1,0.0,10.6,14.8,85.5
양양,2023-09-23,25.4,14.2,19.4,85.5,44.0,4.9,6.3,1.1,0.0,5.7,16.5,85.28999999999999
양양,2023-09-24,25.5,14.6,20.5,75.3,42.0,4.1,6.4,1.7,0.0,9.3,15.4,78.05
양양,2023-09-25,25.8,18.1,21.3,82.8,56.0,2.2,3.2,0.8,7.8,2.0,17.9,81.57
양양,2023-09-26,24.1,18.8,21.4,98.8,90.0,3.7,4.8,0.9,49.3,0.0,21.1,93.25
양양,2023-09-27,24.7,20.7,22.4,93.1,81.0,3.6,5.9,1.6,1.6,0.5,21.1,93.21
양양,2023-09-28,26.9,18.4,22.3,86.5,61.0,3.3,6.1,1.5,0.0,8.2,19.8,89.05
양양,2023-09-29,24.4,16.9,20.0,82.3,44.0,2.0,3.1,0.8,0.0,0.1,16.3,84.22
양양,2023-09-30,22.7,16.0,19.2,85.1,62.0,4.1,7.1,2.0,1.9,6.5,16.4,84.68
양양,2023-10-01,23.4,13.0,18.1,66.8,29.0,4.5,8.2,2.0,0.0,11.0,10.3,72.01
양양,2023-10-02,23.9,10.8,16.9,70.6,27.0,4.6,7.4,1.3,0.0,10.3,10.0,71.28999999999999
양양,2023-10-03,23.3,10.0,15.4,87.9,48.0,1.6,3.0,0.6,0.0,4.1,13.0,82.33000000000001
양양,2023-10-04,25.0,10.2,18.5,71.8,39.0,4.3,9.5,1.4,0.0,9.0,12.4,74.9
양양,2023-10-05,19.2,11.1,15.4,44.9,28.0,4.3,9.3,2.0,0.0,10.9,2.7,54.57999999999999
양양,2023-10-06,20.8,8.9,15.0,64.4,26.0,3.6,7.9,1.3,0.0,8.9,7.0,61.24
양양,2023-10-07,20.0,9.1,15.1,83.8,48.0,2.4,4.3,0.7,0.0,2.5,11.9,76.02999999999999
양양,2023-10-08,20.3,13.8,16.9,85.6,62.0,3.6,6.4,1.2,0.2,0.0,14.3,83.11999999999999
양양,2023-10-09,22.9,13.5,17.6,80.0,48.0,3.4,6.4,1.2,0.0,5.4,13.6,81.5
양양,2023-10-10,22.0,10.3,15.8,83.4,45.0,3.4,6.3,1.1,0.0,9.1,12.3,82.94
양양,2023-10-11,24.0,9.3,15.7,79.0,36.0,2.7,5.6,0.6,0.0,6.5,11.0,79.98
양양,2023-10-12,23.5,8.8,16.0,74.8,28.0,3.0,5.2,0.8,0.0,9.7,10.2,76.5
양양,2023-10-13,22.4,11.7,15.9,81.5,41.0,2.6,3.9,0.8,0.0,2.2,11.9,79.91
양양,2023-10-14,22.0,10.7,15.0,88.4,47.0,4.8,8.0,1.5,1.5,6.6,12.6,85.66000000000001
양양,2023-10-15,22.1,10.4,16.9,76.6,37.0,4.3,9.6,1.9,0.0,10.1,12.0,79.45
양양,2023-10-16,19.9,8.0,14.9,62.9,30.0,3.7,6.1,1.9,0.0,10.5,6.8,68.19
양양,2023-10-17,21.7,4.9,13.1,76.0,37.0,2.8,4.9,1.1,0.0,10.5,8.0,73.44
양양,2023-10-18,22.9,5.7,14.3,83.3,36.0,4.8,7.3,1.4,0.0,8.9,10.8,79.8
양양,2023-10-19,19.7,13.3,16.1,94.0,56.0,3.3,5.8,1.5,5.2,0.0,15.0,90.05999999999999
양양,2023-10-20,16.2,10.8,13.8,44.3,29.0,5.9,10.2,3.0,0.4,9.4,1.6,58.13999999999999
양양,2023-10-21,18.3,4.4,11.3,65.8,25.0,5.5,8.5,2.0,0.4,9.2,4.1,64.32
양양,2023-10-22,19.0,3.5,12.0,80.0,41.0,4.0,6.0,1.2,0.0,8.4,7.9,73.59
양양,2023-10-23,20.9,7.4,14.3,81.9,45.0,3.6,6.8,1.1,0.0,8.8,10.6,79.91
양양,2023-10-24,19.3,7.4,13.7,89.3,64.0,2.8,4.9,0.7,0.0,1.3,11.7,86.88999999999999
양양,2023-10-25,22.6,8.2,15.7,86.1,51.0,2.7,4.8,0.9,0.0,9.3,12.9,86.32
양양,2023-10-26,22.1,12.3,17.2,87.5,64.0,4.2,9.0,1.7,0.0,7.2,14.9,87.4
양양,2023-10-27,19.6,10.3,14.8,71.9,40.0,3.8,7.0,1.6,0.0,9.0,9.2,76.44
양양,2023-10-28,20.9,7.6,13.4,80.6,43.0,3.5,6.3,1.1,0.0,8.8,9.4,79.55
양양,2023-10-29,21.7,5.7,13.0,80.4,33.0,2.7,5.0,0.6,0.0,8.5,8.7,79.59
양양,2023-10-30,21.9,6.4,13.4,86.6,47.0,2.9,4.7,0.8,0.0,8.8,10.7,84.75999999999999
양양,2023-10-31,20.8,9.4,15.3,90.9,49.0,3.7,6.3,1.2,0.0,4.5,13.5,88.99000000000001
양양,2023-11-01,22.2,16.9,19.7,90.0,77.0,7.5,12.5,3.3,0.0,4.7,17.9,89.83999999999999
양양,2023-11-02,24.6,17.6,20.4,78.3,38.0,5.6,10.1,2.8,0.0,9.5,15.9,81.9
양양,2023-11-03,23.1,18.5,20.2,90.1,74.0,4.8,9.2,2.6,0.2,4.2,18.4,87.72999999999999
양양,2023-11-04,19.4,15.3,17.6,92.0,73.0,2.4,3.8,0.8,0.0,0.0,16.1,90.24999999999999
양양,2023-11-05,23.2,15.1,18.8,93.0,58.0,6.0,11.3,2.0,41.5,0.5,17.5,92.51
양양,2023-11-06,21.6,9.2,15.6,70.9,37.0,9.5,15.7,5.6,33.3,5.3,9.9,77.43
양양,2023-11-07,11.7,2.6,8.1,64.0,37.0,5.6,12.0,2.2,0.0,8.5,1.0,68.28
양양,2023-11-08,15.4,0.7,7.6,76.9,29.0,2.6,3.2,0.8,0.0,9.3,2.7,73.72
양양,2023-11-09,19.3,4.1,12.4,83.5,64.0,3.8,6.9,1.2,0.4,3.0,9.4,80.23
양양,2023-11-10,12.2,2.2,5.8,51.5,29.0,5.0,8.6,2.8,0.0,9.1,-3.8,60.44
양양,2023-11-11,7.1,-0.9,2.9,63.6,39.0,3.1,6.0,1.2,0.0,5.9,-3.8,63.169999999999995
양양,2023-11-12,6.1,1.0,3.2,68.5,50.0,3.0,6.6,1.2,0.0,3.8,-2.2,65.82
양양,2023-11-13,9.0,-2.5,3.0,71.3,36.0,2.9,5.9,1.1,0.0,9.6,-2.4,69.97
양양,2023-11-14,10.7,0.2,6.5,80.4,58.0,3.0,4.8,0.7,0.0,3.3,3.1,77.39
양양,2023-11-15,12.4,1.4,6.8,82.4,49.0,3.4,4.8,0.8,0.0,6.0,3.4,80.89
양양,2023-11-16,8.7,3.1,6.9,93.1,66.0,3.4,9.0,0.8,12.7,0.0,5.8,89.69
양양,2023-11-17,8.2,-0.3,3.3,73.4,49.0,6.3,11.5,2.4,2.8,4.0,-1.3,78.24
양양,2023-11-18,7.9,-0.9,3.9,61.4,50.0,5.1,10.1,2.4,0.8,4.8,-3.0,66.97
양양,2023-11-19,14.6,2.0,9.0,72.1,54.0,5.4,10.2,2.0,0.0,3.8,4.0,70.08999999999999
양양,2023-11-20,12.8,-0.6,5.4,72.8,28.0,3.3,4.8,0.9,0.0,9.4,-0.1,71.52
양양,2023-11-21,15.1,-1.9,5.3,81.0,28.0,2.2,3.5,0.7,0.0,9.4,1.4,78.46999999999998
양양,2023-11-22,15.9,-0.3,9.0,85.0,59.0,3.4,5.9,0.9,0.0,6.6,6.3,82.97999999999999
양양,2023-11-23,15.9,5.4,11.9,66.3,38.0,6.9,11.6,2.8,0.0,7.9,5.3,71.50999999999999
양양,2023-11-24,5.4,-1.7,2.0,49.8,37.0,5.0,9.6,3.0,0.0,6.3,-7.5,56.61999999999999
양양,2023-11-25,3.6,-4.9,-1.2,57.3,24.0,3.7,5.2,1.4,0.0,9.3,-9.3,56.699999999999996
양양,2023-11-26,8.0,-2.3,4.0,55.6,31.0,1.5,3.2,0.4,0.1,1.4,-4.4,55.36
양양,2023-11-27,11.6,4.7,7.7,83.5,61.0,5.6,11.3,1.8,3.7,0.9,4.9,75.3
양양,2023-11-28,7.4,-0.2,3.4,66.5,36.0,5.0,8.8,1.8,0.0,7.1,-2.8,68.81
양양,2023-11-29,7.1,-0.5,2.2,77.8,55.0,5.4,8.6,2.0,0.5,5.1,-1.4,76.10999999999999
양양,2023-11-30,1.9,-3.8,-1.1,59.3,45.0,4.7,8.7,2.3,0.0,7.7,-8.2,63.72
양양,2023-12-01,2.9,-5.2,-0.9,69.3,45.0,4.5,8.0,1.7,0.0,7.5,-6.0,68.14999999999999
양양,2023-12-02,9.1,-1.7,4.7,65.9,39.0,6.1,9.5,1.6,0.0,2.4,-1.6,65.92
양양,2023-12-03,7.9,-3.8,1.4,70.0,38.0,4.6,7.3,1.1,0.0,9.2,-4.0,69.11
양양,2023-12-04,9.7,-5.3,1.4,82.0,42.0,3.0,4.9,0.8,0.0,8.9,-1.8,77.99000000000001
양양,2023-12-05,11.3,-1.3,3.9,81.4,48.0,2.3,3.3,0.7,0.0,6.1,0.6,80.38
양양,2023-12-06,13.2,0.2,7.0,79.0,47.0,6.7,12.1,2.0,0.4,0.0,3.3,79.78
양양,2023-12-07,12.1,0.4,7.1,59.6,41.0,5.5,11.1,2.4,0.0,7.4,-0.5,65.66
양양,2023-12-08,17.7,5.3,13.0,69.6,54.0,5.9,12.8,2.8,0.0,8.3,7.4,68.53999999999999
양양,2023-12-09,17.8,11.0,14.6,89.5,71.0,4.2,8.6,2.1,0.0,6.4,12.8,82.53
양양,2023-12-10,15.8,9.2,11.6,81.8,64.0,3.9,4.9,1.2,0.0,5.5,8.4,82.11999999999999
양양,2023-12-11,12.6,7.9,10.6,95.5,73.0,5.6,8.5,1.9,31.9,0.0,9.8,92.16
양양,2023-12-12,9.2,2.7,6.5,84.3,70.0,5.1,8.5,2.4,0.0,0.2,3.9,86.28999999999999
양양,2023-12-13,11.6,2.0,8.1,84.8,68.0,3.5,4.7,0.8,0.0,2.5,5.5,85.77
양양,2023-12-14,10.3,8.4,9.5,93.3,78.0,1.9,3.6,0.9,30.7,0.0,8.3,90.69999999999999
양양,2023-12-15,12.8,5.2,8.4,98.0,91.0,4.4,8.3,1.6,44.2,0.0,8.0,95.74
양양,2023-12-16,5.2,-5.9,-1.5,81.9,58.0,7.0,13.8,4.1,3.3,1.7,-4.2,86.26
양양,2023-12-17,-5.9,-9.8,-8.1,89.9,73.0,4.0,6.0,1.8,4.6,1.8,-9.5,89.11
양양,2023-12-18,-4.2,-10.9,-7.0,67.6,41.0,3.9,5.8,0.9,0.0,2.0,-12.3,73.49
양양,2023-12-19,1.1,-5.7,-2.3,72.1,44.0,2.1,3.5,0.7,0.1,0.6,-6.9,72.97999999999999
양양,2023-12-20,-0.1,-7.6,-4.7,80.0,47.0,4.3,7.6,2.0,2.5,2.3,-7.8,77.18
양양,2023-12-21,-5.9,-11.2,-9.1,83.4,50.0,4.5,8.0,1.6,5.3,5.3,-11.6,81.58999999999999
양양,2023-12-22,-6.4,-13.1,-9.9,84.4,66.0,3.8,5.1,1.1,0.6,4.7,-12.1,83.76
양양,2023-12-23,-0.2,-14.7,-7.0,79.0,36.0,1.5,3.7,0.3,0.0,7.3,-10.5,80.52000000000001
양양,2023-12-24,2.8,-5.3,-1.4,85.4,62.0,2.2,3.9,0.6,0.3,5.4,-3.7,84.02
양양,2023-12-25,3.6,-2.4,0.5,86.1,51.0,3.5,5.8,1.1,0.0,2.8,-1.7,85.25
양양,2023-12-26,8.1,-1.5,2.1,85.9,54.0,3.4,5.7,0.8,0.0,5.3,-0.3,85.89
양양,2023-12-27,8.1,-2.2,1.6,90.9,55.0,2.1,3.6,0.5,0.0,6.3,0.0,89.42
양양,2023-12-28,5.4,-3.3,0.6,94.1,70.0,3.4,4.8,0.7,0.0,0.9,-0.4,92.64
양양,2023-12-29,6.5,-1.1,2.4,87.6,61.0,2.3,3.4,0.5,0.0,0.8,0.4,89.22999999999999
양양,2023-12-30,3.6,-2.1,1.0,98.8,92.0,1.5,2.7,0.5,4.8,0.0,0.8,96.08999999999999
양양,2023-12-31,8.0,2.6,5.1,88.0,79.0,5.6,10.8,2.2,4.0,0.0,3.2,90.12
양양,2024-01-01,8.0,-0.3,3.6,88.0,58.0,2.6,4.5,0.7,0.0,2.3,1.5,89.07999999999998
양양,2024-01-02,5.3,1.2,3.6,90.8,72.0,3.3,4.1,0.8,0.0,0.0,2.1,89.96
양양,2024-01-03,6.2,-1.3,2.3,89.1,67.0,4.1,7.2,1.4,0.4,0.6,0.6,89.32999999999998
양양,2024-01-04,7.0,-3.5,1.8,82.0,53.0,3.7,6.4,1.1,0.0,4.9,-1.3,84.3
양양,2024-01-05,9.9,0.7,6.0,85.5,66.0,4.6,8.7,1.7,0.0,3.9,3.5,85.16
양양,2024-01-06,6.2,-3.1,1.4,77.8,39.0,3.0,6.4,1.3,0.8,9.2,-2.7,79.76
양양,2024-01-07,1.7,-4.5,-1.3,52.1,42.0,4.8,9.0,2.2,0.0,7.5,-9.9,60.58
양양,2024-01-08,1.3,-7.9,-3.7,71.3,39.0,3.3,4.3,0.7,0.0,9.2,-8.4,68.11
양양,2024-01-09,2.9,-2.9,0.8,83.8,58.0,2.1,3.6,0.7,2.4,0.0,-1.9,78.13
양양,2024-01-10,1.2,-3.3,-0.8,92.9,80.0,3.0,4.1,0.9,0.0,0.9,-1.8,88.92
양양,2024-01-11,6.4,-4.9,2.0,83.5,66.0,3.9,6.4,1.3,0.0,2.1,-0.7,85.41
양양,2024-01-12,7.4,-2.7,2.1,65.4,22.0,4.5,7.3,1.2,0.0,8.7,-4.8,71.77000000000001
양양,2024-01-13,6.3,-5.1,-0.1,77.8,45.0,3.4,4.4,0.9,0.0,9.3,-4.0,75.88999999999999
양양,2024-01-14,10.3,-4.1,1.2,88.0,68.0,5.9,11.1,1.7,2.2,1.8,-0.7,83.7
양양,2024-01-15,1.8,-4.7,-1.7,54.0,25.0,3.5,5.6,1.7,0.0,9.2,-10.2,63.18
양양,2024-01-16,2.3,-7.2,-2.6,69.1,33.0,3.7,5.0,1.0,0.0,8.6,-8.2,67.96999999999998
양양,2024-01-17,2.8,-3.9,0.6,93.8,69.0,2.2,4.0,0.7,18.3,0.0,-0.3,84.88
양양,2024-01-18,7.0,2.8,4.9,92.5,73.0,4.3,6.3,2.1,8.3,5.9,3.7,90.42
양양,2024-01-19,10.7,4.5,6.8,74.6,57.0,4.5,6.4,3.0,0.0,5.2,2.4,80.1
양양,2024-01-20,5.6,2.4,4.2,88.6,71.0,6.3,8.6,3.5,5.4,0.0,2.3,86.18999999999998
양양,2024-01-21,6.0,-0.4,2.7,80.6,65.0,4.5,7.3,2.7,0.2,1.7,-0.4,81.59999999999998
양양,2024-01-22,-0.4,-8.1,-5.6,73.5,59.0,4.7,8.8,2.9,0.7,1.5,-9.6,76.42999999999999
양양,2024-01-23,-6.8,-9.5,-7.9,68.8,52.0,4.7,8.5,2.3,0.2,2.1,-12.7,70.92
양양,2024-01-24,-2.7,-7.9,-5.1,55.5,44.0,5.2,10.3,2.5,0.0,9.1,-12.7,59.959999999999994
양양,2024-01-25,0.9,-9.6,-4.1,62.1,34.0,2.9,4.6,1.1,0.0,9.1,-10.7,61.45
양양,2024-01-26,3.2,-7.2,-2.0,86.0,60.0,1.9,3.6,0.7,0.0,1.3,-4.1,78.17
양양,2024-01-27,5.0,-5.7,-0.6,78.0,38.0,2.8,4.9,0.7,0.0,8.9,-4.7,78.00999999999999
양양,2024-01-28,4.2,-4.6,-0.5,72.8,45.0,3.9,6.8,1.2,0.0,6.9,-5.1,75.16
양양,2024-01-29,4.3,-5.8,-1.1,76.6,46.0,4.2,5.9,1.2,0.0,9.1,-5.1,75.97999999999999
양양,2024-01-30,6.7,-5.1,0.0,79.0,43.0,3.3,4.3,0.8,0.0,9.4,-3.8,77.9
양양,2024-01-31,10.5,-1.1,4.5,61.9,30.0,4.7,6.5,1.4,0.0,7.6,-2.9,66.78999999999999
양양,2024-02-01,4.4,0.3,2.3,74.9,63.0,4.4,6.3,1.8,0.0,0.4,-1.7,72.71000000000001
양양,2024-02-02,5.6,-2.8,0.5,80.4,44.0,3.3,5.3,1.3,0.0,8.8,-3.0,77.45
양양,2024-02-03,6.7,-2.5,2.3,94.6,70.0,1.7,2.9,0.7,2.8,0.0,1.5,89.78999999999999
양양,2024-02-04,10.1,2.5,5.9,87.8,63.0,3.9,5.5,1.6,0.6,3.3,3.8,88.42
양양,2024-02-05,6.2,0.9,3.3,98.8,89.0,6.6,10.8,3.9,19.1,0.0,3.1,96.17999999999999
양양,2024-02-06,4.9,0.8,2.2,86.9,70.0,2.9,4.8,1.5,0.2,0.0,0.1,89.37
양양,2024-02-07,3.6,-2.4,0.8,74.0,50.0,4.2,5.5,1.3,0.0,1.5,-3.6,79.06
양양,2024-02-08,5.9,-4.2,0.2,81.1,49.0,3.3,4.3,1.0,0.0,7.6,-3.0,80.25999999999999
양양,2024-02-09,6.1,-3.9,0.9,72.5,40.0,3.9,7.2,1.7,0.0,9.3,-4.1,74.37
양양,2024-02-10,7.4,-3.8,1.5,70.1,34.0,4.5,7.1,1.6,0.0,8.0,-4.2,71.67999999999999
양양,2024-02-11,6.8,-3.8,1.5,75.6,46.0,4.6,7.7,1.5,0.0,4.2,-2.7,74.19
양양,2024-02-12,11.3,-3.8,2.8,72.8,31.0,4.6,6.4,1.1,0.0,9.9,-2.6,73.09
양양,2024-02-13,15.1,-0.1,9.5,72.8,55.0,6.2,13.6,2.2,0.0,9.2,4.6,73.08
양양,2024-02-14,16.4,11.2,14.2,82.5,55.0,4.9,8.0,2.6,0.0,1.5,11.0,79.58999999999999
양양,2024-02-15,11.6,0.8,5.0,77.5,48.0,5.2,9.2,2.3,1.9,1.0,1.0,78.03
양양,2024-02-16,8.4,-4.2,1.4,74.4,41.0,3.1,4.6,1.1,0.0,10.2,-3.2,75.83
양양,2024-02-17,11.7,-3.2,4.3,80.5,48.0,3.5,6.1,1.1,0.0,8.0,0.6,78.97999999999999
양양,2024-02-18,10.1,-2.0,5.0,98.8,83.0,1.2,3.3,0.4,36.1,0.0,4.8,92.69999999999999
양양,2024-02-19,15.3,4.4,9.3,97.9,91.0,5.1,7.7,1.9,14.2,0.0,9.0,96.34
양양,2024-02-20,6.5,3.1,4.9,94.5,82.0,4.1,5.2,1.9,5.7,0.0,4.1,95.60999999999999
양양,2024-02-21,6.0,1.4,4.4,99.0,94.0,4.8,6.6,2.9,29.4,0.0,4.2,97.99000000000001
양양,2024-02-22,2.5,0.6,1.0,98.6,91.0,5.9,7.8,2.9,16.5,0.0,0.8,98.27
양양,2024-02-23,5.9,0.4,3.0,82.4,64.0,5.9,9.2,3.3,0.3,3.0,0.1,87.30000000000001
양양,2024-02-24,7.0,-0.3,3.0,74.6,46.0,3.5,6.2,1.7,3.7,0.4,-1.4,78.55999999999999
양양,2024-02-25,5.2,-0.3,2.3,92.5,69.0,3.3,6.7,1.1,1.9,1.7,1.1,87.91
양양,2024-02-26,8.2,-2.2,3.0,82.1,46.0,4.3,8.0,1.6,0.0,9.5,-0.2,83.42999999999999
양양,2024-02-27,10.3,0.5,5.7,64.5,39.0,4.2,6.1,1.2,0.0,5.0,-1.0,70.82
양양,2024-02-28,10.1,2.4,6.4,73.6,51.0,3.1,4.2,0.8,0.0,1.3,1.7,72.63
양양,2024-02-29,8.5,2.0,5.3,70.0,44.0,3.9,7.0,1.6,0.0,0.2,0.1,70.17
양양,2024-03-01,2.0,-4.2,-2.3,38.9,26.0,5.8,11.3,3.6,0.0,10.1,-14.7,48.589999999999996
양양,2024-03-02,5.4,-7.2,0.2,61.1,43.0,5.2,9.6,2.4,0.0,6.5,-6.5,57.55
양양,2024-03-03,10.7,3.1,7.0,74.9,45.0,5.4,9.9,3.0,0.2,7.5,2.4,68.54
양양,2024-03-04,12.2,0.6,6.3,74.5,34.0,3.1,4.6,1.1,0.0,4.3,1.3,73.24
양양,2024-03-05,8.9,5.4,7.5,75.6,49.0,6.0,9.1,2.8,1.0,0.0,3.3,75.30999999999999
양양,2024-03-06,11.4,1.1,6.2,68.8,46.0,3.7,5.7,1.7,0.0,7.1,0.5,70.72999999999999
양양,2024-03-07,7.8,-0.2,3.6,66.3,21.0,5.0,8.3,2.3,0.0,8.7,-2.8,67.72999999999999
양양,2024-03-08,7.5,1.5,3.9,43.0,22.0,6.6,12.7,3.4,0.0,10.9,-8.4,50.24
양양,2024-03-09,8.0,-4.1,1.8,50.4,20.0,3.9,6.2,1.9,0.0,10.9,-8.5,50.51
양양,2024-03-10,11.4,-3.7,3.7,68.3,24.0,3.5,5.9,1.4,0.0,10.9,-2.9,62.18999999999999
양양,2024-03-11,11.8,-1.9,5.7,71.0,21.0,4.8,10.5,1.3,0.0,2.6,0.0,68.4
양양,2024-03-12,9.0,2.9,5.8,83.1,55.0,3.6,6.1,1.0,0.6,1.8,2.9,79.19999999999999
양양,2024-03-13,11.8,-0.3,5.6,68.8,26.0,4.8,8.5,2.4,0.0,10.7,-0.6,71.88
양양,2024-03-14,14.6,3.2,8.4,69.9,33.0,4.2,6.8,2.2,0.0,10.9,2.6,71.0
양양,2024-03-15,14.6,1.0,8.0,75.8,32.0,4.9,8.4,2.2,0.0,10.0,2.9,73.91999999999999
양양,2024-03-16,19.9,-0.7,9.9,51.8,12.0,4.5,9.2,1.4,0.0,8.1,-2.5,58.410000000000004
양양,2024-03-17,10.8,5.4,8.9,57.0,31.0,5.0,9.6,2.8,0.2,7.3,0.0,57.839999999999996
양양,2024-03-18,14.3,-1.7,6.7,45.3,13.0,3.5,7.2,1.5,0.0,9.9,-5.7,48.29
양양,2024-03-19,11.0,4.2,6.6,68.1,47.0,7.3,14.2,3.7,1.0,6.0,0.9,62.43
양양,2024-03-20,8.6,1.8,5.0,46.1,20.0,5.6,10.1,3.8,0.0,11.1,-6.3,50.419999999999995
양양,2024-03-21,11.2,-2.3,4.5,57.8,29.0,4.3,7.6,1.7,0.0,11.3,-4.1,56.489999999999995
양양,2024-03-22,16.9,-0.3,10.8,63.8,26.0,6.1,12.6,2.8,0.3,4.5,3.3,60.83
양양,2024-03-23,19.4,8.1,13.1,64.9,16.0,5.7,10.2,2.2,0.0,9.7,4.9,63.97
양양,2024-03-24,21.4,6.9,14.1,52.6,24.0,4.5,6.9,1.8,0.0,5.5,3.1,56.18000000000001
양양,2024-03-25,14.2,7.8,10.3,79.6,48.0,6.1,9.0,2.6,7.7,0.3,6.6,72.72999999999999
양양,2024-03-26,11.4,3.2,7.0,90.5,66.0,7.6,10.5,3.3,20.6,4.1,5.3,84.53
양양,2024-03-27,16.4,1.5,8.9,79.6,45.0,4.6,6.9,1.3,0.0,8.3,4.9,81.77999999999999
양양,2024-03-28,11.1,8.2,9.5,97.1,81.0,2.4,4.5,0.7,3.1,0.0,9.0,92.93999999999998
양양,2024-03-29,12.4,4.7,8.2,92.1,72.0,6.5,11.6,2.8,0.2,3.0,6.9,91.85
양양,2024-03-30,17.4,0.8,8.9,67.5,22.0,5.3,9.3,1.7,0.0,5.0,2.2,75.38
양양,2024-03-31,16.4,-0.2,8.8,56.3,18.0,4.4,7.5,1.5,0.0,11.7,-1.0,62.12
양양,2024-04-01,20.1,1.2,10.5,53.5,19.0,4.3,6.6,1.0,0.0,11.7,-0.4,55.459999999999994
양양,2024-04-02,22.0,3.5,14.2,63.3,23.0,4.1,6.9,1.2,0.0,8.4,6.3,60.64
양양,2024-04-03,16.3,12.9,14.5,98.3,74.0,5.9,7.9,1.8,3.2,0.0,14.1,86.81999999999998
양양,2024-04-04,19.5,10.3,14.0,93.3,69.0,3.6,5.3,1.1,2.4,2.1,12.7,91.29999999999998
양양,2024-04-05,17.6,7.9,13.0,70.5,44.0,4.7,7.5,2.1,0.0,10.3,7.2,77.83999999999999
양양,2024-04-06,18.4,4.8,11.0,63.1,15.0,3.1,4.8,0.8,0.0,3.9,2.3,67.60000000000001
양양,2024-04-07,22.9,4.1,13.2,52.9,25.0,3.0,4.7,1.0,0.0,11.4,2.1,56.69999999999999
양양,2024-04-08,20.7,6.2,13.9,49.9,29.0,4.0,5.4,1.0,0.0,3.5,2.7,51.82
양양,2024-04-09,20.9,6.4,14.2,60.3,32.0,5.2,7.0,1.7,0.0,11.6,5.4,57.48
양양,2024-04-10,19.3,10.1,13.9,70.6,46.0,4.1,6.7,1.8,0.0,8.3,8.2,66.47
양양,2024-04-11,22.3,9.9,14.5,71.0,33.0,5.8,8.8,1.2,0.0,6.8,8.3,69.85
양양,2024-04-12,24.4,8.6,16.4,75.6,41.0,3.5,5.4,1.0,0.0,9.4,11.3,74.17999999999999
양양,2024-04-13,27.1,8.3,16.8,63.3,20.0,3.4,6.1,1.2,0.0,11.4,7.3,66.52999999999999
양양,2024-04-14,27.4,8.8,18.6,54.8,24.0,3.4,6.1,1.1,0.0,11.1,7.5,58.58
양양,2024-04-15,19.1,11.2,14.7,91.0,56.0,4.5,8.9,1.6,25.2,0.0,13.0,80.99
양양,2024-04-16,16.3,9.1,12.7,89.9,61.0,4.9,8.1,2.4,0.6,7.6,10.9,86.61
양양,2024-04-17,21.2,7.5,13.5,70.4,33.0,4.3,6.7,1.7,0.0,7.4,6.9,76.36
양양,2024-04-18,24.8,6.5,15.7,57.6,21.0,3.1,5.1,1.2,0.0,11.8,5.5,63.39000000000001
양양,2024-04-19,23.5,7.9,16.4,51.5,26.0,3.8,6.0,1.8,0.0,10.6,5.3,54.61
양양,2024-04-20,14.8,11.7,13.3,95.3,56.0,3.7,5.5,1.6,14.9,0.0,12.5,82.77
양양,2024-04-21,18.6,13.4,16.3,90.5,75.0,4.7,6.9,1.7,0.0,0.1,14.7,87.56
양양,2024-04-22,22.1,12.9,17.3,74.8,50.0,3.4,7.6,1.1,0.0,2.2,12.5,79.99
양양,2024-04-23,22.2,9.9,15.3,75.4,38.0,4.5,6.6,1.5,0.3,6.8,10.3,76.79
양양,2024-04-24,17.6,10.0,13.6,87.3,63.0,4.8,8.0,2.0,16.3,5.3,11.2,83.67
양양,2024-04-25,21.0,9.7,13.9,85.5,60.0,3.0,4.4,1.2,0.0,6.6,11.2,84.85000000000001
양양,2024-04-26,25.1,8.4,15.1,77.8,43.0,3.6,5.4,1.0,0.0,9.7,10.4,80.29
양양,2024-04-27,24.6,7.5,16.0,68.4,26.0,3.6,6.3,1.2,0.0,12.6,8.7,71.99000000000001
양양,2024-04-28,27.6,7.0,17.6,65.4,16.0,2.9,5.2,1.0,0.0,11.2,9.0,67.24
양양,2024-04-29,21.2,14.0,17.3,81.0,48.0,3.9,6.1,1.2,0.5,0.0,13.6,76.62
양양,2024-04-30,20.1,10.9,15.4,82.3,55.0,3.4,5.3,1.6,0.0,3.8,12.0,80.35
양양,2024-05-01,22.4,9.4,15.7,62.0,28.0,5.0,6.7,1.5,0.0,11.0,6.7,67.96
양양,2024-05-02,23.3,8.9,15.9,68.3,30.0,4.3,6.9,1.7,0.0,12.4,8.9,68.44
양양,2024-05-03,25.3,7.3,16.9,56.5,22.0,3.9,6.9,1.3,0.0,13.0,5.9,59.41
양양,2024-05-04,26.8,9.0,19.1,59.5,26.0,3.9,7.1,1.5,0.0,11.3,9.5,59.78
양양,2024-05-05,19.5,15.4,17.6,99.0,70.0,5.6,10.6,2.1,55.6,0.0,17.4,86.85000000000001
양양,2024-05-06,15.4,13.5,14.2,98.5,91.0,5.5,10.3,2.7,4.9,0.2,13.9,94.69999999999999
양양,2024-05-07,14.9,11.6,13.3,98.8,95.0,6.0,9.3,2.4,21.7,0.0,13.0,98.76
양양,2024-05-08,20.4,10.2,14.5,71.4,36.0,5.0,7.6,2.2,0.2,12.7,8.6,79.59
양양,2024-05-09,21.1,7.4,14.8,66.8,29.0,5.4,9.4,2.2,0.0,13.1,7.2,70.92
양양,2024-05-10,23.6,10.7,16.8,59.6,19.0,5.7,9.4,2.2,0.0,12.9,7.1,62.22
양양,2024-05-11,23.6,13.8,18.0,82.6,52.0,7.0,15.4,2.9,25.1,3.7,14.6,76.41999999999999
양양,2024-05-12,21.1,9.6,15.3,69.8,29.0,4.6,8.0,1.8,0.0,10.9,8.9,71.34
양양,2024-05-13,24.1,8.8,16.9,63.3,28.0,4.2,6.1,1.6,0.0,12.5,8.7,66.53
양양,2024-05-14,23.7,9.9,17.1,55.8,22.0,4.0,7.1,1.9,0.0,13.1,6.6,58.7
양양,2024-05-15,19.9,8.2,12.3,85.1,48.0,5.9,10.8,2.5,10.0,4.5,9.5,77.05999999999999
양양,2024-05-16,19.6,8.6,14.7,66.6,25.0,5.5,8.6,2.7,1.4,13.0,7.7,69.21999999999998
양양,2024-05-17,23.7,10.9,17.9,67.0,37.0,4.9,8.1,2.2,0.0,11.1,10.7,68.73
양양,2024-05-18,25.4,12.5,19.3,74.4,40.0,3.9,6.5,1.5,0.0,12.5,13.7,72.14
양양,2024-05-19,28.0,13.6,20.5,67.8,15.0,3.4,5.7,1.2,0.0,13.0,12.8,69.03999999999999
양양,2024-05-20,24.2,13.6,18.9,84.5,54.0,3.7,5.5,1.6,0.0,6.4,15.9,80.14999999999999
양양,2024-05-21,26.3,15.9,19.6,86.4,48.0,3.0,4.3,1.4,0.0,8.2,16.8,84.16
양양,2024-05-22,24.9,15.2,19.3,90.9,69.0,3.2,5.1,1.4,0.0,6.9,17.6,89.36
양양,2024-05-23,27.4,15.2,19.6,80.4,32.0,3.4,5.4,1.3,0.0,10.6,15.2,83.10000000000001
양양,2024-05-24,24.9,14.6,18.7,89.4,64.0,4.8,6.5,1.5,0.0,5.0,16.8,87.75
양양,2024-05-25,22.9,17.4,20.1,84.6,73.0,2.4,4.3,0.9,0.0,0.1,17.2,85.14
양양,2024-05-26,24.0,15.1,19.1,88.8,45.0,5.1,10.8,1.8,37.1,1.7,16.9,88.02
양양,2024-05-27,22.9,14.3,18.8,56.9,36.0,4.9,10.3,2.6,0.0,12.2,9.5,66.05
양양,2024-05-28,24.4,11.8,18.7,70.8,41.0,5.8,9.2,2.1,0.0,12.0,12.3,69.82
양양,2024-05-29,26.5,12.6,20.1,64.6,30.0,3.5,5.9,1.6,0.0,13.5,11.8,65.07
양양,2024-05-30,25.6,15.4,20.8,62.1,35.0,3.0,4.9,0.9,0.0,2.7,12.3,63.47
양양,2024-05-31,24.9,14.6,19.8,69.1,40.0,5.5,9.0,2.1,0.0,12.7,13.3,67.24999999999999
양양,2024-06-01,24.2,16.1,19.3,69.6,34.0,5.6,9.1,2.5,0.0,10.2,12.7,68.75
양양,2024-06-02,25.4,13.1,19.7,63.6,30.0,4.3,7.3,1.9,0.0,13.7,11.7,65.35
양양,2024-06-03,26.4,13.5,20.4,64.8,33.0,4.7,7.1,1.7,0.0,13.7,12.6,65.03999999999999
양양,2024-06-04,27.3,15.2,20.9,72.5,25.0,4.6,7.5,1.4,0.0,13.6,14.7,70.07000000000001
양양,2024-06-05,27.8,15.3,21.1,74.9,41.0,3.7,5.0,1.6,0.0,10.5,15.8,73.41000000000001
양양,2024-06-06,28.3,16.9,21.4,68.8,39.0,6.1,8.3,1.5,0.0,10.5,14.4,70.39
양양,2024-06-07,26.6,15.1,21.5,62.4,36.0,3.5,5.9,1.3,0.0,6.4,13.1,64.92999999999999
양양,2024-06-08,25.4,17.7,20.9,87.1,56.0,3.8,6.8,1.5,1.7,5.5,18.5,80.32999999999998
양양,2024-06-09,28.5,18.1,22.3,77.9,48.0,3.9,6.1,1.4,0.0,12.8,17.7,78.19
양양,2024-06-10,30.2,18.2,23.5,75.0,41.0,5.7,9.7,2.3,0.0,12.3,18.0,76.78999999999999
양양,2024-06-11,30.9,19.1,23.5,75.5,34.0,4.1,6.6,1.8,0.0,10.4,18.1,75.64
양양,2024-06-12,32.4,16.1,23.5,66.4,17.0,4.0,7.0,1.3,0.0,13.0,15.2,69.08000000000001
양양,2024-06-13,31.0,18.0,24.2,67.9,25.0,4.8,6.6,1.6,0.0,12.2,16.7,68.36
양양,2024-06-14,31.3,18.2,24.4,72.5,39.0,4.6,7.9,1.4,0.0,12.6,18.3,70.97
양양,2024-06-15,28.1,21.0,24.3,77.6,62.0,3.6,6.1,1.4,0.0,4.3,20.0,75.61
양양,2024-06-16,28.7,18.2,23.3,71.5,37.0,4.4,8.0,2.0,0.0,12.6,16.9,72.82
양양,2024-06-17,29.8,16.1,23.2,59.8,22.0,4.2,6.1,1.6,0.0,12.5,13.3,63.919999999999995
양양,2024-06-18,31.7,15.6,24.0,70.5,40.0,4.8,7.5,1.9,0.0,13.8,17.2,68.46
양양,2024-06-19,34.3,18.3,26.0,62.5,31.0,3.9,7.0,1.5,0.0,12.3,16.9,63.83
양양,2024-06-20,31.3,19.2,25.1,64.0,33.0,3.3,4.6,1.3,0.0,10.0,16.6,64.35
양양,2024-06-21,31.1,18.5,25.4,63.8,40.0,3.6,5.6,1.3,0.0,11.9,17.1,63.709999999999994
양양,2024-06-22,24.1,22.2,22.8,96.3,71.0,4.2,6.3,1.3,52.6,0.0,22.1,86.57000000000001
양양,2024-06-23,28.3,22.6,24.7,90.3,70.0,4.3,6.5,1.9,5.1,3.7,22.9,88.85
양양,2024-06-24,27.8,19.7,23.8,78.8,48.0,4.8,7.9,2.3,0.0,9.9,19.6,82.85
양양,2024-06-25,27.4,16.9,22.6,70.6,38.0,4.2,7.5,2.1,0.0,13.4,16.0,74.21
양양,2024-06-26,29.2,17.8,23.4,73.3,40.0,3.2,5.4,1.3,0.0,13.1,17.6,73.30999999999999
양양,2024-06-27,28.4,17.9,23.2,76.4,44.0,2.7,4.0,1.0,0.0,6.5,18.2,75.2
양양,2024-06-28,30.9,17.8,24.1,72.4,39.0,3.5,5.9,1.0,0.0,13.4,18.0,73.29
양양,2024-06-29,28.9,20.9,24.9,88.0,63.0,5.1,9.9,1.8,56.8,4.7,22.5,83.72
양양,2024-06-30,27.2,22.0,24.4,93.3,75.0,6.4,11.5,3.3,4.0,4.2,23.2,90.14999999999999
양양,2024-07-01,30.0,20.9,25.3,84.9,59.0,3.2,4.7,1.0,0.0,9.1,22.2,86.89
양양,2024-07-02,27.7,21.4,23.6,98.8,90.0,4.4,9.2,1.0,37.4,0.0,23.3,95.47
양양,2024-07-03,27.1,24.1,25.3,91.0,77.0,4.2,7.2,2.3,0.1,2.8,23.6,91.94999999999999
양양,2024-07-04,31.2,23.4,27.1,83.3,54.0,5.4,10.1,2.0,0.7,9.0,23.7,86.38999999999999
양양,2024-07-05,27.8,21.9,24.6,83.4,62.0,6.2,12.8,2.7,0.0,9.4,21.3,84.14
양양,2024-07-06,30.9,22.1,26.4,91.1,75.0,5.6,12.3,2.5,4.2,3.8,24.8,88.77999999999999
양양,2024-07-07,25.9,21.9,23.9,99.0,98.0,4.4,8.0,1.4,100.3,0.0,23.7,95.86
양양,2024-07-08,25.7,23.0,24.2,99.0,99.0,4.1,7.8,1.6,105.4,0.0,24.0,98.21
양양,2024-07-09,24.6,22.9,23.8,99.0,99.0,3.2,4.7,1.0,15.1,0.0,23.6,99.0
양양,2024-07-10,31.2,21.5,25.8,86.3,54.0,8.5,12.5,2.3,94.6,9.5,23.0,90.11
양양,2024-07-11,28.5,21.9,24.5,91.1,73.0,3.5,5.7,1.8,0.0,5.6,22.8,90.92999999999999
양양,2024-07-12,29.4,21.8,25.0,91.1,67.0,3.1,5.0,1.1,0.0,7.6,23.3,90.61999999999998
양양,2024-07-13,31.0,22.3,26.4,87.9,59.0,3.6,5.9,1.0,0.0,7.2,24.0,88.86
양양,2024-07-14,31.2,22.7,25.5,91.4,64.0,4.6,8.6,1.6,10.3,6.2,23.8,90.67
양양,2024-07-15,30.9,23.0,26.8,88.0,68.0,2.7,4.6,1.2,0.0,7.8,24.5,88.67
양양,2024-07-16,27.5,23.3,25.1,98.0,89.0,2.7,5.5,0.9,32.8,1.5,24.7,95.33999999999999
양양,2024-07-17,30.2,23.2,27.7,90.6,79.0,5.4,9.9,3.1,4.9,2.6,25.9,91.82
양양,2024-07-18,28.3,24.5,25.7,96.6,82.0,7.4,15.3,2.9,68.7,0.0,25.0,95.53999999999999
양양,2024-07-19,29.6,23.9,25.7,95.9,80.0,4.3,6.8,1.7,0.5,3.5,24.9,95.50999999999999
양양,2024-07-20,31.0,22.9,26.6,92.9,79.0,5.5,11.7,2.2,6.8,3.4,25.3,93.87
양양,2024-07-21,29.5,24.9,27.4,93.8,85.0,7.0,14.0,2.9,0.0,2.4,26.2,93.83
양양,2024-07-22,30.4,27.6,28.8,86.8,78.0,4.7,9.0,2.9,0.0,1.5,26.3,88.81
양양,2024-07-23,28.4,24.8,26.7,97.8,87.0,4.6,9.7,2.4,39.2,0.0,26.3,95.19999999999999
양양,2024-07-24,31.4,26.7,28.3,94.4,75.0,4.3,7.9,1.9,10.4,8.0,27.2,94.32
양양,2024-07-25,33.3,24.7,28.2,89.9,64.0,4.4,9.0,0.8,6.0,7.5,26.1,91.59
양양,2024-07-26,33.7,24.7,28.5,89.9,64.0,4.0,7.1,1.3,0.5,6.4,26.5,90.35
양양,2024-07-27,32.9,26.3,28.8,93.5,73.0,5.3,11.7,1.5,17.6,6.0,27.5,92.42
양양,2024-07-28,33.2,26.8,29.6,82.0,58.0,5.9,11.0,2.6,0.0,11.0,25.9,85.08999999999999
양양,2024-07-29,30.3,26.8,28.4,90.5,80.0,4.9,10.4,3.1,0.0,4.0,26.6,89.1
양양,2024-07-30,31.3,26.6,28.1,90.9,74.0,3.4,6.7,2.2,0.0,5.3,26.3,89.93
양양,2024-07-31,33.1,26.0,29.1,86.0,62.0,4.1,7.3,2.0,0.0,9.3,26.2,87.42999999999999
양양,2024-08-01,32.8,27.5,29.7,87.4,72.0,4.3,6.8,2.3,0.0,9.3,27.1,87.47
양양,2024-08-02,32.8,27.4,29.8,90.4,73.0,4.6,8.3,2.4,0.0,8.7,27.9,89.36
양양,2024-08-03,34.3,25.8,29.7,87.5,63.0,2.9,5.1,1.1,0.1,6.7,27.1,88.07
양양,2024-08-04,35.2,24.4,29.5,85.9,61.0,2.7,4.9,1.0,0.0,11.9,26.6,86.67
양양,2024-08-05,34.7,25.5,28.9,89.4,63.0,4.5,8.0,1.4,2.7,7.8,26.8,88.51
양양,2024-08-06,32.7,24.4,27.6,90.0,55.0,4.9,8.3,0.9,12.1,9.1,25.5,89.47
양양,2024-08-07,34.2,25.4,29.1,85.5,55.0,3.8,7.4,1.0,0.0,10.0,26.0,86.78999999999999
양양,2024-08-08,29.9,23.7,26.6,94.6,81.0,3.3,4.6,1.3,14.7,0.7,25.6,92.32
양양,2024-08-09,33.0,23.2,27.5,87.4,55.0,3.4,5.2,0.9,0.0,9.6,24.8,88.64999999999999
양양,2024-08-10,33.3,23.8,28.5,82.9,61.0,3.0,4.6,1.0,0.0,7.9,24.9,84.97
양양,2024-08-11,33.7,24.6,29.2,84.4,59.0,3.2,4.9,1.3,0.0,10.5,26.1,84.39999999999999
양양,2024-08-12,34.2,25.0,29.3,85.9,59.0,2.5,4.5,0.9,0.0,10.3,26.3,85.30000000000001
양양,2024-08-13,34.3,26.4,29.5,87.8,61.0,3.3,5.0,1.0,0.0,10.1,27.0,87.08
양양,2024-08-14,34.9,26.0,29.9,82.6,52.0,2.5,4.7,1.0,0.0,10.5,26.3,83.97
양양,2024-08-15,33.2,25.4,28.2,91.6,60.0,4.0,8.3,0.9,0.0,8.1,26.6,89.41999999999999
양양,2024-08-16,33.7,25.0,28.7,85.6,58.0,3.1,5.2,1.0,0.0,10.1,25.7,86.5
양양,2024-08-17,33.8,25.2,28.8,86.6,56.0,4.7,8.5,1.1,0.0,10.9,26.0,86.89999999999999
양양,2024-08-18,33.4,25.0,28.2,91.0,61.0,5.0,9.5,1.1,0.0,8.4,26.4,89.58
양양,2024-08-19,34.6,25.0,29.0,84.4,47.0,2.6,4.9,1.1,0.0,9.9,25.6,85.94
양양,2024-08-20,35.6,25.8,29.5,88.6,56.0,3.8,7.9,1.1,2.1,7.3,27.1,87.99999999999999
양양,2024-08-21,32.3,25.5,28.8,91.3,72.0,5.2,10.3,2.1,70.8,4.0,27.1,90.07
양양,2024-08-22,30.8,26.0,28.1,93.4,82.0,5.5,11.5,2.5,4.2,3.0,26.8,92.5
양양,2024-08-23,31.5,24.3,27.9,90.3,71.0,4.1,6.4,1.9,0.6,7.8,25.9,91.02
양양,2024-08-24,32.1,25.1,27.9,91.9,66.0,3.3,5.1,1.2,1.1,7.5,26.3,91.73
양양,2024-08-25,31.3,23.7,26.9,92.8,70.0,2.7,4.5,0.8,1.1,4.7,25.5,92.37
양양,2024-08-26,31.0,23.5,27.0,91.9,74.0,2.8,4.3,0.8,0.0,1.8,25.4,92.08
양양,2024-08-27,28.1,24.0,25.9,96.3,85.0,5.3,8.0,1.6,0.0,1.2,25.2,95.07
양양,2024-08-28,32.4,22.5,26.7,85.5,59.0,4.4,6.1,1.8,0.0,12.1,23.8,88.3
양양,2024-08-29,32.5,23.3,27.7,77.0,56.0,6.3,8.6,2.6,0.0,12.1,23.0,80.63
양양,2024-08-30,32.0,22.1,26.7,81.6,54.0,3.7,5.8,1.6,0.0,10.9,23.0,81.07
양양,2024-08-31,31.0,21.5,25.8,86.0,61.0,2.5,3.6,1.2,0.0,10.9,22.9,84.22
양양,2024-09-01,31.2,21.8,25.9,84.5,55.0,3.3,6.3,1.4,0.0,9.2,22.7,84.50999999999999
양양,2024-09-02,26.6,20.8,23.7,93.0,70.0,2.3,3.7,0.7,0.0,0.0,22.4,90.6
양양,2024-09-03,31.3,22.1,26.3,83.5,55.0,2.8,4.4,0.9,0.0,6.7,23.0,85.5
양양,2024-09-04,31.9,21.0,25.9,79.9,45.0,2.8,5.9,1.0,0.0,10.5,21.6,81.92999999999999
양양,2024-09-05,29.7,22.8,26.1,91.1,60.0,4.1,7.6,1.8,0.5,5.2,24.4,88.09999999999998
양양,2024-09-06,27.9,23.5,25.2,97.5,85.0,1.6,3.1,0.6,1.9,0.0,24.7,94.46
양양,2024-09-07,31.4,21.0,25.4,84.5,48.0,3.0,5.2,1.0,0.0,9.2,22.1,87.76
양양,2024-09-08,32.2,19.8,25.4,83.9,37.0,2.6,5.4,0.8,0.0,10.9,21.9,85.38
양양,2024-09-09,33.4,21.0,26.8,85.0,57.0,2.9,4.7,0.9,0.0,10.0,23.7,84.73
양양,2024-09-10,33.8,22.8,27.7,83.4,53.0,3.6,5.4,1.0,0.0,10.9,24.3,83.77
양양,2024-09-11,31.2,23.1,26.8,92.3,70.0,3.5,6.3,0.8,67.1,2.6,25.3,89.79
양양,2024-09-12,28.7,24.8,26.3,95.3,81.0,1.9,3.1,0.2,59.9,0.0,25.4,93.50999999999999
양양,2024-09-13,31.7,24.5,27.3,85.6,65.0,3.9,8.0,1.8,0.0,2.4,24.5,88.21
양양,2024-09-14,31.4,24.8,27.5,84.3,63.0,3.4,5.5,1.2,2.3,7.6,24.4,85.66
양양,2024-09-15,33.0,23.4,27.9,81.3,62.0,3.8,6.0,1.5,0.0,9.4,24.2,82.33
양양,2024-09-16,31.3,24.0,27.8,78.4,63.0,2.8,5.4,1.0,0.0,6.1,23.5,79.57
양양,2024-09-17,32.9,25.3,28.3,83.1,63.0,3.2,5.6,0.9,0.0,7.6,24.9,81.97999999999999
양양,2024-09-18,32.6,24.6,27.6,85.0,67.0,2.6,4.6,0.7,0.0,4.8,24.7,83.96
양양,2024-09-19,32.1,23.9,27.9,83.1,66.0,2.3,3.3,0.5,0.0,5.2,24.6,83.47999999999999
양양,2024-09-20,28.1,24.5,25.8,92.8,80.0,5.0,9.9,0.8,102.7,0.1,24.5,90.08
양양,2024-09-21,25.9,18.6,20.7,91.6,76.0,4.0,7.9,1.8,98.6,0.0,19.2,90.99
양양,2024-09-22,25.5,17.7,21.5,72.1,60.0,3.8,6.5,1.9,0.0,4.4,16.2,78.07
양양,2024-09-23,25.1,15.8,20.1,73.4,51.0,3.5,5.8,1.5,0.0,10.9,14.8,74.96
양양,2024-09-24,26.1,14.4,19.9,73.3,38.0,2.4,3.9,0.9,0.0,9.7,14.4,73.19999999999999
양양,2024-09-25,27.6,18.0,22.6,78.5,53.0,1.9,3.5,0.5,0.0,6.2,18.4,76.95
양양,2024-09-26,28.4,19.8,23.2,80.0,50.0,3.2,5.6,0.9,0.0,7.7,19.2,79.03
양양,2024-09-27,27.2,17.5,22.1,78.5,52.0,3.2,6.0,1.0,0.0,10.8,17.8,78.79999999999998
양양,2024-09-28,28.8,18.8,23.2,71.0,51.0,4.2,6.5,1.6,0.0,9.9,17.4,73.39999999999999
양양,2024-09-29,28.2,17.8,22.6,72.5,49.0,4.2,6.4,1.3,0.0,10.5,17.0,72.8
양양,2024-09-30,27.2,14.8,20.8,70.9,42.0,2.7,4.6,0.5,0.0,10.3,14.8,71.22999999999999
양양,2024-10-01,20.3,13.9,17.9,71.4,50.0,3.6,7.0,1.5,0.9,0.3,12.3,71.41000000000001
양양,2024-10-02,18.9,8.3,13.4,66.0,29.0,3.0,7.9,0.8,0.0,8.9,5.8,67.57
양양,2024-10-03,19.3,6.7,12.6,80.9,51.0,3.4,5.0,1.2,0.0,5.7,9.0,76.97
양양,2024-10-04,22.2,7.6,15.0,74.8,39.0,3.8,6.0,1.0,0.0,10.8,9.8,75.13999999999999
양양,2024-10-05,23.4,8.3,15.7,76.8,42.0,2.7,4.8,0.9,0.0,10.6,10.9,76.81
양양,2024-10-06,17.9,11.7,15.2,91.3,82.0,1.9,3.6,0.6,0.5,0.0,13.7,86.75
양양,2024-10-07,21.3,14.0,17.0,82.5,56.0,2.6,4.0,0.9,0.1,1.1,13.7,83.69
양양,2024-10-08,22.3,10.8,16.3,81.0,53.0,2.6,4.7,0.9,0.0,7.1,12.6,82.32999999999998
양양,2024-10-09,23.8,10.2,16.5,81.9,49.0,2.4,4.2,0.7,0.0,7.0,12.8,81.78
양양,2024-10-10,24.5,11.9,17.7,74.8,41.0,3.5,7.0,1.1,0.0,8.6,12.6,76.83999999999999
양양,2024-10-11,24.3,10.7,17.0,77.3,42.0,2.3,3.6,0.8,0.0,9.0,12.3,77.25999999999999
양양,2024-10-12,23.3,9.2,15.7,80.4,46.0,2.8,4.5,0.8,0.0,9.5,11.7,79.22000000000001
양양,2024-10-13,23.2,7.7,15.9,80.8,46.0,2.9,4.7,0.7,0.0,4.9,12.2,80.37
양양,2024-10-14,19.0,14.0,17.1,92.8,87.0,1.7,2.7,0.4,4.1,0.0,15.8,89.16
양양,2024-10-15,21.4,15.9,18.7,94.6,85.0,1.2,2.1,0.4,22.8,0.0,17.7,92.86
양양,2024-10-16,22.7,13.4,17.5,87.0,59.0,2.4,4.1,0.7,0.0,6.5,15.1,89.1
양양,2024-10-17,24.6,12.0,16.8,86.0,53.0,3.4,5.8,0.8,0.0,6.5,14.2,87.05999999999999
양양,2024-10-18,22.9,15.6,18.2,94.9,85.0,3.2,6.1,1.0,52.3,0.0,17.3,92.33000000000001
양양,2024-10-19,22.6,13.4,17.0,81.5,71.0,4.3,7.8,2.5,27.1,0.4,13.7,84.63
양양,2024-10-20,18.2,8.6,13.0,65.6,44.0,6.5,10.5,2.7,0.0,10.1,6.3,71.71
양양,2024-10-21,19.4,7.3,14.0,80.1,58.0,2.0,3.4,0.8,0.0,2.0,10.4,77.34
양양,2024-10-22,19.1,15.0,16.9,91.0,81.0,5.7,9.6,1.2,5.4,0.0,15.4,86.28
양양,2024-10-23,17.5,7.9,13.5,70.1,51.0,5.1,10.1,2.5,0.3,6.4,7.9,75.28
양양,2024-10-24,17.9,4.9,11.3,79.3,45.0,3.6,6.4,1.0,0.0,10.1,7.3,78.63
양양,2024-10-25,21.7,6.1,14.0,78.8,47.0,2.0,4.4,0.9,0.0,7.8,9.8,78.03
양양,2024-10-26,23.6,8.0,15.7,81.3,49.0,3.0,5.4,0.8,0.0,9.8,11.9,80.6
양양,2024-10-27,20.0,11.6,15.6,82.3,59.0,3.3,5.2,1.0,0.3,0.6,12.3,81.74999999999999
양양,2024-10-28,17.8,9.2,14.4,81.9,66.0,3.0,5.3,1.1,0.0,2.1,11.1,81.91999999999999
양양,2024-10-29,20.4,11.1,15.5,70.1,49.0,3.0,4.6,0.7,0.0,4.7,9.7,73.67999999999999
양양,2024-10-30,20.7,10.0,14.5,77.9,44.0,2.7,5.1,0.9,0.0,9.1,10.1,76.74
양양,2024-10-31,22.1,6.5,13.3,79.6,42.0,2.4,4.2,0.5,0.0,8.4,9.2,78.31
양양,2024-11-01,15.8,10.2,13.6,83.8,70.0,3.0,5.7,1.1,1.0,0.0,10.8,82.37
양양,2024-11-02,23.6,12.0,17.5,67.9,47.0,3.9,7.2,1.7,0.0,8.4,11.2,72.25
양양,2024-11-03,23.2,8.3,15.6,82.3,51.0,4.3,6.7,1.1,0.0,8.6,12.1,79.57
양양,2024-11-04,20.7,11.1,15.5,68.1,32.0,4.0,7.4,1.9,1.6,7.2,9.2,70.92
양양,2024-11-05,14.7,5.4,9.5,60.8,31.0,4.1,6.7,1.2,0.0,7.9,1.5,64.41
양양,2024-11-06,12.2,1.8,6.5,65.3,29.0,4.0,7.8,1.1,0.0,9.7,-0.5,64.67999999999999
양양,2024-11-07,14.3,-1.2,5.8,70.9,34.0,2.1,4.1,0.7,0.0,9.7,0.0,68.77000000000001
양양,2024-11-08,16.9,-0.4,7.5,73.0,36.0,2.1,3.7,0.6,0.0,9.3,2.1,71.81
양양,2024-11-09,19.0,3.2,10.5,78.0,48.0,2.6,4.2,0.6,0.0,8.4,6.4,76.28999999999999
양양,2024-11-10,20.8,8.3,12.4,78.6,43.0,1.9,3.5,0.4,0.0,6.3,8.3,77.92
양양,2024-11-11,20.6,5.4,12.4,78.3,42.0,1.9,3.3,0.5,0.0,9.3,8.0,78.33
양양,2024-11-12,19.3,6.9,13.0,76.0,34.0,3.5,5.3,0.8,0.0,9.1,8.0,76.72
양양,2024-11-13,20.3,3.8,11.0,82.6,42.0,2.0,3.2,0.6,0.0,5.5,7.5,80.85
양양,2024-11-14,19.2,9.3,13.7,81.5,51.0,1.2,2.2,0.4,0.0,1.4,10.2,81.16999999999999
양양,2024-11-15,20.7,10.9,14.5,82.3,51.0,2.5,4.3,0.6,6.5,4.3,11.2,82.17
양양,2024-11-16,22.4,9.4,16.0,79.0,45.0,3.7,6.9,1.2,0.3,6.6,11.8,79.91
양양,2024-11-17,16.2,5.0,9.3,47.9,31.0,4.4,9.0,2.3,0.0,2.2,-1.5,57.56
양양,2024-11-18,7.1,-2.3,3.2,43.0,22.0,4.9,9.4,2.1,0.0,9.5,-9.1,47.58
양양,2024-11-19,11.4,-3.7,2.8,64.3,31.0,2.2,3.9,0.7,0.0,7.2,-4.1,58.4
양양,2024-11-20,11.7,-1.8,5.9,75.1,37.0,2.3,3.6,0.7,0.3,3.5,1.5,69.72999999999999
양양,2024-11-21,15.2,4.5,10.6,71.8,44.0,4.2,7.4,1.7,0.0,3.9,5.2,71.71000000000001
양양,2024-11-22,12.0,0.3,6.4,57.6,37.0,4.1,7.1,1.5,0.0,9.3,-1.8,62.19
양양,2024-11-23,11.7,-2.1,4.0,66.8,32.0,3.2,6.0,1.0,0.0,8.2,-2.6,65.46000000000001
양양,2024-11-24,13.2,-2.2,4.9,72.4,39.0,2.2,3.3,0.5,0.0,9.3,-0.2,69.8
양양,2024-11-25,16.9,-0.8,8.7,71.8,46.0,3.9,5.6,0.8,0.4,6.8,3.2,71.41999999999999
양양,2024-11-26,10.9,3.6,8.0,68.6,,7.7,13.7,3.8,26.5,,2.2,69.61999999999999
양양,2024-11-27,5.4,0.7,3.4,74.3,45.0,9.5,17.1,5.3,4.5,0.7,-0.9,72.91
양양,2024-11-28,7.9,2.4,3.9,80.4,73.0,7.9,15.1,3.6,7.9,1.2,0.8,78.0
양양,2024-11-29,5.4,-1.5,2.5,76.0,75.0,3.9,6.4,1.6,3.7,5.1,-1.3,76.71000000000001
양양,2024-11-30,11.6,-0.6,5.3,73.9,71.0,4.1,6.7,1.8,0.0,2.3,1.0,74.97000000000001
양양,2024-12-01,12.4,0.9,7.2,80.0,69.0,2.2,3.4,1.0,0.0,2.2,3.8,78.38
양양,2024-12-02,18.4,2.8,8.4,77.4,54.0,6.2,10.2,2.6,0.0,2.6,4.6,77.57000000000001
양양,2024-12-03,5.5,-1.2,1.6,58.4,19.0,4.4,6.8,1.6,0.0,7.3,-6.4,64.36
양양,2024-12-04,7.8,-0.4,2.7,64.6,35.0,4.0,6.0,1.3,0.0,8.7,-3.7,64.63999999999999
양양,2024-12-05,9.8,-0.9,4.8,69.0,40.0,4.8,10.2,2.0,1.6,4.7,-0.3,67.06
양양,2024-12-06,8.7,-0.2,3.9,67.9,32.0,5.5,9.4,1.6,0.2,6.7,-2.0,67.78999999999999
양양,2024-12-07,5.7,-2.9,1.5,69.4,51.0,4.4,9.9,1.8,0.2,3.8,-3.7,69.06
양양,2024-12-08,5.5,-2.4,1.1,61.6,28.0,4.8,8.5,1.8,0.0,8.4,-5.9,63.79
양양,2024-12-09,5.1,-4.7,1.2,74.4,57.0,2.1,3.6,0.7,0.0,1.8,-2.9,71.34
양양,2024-12-10,8.6,-0.8,3.2,70.5,42.0,5.2,6.6,1.2,0.0,8.1,-1.9,70.38999999999999
양양,2024-12-11,8.3,-2.4,1.5,73.5,44.0,4.6,6.6,1.4,0.0,6.8,-3.0,72.99
양양,2024-12-12,6.5,-5.0,0.2,64.5,23.0,3.4,6.2,1.5,0.0,6.1,-6.3,66.9
양양,2024-12-13,4.6,-2.0,0.8,66.3,38.0,5.7,10.3,1.6,0.1,0.8,-5.0,66.66
양양,2024-12-14,5.0,-3.1,0.9,66.9,47.0,5.2,8.7,1.9,0.6,4.8,-4.8,66.53999999999999
양양,2024-12-15,7.0,-0.7,3.1,70.5,47.0,5.3,9.4,2.4,3.5,2.2,-1.9,69.36
양양,2024-12-16,6.1,-2.9,1.7,77.8,48.0,4.5,,0.9,1.0,,-1.9,75.25
양양,2024-12-17,5.7,-3.3,0.7,68.8,41.0,4.8,8.1,1.6,0.0,,-4.7,70.77
양양,2024-12-18,1.5,-6.7,-2.4,63.8,43.0,4.6,7.8,2.0,0.0,6.6,-8.6,66.19999999999999
양양,2024-12-19,3.6,-9.0,-2.9,69.0,38.0,3.0,4.3,1.0,0.0,8.4,-8.3,67.94
양양,2024-12-20,3.8,-4.1,0.4,78.4,53.0,2.8,4.3,0.9,0.9,0.2,-3.1,75.06
양양,2024-12-21,4.6,-2.3,0.6,70.0,56.0,7.2,11.7,3.3,3.4,0.5,-4.4,71.58000000000001
양양,2024-12-22,2.6,-5.2,-2.1,62.8,40.0,4.7,9.0,2.2,0.0,9.0,-8.6,65.8
양양,2024-12-23,7.3,-6.6,0.7,71.3,53.0,4.0,7.0,1.7,0.0,2.8,-4.1,69.47
양양,2024-12-24,6.0,-5.7,-0.4,71.6,43.0,3.4,5.4,1.2,0.0,8.9,-5.2,70.66
양양,2024-12-25,8.3,-3.4,2.9,71.0,49.0,4.4,7.6,1.5,0.9,3.9,-2.0,71.14999999999999
양양,2024-12-26,6.5,-1.2,2.3,59.8,47.0,6.1,10.1,3.0,0.0,5.7,-4.8,63.22
양양,2024-12-27,2.4,-5.4,-1.0,67.0,45.0,4.1,5.5,1.4,0.1,4.8,-6.4,65.96
양양,2024-12-28,1.7,-4.5,-1.5,70.4,52.0,5.8,8.2,1.7,0.0,3.6,-6.2,68.66
양양,2024-12-29,6.6,-3.1,1.8,72.0,46.0,4.6,7.5,1.2,0.0,4.3,-2.8,71.18
양양,2024-12-30,10.5,1.6,6.8,66.3,49.0,7.1,11.6,2.9,0.0,2.0,0.7,67.85
양양,2024-12-31,6.5,-4.4,1.1,52.8,27.0,4.7,8.0,2.1,0.0,9.1,-8.1,57.419999999999995
원주,2022-01-01,0.4,-12.6,-6.3,48.1,23.0,1.6,2.5,0.5,0.0,8.7,-16.2,
원주,2022-01-02,3.7,-6.9,-2.1,56.3,33.0,2.9,5.6,0.9,0.0,5.2,-9.9,
원주,2022-01-03,1.7,-9.2,-2.7,61.3,30.0,3.4,6.0,0.6,0.0,7.7,-9.6,58.98
원주,2022-01-04,2.7,-5.2,-1.3,52.9,20.0,2.2,4.3,0.7,0.0,8.6,-11.1,54.919999999999995
원주,2022-01-05,3.1,-9.0,-2.7,56.5,37.0,1.0,1.8,0.4,0.0,4.4,-10.5,56.26
원주,2022-01-06,4.3,-6.7,-1.9,53.6,22.0,2.5,4.0,0.6,0.0,8.7,-11.2,54.10999999999999
원주,2022-01-07,4.0,-8.5,-2.9,53.3,26.0,2.3,3.6,0.6,0.0,8.7,-11.9,53.67999999999999
원주,2022-01-08,3.8,-8.2,-1.3,61.3,38.0,1.9,3.7,0.5,0.0,2.4,-8.1,58.92999999999999
원주,2022-01-09,5.5,-2.4,1.8,73.1,55.0,2.0,3.4,0.6,0.0,3.1,-2.6,68.75999999999999
원주,2022-01-10,4.1,-5.2,-0.4,73.9,47.0,2.0,3.4,0.6,0.6,3.6,-4.7,72.48
원주,2022-01-11,0.1,-8.5,-4.7,52.8,32.0,4.0,9.5,2.0,0.0,8.2,-13.3,59.05
원주,2022-01-12,-2.6,-12.5,-7.1,49.4,31.0,2.3,4.9,0.9,0.0,8.8,-16.3,52.53
원주,2022-01-13,-2.1,-9.3,-6.0,45.6,26.0,4.2,9.8,1.7,0.0,8.8,-16.5,47.08
원주,2022-01-14,-0.6,-12.8,-6.7,49.8,26.0,1.9,3.5,0.6,0.0,8.8,-16.1,48.91999999999999
원주,2022-01-15,2.4,-8.5,-2.5,54.8,30.0,1.3,2.6,0.5,0.1,2.5,-10.7,52.879999999999995
원주,2022-01-16,2.9,-4.8,-0.4,53.6,27.0,4.2,7.9,1.5,0.0,7.6,-9.2,53.459999999999994
원주,2022-01-17,0.0,-9.5,-4.8,52.8,26.0,4.1,8.6,1.4,0.1,6.2,-13.4,53.16
원주,2022-01-18,-0.9,-11.4,-6.2,54.3,26.0,2.1,3.5,0.6,0.0,8.9,-14.8,53.93
원주,2022-01-19,-2.3,-9.7,-5.4,71.1,47.0,3.4,6.6,0.8,0.0,1.8,-10.0,65.91
원주,2022-01-20,1.1,-10.5,-5.2,68.1,36.0,2.1,3.5,0.6,0.0,8.3,-10.7,67.32
원주,2022-01-21,5.1,-10.8,-3.9,61.4,27.0,1.9,2.6,0.6,0.0,9.0,-11.1,63.709999999999994
원주,2022-01-22,6.0,-6.4,-0.6,59.9,38.0,1.4,2.4,0.4,0.0,1.4,-7.7,61.02
원주,2022-01-23,9.5,-2.5,2.5,65.6,41.0,1.4,3.0,0.5,0.0,7.5,-3.7,64.03999999999999
원주,2022-01-24,8.1,-1.1,3.5,56.1,36.0,3.2,5.6,1.1,0.0,5.9,-4.9,58.379999999999995
원주,2022-01-25,4.0,1.1,1.9,81.5,51.0,2.4,4.0,0.8,0.0,0.0,-1.0,74.83
원주,2022-01-26,5.9,-0.9,2.1,64.4,35.0,3.2,6.4,1.1,0.0,7.3,-4.4,66.99
원주,2022-01-27,5.0,-4.9,-0.2,55.5,24.0,2.4,4.6,0.8,0.0,9.1,-9.0,59.879999999999995
원주,2022-01-28,3.1,-6.9,-1.9,51.6,24.0,3.3,6.6,1.1,0.0,9.1,-11.4,53.66
원주,2022-01-29,1.9,-7.6,-2.9,45.8,22.0,3.2,5.8,1.0,0.0,9.2,-13.6,47.92999999999999
원주,2022-01-30,2.3,-9.7,-3.7,48.1,24.0,3.0,4.8,0.7,0.0,9.4,-13.9,47.989999999999995
원주,2022-01-31,3.6,-9.6,-2.4,52.3,23.0,2.3,4.7,0.7,0.0,9.3,-11.7,50.80999999999999
원주,2022-02-01,0.7,-3.6,-1.1,72.0,52.0,3.5,6.4,1.3,1.7,3.9,-5.6,65.67
원주,2022-02-02,1.0,-4.2,-1.9,49.9,24.0,3.6,7.3,1.5,0.0,8.0,-11.6,54.56
원주,2022-02-03,1.7,-7.2,-2.7,48.4,24.0,3.1,6.0,1.2,0.0,9.4,-12.9,51.06
원주,2022-02-04,0.4,-9.1,-4.5,47.1,21.0,4.6,8.6,1.9,0.0,8.6,-14.7,47.64
원주,2022-02-05,-1.2,-10.4,-5.8,42.3,26.0,4.8,10.0,1.7,0.0,9.3,-17.0,43.86999999999999
원주,2022-02-06,2.1,-10.8,-3.8,46.5,25.0,3.9,8.0,1.3,0.0,9.4,-14.1,45.72
원주,2022-02-07,1.4,-8.9,-2.9,46.8,28.0,2.0,3.8,0.8,0.0,6.7,-13.3,46.29
원주,2022-02-08,4.9,-6.6,-1.6,48.3,23.0,2.3,5.1,0.6,0.0,6.7,-11.7,47.81999999999999
원주,2022-02-09,7.1,-8.0,-0.5,44.1,18.0,1.7,3.4,0.6,0.0,9.2,-12.5,45.21
원주,2022-02-10,7.7,-4.2,1.3,43.1,20.0,2.5,5.7,0.7,0.0,9.4,-10.7,43.81999999999999
원주,2022-02-11,8.6,-5.4,1.4,50.1,22.0,2.3,4.5,0.6,0.0,9.0,-8.6,48.099999999999994
원주,2022-02-12,10.4,-2.3,3.4,44.5,13.0,1.8,4.3,0.5,0.0,9.0,-8.7,45.480000000000004
원주,2022-02-13,9.9,-0.5,3.7,50.8,26.0,2.0,3.8,0.5,0.0,3.3,-6.1,49.46999999999999
원주,2022-02-14,9.3,-2.3,2.4,64.5,31.0,4.9,10.8,1.3,0.5,2.8,-3.9,59.760000000000005
원주,2022-02-15,0.3,-6.1,-3.3,57.4,41.0,4.0,9.3,2.2,0.0,5.6,-10.7,58.16
원주,2022-02-16,-2.8,-9.1,-6.3,38.6,22.0,4.8,10.3,2.2,0.0,9.4,-18.5,44.95
원주,2022-02-17,-1.1,-11.0,-6.1,39.3,23.0,2.4,5.0,1.1,0.0,9.8,-18.2,40.97
원주,2022-02-18,5.9,-10.7,-2.3,39.5,14.0,2.6,4.4,0.8,0.0,9.6,-15.7,39.37
원주,2022-02-19,3.7,-4.3,-0.4,44.6,28.0,4.9,9.2,1.7,0.0,3.2,-11.1,43.05
원주,2022-02-20,-0.2,-7.4,-4.1,38.3,16.0,4.1,8.2,2.1,0.0,9.8,-17.1,39.68
원주,2022-02-21,4.7,-9.4,-2.6,48.9,24.0,5.8,14.0,1.7,0.0,7.6,-12.1,46.35
원주,2022-02-22,1.1,-7.2,-3.2,37.4,24.0,4.3,10.3,2.1,0.0,9.2,-16.0,39.78999999999999
원주,2022-02-23,0.4,-9.9,-4.7,35.0,14.0,3.9,7.3,1.6,0.0,9.9,-18.8,36.870000000000005
원주,2022-02-24,3.7,-11.2,-3.3,43.8,21.0,3.9,7.0,1.2,0.0,10.0,-14.9,41.4
원주,2022-02-25,8.7,-6.8,2.0,59.5,37.0,3.5,6.8,1.1,0.0,8.6,-5.5,53.91
원주,2022-02-26,10.6,1.8,6.3,60.1,36.0,4.9,11.0,2.5,4.6,6.0,-1.3,58.35
원주,2022-02-27,9.7,-1.5,4.4,46.3,22.0,4.5,10.5,1.8,0.0,10.2,-7.1,50.38
원주,2022-02-28,10.8,0.5,5.4,56.6,29.0,1.5,2.9,0.6,0.0,5.8,-3.2,54.88999999999999
원주,2022-03-01,8.3,1.9,4.7,77.9,57.0,2.9,5.9,1.1,1.0,1.3,1.1,70.47999999999999
원주,2022-03-02,9.3,-2.5,3.5,53.8,21.0,4.7,9.7,1.4,0.0,10.2,-5.9,58.89999999999999
원주,2022-03-03,12.0,1.4,6.3,48.4,19.0,3.7,8.6,1.2,0.0,9.2,-5.3,52.42999999999999
원주,2022-03-04,15.4,-1.9,7.6,47.4,26.0,6.5,12.0,2.2,0.0,7.8,-3.7,48.24
원주,2022-03-05,8.6,0.5,3.5,33.0,15.0,5.9,12.7,3.2,0.0,10.1,-12.5,37.42
원주,2022-03-06,7.4,-3.5,1.8,32.0,12.0,3.4,7.0,1.4,0.0,10.5,-14.4,33.74
원주,2022-03-07,9.2,-4.0,2.7,40.6,12.0,2.7,4.4,0.8,0.0,8.0,-10.4,38.12
원주,2022-03-08,11.6,-2.2,4.6,52.6,33.0,2.2,4.5,0.7,0.0,8.6,-4.6,48.14
원주,2022-03-09,14.4,-1.0,6.3,51.9,22.0,2.5,5.3,0.7,0.0,10.3,-4.1,50.910000000000004
원주,2022-03-10,16.0,1.3,8.4,40.0,14.0,3.0,5.9,0.8,0.0,8.8,-6.1,43.64
원주,2022-03-11,17.5,1.6,9.2,53.4,38.0,2.4,5.9,0.6,0.0,6.6,0.0,50.56999999999999
원주,2022-03-12,20.1,4.0,13.0,63.1,42.0,3.4,7.3,1.2,0.0,4.3,5.6,58.85
원주,2022-03-13,17.1,11.3,12.9,91.0,52.0,2.0,5.7,0.7,27.9,0.0,11.4,81.66
원주,2022-03-14,14.4,6.2,9.7,83.1,66.0,4.9,10.2,1.8,9.9,1.9,6.9,82.67999999999999
원주,2022-03-15,12.7,4.1,7.7,69.0,47.0,2.8,6.1,1.2,0.0,7.7,2.1,74.02
원주,2022-03-16,17.6,2.4,10.0,59.3,29.0,2.8,4.9,0.7,0.0,8.0,1.3,63.620000000000005
원주,2022-03-17,14.6,7.0,10.2,59.8,43.0,3.7,6.8,1.5,0.0,0.9,2.4,60.61999999999999
원주,2022-03-18,9.5,5.5,7.2,60.4,50.0,4.0,7.1,1.7,1.3,0.0,-0.1,60.169999999999995
원주,2022-03-19,5.8,1.1,3.4,86.0,58.0,2.1,3.3,0.8,9.8,0.0,1.1,78.26
원주,2022-03-20,9.4,2.5,4.7,69.8,42.0,4.1,6.9,1.3,0.0,4.3,-0.7,72.1
원주,2022-03-21,9.9,-1.2,4.8,56.8,22.0,2.8,4.5,0.9,0.0,7.5,-4.0,62.32
원주,2022-03-22,13.1,-0.1,6.7,48.1,20.0,2.5,5.7,0.9,0.0,11.0,-4.9,52.010000000000005
원주,2022-03-23,8.3,2.6,5.6,53.8,37.0,3.0,6.0,1.1,0.0,0.7,-3.3,52.96
원주,2022-03-24,11.3,4.7,7.5,63.1,53.0,2.4,3.9,0.7,0.0,1.4,0.9,59.74
원주,2022-03-25,18.1,3.7,11.2,66.5,32.0,3.8,7.3,1.1,9.7,3.6,4.1,64.55
원주,2022-03-26,14.5,10.1,12.2,81.1,71.0,4.5,8.9,1.8,9.8,0.0,8.9,76.38
원주,2022-03-27,13.5,3.6,8.3,53.1,20.0,5.0,10.3,1.8,0.0,8.9,-2.3,60.04
원주,2022-03-28,14.2,-0.6,6.9,40.0,13.0,2.9,5.6,1.0,0.0,11.2,-7.9,46.730000000000004
원주,2022-03-29,16.6,-0.2,8.9,47.9,27.0,3.6,7.3,1.0,0.0,11.2,-2.3,46.839999999999996
원주,2022-03-30,15.9,3.2,10.2,73.1,40.0,2.2,4.5,0.6,2.2,4.0,5.2,64.75
원주,2022-03-31,13.9,6.3,10.3,71.0,49.0,3.2,6.4,1.4,0.0,1.6,4.9,69.11
원주,2022-04-01,14.2,1.8,8.3,51.9,23.0,2.9,5.8,1.1,0.0,10.0,-2.2,57.84
원주,2022-04-02,14.1,1.7,8.1,42.8,16.0,3.7,6.8,1.3,0.0,11.4,-5.8,47.44
원주,2022-04-03,16.9,1.2,9.3,44.3,20.0,2.6,4.4,0.9,0.0,11.5,-3.5,44.75999999999999
원주,2022-04-04,17.3,2.7,10.1,41.8,18.0,3.0,5.7,1.0,0.0,11.5,-3.8,42.39999999999999
원주,2022-04-05,17.1,2.2,10.5,39.3,18.0,3.2,6.2,1.1,0.0,9.9,-4.2,40.3
원주,2022-04-06,19.1,5.8,12.6,37.5,18.0,3.6,6.3,1.2,0.0,11.1,-2.2,38.29
원주,2022-04-07,17.6,8.2,12.1,34.3,23.0,3.9,7.9,1.5,0.0,9.3,-3.4,35.44
원주,2022-04-08,20.5,3.1,12.3,38.4,19.0,3.4,6.8,1.0,0.0,11.7,-2.5,37.489999999999995
원주,2022-04-09,25.1,8.5,16.4,45.3,27.0,3.5,6.6,1.1,0.0,9.8,3.7,42.82
원주,2022-04-10,25.8,9.4,18.0,42.1,15.0,2.8,5.1,1.0,0.0,11.5,2.6,42.370000000000005
원주,2022-04-11,26.4,11.1,18.9,49.5,27.0,3.4,5.7,0.9,0.0,10.7,7.3,47.6
원주,2022-04-12,26.1,14.7,20.4,56.0,33.0,4.4,7.8,1.4,0.0,10.1,10.8,53.309999999999995
원주,2022-04-13,18.0,8.2,10.8,79.9,57.0,3.6,7.5,1.7,18.8,0.0,7.4,72.08
원주,2022-04-14,12.1,7.7,9.6,68.8,52.0,3.4,5.7,1.6,2.1,0.0,3.8,69.74
원주,2022-04-15,18.0,4.8,11.4,54.8,19.0,4.8,7.9,1.2,0.0,8.8,1.6,60.10999999999999
원주,2022-04-16,19.2,4.2,11.9,44.5,17.0,3.7,8.1,1.4,0.0,12.2,-1.7,48.99
원주,2022-04-17,20.7,4.2,13.2,36.0,14.0,3.3,7.6,1.3,0.0,11.7,-3.1,39.58
원주,2022-04-18,21.1,10.4,14.9,36.6,20.0,4.5,8.5,1.2,0.0,6.8,-0.6,37.27
원주,2022-04-19,22.4,6.2,14.4,38.9,19.0,3.9,8.1,1.2,0.0,12.2,-0.5,38.15
원주,2022-04-20,22.4,6.7,15.2,39.1,14.0,4.5,7.8,1.3,0.0,12.2,-0.4,38.81
원주,2022-04-21,21.4,7.4,15.0,46.3,20.0,3.6,8.7,1.2,0.0,7.9,2.2,44.12
원주,2022-04-22,19.8,13.0,16.6,61.0,49.0,4.0,7.4,1.6,0.0,0.5,8.8,55.86999999999999
원주,2022-04-23,23.8,10.6,16.7,56.5,25.0,1.8,3.3,0.8,0.0,8.7,6.8,56.38
원주,2022-04-24,25.0,12.2,18.1,53.3,30.0,3.4,6.4,1.2,0.0,7.5,7.7,54.71
원주,2022-04-25,25.0,15.8,19.7,66.4,47.0,2.9,5.2,1.0,1.5,4.2,12.9,62.79
원주,2022-04-26,24.8,14.7,18.9,72.3,49.0,2.9,6.6,1.3,16.1,3.2,13.4,69.22
원주,2022-04-27,22.8,10.6,17.0,40.8,14.0,3.9,7.5,1.4,0.0,12.1,1.9,49.66
원주,2022-04-28,25.3,10.0,17.3,49.1,25.0,3.3,5.8,1.4,0.0,9.7,5.6,49.760000000000005
원주,2022-04-29,16.0,8.7,11.6,65.4,41.0,3.4,6.3,1.7,13.2,2.0,4.9,59.68
원주,2022-04-30,17.2,9.0,12.5,60.0,42.0,4.3,7.9,1.4,0.0,2.6,4.6,59.989999999999995
원주,2022-05-01,18.3,7.1,12.9,48.5,17.0,4.2,9.7,1.6,0.0,11.0,0.2,52.489999999999995
원주,2022-05-02,18.5,8.6,13.2,50.3,19.0,3.6,7.3,1.4,0.0,10.7,2.0,50.91
원주,2022-05-03,20.4,5.5,13.8,48.4,22.0,3.7,7.1,1.2,0.0,12.6,1.3,48.79
원주,2022-05-04,24.9,7.4,16.5,48.0,24.0,3.6,6.2,1.0,0.0,12.4,4.3,48.309999999999995
원주,2022-05-05,25.0,10.0,17.8,48.6,19.0,3.0,5.6,0.8,0.0,12.8,5.3,48.459999999999994
원주,2022-05-06,24.8,10.8,18.6,54.9,36.0,3.3,5.5,1.1,0.0,10.6,8.8,52.95
원주,2022-05-07,22.9,14.7,17.8,54.8,17.0,4.4,7.7,1.4,0.0,5.8,7.0,54.19999999999999
원주,2022-05-08,16.7,10.2,14.1,47.0,31.0,3.9,7.9,1.3,4.0,0.0,2.3,49.35
원주,2022-05-09,24.8,10.1,16.9,47.5,12.0,2.8,5.5,1.1,0.2,12.0,3.3,48.129999999999995
원주,2022-05-10,24.9,9.1,17.5,37.5,11.0,3.1,6.5,1.0,0.0,9.3,0.6,40.45
원주,2022-05-11,24.2,12.8,19.2,47.0,33.0,3.0,5.5,1.1,0.0,9.3,7.1,45.15
원주,2022-05-12,26.7,13.9,20.7,53.0,38.0,3.1,5.4,1.1,0.0,8.9,10.3,50.24999999999999
원주,2022-05-13,21.9,13.0,16.9,70.0,52.0,2.6,4.9,1.1,0.0,1.1,11.2,64.3
원주,2022-05-14,19.7,8.5,14.5,50.8,23.0,4.9,10.0,1.8,0.0,11.7,2.6,54.86
원주,2022-05-15,20.7,7.5,14.5,39.6,17.0,3.4,7.5,1.3,0.0,13.2,-0.6,44.879999999999995
원주,2022-05-16,23.4,7.2,16.0,40.8,22.0,4.3,9.0,1.3,0.0,13.1,1.7,41.559999999999995
원주,2022-05-17,26.7,10.0,19.1,44.0,22.0,3.4,7.2,1.2,0.0,12.7,5.5,42.919999999999995
원주,2022-05-18,26.8,12.9,19.9,48.1,24.0,4.4,9.8,1.3,0.6,7.9,7.4,46.55
원주,2022-05-19,24.6,15.6,20.1,36.5,23.0,3.3,7.1,1.2,0.0,7.1,4.1,39.57
원주,2022-05-20,25.1,13.9,19.2,48.8,29.0,2.8,5.5,0.9,0.0,9.6,7.8,46.269999999999996
원주,2022-05-21,25.6,13.4,20.0,59.4,42.0,3.2,7.4,1.3,0.0,10.1,11.4,54.989999999999995
원주,2022-05-22,26.5,14.9,20.2,64.6,44.0,3.0,6.9,1.2,0.0,7.2,12.9,61.98
원주,2022-05-23,28.5,15.4,22.3,60.9,35.0,2.9,6.0,1.2,0.0,10.6,13.6,61.489999999999995
원주,2022-05-24,29.7,16.1,22.8,47.5,22.0,2.7,5.1,1.0,0.0,12.4,9.6,51.89
원주,2022-05-25,27.6,15.3,21.4,51.9,27.0,3.6,7.2,1.5,0.0,10.8,10.3,51.92
원주,2022-05-26,23.8,14.3,18.6,52.0,25.0,3.9,8.5,2.0,6.2,10.8,7.3,51.53
원주,2022-05-27,24.2,16.0,19.5,52.3,33.0,4.9,10.2,2.4,0.0,8.2,9.1,52.19999999999999
원주,2022-05-28,29.5,12.6,21.2,49.0,27.0,3.9,7.8,1.4,0.0,13.2,9.0,49.96
원주,2022-05-29,29.4,13.7,21.9,49.1,26.0,2.9,6.3,0.9,0.0,13.2,9.9,49.400000000000006
원주,2022-05-30,25.1,16.9,20.1,66.6,48.0,2.9,5.1,1.1,0.0,0.6,13.5,61.33999999999999
원주,2022-05-31,26.9,12.9,20.1,45.0,23.0,3.9,7.3,1.3,0.0,13.0,6.5,49.72999999999999
원주,2022-06-01,29.2,12.8,21.4,35.0,16.0,3.5,7.7,1.4,0.0,13.6,3.8,40.16
원주,2022-06-02,28.0,13.0,21.4,48.9,30.0,2.7,5.2,1.1,0.0,13.3,9.5,45.73
원주,2022-06-03,31.7,17.7,23.9,53.9,20.0,2.7,6.6,1.3,0.0,10.8,12.7,51.01
원주,2022-06-04,28.8,18.7,24.1,50.3,37.0,3.2,5.6,1.4,0.0,8.4,12.8,50.879999999999995
원주,2022-06-05,24.0,19.6,21.1,55.3,40.0,3.8,7.0,1.4,0.0,0.0,11.5,54.16
원주,2022-06-06,22.2,14.1,17.7,67.8,44.0,4.6,8.0,1.8,6.7,4.9,11.3,63.55
원주,2022-06-07,22.9,11.7,17.8,59.1,41.0,2.2,4.7,0.9,0.0,4.6,9.2,60.46
원주,2022-06-08,25.0,14.6,19.9,56.9,40.0,2.4,4.8,1.0,0.0,6.2,10.8,58.43
원주,2022-06-09,24.8,17.0,20.3,67.0,45.0,2.3,4.6,0.8,0.0,2.1,13.6,64.19
원주,2022-06-10,28.3,16.2,22.1,62.1,33.0,3.0,5.8,1.1,0.0,8.6,13.8,62.559999999999995
원주,2022-06-11,30.2,16.5,22.4,59.1,29.0,3.3,7.1,1.1,1.9,9.0,13.0,60.49
원주,2022-06-12,28.1,15.7,22.7,55.3,37.0,2.7,4.9,1.1,0.0,7.3,12.7,56.739999999999995
원주,2022-06-13,28.6,20.3,23.6,47.9,23.0,4.1,8.9,1.8,0.0,9.7,11.1,50.5
원주,2022-06-14,23.9,16.8,19.7,53.0,39.0,4.8,10.4,2.1,0.0,4.0,9.5,52.209999999999994
원주,2022-06-15,21.1,14.1,17.3,86.5,65.0,2.5,4.6,0.9,16.2,0.5,14.9,75.94000000000001
원주,2022-06-16,23.1,17.0,19.4,73.6,56.0,3.1,6.3,1.3,0.4,3.0,14.4,74.11999999999999
원주,2022-06-17,28.2,14.8,21.8,71.3,47.0,3.0,4.9,1.0,0.0,8.9,15.8,73.28
원주,2022-06-18,27.8,20.4,24.0,70.1,54.0,3.0,4.7,1.1,0.0,6.1,17.9,70.69
원주,2022-06-19,26.5,21.9,24.0,70.4,59.0,2.5,4.6,1.0,0.0,0.6,18.2,70.42999999999999
원주,2022-06-20,30.7,21.0,25.6,66.1,45.0,2.4,4.3,0.9,0.0,8.0,18.3,67.36
원주,2022-06-21,34.2,20.8,27.6,59.4,30.0,2.8,5.3,1.1,0.0,13.0,17.9,61.839999999999996
원주,2022-06-22,31.6,22.2,26.7,59.6,37.0,3.2,5.3,1.2,0.0,9.4,17.7,60.21
원주,2022-06-23,29.6,21.4,24.8,77.5,56.0,5.1,8.6,1.5,40.7,1.2,20.4,72.11
원주,2022-06-24,27.6,21.2,24.0,77.3,58.0,3.6,7.4,1.9,34.7,2.7,19.6,75.57
원주,2022-06-25,32.0,19.2,25.7,68.8,44.0,3.9,6.9,1.2,1.9,9.2,19.1,71.37
원주,2022-06-26,29.7,23.2,26.8,73.3,62.0,4.0,7.8,1.0,0.0,1.0,21.5,72.8
원주,2022-06-27,30.3,25.5,27.5,69.9,59.0,4.0,10.1,1.3,8.3,0.5,21.4,70.47
원주,2022-06-28,30.3,27.2,28.6,59.8,55.0,4.6,9.4,3.0,0.0,1.1,19.9,63.169999999999995
원주,2022-06-29,28.3,23.5,25.6,82.3,59.0,5.0,10.5,1.9,47.1,0.7,22.2,76.55999999999999
원주,2022-06-30,25.6,21.5,22.7,91.3,79.0,3.3,5.6,0.9,68.8,0.1,21.1,86.35000000000001
원주,2022-07-01,32.0,21.0,26.6,72.9,47.0,2.8,5.1,0.8,0.0,11.9,20.8,77.52000000000001
원주,2022-07-02,32.8,22.2,27.7,69.9,47.0,3.0,5.6,0.9,0.0,11.2,21.2,72.64
원주,2022-07-03,33.6,22.6,28.3,65.3,43.0,3.6,6.1,1.1,0.0,12.1,20.7,66.98
원주,2022-07-04,33.5,24.2,26.9,75.5,48.0,4.6,8.3,1.0,17.2,8.0,21.9,72.89999999999999
원주,2022-07-05,33.0,23.7,26.8,77.9,52.0,2.9,4.8,1.0,0.5,5.7,22.3,76.16
원주,2022-07-06,32.7,23.9,28.5,70.0,53.0,3.6,6.3,1.0,0.0,6.3,22.2,72.13
원주,2022-07-07,32.3,27.0,29.1,68.3,52.0,3.7,7.0,2.0,0.4,5.6,22.4,69.6
원주,2022-07-08,29.1,24.6,26.6,74.6,60.0,2.7,5.5,1.2,2.4,1.4,21.5,72.88
원주,2022-07-09,30.6,23.5,26.5,75.4,56.0,2.2,4.4,0.8,0.0,3.7,21.6,74.53
원주,2022-07-10,33.7,23.0,28.0,71.3,49.0,3.6,7.4,0.9,7.9,8.7,21.9,72.44999999999999
원주,2022-07-11,28.9,22.0,24.7,80.8,62.0,2.8,5.9,1.0,49.6,5.4,20.9,78.36
원주,2022-07-12,29.8,20.9,25.8,72.8,55.0,2.2,4.1,0.9,0.0,4.7,20.3,74.24999999999999
원주,2022-07-13,26.5,22.7,24.0,83.1,68.0,3.6,8.2,1.4,82.9,0.0,20.8,80.80999999999999
원주,2022-07-14,28.5,23.0,24.8,83.1,66.0,2.5,6.7,0.9,5.2,3.2,21.6,82.07
원주,2022-07-15,30.0,21.5,25.4,70.6,48.0,2.7,5.8,1.1,0.0,8.1,19.3,74.35
원주,2022-07-16,27.2,20.7,24.2,74.4,55.0,2.3,6.4,0.9,0.3,5.1,19.2,74.51
원주,2022-07-17,28.4,21.8,24.6,74.0,56.0,2.4,4.8,0.9,0.0,3.9,19.5,73.74000000000001
원주,2022-07-18,28.5,21.4,24.5,76.9,56.0,2.1,4.8,0.8,0.0,0.8,19.9,76.07
원주,2022-07-19,30.4,22.3,25.9,71.6,53.0,3.3,6.6,1.1,0.0,5.5,20.1,72.9
원주,2022-07-20,30.3,23.9,26.4,71.3,52.0,2.3,5.0,1.0,0.8,5.3,20.5,71.91999999999999
원주,2022-07-21,24.0,20.6,22.0,89.6,84.0,3.3,5.3,1.3,12.3,0.0,20.2,84.13999999999999
원주,2022-07-22,28.4,21.1,22.8,85.3,62.0,3.4,6.4,0.8,23.4,2.2,20.0,84.75999999999999
원주,2022-07-23,27.5,20.5,23.6,82.4,61.0,2.4,4.2,0.8,29.3,0.9,20.1,83.69999999999999
원주,2022-07-24,28.1,21.7,24.6,80.3,61.0,2.6,6.0,1.2,3.9,2.2,20.8,81.22
원주,2022-07-25,31.7,23.1,26.7,73.0,47.0,3.0,5.9,1.0,0.0,9.4,21.0,75.39999999999999
원주,2022-07-26,33.3,22.2,27.4,69.9,47.0,2.3,4.9,0.9,0.0,11.9,21.0,71.56
원주,2022-07-27,31.2,23.4,27.0,68.9,47.0,3.3,5.7,1.0,0.0,6.7,20.5,69.51
원주,2022-07-28,32.6,21.7,27.7,67.1,50.0,3.3,6.7,1.6,0.0,12.3,20.7,67.74
원주,2022-07-29,34.7,24.3,29.5,63.3,43.0,2.8,4.8,1.3,0.0,11.6,21.4,64.62
원주,2022-07-30,34.1,24.6,29.1,65.3,47.0,3.6,6.6,1.2,0.0,7.4,21.5,65.07999999999998
원주,2022-07-31,29.0,25.4,26.5,79.0,66.0,3.4,6.3,1.1,2.8,0.0,22.5,74.69
원주,2022-08-01,31.3,24.7,28.2,71.8,60.0,3.5,7.7,1.9,12.1,3.0,22.4,72.59
원주,2022-08-02,30.4,25.4,27.8,75.8,62.0,3.8,8.0,1.5,0.8,2.6,23.0,75.32
원주,2022-08-03,29.5,24.2,26.5,84.3,67.0,2.3,4.7,0.7,60.2,1.7,23.5,81.35
원주,2022-08-04,32.4,25.0,28.4,71.8,51.0,2.5,5.1,1.1,0.2,8.6,22.4,74.7
원주,2022-08-05,31.8,25.3,28.7,73.9,60.0,2.4,5.4,0.9,1.9,6.6,23.4,74.52000000000001
원주,2022-08-06,31.9,26.5,28.8,74.3,59.0,2.3,4.7,0.9,0.0,6.1,23.5,73.97
원주,2022-08-07,31.9,26.1,28.7,74.5,59.0,3.2,6.0,1.0,0.1,3.7,23.6,74.39999999999999
원주,2022-08-08,28.8,24.0,26.4,83.0,70.0,3.8,10.1,1.2,35.3,0.0,23.2,80.43
원주,2022-08-09,27.7,24.2,25.8,85.5,73.0,4.0,10.4,1.2,121.0,0.0,23.1,83.89999999999999
원주,2022-08-10,25.9,22.6,23.7,88.8,76.0,2.1,5.9,0.8,58.9,0.1,21.6,87.55999999999999
원주,2022-08-11,25.2,22.6,23.8,92.8,84.0,2.3,4.8,0.6,62.5,0.0,22.5,91.27
원주,2022-08-12,30.9,23.4,26.3,73.5,48.0,2.1,4.3,0.8,0.1,9.8,20.7,78.88999999999999
원주,2022-08-13,26.6,22.5,24.5,86.8,76.0,1.8,3.1,0.6,4.3,1.0,22.0,84.74
원주,2022-08-14,29.7,23.7,25.7,86.9,70.0,3.3,7.7,0.6,7.7,1.7,23.2,85.53999999999999
원주,2022-08-15,30.3,24.4,27.4,76.9,63.0,4.4,8.5,1.9,4.2,0.2,22.8,79.89000000000001
원주,2022-08-16,30.5,23.4,26.6,69.3,49.0,3.1,7.8,1.6,0.0,9.3,20.2,72.58
원주,2022-08-17,30.8,21.1,24.3,78.1,48.0,4.7,10.5,1.0,14.3,6.3,19.9,76.22
원주,2022-08-18,29.2,20.8,24.4,73.0,50.0,2.5,4.8,0.8,0.0,5.3,18.9,73.65
원주,2022-08-19,27.5,21.1,24.8,81.1,60.0,3.5,6.7,1.0,48.5,1.8,21.2,79.17999999999999
원주,2022-08-20,31.8,24.9,27.8,76.1,51.0,3.3,6.0,1.1,16.2,9.0,22.9,76.78999999999999
원주,2022-08-21,31.7,23.3,26.8,69.8,48.0,2.3,4.8,1.0,0.0,9.8,20.5,72.18999999999998
원주,2022-08-22,29.7,22.2,26.0,70.1,56.0,2.2,4.2,0.8,0.0,5.8,19.9,70.63999999999999
원주,2022-08-23,26.4,21.8,23.5,84.1,66.0,2.3,3.7,0.6,1.4,2.3,20.5,79.86999999999999
원주,2022-08-24,25.6,20.9,23.2,67.1,52.0,2.2,4.3,1.0,0.0,0.2,16.5,70.8
원주,2022-08-25,24.3,18.8,21.3,77.4,66.0,1.9,3.2,0.7,0.0,0.5,17.0,76.00999999999999
원주,2022-08-26,27.1,18.7,22.8,70.3,48.0,2.4,4.5,1.0,0.0,8.0,16.8,71.39999999999999
원주,2022-08-27,25.0,17.0,21.3,57.5,31.0,3.4,5.6,1.5,0.0,11.2,11.4,62.050000000000004
원주,2022-08-28,27.8,14.2,21.1,60.0,33.0,2.8,4.4,1.0,0.0,12.1,12.1,60.53
원주,2022-08-29,21.6,18.4,19.4,78.4,58.0,2.3,5.6,0.9,2.0,0.0,15.4,72.63
원주,2022-08-30,19.9,16.7,18.4,93.1,78.0,2.2,4.2,0.8,54.3,0.0,17.3,86.85
원주,2022-08-31,23.5,18.8,20.7,85.3,71.0,1.7,3.2,0.5,6.3,0.2,18.0,86.17
원주,2022-09-01,28.2,17.8,22.2,75.6,46.0,1.9,3.9,0.7,0.0,8.4,17.2,79.28999999999999
원주,2022-09-02,28.8,16.9,22.7,61.8,37.0,3.1,6.9,1.1,0.0,10.5,14.3,66.91
원주,2022-09-03,28.2,18.9,23.0,60.0,46.0,2.7,6.5,1.3,0.0,4.7,14.7,61.92
원주,2022-09-04,26.6,20.0,22.7,80.8,66.0,3.5,7.2,1.3,8.5,0.0,19.1,74.74000000000001
원주,2022-09-05,23.3,18.0,21.2,92.6,89.0,3.2,7.3,1.1,64.8,0.0,19.9,86.97999999999999
원주,2022-09-06,25.1,17.2,20.1,76.3,48.0,4.3,8.9,1.9,44.9,5.1,15.4,80.00999999999999
원주,2022-09-07,26.8,15.6,20.6,66.1,36.0,3.0,5.1,0.8,0.0,10.1,13.1,70.78999999999999
원주,2022-09-08,28.2,14.1,20.9,68.6,38.0,2.3,3.7,0.7,0.0,11.5,14.2,68.86999999999999
원주,2022-09-09,28.8,15.7,21.5,61.5,34.0,2.2,3.9,0.7,0.0,9.5,12.9,63.379999999999995
원주,2022-09-10,26.8,15.3,20.8,59.3,36.0,2.4,3.9,0.7,0.0,4.9,12.1,60.67
원주,2022-09-11,26.6,18.4,22.3,69.4,49.0,2.5,3.9,0.8,0.0,1.7,16.2,66.59
원주,2022-09-12,27.5,19.7,22.9,76.8,57.0,1.9,3.8,0.7,0.0,2.5,18.4,73.57
원주,2022-09-13,27.9,20.5,23.7,71.0,56.0,2.9,4.8,0.9,0.0,1.0,17.9,72.0
원주,2022-09-14,26.9,19.9,23.3,53.9,38.0,5.0,8.8,1.9,0.0,1.4,13.2,59.61
원주,2022-09-15,29.3,18.6,24.3,63.1,44.0,3.9,6.9,1.2,0.0,8.5,16.5,62.050000000000004
원주,2022-09-16,30.1,22.8,26.2,63.1,54.0,4.7,8.1,2.5,0.0,8.1,18.5,62.18000000000001
원주,2022-09-17,31.3,23.4,26.9,71.3,50.0,2.4,4.8,0.9,0.0,8.0,21.0,68.84
원주,2022-09-18,29.8,23.5,26.1,72.8,55.0,4.6,8.7,1.3,0.0,0.4,20.6,71.53
원주,2022-09-19,26.5,16.3,22.4,62.8,47.0,5.8,13.7,2.7,0.0,3.9,14.7,65.64999999999999
원주,2022-09-20,22.7,13.7,17.5,63.3,34.0,2.6,4.9,0.9,0.0,8.4,9.6,64.14999999999999
원주,2022-09-21,23.5,11.5,17.3,60.6,30.0,2.7,5.6,1.0,0.0,11.0,8.7,61.36
원주,2022-09-22,23.6,10.9,17.6,60.6,36.0,2.5,4.5,1.0,0.0,10.1,9.4,60.870000000000005
원주,2022-09-23,23.7,12.7,16.8,67.0,42.0,3.7,9.6,1.2,0.1,8.0,10.2,65.08
원주,2022-09-24,22.5,9.7,15.9,64.0,37.0,2.7,6.2,0.7,0.0,10.6,8.3,64.25999999999999
원주,2022-09-25,22.7,11.7,16.4,67.0,33.0,1.9,3.4,0.6,0.0,4.3,9.8,66.4
원주,2022-09-26,24.1,12.8,17.6,66.3,30.0,1.9,3.9,0.6,0.0,7.1,10.3,66.21
원주,2022-09-27,26.5,11.2,18.6,68.8,37.0,1.7,3.8,0.5,0.0,10.7,11.9,68.11999999999999
원주,2022-09-28,24.7,13.2,18.1,74.3,44.0,1.6,3.3,0.6,0.0,7.1,13.0,72.39999999999999
원주,2022-09-29,25.8,13.4,18.4,76.4,42.0,2.0,4.0,0.6,0.0,8.5,13.6,75.22
원주,2022-09-30,26.5,13.7,18.5,68.8,24.0,2.1,3.6,0.6,0.0,8.8,11.4,70.87
원주,2022-10-01,27.3,11.8,18.7,65.8,27.0,2.0,3.9,0.6,0.0,8.8,11.3,67.46
원주,2022-10-02,21.9,14.2,17.8,78.6,52.0,5.0,9.8,1.1,6.5,0.1,13.9,75.05999999999999
원주,2022-10-03,24.7,17.2,21.4,85.6,69.0,4.8,9.3,1.4,11.0,0.0,18.8,82.21999999999998
원주,2022-10-04,23.7,14.3,18.4,91.6,78.0,5.0,8.6,1.3,60.2,0.0,17.0,89.1
원주,2022-10-05,20.1,13.9,16.0,74.3,49.0,2.3,3.4,0.9,0.1,3.9,11.1,78.89
원주,2022-10-06,20.5,13.2,15.7,74.8,53.0,2.1,3.7,0.8,0.0,1.9,11.0,76.38
원주,2022-10-07,18.4,11.2,14.3,75.1,50.0,2.6,6.2,0.9,0.0,1.5,9.7,74.96000000000001
원주,2022-10-08,19.9,8.3,14.3,63.8,33.0,2.7,7.2,1.1,0.0,10.1,6.8,67.16
원주,2022-10-09,16.8,11.0,13.3,78.9,50.0,3.6,7.3,1.3,14.1,1.0,9.5,75.50000000000001
원주,2022-10-10,12.1,8.0,9.4,77.6,56.0,4.1,8.0,1.9,3.3,1.5,5.7,76.47999999999999
원주,2022-10-11,15.3,7.5,10.2,67.5,49.0,2.7,5.5,1.1,0.0,7.1,4.1,70.66
원주,2022-10-12,19.8,5.2,11.5,77.8,42.0,2.0,3.3,0.6,0.0,7.9,7.1,75.72
원주,2022-10-13,21.4,8.3,13.7,77.5,44.0,1.6,3.5,0.5,0.0,8.0,9.2,76.56
원주,2022-10-14,21.8,9.4,15.0,76.8,48.0,1.6,2.8,0.5,0.0,5.9,10.4,77.03999999999999
원주,2022-10-15,23.3,11.8,16.8,76.6,42.0,1.7,3.4,0.6,0.0,7.1,12.2,76.72999999999999
원주,2022-10-16,20.0,14.6,16.6,78.9,64.0,2.2,4.2,0.6,0.0,0.2,12.9,78.23000000000002
원주,2022-10-17,15.9,6.0,12.0,54.0,19.0,3.8,7.2,1.5,0.0,9.1,1.8,61.239999999999995
원주,2022-10-18,13.5,2.5,7.7,62.3,32.0,3.1,5.8,0.9,0.0,10.0,0.1,62.3
원주,2022-10-19,15.0,1.6,7.8,64.8,31.0,2.1,3.9,0.7,0.0,9.9,0.6,63.21999999999999
원주,2022-10-20,18.2,2.2,10.1,64.1,27.0,2.2,3.6,0.6,0.0,9.9,2.5,64.05999999999999
원주,2022-10-21,19.2,5.6,11.8,66.4,24.0,2.6,4.6,0.7,0.0,9.0,4.6,65.78
원주,2022-10-22,19.0,7.3,12.4,70.0,39.0,2.1,3.7,0.6,0.0,8.1,6.4,68.69
원주,2022-10-23,18.5,7.5,12.9,66.5,41.0,2.8,5.4,0.8,0.0,6.8,6.3,67.19
원주,2022-10-24,14.5,4.9,9.2,65.3,32.0,2.6,5.2,1.0,0.0,5.3,2.2,66.00999999999999
원주,2022-10-25,15.9,3.1,9.2,64.6,37.0,2.4,5.1,0.7,0.0,8.2,2.3,64.92999999999999
원주,2022-10-26,17.2,3.1,10.2,65.4,36.0,1.8,4.0,0.5,0.0,7.9,3.1,65.23
원주,2022-10-27,18.6,5.6,11.2,70.1,37.0,2.1,4.7,0.5,0.0,9.6,5.3,68.60999999999999
원주,2022-10-28,19.6,6.0,12.5,68.8,39.0,1.9,3.8,0.6,0.0,9.6,6.3,68.72
원주,2022-10-29,19.4,6.9,12.7,68.5,34.0,2.1,4.4,0.5,0.0,9.6,6.4,68.72
원주,2022-10-30,19.8,6.9,13.3,65.5,36.0,2.0,4.7,0.6,0.0,9.5,6.3,66.42999999999999
원주,2022-10-31,19.3,8.0,12.8,67.4,40.0,1.7,4.0,0.5,0.0,8.7,6.3,67.13
원주,2022-11-01,18.1,7.7,11.7,72.6,39.0,2.8,5.6,0.7,0.0,7.5,6.4,70.85
원주,2022-11-02,17.5,4.1,9.7,64.9,19.0,3.1,4.9,0.7,0.0,9.2,2.3,66.69
원주,2022-11-03,13.3,3.9,8.7,60.9,35.0,2.4,4.7,0.8,0.0,1.1,1.1,62.87
원주,2022-11-04,9.7,0.7,4.9,43.6,20.0,3.1,5.5,1.1,0.0,9.4,-7.2,49.190000000000005
원주,2022-11-05,11.5,-2.5,3.8,51.3,22.0,1.8,3.3,0.6,0.0,9.4,-6.4,50.72
원주,2022-11-06,14.1,0.0,6.4,55.6,19.0,2.5,5.1,0.5,0.0,8.6,-2.6,53.54
원주,2022-11-07,15.5,1.6,8.7,56.4,27.0,1.7,3.2,0.5,0.0,7.6,-0.2,55.73
원주,2022-11-08,16.5,6.4,10.1,65.3,40.0,2.6,4.9,0.6,0.0,7.5,3.5,62.55
원주,2022-11-09,15.9,3.2,9.2,68.4,35.0,2.1,3.9,0.6,0.0,8.4,3.1,66.58000000000001
원주,2022-11-10,17.4,4.9,10.7,71.3,48.0,1.5,2.9,0.4,0.0,7.7,5.4,70.11999999999999
원주,2022-11-11,21.1,6.1,12.6,68.9,36.0,1.8,2.9,0.4,0.0,9.1,6.3,69.33
원주,2022-11-12,22.4,7.2,14.9,72.9,42.0,2.5,6.7,0.7,25.0,3.2,9.6,71.94
원주,2022-11-13,17.8,9.1,11.3,88.6,81.0,3.9,7.8,1.3,2.0,0.0,9.4,83.49
원주,2022-11-14,13.5,5.8,9.3,76.5,45.0,3.1,5.8,0.9,0.0,1.7,5.1,78.56
원주,2022-11-15,11.4,0.8,6.1,82.4,54.0,2.7,5.0,0.8,1.7,4.8,3.0,81.84
원주,2022-11-16,11.8,4.4,6.8,81.8,41.0,2.6,4.4,0.7,0.1,4.4,3.4,81.39
원주,2022-11-17,14.3,3.0,7.6,72.3,40.0,1.4,2.7,0.4,0.0,8.5,2.3,75.21
원주,2022-11-18,17.0,1.9,8.1,69.5,31.0,1.8,3.3,0.5,0.0,9.0,1.9,71.28999999999999
원주,2022-11-19,17.9,3.0,9.6,69.1,38.0,2.7,5.2,0.6,0.0,8.3,3.5,69.49999999999999
원주,2022-11-20,18.3,6.5,10.9,68.1,30.0,1.4,2.7,0.4,0.0,7.3,4.6,68.44
원주,2022-11-21,16.9,4.8,10.2,71.6,45.0,1.7,3.6,0.5,0.0,5.3,4.8,70.64999999999999
원주,2022-11-22,14.1,5.0,9.8,71.1,44.0,1.1,1.8,0.3,0.0,2.0,4.3,70.9
원주,2022-11-23,16.6,5.4,10.5,68.1,29.0,2.9,6.0,0.6,0.3,6.1,4.1,69.05
원주,2022-11-24,13.7,2.7,7.0,67.9,35.0,1.5,2.5,0.5,0.0,6.8,1.0,68.25999999999999
원주,2022-11-25,16.7,1.7,9.3,59.0,29.0,2.8,5.9,0.8,0.0,8.8,0.7,61.69
원주,2022-11-26,13.9,1.8,8.2,52.0,16.0,3.9,8.3,1.3,0.7,8.6,-3.0,54.99
원주,2022-11-27,12.1,-1.5,4.2,50.0,15.0,1.3,2.3,0.4,0.0,7.6,-6.3,51.3
원주,2022-11-28,12.1,0.9,8.1,74.8,41.0,1.9,3.2,0.6,18.8,2.6,3.5,67.55999999999999
원주,2022-11-29,12.8,2.1,9.3,58.5,28.0,4.5,8.1,1.7,6.0,1.0,0.3,60.91
원주,2022-11-30,2.1,-5.5,-3.5,34.1,22.0,4.4,8.0,2.4,0.0,8.8,-17.3,43.05
원주,2022-12-01,-0.9,-8.2,-4.3,44.6,27.0,3.0,5.7,1.2,0.0,8.8,-14.7,43.89
원주,2022-12-02,1.7,-8.7,-3.4,53.9,24.0,2.4,4.2,0.7,0.0,8.7,-12.3,50.06
원주,2022-12-03,4.7,-4.2,0.1,73.4,57.0,1.6,3.0,0.5,0.0,2.3,-4.1,66.62
원주,2022-12-04,1.5,-4.8,-1.6,39.5,24.0,3.2,4.7,1.2,0.0,1.9,-14.0,47.72
원주,2022-12-05,1.6,-6.4,-3.0,47.4,22.0,2.1,4.7,0.8,0.0,7.8,-13.5,48.42
원주,2022-12-06,1.7,-6.9,-2.6,75.8,59.0,2.2,3.5,0.6,0.0,1.6,-6.3,66.49
원주,2022-12-07,8.1,-1.9,2.4,71.6,38.0,3.3,7.2,0.9,0.0,4.3,-2.8,70.01999999999998
원주,2022-12-08,8.7,-3.1,1.6,62.5,23.0,1.9,4.1,0.4,0.0,8.7,-6.0,65.65
원주,2022-12-09,7.4,-3.0,1.2,69.8,48.0,1.3,2.1,0.3,0.0,3.9,-3.9,68.52
원주,2022-12-10,6.0,-3.2,0.4,70.9,41.0,2.3,4.5,0.5,0.0,3.2,-4.7,69.84
원주,2022-12-11,7.3,-4.7,0.2,63.0,29.0,1.9,3.1,0.5,0.0,8.7,-6.8,65.25999999999999
원주,2022-12-12,5.5,-4.0,1.3,68.0,33.0,2.9,6.1,0.8,0.1,3.5,-4.3,67.28999999999999
원주,2022-12-13,4.1,-4.1,0.8,75.9,45.0,4.2,9.9,1.6,2.3,0.7,-3.1,73.03
원주,2022-12-14,-4.2,-9.5,-7.2,43.8,33.0,4.6,8.4,1.7,0.0,8.7,-17.6,52.64
원주,2022-12-15,-0.7,-9.4,-5.0,80.4,64.0,1.9,2.9,0.7,0.9,0.6,-7.8,72.63000000000001
원주,2022-12-16,-2.4,-10.0,-5.6,65.4,40.0,2.2,4.1,0.6,0.0,8.1,-11.4,66.24
원주,2022-12-17,-2.4,-9.2,-6.2,51.9,27.0,4.4,9.1,1.3,0.0,6.3,-15.2,57.449999999999996
원주,2022-12-18,-5.2,-12.9,-9.2,52.4,30.0,3.3,7.6,1.1,0.0,8.7,-17.6,53.6
원주,2022-12-19,-2.9,-13.1,-7.8,61.5,36.0,2.2,4.2,0.7,0.0,7.9,-14.4,58.72
원주,2022-12-20,1.2,-12.2,-5.0,64.4,41.0,1.3,2.5,0.5,0.0,7.8,-11.0,62.62
원주,2022-12-21,0.9,-3.8,-1.4,85.5,64.0,2.2,5.4,0.5,2.8,0.0,-3.5,78.88
원주,2022-12-22,0.1,-10.1,-6.3,51.4,36.0,4.8,9.4,2.5,0.0,7.5,-14.8,59.519999999999996
원주,2022-12-23,-7.9,-12.9,-10.8,54.6,44.0,4.8,10.3,1.9,0.0,5.8,-18.2,57.05
원주,2022-12-24,-3.7,-15.3,-10.1,62.6,36.0,1.6,2.8,0.5,0.0,8.7,-16.2,59.88
원주,2022-12-25,-1.7,-13.5,-7.8,70.0,45.0,1.7,2.9,0.5,0.0,8.7,-12.6,66.98
원주,2022-12-26,-0.5,-11.6,-6.8,72.8,48.0,1.3,2.0,0.4,0.0,7.9,-11.1,71.22
원주,2022-12-27,1.8,-11.0,-5.1,70.3,36.0,1.7,3.0,0.5,0.0,8.7,-10.0,70.77
원주,2022-12-28,0.9,-8.0,-3.5,59.9,33.0,3.9,6.9,1.2,0.0,6.8,-10.9,63.27
원주,2022-12-29,0.2,-10.6,-4.4,56.5,31.0,2.5,4.3,0.7,0.0,8.7,-12.5,58.56
원주,2022-12-30,1.4,-5.4,-2.2,62.1,48.0,2.8,4.9,0.8,0.0,7.8,-8.5,60.76
원주,2022-12-31,0.8,-8.0,-3.7,74.0,51.0,1.5,2.4,0.5,0.0,0.4,-7.7,69.87
원주,2023-01-01,4.5,-3.9,0.0,51.9,26.0,3.2,6.2,1.1,0.0,8.5,-9.9,57.339999999999996
원주,2023-01-02,0.0,-8.7,-4.6,48.6,28.0,2.2,3.8,0.9,0.0,8.6,-14.4,51.8
원주,2023-01-03,0.0,-11.6,-6.0,57.3,27.0,2.1,4.6,0.7,0.0,8.6,-13.8,55.01999999999999
원주,2023-01-04,2.6,-10.5,-4.8,56.6,23.0,2.3,4.7,0.6,0.0,8.5,-12.7,55.94
원주,2023-01-05,3.0,-9.5,-3.7,64.8,30.0,2.5,6.0,0.6,0.0,8.3,-9.7,62.41
원주,2023-01-06,4.5,-8.0,-1.9,69.8,43.0,2.3,3.8,0.6,0.3,8.2,-7.1,67.47999999999999
원주,2023-01-07,3.4,-2.4,1.1,81.6,58.0,2.9,6.3,1.0,1.1,0.4,-1.8,77.55999999999999
원주,2023-01-08,4.7,-5.3,-0.3,74.4,49.0,1.3,2.4,0.4,0.0,6.7,-4.6,75.38000000000001
원주,2023-01-09,8.2,-1.9,2.9,60.3,23.0,2.7,5.4,0.7,0.0,6.0,-4.6,65.25
원주,2023-01-10,8.3,-5.5,0.3,67.3,33.0,1.5,2.7,0.4,0.0,8.7,-5.5,66.61
원주,2023-01-11,8.4,-4.7,0.6,61.9,21.0,2.1,3.7,0.5,0.0,8.7,-6.8,62.82
원주,2023-01-12,12.0,-4.0,2.6,56.5,18.0,1.1,1.8,0.3,0.0,8.8,-6.2,58.66
원주,2023-01-13,8.4,2.2,6.2,93.4,53.0,2.5,5.2,0.4,16.8,0.0,5.1,82.86999999999999
원주,2023-01-14,7.6,3.4,6.0,90.0,78.0,2.1,3.9,0.7,2.0,0.0,4.3,87.33
원주,2023-01-15,3.4,-2.1,0.6,87.0,75.0,2.4,4.5,0.6,6.6,0.0,-1.3,88.24000000000001
원주,2023-01-16,-1.9,-6.8,-3.5,74.5,54.0,2.2,4.8,0.7,0.0,2.4,-7.5,78.55
원주,2023-01-17,-1.0,-8.3,-4.5,74.6,51.0,2.5,3.7,0.6,0.0,3.4,-8.4,75.82
원주,2023-01-18,1.6,-5.4,-2.3,68.5,33.0,2.4,4.3,0.6,0.0,7.8,-7.8,70.32
원주,2023-01-19,3.4,-8.9,-1.8,68.0,46.0,3.0,8.8,0.6,0.0,8.5,-7.3,68.75999999999999
원주,2023-01-20,4.1,-7.1,-1.6,44.1,22.0,5.3,11.1,2.2,0.9,8.1,-13.0,51.32
원주,2023-01-21,-0.3,-11.3,-5.6,57.3,28.0,2.7,4.7,0.8,0.0,9.0,-13.3,55.72999999999999
원주,2023-01-22,2.9,-5.3,-1.8,58.6,40.0,1.3,2.5,0.5,0.0,0.7,-9.1,56.89
원주,2023-01-23,5.2,-4.2,0.1,58.4,36.0,4.1,7.4,1.4,0.0,7.3,-7.6,58.33
원주,2023-01-24,-2.5,-15.8,-11.9,38.9,26.0,4.8,8.7,3.1,0.0,8.7,-23.2,44.769999999999996
원주,2023-01-25,-7.6,-17.6,-12.5,43.9,24.0,2.8,5.2,0.8,0.0,9.1,-22.8,44.349999999999994
원주,2023-01-26,-4.1,-11.8,-7.5,76.1,49.0,1.1,1.9,0.3,0.0,0.0,-11.0,65.94
원주,2023-01-27,-3.3,-10.9,-7.6,59.1,28.0,4.8,8.7,1.5,0.0,7.6,-15.2,60.98
원주,2023-01-28,-1.2,-13.0,-6.9,55.6,30.0,3.6,7.5,1.0,0.0,9.1,-14.8,58.35
원주,2023-01-29,2.5,-10.6,-3.0,65.9,44.0,3.7,7.1,1.0,0.3,6.3,-8.8,63.16
원주,2023-01-30,3.6,-7.5,-2.0,53.5,24.0,3.2,7.3,0.9,0.0,9.4,-11.3,56.19
원주,2023-01-31,7.6,-7.7,1.0,58.4,33.0,3.3,6.4,0.9,0.0,8.2,-6.6,58.17
원주,2023-02-01,6.7,-2.5,3.0,56.4,25.0,4.1,9.4,1.6,0.0,8.2,-5.7,56.51
원주,2023-02-02,2.0,-5.9,-2.3,55.4,29.0,2.3,4.2,0.5,0.0,7.6,-10.6,55.89999999999999
원주,2023-02-03,3.3,-4.4,-1.2,46.8,22.0,2.5,5.0,0.9,0.0,6.9,-11.8,49.48
원주,2023-02-04,4.5,-7.5,-1.7,55.3,28.0,3.0,5.3,0.7,0.0,9.4,-10.0,53.60999999999999
원주,2023-02-05,5.2,-6.9,-1.3,66.5,46.0,2.1,4.1,0.5,0.0,7.1,-7.0,62.29
원주,2023-02-06,8.8,-5.1,0.8,63.8,24.0,1.2,2.2,0.3,0.0,6.8,-6.3,63.489999999999995
원주,2023-02-07,8.5,-3.4,1.4,61.9,29.0,1.1,1.9,0.3,0.0,5.1,-5.8,62.739999999999995
원주,2023-02-08,7.0,-4.1,1.1,61.6,30.0,2.3,4.3,0.7,0.0,8.2,-6.2,61.88
원주,2023-02-09,10.1,-4.9,3.0,54.8,25.0,3.7,7.2,1.1,0.0,7.5,-6.2,56.86999999999999
원주,2023-02-10,7.2,-0.5,3.5,79.3,61.0,2.6,5.2,0.7,0.0,1.1,0.1,72.63
원주,2023-02-11,7.0,-3.2,1.1,78.4,50.0,1.9,4.0,0.5,0.0,4.7,-2.4,76.22000000000001
원주,2023-02-12,8.1,-3.3,2.7,67.6,38.0,1.9,3.6,0.5,0.0,2.9,-3.3,70.92999999999999
원주,2023-02-13,8.6,3.1,5.8,61.1,46.0,2.9,5.2,1.2,0.0,0.6,-1.2,64.13
원주,2023-02-14,7.3,-0.9,2.4,61.1,34.0,3.3,6.1,1.2,0.0,5.5,-4.7,61.74999999999999
원주,2023-02-15,7.2,-1.0,3.0,47.6,31.0,2.2,4.9,1.1,0.0,6.6,-7.3,51.65
원주,2023-02-16,4.8,-1.6,1.8,63.4,46.0,3.1,7.4,1.0,0.0,0.5,-4.6,60.01
원주,2023-02-17,9.0,-3.2,2.6,57.0,27.0,1.7,3.5,0.6,0.0,7.6,-6.2,57.339999999999996
원주,2023-02-18,8.3,1.8,5.0,50.8,36.0,1.0,1.8,0.3,0.0,0.0,-4.5,53.3
원주,2023-02-19,7.8,-0.4,4.0,51.4,23.0,4.8,8.9,1.7,0.0,4.5,-5.8,51.84
원주,2023-02-20,4.4,-3.6,-0.3,41.3,13.0,4.8,9.8,1.8,0.0,9.3,-13.8,44.269999999999996
원주,2023-02-21,4.6,-6.8,-1.3,41.4,18.0,2.6,4.2,0.7,0.0,9.8,-13.9,42.379999999999995
원주,2023-02-22,8.1,-6.4,1.2,47.0,24.0,3.2,5.8,0.9,0.0,9.8,-9.5,45.31
원주,2023-02-23,8.5,-2.4,3.1,49.9,31.0,2.6,4.0,0.9,0.0,9.8,-6.9,48.47
원주,2023-02-24,9.2,-0.6,3.3,49.1,18.0,4.3,8.8,1.3,0.0,9.1,-7.6,49.05
원주,2023-02-25,6.5,-4.1,1.0,44.3,21.0,3.1,6.1,1.0,0.0,9.9,-10.7,45.82
원주,2023-02-26,8.2,-5.2,1.3,43.1,18.0,2.9,5.0,0.7,0.0,10.1,-10.9,43.94
원주,2023-02-27,12.6,-4.3,3.7,43.4,13.0,3.0,5.5,0.7,0.0,10.2,-9.3,43.43
원주,2023-02-28,11.7,-3.0,5.2,50.4,16.0,4.0,6.6,1.2,0.0,10.2,-5.8,48.269999999999996
원주,2023-03-01,8.7,3.6,6.1,50.5,23.0,3.8,8.6,1.6,0.0,1.6,-4.1,49.769999999999996
원주,2023-03-02,6.8,-1.6,2.5,30.8,14.0,3.9,6.5,1.7,0.0,10.2,-14.0,36.7
원주,2023-03-03,10.5,-3.5,3.5,53.9,34.0,3.6,5.8,0.9,0.0,10.1,-5.4,48.94
원주,2023-03-04,13.7,-0.5,6.2,58.3,25.0,2.0,3.5,0.6,0.0,6.1,-2.1,54.669999999999995
원주,2023-03-05,15.0,-0.2,7.0,53.3,22.0,2.5,4.6,0.7,0.0,9.6,-3.0,54.36
원주,2023-03-06,16.0,-0.5,7.5,43.8,13.0,3.6,6.3,0.9,0.0,10.2,-6.2,47.14999999999999
원주,2023-03-07,19.0,2.9,10.7,46.9,27.0,3.6,6.8,0.8,0.0,9.2,-0.9,46.919999999999995
원주,2023-03-08,18.3,3.7,11.3,55.0,30.0,2.9,4.8,0.7,0.0,5.9,1.6,52.260000000000005
원주,2023-03-09,18.2,8.6,12.8,53.4,28.0,3.8,7.1,1.3,0.0,5.8,3.1,53.06999999999999
원주,2023-03-10,22.5,3.6,12.9,47.4,14.0,2.6,4.5,0.7,0.0,9.7,0.2,49.36
원주,2023-03-11,23.4,6.7,15.3,36.5,16.0,2.9,6.6,0.8,0.0,8.0,-1.3,40.370000000000005
원주,2023-03-12,14.9,1.1,6.6,58.6,28.0,4.9,12.4,1.7,10.7,0.1,-1.5,53.059999999999995
원주,2023-03-13,8.2,-1.7,3.1,29.3,16.0,3.8,9.6,1.5,0.0,9.7,-13.7,35.879999999999995
원주,2023-03-14,16.2,0.4,7.9,37.4,12.0,4.1,9.5,1.0,0.0,9.8,-7.7,37.9
원주,2023-03-15,18.0,1.2,9.9,58.5,36.0,4.8,11.1,1.7,0.0,6.7,1.9,51.35999999999999
원주,2023-03-16,10.1,0.6,5.7,29.1,12.0,3.2,7.1,1.3,0.0,7.3,-11.9,35.81
원주,2023-03-17,13.5,-0.5,6.7,37.0,15.0,1.6,3.1,0.6,0.0,7.4,-8.4,37.57
원주,2023-03-18,15.0,2.8,8.5,36.9,14.0,3.5,7.3,1.2,0.0,10.7,-6.9,36.14
원주,2023-03-19,14.9,0.6,7.9,48.4,24.0,2.9,6.5,0.9,0.0,10.8,-3.4,44.96
원주,2023-03-20,16.9,0.7,8.6,42.1,14.0,3.2,6.0,0.7,0.0,9.1,-5.5,42.839999999999996
원주,2023-03-21,21.9,2.3,11.7,36.9,14.0,1.8,3.8,0.6,0.0,10.8,-4.3,39.09
원주,2023-03-22,24.9,5.5,16.6,41.8,20.0,2.6,4.7,0.9,0.0,10.7,2.5,40.849999999999994
원주,2023-03-23,19.7,13.1,16.0,73.6,47.0,2.1,3.8,0.6,3.1,0.7,11.0,63.56999999999999
원주,2023-03-24,16.3,11.3,13.2,58.4,48.0,3.8,7.1,1.6,0.0,1.7,5.1,59.779999999999994
원주,2023-03-25,16.0,9.6,12.1,59.1,44.0,3.7,6.4,1.9,0.0,6.4,4.1,60.41
원주,2023-03-26,16.2,6.4,10.9,34.9,10.0,4.4,7.9,1.9,0.0,9.2,-5.9,42.09
원주,2023-03-27,13.5,0.7,7.2,33.5,14.0,3.4,6.6,1.3,0.0,10.8,-8.9,36.34
원주,2023-03-28,15.6,0.9,8.7,42.5,14.0,4.0,7.7,1.0,0.0,8.4,-4.2,39.94
원주,2023-03-29,19.3,2.2,11.3,39.5,15.0,3.3,6.7,0.9,0.0,10.9,-3.9,39.5
원주,2023-03-30,21.6,3.9,13.2,31.0,11.0,3.1,6.2,1.0,0.0,11.1,-5.9,33.85
원주,2023-03-31,23.6,5.1,14.4,34.3,13.0,2.4,4.6,0.7,0.0,11.2,-2.8,34.16
원주,2023-04-01,24.8,7.0,16.8,31.8,14.0,3.2,6.1,0.9,0.0,11.1,-2.3,32.22
원주,2023-04-02,23.1,9.2,16.9,25.6,13.0,4.0,6.8,1.3,0.0,11.4,-4.0,27.709999999999997
원주,2023-04-03,24.8,8.1,17.3,25.9,12.0,3.8,6.4,1.5,0.0,11.4,-4.0,26.43
원주,2023-04-04,22.3,11.4,16.9,34.5,11.0,3.7,8.3,1.3,2.4,3.9,-1.0,31.89
원주,2023-04-05,16.5,10.0,13.5,84.5,73.0,3.6,7.8,1.9,11.3,0.0,10.8,68.64
원주,2023-04-06,10.9,7.9,9.4,84.6,77.0,2.8,5.2,1.3,2.2,0.0,6.9,79.57
원주,2023-04-07,15.6,5.4,9.0,58.4,27.0,4.8,10.0,1.8,0.0,7.0,0.5,66.25
원주,2023-04-08,14.8,1.6,8.4,38.9,13.0,5.3,9.9,1.9,0.0,11.3,-6.1,47.37
원주,2023-04-09,18.1,1.5,10.3,43.1,20.0,4.6,8.9,1.4,0.0,11.7,-3.0,43.78999999999999
원주,2023-04-10,20.6,3.3,12.5,43.3,19.0,3.5,9.1,1.2,0.0,11.0,-1.3,42.81999999999999
원주,2023-04-11,19.7,8.7,14.1,68.8,52.0,4.7,10.5,2.0,5.4,0.8,8.2,61.129999999999995
원주,2023-04-12,16.2,4.1,10.2,32.9,11.0,4.3,9.4,1.5,0.0,11.1,-7.8,41.12
원주,2023-04-13,18.6,2.3,11.2,36.9,9.0,3.3,6.5,0.8,0.0,7.5,-5.2,39.29
원주,2023-04-14,23.9,8.8,15.7,35.6,12.0,2.4,5.3,0.7,0.0,8.0,-1.1,35.589999999999996
원주,2023-04-15,17.5,9.4,12.5,67.9,41.0,3.0,6.4,0.6,3.7,0.6,6.2,58.34
원주,2023-04-16,16.3,7.1,10.8,66.9,27.0,3.1,8.4,1.1,0.0,3.0,4.2,63.97
원주,2023-04-17,17.3,3.5,11.6,54.6,26.0,2.5,5.0,0.9,0.0,6.9,1.2,58.39
원주,2023-04-18,16.0,10.1,12.7,79.9,36.0,4.0,9.9,1.0,3.5,0.1,9.0,73.53999999999999
원주,2023-04-19,28.3,10.5,19.1,54.0,15.0,3.4,6.3,1.0,0.0,12.4,7.4,59.24
원주,2023-04-20,21.4,15.4,18.0,78.5,54.0,3.2,7.3,1.0,0.0,0.5,14.0,73.74
원주,2023-04-21,22.9,13.6,17.3,51.9,29.0,3.9,6.5,1.3,0.0,7.1,6.1,57.43
원주,2023-04-22,21.7,9.8,15.2,29.4,8.0,4.2,7.4,1.3,0.0,6.7,-4.5,38.81
원주,2023-04-23,21.3,7.5,14.2,39.5,14.0,2.8,5.2,0.8,0.0,4.0,-0.7,38.72
원주,2023-04-24,19.5,10.9,15.2,42.0,27.0,3.3,6.4,1.5,0.0,7.7,1.9,40.239999999999995
원주,2023-04-25,12.4,8.5,9.2,75.1,50.0,3.1,5.7,0.9,2.1,0.0,5.0,64.91999999999999
원주,2023-04-26,13.2,6.1,9.6,68.1,46.0,4.2,8.1,1.6,0.0,4.2,3.6,66.89
원주,2023-04-27,21.3,3.7,,,20.0,3.3,5.9,1.1,0.0,9.2,-99.0,
원주,2023-04-28,22.2,6.8,15.6,52.8,20.0,3.9,7.4,1.2,1.0,10.8,4.3,
원주,2023-04-29,18.1,9.3,13.6,82.6,70.0,4.2,9.5,1.6,5.8,0.0,10.6,
원주,2023-04-30,19.1,8.1,13.3,58.3,28.0,3.7,7.3,1.9,1.7,10.3,4.4,62.61
원주,2023-05-01,20.1,9.8,14.3,52.5,22.0,4.2,8.7,1.4,0.0,9.9,3.4,56.669999999999995
원주,2023-05-02,23.2,6.3,15.6,46.8,15.0,2.5,5.0,0.8,0.0,8.3,2.1,49.089999999999996
원주,2023-05-03,25.3,10.6,18.5,42.8,17.0,3.1,6.1,1.0,0.0,10.4,3.8,44.56999999999999
원주,2023-05-04,27.4,12.9,20.1,54.1,34.0,4.3,7.7,1.5,0.0,8.0,10.1,51.11
원주,2023-05-05,21.3,15.2,19.1,81.9,62.0,4.5,8.1,2.4,13.8,0.0,15.8,72.43
원주,2023-05-06,15.2,9.7,12.1,84.8,73.0,4.3,8.9,2.1,48.7,0.0,9.5,81.14999999999999
원주,2023-05-07,16.0,6.8,11.8,64.3,38.0,2.3,6.4,0.9,1.2,0.0,4.6,70.16
원주,2023-05-08,22.3,4.0,13.5,53.5,21.0,2.9,6.7,0.9,0.0,12.8,2.6,58.78999999999999
원주,2023-05-09,24.0,7.5,16.3,52.8,25.0,3.0,6.6,1.0,0.0,12.8,5.3,54.089999999999996
원주,2023-05-10,25.0,9.2,17.0,49.5,18.0,2.3,4.5,0.7,0.0,12.3,4.8,50.56
원주,2023-05-11,25.9,10.2,18.4,48.4,17.0,2.5,5.5,0.8,0.0,12.7,5.7,49.059999999999995
원주,2023-05-12,24.6,11.7,18.2,52.0,19.0,2.4,5.3,0.8,0.0,7.6,7.0,51.03
원주,2023-05-13,24.3,10.7,18.2,48.0,26.0,2.9,6.0,1.1,0.0,11.2,6.0,48.83999999999999
원주,2023-05-14,23.9,11.6,17.6,50.4,29.0,3.3,6.1,1.1,0.0,11.5,6.5,50.08
원주,2023-05-15,27.8,10.5,19.6,50.1,21.0,3.4,6.4,1.1,0.0,12.7,7.2,49.95
원주,2023-05-16,30.8,14.2,22.4,51.1,23.0,3.7,8.2,1.1,0.0,11.8,10.8,50.83
원주,2023-05-17,30.0,14.3,22.8,49.0,25.0,4.0,7.5,1.5,0.0,13.0,10.2,49.529999999999994
원주,2023-05-18,24.8,16.9,20.5,61.0,39.0,3.9,7.3,1.3,0.0,0.7,12.1,57.61
원주,2023-05-19,24.7,16.5,20.3,57.3,43.0,3.2,4.8,1.3,0.0,4.7,11.3,57.209999999999994
원주,2023-05-20,26.9,13.7,20.5,61.3,38.0,3.5,8.3,1.4,0.0,8.7,12.2,60.47
원주,2023-05-21,22.4,15.6,18.7,58.5,31.0,3.5,7.9,1.7,0.0,6.2,9.7,58.94
원주,2023-05-22,23.9,14.6,17.9,61.0,34.0,3.0,5.7,1.1,0.6,3.9,9.9,60.53
원주,2023-05-23,25.1,10.3,18.3,51.1,21.0,2.9,5.5,1.1,0.0,13.3,6.5,53.82
원주,2023-05-24,25.1,11.7,19.2,48.9,25.0,2.9,5.2,0.9,0.0,7.4,7.3,50.55
원주,2023-05-25,27.3,14.3,21.1,43.5,24.0,3.3,6.4,1.2,0.0,11.8,7.0,45.34
원주,2023-05-26,26.4,14.8,20.9,52.6,33.0,3.3,7.0,1.2,0.5,10.6,10.2,50.410000000000004
원주,2023-05-27,20.3,16.2,18.3,82.4,60.0,1.7,2.6,0.7,8.6,0.0,15.1,72.55
원주,2023-05-28,20.5,18.0,19.3,93.0,90.0,1.7,3.9,0.4,32.2,0.0,18.1,86.84
원주,2023-05-29,25.9,19.0,21.6,83.0,59.0,1.9,3.4,0.5,25.1,3.4,18.3,84.93999999999998
원주,2023-05-30,27.2,19.0,22.2,66.0,44.0,2.7,5.6,0.9,0.0,2.8,15.2,72.1
원주,2023-05-31,27.4,15.8,21.8,51.4,30.0,2.7,5.7,1.1,0.0,11.4,10.5,57.480000000000004
원주,2023-06-01,26.1,17.6,22.0,63.4,46.0,2.0,4.1,0.7,0.0,3.2,14.5,61.26
원주,2023-06-02,26.6,19.2,22.2,63.8,43.0,3.3,7.4,1.5,0.0,10.0,14.7,62.48
원주,2023-06-03,27.7,16.8,22.1,51.0,24.0,4.1,8.3,1.5,0.0,11.9,10.2,54.8
원주,2023-06-04,27.7,14.6,21.3,48.8,22.0,3.5,8.6,1.1,0.0,12.8,9.3,50.74
원주,2023-06-05,26.4,14.9,20.9,54.9,39.0,3.8,7.9,1.3,0.0,12.4,11.1,53.29
원주,2023-06-06,25.5,15.7,20.3,62.1,43.0,2.7,6.3,1.1,0.0,10.4,12.6,59.330000000000005
원주,2023-06-07,24.2,18.2,20.9,68.1,57.0,2.1,4.0,1.0,0.0,1.1,14.7,65.58
원주,2023-06-08,25.5,18.0,22.0,70.4,51.0,4.1,7.7,1.1,0.7,5.3,16.0,69.11
원주,2023-06-09,27.5,16.8,21.8,61.0,28.0,3.0,6.9,1.1,6.1,10.2,12.8,63.59
원주,2023-06-10,29.2,17.4,22.1,62.8,37.0,4.6,9.6,1.2,6.8,7.7,13.9,63.199999999999996
원주,2023-06-11,25.9,17.3,20.5,78.0,55.0,4.3,8.3,0.8,1.9,6.9,16.3,73.25999999999999
원주,2023-06-12,27.6,17.2,22.5,67.3,37.0,2.8,5.8,1.0,0.0,8.8,15.4,68.99
원주,2023-06-13,27.4,18.4,22.5,58.5,31.0,3.3,7.4,1.2,0.0,12.7,13.4,62.209999999999994
원주,2023-06-14,27.2,16.0,21.6,61.6,35.0,3.2,5.8,1.3,0.0,11.4,13.3,61.55
원주,2023-06-15,26.7,16.8,21.6,66.4,44.0,3.0,8.5,1.2,0.0,10.8,14.7,64.65
원주,2023-06-16,29.7,17.5,23.7,61.1,39.0,2.6,4.9,1.0,0.0,13.1,15.1,62.209999999999994
원주,2023-06-17,31.1,17.7,24.7,53.0,32.0,2.5,4.8,1.0,0.0,11.3,13.7,55.959999999999994
원주,2023-06-18,32.6,19.6,25.8,56.9,34.0,2.2,4.6,0.9,0.0,12.7,16.0,56.54
원주,2023-06-19,33.6,20.9,27.3,55.1,37.0,3.0,6.8,1.3,0.0,9.9,17.0,55.25
원주,2023-06-20,28.1,20.2,24.8,49.9,34.0,4.3,8.8,1.4,0.5,0.9,13.0,51.64
원주,2023-06-21,21.9,18.5,20.4,88.4,78.0,2.7,6.7,1.0,24.9,0.0,18.4,77.37
원주,2023-06-22,26.5,19.6,21.9,73.0,49.0,3.7,8.1,1.3,0.2,4.5,16.5,73.77
원주,2023-06-23,29.8,19.8,24.2,67.3,40.0,2.8,4.8,1.0,0.0,9.4,17.3,70.55
원주,2023-06-24,31.0,19.8,25.4,62.5,44.0,2.2,3.8,1.0,0.0,12.2,17.3,64.51
원주,2023-06-25,31.2,21.0,26.6,62.0,46.0,2.3,6.1,0.9,0.0,7.1,18.3,62.629999999999995
원주,2023-06-26,26.2,20.3,23.8,79.8,54.0,3.3,9.0,1.2,50.0,0.2,19.9,74.50999999999999
원주,2023-06-27,28.9,22.1,24.8,69.6,50.0,3.5,9.5,1.4,8.6,6.5,18.6,70.88
원주,2023-06-28,29.1,22.2,25.6,69.3,54.0,2.5,5.1,0.9,0.0,6.1,19.3,70.41
원주,2023-06-29,25.8,22.8,24.0,86.9,76.0,2.6,5.1,0.6,30.2,0.0,21.6,81.64999999999999
원주,2023-06-30,28.3,23.4,25.0,85.8,69.0,1.8,3.8,0.5,10.1,2.5,22.4,84.37
원주,2023-07-01,32.9,23.1,27.9,68.9,40.0,2.5,5.4,0.8,0.0,11.9,21.1,74.08
원주,2023-07-02,30.7,23.5,26.7,73.0,51.0,2.1,4.2,0.7,0.0,5.1,21.2,73.46
원주,2023-07-03,34.0,22.8,27.9,67.0,43.0,3.9,6.3,1.0,0.0,10.3,20.6,68.39
원주,2023-07-04,31.2,23.0,25.7,73.3,47.0,3.6,7.5,1.7,24.1,6.1,20.2,72.00999999999999
원주,2023-07-05,27.3,22.0,24.3,75.9,58.0,4.0,8.6,2.1,13.2,6.4,19.6,74.49000000000001
원주,2023-07-06,31.8,21.2,26.8,61.6,49.0,3.3,6.4,1.3,0.0,8.5,18.5,65.63
원주,2023-07-07,29.3,21.9,24.5,65.9,46.0,4.0,7.5,1.3,0.0,2.7,17.4,66.04
원주,2023-07-08,30.5,19.6,25.0,72.8,54.0,2.7,5.4,0.9,0.0,4.2,19.5,70.3
원주,2023-07-09,29.3,20.3,24.5,82.3,58.0,5.3,10.8,0.9,25.4,1.5,21.1,78.75999999999999
원주,2023-07-10,30.7,21.6,26.3,74.9,52.0,3.3,6.6,1.3,6.9,7.0,21.2,76.17
원주,2023-07-11,26.1,20.9,23.1,86.9,72.0,4.1,7.2,0.7,96.2,0.0,20.7,84.04
원주,2023-07-12,28.6,21.2,24.8,80.1,64.0,2.1,3.2,0.5,1.5,1.0,21.0,80.93999999999998
원주,2023-07-13,26.2,23.4,24.4,89.3,80.0,2.2,4.5,0.6,47.1,0.0,22.4,87.21999999999998
원주,2023-07-14,26.5,23.0,24.3,90.1,80.0,2.8,9.5,1.2,105.8,0.0,22.5,88.94
원주,2023-07-15,24.9,22.5,23.7,88.6,79.0,2.1,4.4,0.6,35.4,0.0,21.7,88.97
원주,2023-07-16,27.2,22.4,24.4,81.6,67.0,2.7,6.4,0.8,0.0,0.3,20.9,83.85
원주,2023-07-17,28.4,22.8,24.8,84.6,64.0,2.4,5.2,0.5,25.6,0.6,21.9,84.39999999999999
원주,2023-07-18,24.5,22.1,23.2,92.0,90.0,2.0,3.5,0.5,23.7,0.0,21.8,89.47999999999999
원주,2023-07-19,31.2,21.0,25.5,76.6,51.0,2.6,5.1,0.7,0.0,8.4,20.7,80.47999999999999
원주,2023-07-20,31.0,23.0,26.7,75.0,51.0,2.0,4.2,0.6,0.0,7.0,21.5,77.02
원주,2023-07-21,33.3,23.2,27.1,75.0,45.0,4.4,11.1,0.9,2.1,9.1,21.7,75.16
원주,2023-07-22,32.0,22.4,26.8,69.4,43.0,3.8,7.6,1.9,0.5,7.3,20.2,71.08
원주,2023-07-23,27.1,24.1,25.5,81.4,68.0,2.5,6.4,1.1,11.2,0.0,21.9,78.36
원주,2023-07-24,30.1,23.7,26.0,80.5,60.0,2.8,5.0,0.8,7.2,3.5,22.1,79.57
원주,2023-07-25,31.0,23.7,27.0,75.6,58.0,4.4,8.2,1.2,2.6,7.6,22.0,77.16
원주,2023-07-26,31.8,23.4,25.9,79.9,55.0,3.8,7.3,0.8,9.0,5.3,21.9,79.1
원주,2023-07-27,32.6,23.0,27.3,73.4,49.0,2.3,5.5,1.0,0.0,10.3,21.7,74.92
원주,2023-07-28,33.7,24.0,28.6,70.4,46.0,3.1,5.6,1.0,0.0,11.1,22.3,71.95
원주,2023-07-29,33.9,24.9,29.1,69.6,45.0,2.8,5.5,1.0,0.0,8.4,22.6,70.14
원주,2023-07-30,34.3,23.7,28.5,66.4,41.0,2.9,5.7,1.0,0.0,10.5,21.1,67.44000000000001
원주,2023-07-31,32.5,24.1,26.7,79.0,54.0,3.3,7.8,0.9,25.8,3.6,22.4,75.53999999999999
원주,2023-08-01,33.7,23.0,28.1,73.6,50.0,2.6,6.3,0.8,0.0,8.2,22.5,73.96
원주,2023-08-02,32.8,24.6,28.2,71.3,52.0,2.2,4.3,0.8,0.0,2.0,22.2,72.53
원주,2023-08-03,32.5,23.0,28.0,65.1,47.0,2.6,4.5,0.9,0.0,10.8,20.5,67.19
원주,2023-08-04,33.2,24.3,28.4,70.1,49.0,2.5,4.3,0.8,0.0,6.9,22.1,69.21999999999998
원주,2023-08-05,34.1,25.1,29.2,67.9,45.0,2.6,4.9,0.9,0.0,9.9,22.3,68.06
원주,2023-08-06,34.2,24.7,28.1,74.3,50.0,3.2,6.1,0.9,13.8,7.1,22.7,72.60000000000001
원주,2023-08-07,34.0,24.9,29.0,68.9,49.0,3.1,5.8,0.9,1.8,8.6,22.3,69.88000000000001
원주,2023-08-08,34.0,23.9,28.6,63.4,49.0,3.4,5.7,1.4,0.0,10.4,20.7,65.59
원주,2023-08-09,31.5,22.4,26.1,73.6,56.0,3.3,7.1,1.5,18.1,0.3,20.8,71.08999999999999
원주,2023-08-10,23.0,21.3,22.0,89.1,84.0,3.3,6.7,1.5,42.1,0.0,20.1,83.42999999999999
원주,2023-08-11,28.3,21.5,24.9,80.5,66.0,4.4,9.2,1.5,3.9,0.0,21.2,81.52999999999999
원주,2023-08-12,27.0,22.8,23.9,83.6,58.0,3.4,6.0,1.0,0.3,0.3,20.8,83.52999999999999
원주,2023-08-13,31.2,22.2,26.2,77.6,56.0,1.8,3.5,0.7,0.0,1.7,21.7,79.08999999999999
원주,2023-08-14,33.6,23.6,27.7,74.6,45.0,4.7,8.0,0.9,1.4,9.6,22.2,76.1
원주,2023-08-15,33.0,22.9,27.5,66.6,46.0,2.8,5.0,1.2,0.0,10.7,20.4,69.3
원주,2023-08-16,32.2,22.3,27.1,68.3,48.0,2.4,4.0,1.0,0.0,9.6,20.5,68.58999999999999
원주,2023-08-17,31.8,23.6,27.2,75.1,57.0,1.7,3.8,0.7,0.1,4.6,22.1,72.88999999999999
원주,2023-08-18,32.9,24.2,28.4,72.3,52.0,2.3,5.0,0.8,0.0,5.2,22.7,72.46
원주,2023-08-19,33.6,25.4,28.8,72.4,51.0,1.9,4.0,0.8,0.0,6.0,23.0,72.65
원주,2023-08-20,32.4,25.6,28.5,70.6,54.0,2.7,5.2,0.8,0.0,5.3,22.4,71.13
원주,2023-08-21,33.8,25.1,29.0,68.9,48.0,2.6,5.9,0.8,0.0,5.5,22.4,69.59
원주,2023-08-22,32.1,24.8,28.0,75.9,52.0,3.3,9.0,1.0,11.0,5.3,23.0,73.97
원주,2023-08-23,31.7,23.0,26.6,80.1,57.0,3.8,10.7,1.1,56.6,2.3,22.5,78.14
원주,2023-08-24,28.4,22.1,24.8,86.3,69.0,2.8,5.2,1.2,19.5,0.0,22.2,84.02
원주,2023-08-25,30.1,23.8,26.2,74.9,53.0,3.1,6.3,1.2,25.8,6.1,21.0,77.7
원주,2023-08-26,30.1,22.9,25.8,71.6,52.0,3.0,5.6,0.9,0.0,8.6,19.9,73.72999999999999
원주,2023-08-27,30.0,21.4,25.3,72.5,53.0,2.5,4.7,0.9,0.0,3.0,19.7,72.55999999999999
원주,2023-08-28,27.7,22.0,25.0,71.8,62.0,2.5,4.0,0.9,0.0,0.0,19.4,71.91999999999999
원주,2023-08-29,28.9,22.2,25.7,76.9,65.0,3.6,7.6,1.7,10.6,0.2,21.2,75.44
원주,2023-08-30,22.7,19.8,21.4,88.6,85.0,1.4,2.7,0.4,28.0,0.0,19.4,84.57999999999998
원주,2023-08-31,27.4,19.6,22.5,77.6,50.0,1.8,3.3,0.7,0.0,4.5,18.0,79.72999999999999
원주,2023-09-01,29.1,17.9,22.7,74.0,42.0,2.3,4.5,0.8,0.0,8.7,17.2,76.17999999999999
원주,2023-09-02,30.7,17.9,24.3,69.3,44.0,2.2,3.8,0.8,0.0,9.8,17.7,71.07000000000001
원주,2023-09-03,30.6,21.9,25.9,76.0,57.0,2.2,4.5,0.9,1.6,3.7,21.1,74.46000000000001
원주,2023-09-04,30.7,23.4,26.5,74.6,55.0,1.8,3.8,0.7,0.0,2.4,21.4,74.35
원주,2023-09-05,31.1,23.1,26.7,69.1,49.0,2.2,3.4,0.8,0.0,4.9,20.3,70.88999999999999
원주,2023-09-06,31.6,21.8,26.1,64.5,40.0,2.4,4.9,1.0,0.0,9.4,18.3,66.42999999999999
원주,2023-09-07,31.2,17.2,23.6,57.9,30.0,2.6,4.7,0.8,0.0,11.5,14.1,60.33999999999999
원주,2023-09-08,29.2,16.9,23.0,64.3,36.0,2.2,4.1,0.9,0.0,11.5,15.2,63.04
원주,2023-09-09,30.7,18.2,24.1,67.3,36.0,2.2,3.7,0.8,0.0,11.2,17.0,65.75999999999999
원주,2023-09-10,30.6,19.9,25.0,69.6,46.0,2.2,3.9,0.9,0.0,10.7,18.6,68.60999999999999
원주,2023-09-11,29.9,21.5,25.1,69.4,45.0,2.6,5.0,0.8,0.0,8.9,18.7,69.23
원주,2023-09-12,30.3,21.4,25.1,69.5,43.0,2.1,4.3,0.7,0.0,8.2,18.6,69.49
원주,2023-09-13,23.5,19.0,21.0,88.8,78.0,2.0,5.3,0.7,30.2,0.0,19.0,83.0
원주,2023-09-14,25.1,19.1,21.8,79.4,67.0,2.9,5.5,0.6,1.6,0.0,17.9,80.29
원주,2023-09-15,23.6,19.6,21.5,89.5,74.0,2.0,4.6,0.5,20.4,0.1,19.7,87.41
원주,2023-09-16,27.6,21.5,23.6,88.9,67.0,2.2,5.6,0.6,11.2,0.8,21.5,88.07
원주,2023-09-17,28.9,22.2,24.7,78.6,55.0,1.9,4.2,0.5,2.0,5.0,20.4,81.75
원주,2023-09-18,29.7,21.8,25.1,75.5,54.0,2.4,4.7,0.9,0.7,7.3,20.2,77.46
원주,2023-09-19,27.2,19.2,23.2,76.8,56.0,1.7,3.5,0.7,0.0,2.9,18.7,76.72
원주,2023-09-20,22.7,18.6,20.4,87.5,71.0,3.7,7.6,1.1,55.2,0.0,18.2,84.15999999999998
원주,2023-09-21,23.0,16.6,19.9,67.5,49.0,4.0,8.2,1.6,0.0,1.2,13.4,72.43
원주,2023-09-22,24.5,14.2,18.3,77.8,46.0,1.8,3.7,0.8,0.0,7.2,13.8,76.71
원주,2023-09-23,26.4,13.8,19.6,69.6,41.0,2.6,4.6,0.9,0.0,7.8,13.3,71.02999999999999
원주,2023-09-24,25.7,14.3,20.0,60.1,31.0,3.0,7.5,1.1,0.0,8.2,11.2,63.77
원주,2023-09-25,26.7,17.0,21.4,67.6,44.0,2.4,4.1,0.9,1.7,4.4,14.7,66.3
원주,2023-09-26,21.1,19.1,20.2,92.1,84.0,2.2,4.3,0.7,19.3,0.0,18.8,84.0
원주,2023-09-27,23.1,20.1,21.0,91.9,83.0,2.0,3.4,0.7,13.2,0.0,19.5,89.51
원주,2023-09-28,26.0,19.9,22.1,76.0,51.0,2.8,5.2,1.0,0.0,6.4,17.4,80.78999999999999
원주,2023-09-29,24.5,17.4,19.9,72.9,36.0,1.9,3.6,0.7,0.0,4.6,14.4,75.42
원주,2023-09-30,21.7,15.5,18.8,76.9,55.0,2.5,4.6,0.9,1.5,3.9,14.5,76.00999999999999
원주,2023-10-01,23.1,13.2,17.4,65.1,26.0,3.1,6.3,1.0,0.0,10.6,9.8,68.24
원주,2023-10-02,22.9,10.1,15.9,65.4,28.0,2.1,4.5,0.6,0.0,10.3,8.3,66.49
원주,2023-10-03,21.1,10.8,15.0,76.4,50.0,2.1,3.5,0.5,0.0,3.0,10.6,73.07000000000001
원주,2023-10-04,21.8,10.8,15.8,80.0,44.0,2.4,6.0,0.7,5.2,6.1,11.9,77.82000000000001
원주,2023-10-05,18.0,8.9,13.4,56.3,33.0,3.5,7.3,1.2,0.0,10.6,4.1,63.05
원주,2023-10-06,20.1,7.2,13.3,67.3,32.0,1.8,3.5,0.7,0.0,8.7,6.5,66.36999999999999
원주,2023-10-07,21.0,9.6,15.4,71.8,43.0,1.4,2.8,0.5,0.0,2.5,9.8,69.35
원주,2023-10-08,20.7,13.1,16.3,68.6,44.0,2.1,5.9,0.7,0.0,0.3,10.1,69.11
원주,2023-10-09,20.7,12.0,15.9,74.4,51.0,1.6,3.7,0.4,0.0,2.5,11.0,72.97999999999999
원주,2023-10-10,21.8,12.5,16.0,73.8,46.0,1.9,3.5,0.7,0.0,6.6,10.9,73.39999999999999
원주,2023-10-11,22.5,9.4,15.1,67.8,31.0,2.0,3.5,0.5,0.0,9.7,8.3,69.66
원주,2023-10-12,23.1,9.2,15.6,67.1,29.0,1.8,3.6,0.5,0.0,10.1,8.5,67.91
원주,2023-10-13,21.4,12.0,15.7,72.0,46.0,1.6,3.5,0.5,0.0,3.4,10.2,70.6
원주,2023-10-14,18.7,10.8,13.7,83.3,62.0,2.1,4.2,0.5,1.0,1.3,10.7,79.41999999999999
원주,2023-10-15,19.3,11.3,14.5,79.3,55.0,2.1,4.9,0.6,0.0,4.1,10.7,79.37
원주,2023-10-16,19.9,9.5,14.7,66.5,37.0,2.6,7.9,0.9,0.0,9.1,7.8,70.74
원주,2023-10-17,19.1,6.0,11.8,66.5,29.0,2.0,3.8,0.7,0.0,10.0,4.7,67.78
원주,2023-10-18,21.1,6.6,13.2,72.0,42.0,2.1,3.6,0.6,0.0,8.7,7.7,70.35000000000001
원주,2023-10-19,15.0,9.9,13.3,90.9,80.0,1.9,3.6,0.4,7.6,0.0,11.8,84.68
원주,2023-10-20,15.6,6.5,12.4,46.8,25.0,4.9,9.6,2.2,0.3,9.8,0.4,58.14
원주,2023-10-21,15.8,3.2,8.5,66.8,32.0,4.6,8.3,0.9,0.0,7.4,2.1,65.21
원주,2023-10-22,16.9,2.8,10.1,69.6,32.0,2.1,4.5,0.6,0.0,8.5,3.9,66.75999999999999
원주,2023-10-23,19.9,9.0,13.6,71.5,40.0,2.5,4.5,0.6,0.0,8.2,8.0,70.65
원주,2023-10-24,18.9,8.6,13.4,77.4,46.0,2.3,3.9,0.6,0.0,5.0,9.2,75.44
원주,2023-10-25,20.1,9.4,14.0,79.0,52.0,1.9,3.7,0.5,0.0,6.9,10.0,77.93
원주,2023-10-26,19.8,11.2,14.7,81.5,63.0,4.6,9.4,0.8,23.6,2.3,11.4,80.58999999999999
원주,2023-10-27,17.8,9.8,13.3,79.4,53.0,2.8,4.7,0.7,0.1,2.5,9.4,79.78
원주,2023-10-28,18.0,7.4,11.7,76.6,39.0,1.5,3.1,0.5,0.0,8.9,7.3,77.65
원주,2023-10-29,20.0,6.8,12.2,71.4,31.0,1.8,3.4,0.5,0.0,9.5,6.2,73.24000000000001
원주,2023-10-30,20.2,6.5,12.2,72.4,37.0,1.5,2.5,0.4,0.0,9.4,6.7,72.62
원주,2023-10-31,20.3,7.4,12.3,75.6,32.0,1.9,3.4,0.5,0.0,5.9,7.5,74.53999999999999
원주,2023-11-01,20.1,9.7,15.9,77.0,68.0,2.6,4.6,0.5,0.0,0.0,11.8,76.25999999999999
원주,2023-11-02,25.7,13.9,19.1,63.9,28.0,3.7,7.5,0.9,0.0,8.2,11.3,67.69
원주,2023-11-03,23.6,12.4,19.1,69.9,50.0,3.6,7.5,1.3,0.6,4.3,13.2,69.41
원주,2023-11-04,20.7,16.2,18.1,73.5,58.0,2.4,5.0,0.9,0.5,0.1,13.1,71.82
원주,2023-11-05,23.0,14.6,18.2,77.6,54.0,3.1,7.0,1.3,8.7,1.8,14.0,76.00999999999999
원주,2023-11-06,22.2,8.5,15.5,70.8,40.0,5.4,13.1,3.1,44.6,2.0,9.9,72.42999999999999
원주,2023-11-07,10.9,3.9,7.2,55.5,27.0,4.2,8.0,1.8,1.0,9.2,-1.6,60.76999999999999
원주,2023-11-08,16.1,1.3,7.5,68.1,33.0,1.4,2.4,0.5,0.0,9.2,1.3,65.85
원주,2023-11-09,18.9,3.5,11.8,72.9,51.0,2.0,3.3,0.7,0.4,3.8,6.7,70.2
원주,2023-11-10,13.7,2.2,7.3,44.3,23.0,3.4,6.6,1.5,0.0,8.5,-4.8,52.4
원주,2023-11-11,7.5,-0.6,3.0,50.0,27.0,2.2,3.9,0.8,0.0,6.7,-7.1,51.15
원주,2023-11-12,5.8,-1.6,1.8,50.8,29.0,2.7,5.2,0.9,0.0,9.4,-7.8,49.989999999999995
원주,2023-11-13,7.4,-3.4,1.8,54.8,21.0,2.9,5.6,0.9,0.0,9.2,-7.4,53.519999999999996
원주,2023-11-14,10.0,-1.9,3.7,60.3,33.0,2.2,5.9,0.7,0.0,9.1,-3.7,58.24999999999999
원주,2023-11-15,12.1,-0.5,5.2,68.3,42.0,2.3,4.5,0.6,0.0,9.0,-0.7,65.35
원주,2023-11-16,7.1,2.3,5.2,83.4,71.0,1.5,3.2,0.6,5.2,0.0,2.5,78.07000000000001
원주,2023-11-17,7.1,-0.7,3.5,58.6,25.0,4.2,9.1,2.0,0.6,4.6,-4.4,64.53
원주,2023-11-18,5.7,-3.2,1.1,50.5,38.0,3.5,7.5,1.7,0.0,8.9,-8.2,55.41
원주,2023-11-19,13.0,-0.6,6.1,64.8,43.0,3.7,9.0,1.1,0.0,3.6,-0.3,61.31999999999999
원주,2023-11-20,11.8,-0.1,4.8,65.4,29.0,2.4,3.9,0.6,0.0,9.0,-2.0,63.790000000000006
원주,2023-11-21,14.1,-1.0,5.4,59.1,21.0,1.9,3.7,0.5,0.0,8.9,-3.2,60.93000000000001
원주,2023-11-22,14.3,-0.6,6.8,62.3,35.0,2.2,3.9,0.6,0.0,8.5,-0.5,61.96999999999999
원주,2023-11-23,15.7,4.3,11.0,55.9,25.0,4.8,9.1,1.9,0.5,7.8,2.0,57.5
원주,2023-11-24,4.4,-2.2,0.6,40.8,23.0,4.0,7.9,2.2,0.0,8.7,-11.6,45.97
원주,2023-11-25,3.9,-5.8,-1.0,41.9,18.0,2.2,3.9,0.8,0.0,8.9,-13.2,43.08
원주,2023-11-26,7.5,-1.3,3.4,48.1,22.0,1.8,2.8,0.6,0.0,3.2,-6.8,46.13
원주,2023-11-27,7.9,2.7,5.3,85.6,59.0,3.9,7.7,0.7,4.4,0.0,3.0,73.72999999999999
원주,2023-11-28,6.8,0.7,3.2,52.8,29.0,5.8,9.5,2.0,0.0,6.0,-5.9,58.89
원주,2023-11-29,4.7,-2.4,0.7,59.1,39.0,4.7,9.6,1.2,0.2,4.5,-6.7,60.49
원주,2023-11-30,0.4,-6.0,-3.1,45.3,25.0,3.0,5.4,1.5,0.0,8.7,-13.6,48.81
원주,2023-12-01,1.8,-7.5,-2.8,53.5,28.0,2.7,5.6,0.9,0.0,8.7,-11.7,52.42
원주,2023-12-02,6.1,-6.5,0.6,62.1,50.0,2.4,5.5,0.6,0.0,2.4,-5.9,58.7
원주,2023-12-03,5.8,-2.9,1.3,52.5,30.0,2.2,3.9,0.7,0.0,8.7,-7.8,54.52
원주,2023-12-04,7.6,-5.0,0.4,58.3,22.0,1.4,2.7,0.4,0.0,8.7,-7.7,57.519999999999996
원주,2023-12-05,10.5,-3.1,2.6,65.9,41.0,1.1,2.0,0.4,0.0,7.9,-3.5,63.040000000000006
원주,2023-12-06,12.0,-1.1,4.7,76.6,60.0,3.7,6.6,0.8,6.9,0.0,0.8,72.63
원주,2023-12-07,10.9,0.8,6.1,56.9,27.0,3.3,6.9,1.3,0.0,7.2,-2.1,61.74
원주,2023-12-08,17.2,0.9,10.3,66.3,41.0,3.4,7.7,0.9,0.0,7.6,3.6,65.45
원주,2023-12-09,17.5,8.6,13.2,74.9,57.0,1.8,5.3,0.6,0.0,3.1,8.6,71.38
원주,2023-12-10,16.6,7.4,11.7,74.0,53.0,2.3,3.9,0.5,0.0,4.6,6.9,73.41
원주,2023-12-11,14.0,7.0,11.0,70.9,57.0,5.1,9.6,2.7,9.2,0.0,5.7,71.92
원주,2023-12-12,10.4,2.5,6.4,69.1,50.0,5.0,9.6,1.3,0.2,2.5,1.0,69.94999999999999
원주,2023-12-13,11.6,1.1,6.6,72.5,52.0,2.7,4.7,0.7,0.0,5.9,1.7,71.66
원주,2023-12-14,9.1,7.4,8.5,81.4,66.0,3.0,5.4,1.4,13.9,0.0,5.3,78.38999999999999
원주,2023-12-15,7.6,4.3,5.6,92.8,90.0,4.4,7.8,1.5,33.7,0.0,4.4,88.49
원주,2023-12-16,5.2,-7.8,-1.6,61.4,36.0,7.4,13.9,3.3,2.7,2.5,-8.5,69.67999999999999
원주,2023-12-17,-5.4,-10.3,-8.0,38.1,25.0,3.3,6.8,1.6,0.0,8.7,-19.9,48.230000000000004
원주,2023-12-18,-3.4,-11.1,-6.7,57.5,34.0,1.8,2.9,0.6,0.0,3.5,-14.0,54.010000000000005
원주,2023-12-19,2.0,-7.0,-2.4,62.0,36.0,2.2,4.0,0.6,0.0,4.0,-9.0,58.71
원주,2023-12-20,-1.3,-9.1,-5.3,58.9,40.0,3.6,6.2,1.7,0.1,6.2,-12.3,59.379999999999995
원주,2023-12-21,-6.7,-11.8,-9.5,44.8,35.0,3.1,5.7,1.5,0.0,8.6,-19.3,49.34
원주,2023-12-22,-6.9,-13.0,-10.0,44.9,31.0,2.8,5.0,1.2,0.0,8.7,-19.9,46.279999999999994
원주,2023-12-23,-1.4,-13.6,-7.7,55.8,26.0,1.6,2.5,0.5,0.0,8.7,-15.6,52.51999999999999
원주,2023-12-24,1.1,-7.3,-3.7,72.0,55.0,2.3,3.5,0.5,0.0,4.8,-8.1,66.05
원주,2023-12-25,1.6,-5.3,-2.2,82.4,70.0,1.4,3.1,0.4,0.0,0.2,-4.8,77.66
원주,2023-12-26,6.3,-4.2,0.8,75.9,49.0,2.2,5.3,0.6,0.0,4.9,-3.2,76.81
원주,2023-12-27,6.7,-4.6,0.0,77.9,49.0,1.2,2.0,0.4,0.0,8.4,-3.6,77.95
원주,2023-12-28,5.4,-2.4,0.7,72.4,36.0,2.4,4.2,0.6,0.0,7.5,-4.1,73.85000000000001
원주,2023-12-29,5.2,-4.8,-0.4,74.9,50.0,2.2,4.6,0.5,0.0,8.3,-4.6,74.7
원주,2023-12-30,1.6,-3.4,-0.3,90.5,81.0,1.6,2.7,0.4,11.3,0.0,-1.7,85.57
원주,2023-12-31,3.4,1.5,2.3,94.5,91.0,1.6,3.5,0.4,2.7,0.0,1.5,91.74
원주,2024-01-01,6.4,1.3,3.3,88.9,68.0,1.7,2.2,0.4,0.0,2.4,1.5,90.17999999999999
원주,2024-01-02,5.1,1.8,3.3,82.6,67.0,1.6,2.7,0.4,0.0,0.1,0.5,85.05
원주,2024-01-03,3.9,-0.3,1.7,87.1,73.0,1.7,2.9,0.4,0.3,0.1,-0.2,86.38
원주,2024-01-04,3.9,-3.7,0.4,78.5,55.0,2.0,3.1,0.4,0.0,4.6,-3.0,80.63
원주,2024-01-05,8.9,1.4,4.6,74.9,58.0,2.1,4.4,0.7,0.0,1.6,0.4,76.83999999999999
원주,2024-01-06,5.0,-0.6,1.8,60.0,31.0,2.9,5.5,1.0,0.0,8.7,-6.0,64.83
원주,2024-01-07,-0.1,-5.5,-2.2,47.1,22.0,3.9,7.8,1.7,0.0,8.4,-12.8,52.46
원주,2024-01-08,0.0,-9.3,-4.5,50.0,21.0,2.3,3.7,0.6,0.0,8.7,-14.1,50.42
원주,2024-01-09,0.0,-3.7,-1.3,76.0,47.0,1.4,2.3,0.3,1.8,0.0,-5.3,67.91
원주,2024-01-10,4.1,-1.9,0.3,80.8,59.0,1.9,3.0,0.6,0.0,5.0,-2.6,76.75999999999999
원주,2024-01-11,3.1,-1.6,1.2,72.4,60.0,2.1,4.3,0.8,0.0,0.0,-3.2,74.44
원주,2024-01-12,6.2,-1.3,2.7,53.4,21.0,3.2,6.2,1.2,0.0,8.8,-7.2,59.94
원주,2024-01-13,4.9,-4.6,-0.5,51.6,23.0,1.9,3.3,0.5,0.0,8.8,-10.1,54.04
원주,2024-01-14,3.5,-5.3,-0.5,76.0,45.0,3.0,4.8,0.6,3.2,2.9,-4.4,68.86
원주,2024-01-15,1.2,-3.6,-1.4,56.8,31.0,2.5,4.8,1.1,0.0,7.8,-9.3,60.120000000000005
원주,2024-01-16,3.8,-7.8,-2.6,65.3,36.0,1.7,2.7,0.6,0.0,8.4,-8.7,64.66999999999999
원주,2024-01-17,2.2,-4.1,0.3,81.3,57.0,1.3,2.0,0.3,4.7,0.2,-2.7,75.65
원주,2024-01-18,8.0,2.1,4.7,84.0,69.0,2.1,3.8,0.7,2.4,0.5,2.1,81.59
원주,2024-01-19,9.0,4.7,5.7,60.9,49.0,3.1,6.1,1.5,0.0,0.6,-1.3,67.55999999999999
원주,2024-01-20,7.0,2.3,4.4,65.8,49.0,3.9,7.3,2.2,0.0,0.0,-1.6,66.64
원주,2024-01-21,6.8,1.4,3.5,74.6,53.0,3.9,7.1,1.0,0.0,0.2,-0.7,71.47
원주,2024-01-22,1.4,-10.6,-5.9,59.0,42.0,5.1,8.9,2.8,0.0,5.8,-12.7,62.8
원주,2024-01-23,-6.9,-12.3,-10.0,48.4,31.0,4.4,8.5,2.0,0.0,8.9,-19.1,53.13999999999999
원주,2024-01-24,-3.8,-11.7,-7.7,47.6,30.0,3.4,5.9,1.2,0.0,9.0,-17.2,48.9
원주,2024-01-25,-0.6,-11.3,-5.7,52.0,26.0,2.1,4.2,0.8,0.0,9.0,-14.8,50.760000000000005
원주,2024-01-26,3.5,-9.1,-2.4,57.8,28.0,2.8,4.8,0.7,0.0,9.0,-10.2,55.61999999999999
원주,2024-01-27,4.1,-5.8,-0.9,64.5,38.0,2.3,4.4,0.6,0.0,7.0,-7.1,61.910000000000004
원주,2024-01-28,3.1,-3.2,-0.5,61.6,40.0,3.0,5.8,0.7,0.0,8.0,-7.2,61.8
원주,2024-01-29,4.4,-6.3,-1.4,63.6,32.0,1.7,2.8,0.4,0.0,8.7,-8.1,63.29
원주,2024-01-30,8.5,-6.1,0.0,61.5,29.0,1.3,2.2,0.3,0.0,9.1,-7.2,61.92999999999999
원주,2024-01-31,11.4,-1.6,3.9,49.9,23.0,2.1,3.3,0.5,0.0,9.0,-6.4,53.59
원주,2024-02-01,8.6,-1.9,2.7,61.0,38.0,3.0,4.9,0.7,0.0,4.7,-4.3,58.82999999999999
원주,2024-02-02,8.7,0.5,4.0,55.3,34.0,2.7,5.6,1.0,0.0,6.0,-4.5,55.9
원주,2024-02-03,10.1,-1.7,4.7,62.3,42.0,3.1,6.5,0.9,0.0,2.8,-2.2,60.769999999999996
원주,2024-02-04,11.1,0.6,6.3,63.1,43.0,2.6,6.0,0.8,0.0,5.9,-0.5,62.160000000000004
원주,2024-02-05,6.4,0.3,3.6,73.5,57.0,4.1,7.9,2.1,1.2,0.0,-0.8,70.3
원주,2024-02-06,3.3,0.0,1.7,80.3,73.0,1.7,3.8,0.7,0.0,0.0,-1.3,77.22
원주,2024-02-07,3.6,0.1,1.6,68.8,58.0,1.9,4.1,0.8,0.0,0.0,-3.5,71.57
원주,2024-02-08,5.6,-2.7,0.9,69.6,42.0,1.6,3.2,0.7,0.0,8.3,-4.4,70.50999999999999
원주,2024-02-09,5.7,-3.6,0.9,65.0,38.0,3.5,7.3,1.0,0.0,8.8,-5.4,66.3
원주,2024-02-10,6.4,-3.6,1.2,62.0,32.0,2.6,6.3,0.8,0.0,4.5,-5.8,63.36
원주,2024-02-11,5.5,-4.2,1.1,63.5,41.0,3.8,8.5,1.1,0.0,6.7,-5.4,63.349999999999994
원주,2024-02-12,10.2,-3.3,2.7,60.6,22.0,2.6,4.6,0.6,0.0,9.5,-5.3,61.32000000000001
원주,2024-02-13,14.6,-0.1,7.2,60.1,41.0,3.7,7.4,0.9,0.0,8.6,-0.4,60.54
원주,2024-02-14,17.7,6.0,11.0,68.9,53.0,3.3,6.4,0.6,0.0,2.7,5.3,66.31
원주,2024-02-15,12.6,1.1,6.7,85.1,77.0,3.7,8.0,1.1,11.4,0.0,4.3,79.36
원주,2024-02-16,7.1,-0.8,2.1,72.8,44.0,2.2,4.2,0.8,0.0,7.4,-2.6,74.86999999999999
원주,2024-02-17,12.3,-2.2,4.1,70.5,37.0,1.7,2.9,0.6,0.0,9.8,-1.4,72.42
원주,2024-02-18,13.5,-1.3,7.3,71.0,27.0,4.5,7.9,0.9,18.3,4.2,1.6,71.08
원주,2024-02-19,14.0,7.1,11.0,93.8,84.0,3.5,6.0,1.0,14.8,0.0,10.0,86.91
원주,2024-02-20,8.8,4.2,6.1,84.5,64.0,2.4,4.0,1.0,3.9,0.0,3.5,85.00999999999999
원주,2024-02-21,5.6,0.9,3.3,86.3,69.0,3.0,5.4,1.6,9.0,0.0,1.1,86.69
원주,2024-02-22,3.9,-0.4,1.4,74.9,59.0,3.5,6.4,1.3,1.8,0.0,-2.6,78.14
원주,2024-02-23,5.4,-0.3,2.1,62.1,49.0,3.0,5.6,1.4,0.0,2.9,-4.5,67.08
원주,2024-02-24,7.4,-1.5,2.4,62.6,39.0,2.6,5.2,1.2,0.1,6.4,-4.5,63.730000000000004
원주,2024-02-25,5.4,1.1,2.7,86.6,70.0,2.0,3.2,0.6,1.9,0.1,0.6,79.35
원주,2024-02-26,9.6,0.1,3.7,69.5,35.0,2.2,4.5,0.9,0.0,5.4,-2.0,72.23
원주,2024-02-27,9.1,-0.2,4.6,49.4,32.0,2.5,5.9,1.2,0.0,7.6,-5.5,57.14
원주,2024-02-28,10.2,0.8,5.2,59.6,41.0,2.7,5.8,0.8,0.0,2.9,-2.3,58.550000000000004
원주,2024-02-29,9.1,1.4,5.2,63.0,42.0,3.3,7.9,0.7,0.0,0.0,-1.6,60.959999999999994
원주,2024-03-01,4.8,-5.5,-1.8,28.9,17.0,5.1,10.9,2.7,0.0,10.2,-18.0,38.79
원주,2024-03-02,4.0,-7.7,-0.8,48.6,39.0,4.4,10.4,1.7,0.0,7.6,-10.4,46.099999999999994
원주,2024-03-03,9.4,0.8,5.2,65.8,38.0,4.2,9.4,1.4,1.6,5.5,-1.1,58.669999999999995
원주,2024-03-04,11.7,-0.9,5.2,59.3,23.0,1.6,3.4,0.6,0.0,4.9,-3.6,59.53
원주,2024-03-05,10.9,4.8,7.4,54.6,44.0,3.8,7.9,1.2,0.0,0.0,-1.2,56.66
원주,2024-03-06,10.2,1.5,5.4,60.0,41.0,3.6,5.8,1.2,0.0,2.0,-2.0,58.85
원주,2024-03-07,7.8,1.9,3.9,68.4,36.0,4.1,8.8,1.5,0.6,1.8,-1.5,65.34
원주,2024-03-08,7.8,-1.7,2.7,49.0,18.0,5.4,11.1,2.0,0.0,9.6,-8.2,53.98
원주,2024-03-09,7.9,-3.2,2.4,43.9,18.0,3.3,6.1,1.2,0.0,10.5,-9.7,47.370000000000005
원주,2024-03-10,11.1,-2.4,4.1,45.1,22.0,3.2,5.8,1.0,0.0,10.5,-7.9,45.25
원주,2024-03-11,10.8,0.1,5.0,48.9,27.0,2.1,4.2,0.6,0.0,1.2,-5.3,47.64
원주,2024-03-12,8.9,2.3,5.4,67.3,50.0,1.9,4.1,0.7,0.0,0.0,-0.3,61.39999999999999
원주,2024-03-13,12.9,-0.1,6.3,53.9,21.0,3.9,7.9,1.4,0.0,10.5,-3.8,56.08
원주,2024-03-14,15.3,0.8,8.3,47.8,20.0,3.9,7.3,1.2,0.0,8.9,-3.2,50.97
원주,2024-03-15,17.2,1.4,9.2,44.0,22.0,3.7,8.2,1.2,0.0,10.6,-3.6,45.75
원주,2024-03-16,18.7,3.1,11.6,43.3,18.0,3.6,6.0,1.1,0.0,8.4,-1.6,43.89
원주,2024-03-17,14.8,5.9,10.7,41.0,20.0,4.7,9.2,2.0,0.0,5.5,-3.2,41.76
원주,2024-03-18,14.4,0.5,7.7,30.1,11.0,3.7,6.8,1.2,0.0,10.2,-11.3,33.6
원주,2024-03-19,10.8,4.4,6.6,51.8,16.0,4.8,9.6,1.9,4.7,1.1,-4.4,46.38
원주,2024-03-20,8.4,1.5,4.9,50.8,25.0,4.8,9.3,2.0,0.0,7.0,-5.3,48.92999999999999
원주,2024-03-21,11.3,-1.2,5.3,47.3,23.0,3.4,6.2,1.1,0.0,10.9,-6.1,48.449999999999996
원주,2024-03-22,16.5,2.2,9.9,54.1,24.0,6.8,11.2,2.0,8.3,6.2,0.0,52.41
원주,2024-03-23,19.4,10.4,13.9,60.8,29.0,3.0,5.3,1.1,1.3,8.9,5.4,58.10999999999999
원주,2024-03-24,23.2,7.9,15.8,39.8,16.0,2.9,5.6,1.0,0.0,10.8,0.0,45.42999999999999
원주,2024-03-25,14.8,7.6,10.2,58.8,34.0,3.8,6.3,1.4,6.0,0.8,1.9,55.199999999999996
원주,2024-03-26,10.5,3.4,6.5,77.0,52.0,3.0,5.9,1.2,10.4,0.9,2.5,69.64
원주,2024-03-27,16.4,2.1,9.9,66.4,39.0,2.5,4.9,0.8,0.0,8.9,3.2,67.76
원주,2024-03-28,10.8,9.1,10.1,83.9,70.0,1.8,3.7,0.6,9.2,0.0,7.4,79.71
원주,2024-03-29,12.8,5.0,8.5,73.3,53.0,4.5,9.3,1.4,0.0,1.4,3.9,74.73
원주,2024-03-30,18.3,1.7,9.2,63.0,20.0,3.9,7.5,1.3,0.0,8.1,1.4,67.14999999999999
원주,2024-03-31,17.6,3.0,10.9,45.8,16.0,2.4,4.8,0.8,0.0,9.4,-2.8,51.989999999999995
원주,2024-04-01,20.3,4.6,12.6,39.9,14.0,3.6,7.6,1.1,0.0,10.9,-2.3,43.39
원주,2024-04-02,25.5,5.4,15.9,36.6,10.0,3.4,6.3,0.9,0.0,10.1,-1.1,38.18
원주,2024-04-03,17.5,12.2,14.4,74.1,40.0,2.1,4.7,0.5,3.9,0.0,9.4,63.17999999999999
원주,2024-04-04,16.3,10.7,13.9,51.0,32.0,3.0,5.3,1.2,0.0,0.0,3.1,54.17999999999999
원주,2024-04-05,19.0,8.8,13.7,51.0,32.0,2.9,5.8,1.3,0.0,4.7,3.3,53.31
원주,2024-04-06,18.7,7.5,13.2,52.9,24.0,2.8,5.4,0.8,0.0,4.0,2.6,52.33
원주,2024-04-07,23.4,6.4,15.1,46.6,20.0,2.5,5.7,0.8,0.0,10.7,2.3,48.3
원주,2024-04-08,24.0,10.4,17.1,45.4,24.0,2.5,4.9,0.7,0.0,4.1,4.3,46.38999999999999
원주,2024-04-09,19.8,10.3,14.6,32.4,18.0,4.3,8.8,2.0,0.0,11.4,-2.7,36.42
원주,2024-04-10,19.1,9.6,14.2,45.4,31.0,4.6,8.0,1.6,0.0,3.7,2.2,42.8
원주,2024-04-11,21.2,11.3,15.4,59.5,39.0,2.1,4.1,0.6,0.0,0.9,7.0,53.97
원주,2024-04-12,24.7,9.9,17.1,54.3,24.0,2.8,5.1,0.9,0.0,9.6,6.7,54.449999999999996
원주,2024-04-13,27.7,10.6,19.3,45.5,19.0,2.8,5.7,0.8,0.0,11.5,5.1,48.66
원주,2024-04-14,30.1,11.4,21.1,39.3,14.0,3.7,7.0,1.3,0.0,11.3,4.9,42.04
원주,2024-04-15,21.7,13.7,17.6,66.8,33.0,4.5,8.0,1.9,16.4,0.0,10.4,59.169999999999995
원주,2024-04-16,19.6,12.1,14.7,71.1,41.0,3.7,7.5,1.5,1.4,4.9,9.0,67.06
원주,2024-04-17,22.3,8.4,15.3,63.1,31.0,2.4,4.3,0.8,0.0,9.0,7.2,65.07
원주,2024-04-18,25.6,10.0,17.9,52.3,23.0,3.2,5.6,1.1,0.0,10.7,6.3,56.33999999999999
원주,2024-04-19,25.4,10.0,18.1,47.1,25.0,3.1,5.8,0.9,0.0,10.4,5.5,49.74
원주,2024-04-20,17.0,13.1,14.7,78.6,58.0,2.1,4.7,0.8,5.4,0.0,10.9,69.67
원주,2024-04-21,20.8,13.5,16.9,64.1,49.0,3.5,5.9,1.4,0.0,0.0,9.8,65.29999999999998
원주,2024-04-22,23.5,14.1,17.5,49.4,32.0,2.9,5.0,1.2,0.0,2.5,6.4,55.26
원주,2024-04-23,23.2,10.2,16.8,50.9,31.0,3.3,6.8,1.6,0.0,8.2,5.8,51.92
원주,2024-04-24,17.2,11.3,13.8,74.0,58.0,2.8,5.7,1.4,14.3,1.9,9.1,66.92
원주,2024-04-25,21.5,10.8,15.5,66.3,39.0,2.2,4.1,1.0,0.0,8.0,8.7,66.3
원주,2024-04-26,25.8,10.8,17.8,59.4,27.0,2.2,4.9,0.6,0.0,7.4,8.5,62.239999999999995
원주,2024-04-27,27.0,11.2,19.0,52.4,20.0,2.4,4.7,0.8,0.0,11.8,7.1,55.190000000000005
원주,2024-04-28,28.5,11.5,20.2,49.6,22.0,2.9,5.3,0.8,0.0,11.1,7.8,51.14
원주,2024-04-29,24.4,15.8,19.4,49.6,36.0,2.8,4.3,1.1,0.0,1.5,8.4,49.88
원주,2024-04-30,22.0,14.7,18.1,60.6,52.0,2.9,4.9,1.0,0.0,0.1,10.3,57.300000000000004
원주,2024-05-01,23.2,14.2,18.1,37.0,24.0,3.2,6.2,1.3,0.0,8.9,2.6,42.98
원주,2024-05-02,24.8,9.8,17.4,47.4,25.0,2.7,5.5,0.9,0.0,12.2,5.1,46.64
원주,2024-05-03,27.0,10.1,18.9,50.3,26.0,2.2,4.7,0.8,0.0,12.2,7.1,48.39
원주,2024-05-04,28.4,12.3,20.8,49.6,22.0,3.0,5.6,0.9,0.0,12.4,8.5,49.52
원주,2024-05-05,19.9,16.5,18.9,78.4,53.0,4.8,9.5,2.3,15.9,0.0,14.9,69.83000000000001
원주,2024-05-06,18.9,13.7,14.9,90.5,84.0,2.7,6.4,1.2,18.5,0.0,13.3,83.99000000000001
원주,2024-05-07,16.8,12.3,14.1,70.9,52.0,4.1,7.7,1.4,0.8,0.0,8.5,75.57000000000001
원주,2024-05-08,21.0,7.8,14.4,57.1,26.0,2.6,5.7,1.0,0.0,12.5,4.7,63.2
원주,2024-05-09,22.4,9.1,16.1,55.6,29.0,3.6,7.8,1.4,0.0,12.3,6.2,57.43000000000001
원주,2024-05-10,25.4,10.9,17.9,52.1,27.0,3.4,6.7,1.1,0.0,11.2,7.0,53.300000000000004
원주,2024-05-11,24.3,11.4,18.1,65.6,41.0,5.2,9.4,1.7,17.3,5.3,11.1,61.9
원주,2024-05-12,21.2,12.5,16.8,63.6,37.0,3.2,6.4,1.3,0.9,9.4,9.1,62.849999999999994
원주,2024-05-13,24.5,10.3,17.8,52.3,24.0,3.7,6.4,1.1,0.0,12.7,6.3,55.88999999999999
원주,2024-05-14,25.5,10.8,18.5,50.8,27.0,3.0,6.6,1.1,0.0,12.9,6.8,52.379999999999995
원주,2024-05-15,23.1,8.5,14.5,69.4,31.0,3.8,7.7,1.3,26.0,7.0,8.1,63.97
원주,2024-05-16,20.4,8.0,13.6,57.5,27.0,4.1,8.5,1.7,3.9,9.2,4.1,59.21
원주,2024-05-17,25.5,8.5,17.3,61.3,32.0,3.6,6.4,1.1,0.0,10.1,8.9,61.349999999999994
원주,2024-05-18,26.8,12.0,20.0,60.8,34.0,2.6,5.0,0.9,0.0,12.1,11.4,60.56999999999999
원주,2024-05-19,28.5,14.6,21.6,52.4,14.0,2.6,4.9,1.0,0.0,12.5,9.9,54.970000000000006
원주,2024-05-20,23.3,14.1,19.1,64.9,54.0,2.4,4.3,0.7,0.0,0.2,12.2,61.989999999999995
원주,2024-05-21,27.5,16.6,21.7,63.9,38.0,2.4,4.4,0.9,0.0,9.4,13.9,62.95
원주,2024-05-22,27.5,15.4,21.3,63.3,37.0,3.1,5.4,1.0,0.0,10.7,13.5,63.58
원주,2024-05-23,28.4,15.6,21.9,56.3,35.0,2.5,5.8,1.0,0.0,12.8,11.9,58.459999999999994
원주,2024-05-24,26.9,15.8,21.2,62.5,48.0,2.7,5.9,1.1,0.0,5.4,13.4,61.339999999999996
원주,2024-05-25,25.6,19.1,21.5,45.1,37.0,3.1,6.9,1.9,0.0,5.0,8.9,49.7
원주,2024-05-26,25.8,17.9,21.2,64.6,38.0,4.2,7.7,1.5,14.1,4.9,13.5,60.489999999999995
원주,2024-05-27,23.1,15.6,18.7,61.6,38.0,3.8,8.5,1.9,0.3,8.4,10.7,60.55
원주,2024-05-28,24.4,13.1,18.8,57.0,31.0,4.5,9.2,1.6,0.0,13.0,9.2,58.68
원주,2024-05-29,27.4,12.2,20.2,52.5,26.0,2.9,5.6,1.0,0.0,13.2,9.3,54.31
원주,2024-05-30,25.0,14.9,20.2,55.1,23.0,1.8,3.9,0.7,0.0,1.0,9.9,54.77
원주,2024-05-31,26.9,16.3,21.2,50.5,29.0,3.5,7.6,1.4,0.1,10.3,9.7,51.62
원주,2024-06-01,25.8,17.7,20.5,54.5,32.0,3.7,7.8,1.6,0.1,6.7,10.7,53.76
원주,2024-06-02,25.0,14.5,19.1,62.6,34.0,3.2,7.1,1.1,0.1,8.0,11.1,59.769999999999996
원주,2024-06-03,27.2,13.8,20.2,51.5,28.0,3.6,6.5,1.3,0.0,11.5,8.6,54.02
원주,2024-06-04,28.3,12.3,20.7,45.0,24.0,2.5,4.7,1.0,0.0,13.8,7.4,48.059999999999995
원주,2024-06-05,29.6,15.4,23.2,50.5,35.0,2.7,5.6,1.0,0.0,11.7,11.7,49.49999999999999
원주,2024-06-06,29.4,18.5,22.5,60.5,33.0,3.1,6.2,1.2,0.0,9.7,14.0,56.949999999999996
원주,2024-06-07,27.8,15.4,22.1,64.0,41.0,3.1,5.4,1.0,1.0,8.1,14.3,61.95
원주,2024-06-08,23.8,17.7,20.4,82.5,66.0,2.6,4.4,0.8,5.0,1.5,17.3,76.6
원주,2024-06-09,28.5,18.7,23.1,68.4,43.0,2.7,4.9,0.9,0.0,10.2,16.4,70.78
원주,2024-06-10,30.1,17.8,24.5,61.8,42.0,2.8,5.0,1.0,0.0,10.3,16.2,65.19
원주,2024-06-11,30.7,20.3,25.2,59.9,33.0,2.6,4.7,1.0,0.0,9.4,16.3,61.13
원주,2024-06-12,32.7,18.5,25.8,49.8,21.0,2.6,5.4,1.0,0.0,13.2,13.3,53.01999999999999
원주,2024-06-13,33.4,19.3,26.5,49.4,25.0,2.9,5.4,1.0,0.0,13.2,13.8,50.53
원주,2024-06-14,33.2,20.3,27.0,49.8,31.0,3.4,6.2,1.2,0.0,12.9,14.8,49.72
원주,2024-06-15,28.0,21.5,23.8,68.9,50.0,2.8,4.9,1.0,6.3,3.4,17.4,63.13
원주,2024-06-16,29.4,20.5,24.3,57.1,29.0,3.4,6.6,1.5,0.0,11.6,14.2,58.730000000000004
원주,2024-06-17,29.5,16.8,23.6,48.3,30.0,2.7,5.5,0.9,0.0,12.7,11.2,52.12
원주,2024-06-18,32.5,17.0,25.4,46.9,32.0,2.6,6.2,1.0,0.0,13.4,12.6,48.199999999999996
원주,2024-06-19,35.6,19.5,27.6,44.4,23.0,2.5,5.6,0.8,0.0,13.5,13.3,45.29
원주,2024-06-20,34.1,21.3,27.5,48.5,24.0,3.2,6.7,1.0,0.0,11.2,14.8,47.519999999999996
원주,2024-06-21,32.6,20.0,26.8,53.1,37.0,2.8,6.3,1.0,0.0,11.1,16.0,51.31
원주,2024-06-22,25.8,22.2,23.4,81.9,60.0,2.3,5.4,0.8,55.9,0.0,19.9,72.8
원주,2024-06-23,28.9,21.4,24.2,81.5,60.0,2.5,5.7,1.1,8.5,3.2,20.6,78.74000000000001
원주,2024-06-24,30.4,20.5,24.9,63.6,40.0,4.0,8.2,1.9,0.4,9.3,17.0,69.00999999999999
원주,2024-06-25,27.5,18.1,22.6,57.5,36.0,4.1,8.9,1.6,0.0,8.5,13.1,61.12
원주,2024-06-26,29.8,17.6,23.8,56.8,33.0,2.7,6.2,1.1,0.0,13.6,14.0,57.62
원주,2024-06-27,28.9,18.9,24.0,65.4,39.0,2.2,4.1,0.9,0.0,7.0,16.8,62.89
원주,2024-06-28,31.6,18.5,25.0,57.0,30.0,2.5,4.5,0.9,0.0,13.4,14.9,58.660000000000004
원주,2024-06-29,32.4,19.9,25.6,65.8,38.0,4.3,8.7,1.5,33.2,8.0,18.0,63.99999999999999
원주,2024-06-30,26.8,23.3,25.0,77.9,67.0,4.1,10.1,1.8,14.5,0.9,20.8,73.39
원주,2024-07-01,30.0,22.3,25.4,70.1,49.0,2.4,4.9,1.0,0.0,6.6,19.3,71.22999999999999
원주,2024-07-02,26.4,21.5,23.4,84.0,73.0,4.2,8.6,1.3,66.7,0.0,20.5,80.61
원주,2024-07-03,26.9,24.1,25.1,77.3,66.0,4.1,9.2,1.7,3.2,0.6,20.7,77.92
원주,2024-07-04,30.2,23.6,27.2,67.0,54.0,4.1,7.8,1.6,0.0,4.6,20.4,70.76
원주,2024-07-05,29.3,22.1,24.6,72.6,58.0,5.0,10.5,2.0,3.7,2.0,19.2,71.95
원주,2024-07-06,31.4,21.2,26.0,79.9,60.0,4.4,8.3,1.5,15.5,2.6,22.0,77.15
원주,2024-07-07,25.6,22.4,23.8,86.8,74.0,4.2,8.6,0.7,1.8,0.1,21.4,84.0
원주,2024-07-08,25.3,22.3,23.8,90.1,81.0,3.1,8.3,0.7,46.8,0.0,22.0,88.41999999999999
원주,2024-07-09,26.1,22.3,23.7,89.1,73.0,2.6,5.7,0.6,7.7,0.0,21.7,89.07
원주,2024-07-10,31.9,21.4,25.5,76.5,48.0,4.4,9.2,1.2,56.0,8.2,20.6,80.38000000000001
원주,2024-07-11,30.7,23.1,26.3,74.0,53.0,2.6,4.5,0.9,0.0,6.4,21.0,76.00999999999999
원주,2024-07-12,30.3,23.5,26.1,75.8,60.0,2.5,4.5,1.0,0.0,5.2,21.3,75.51
원주,2024-07-13,33.1,22.5,27.4,63.0,29.0,3.0,5.8,1.0,0.0,11.3,18.6,66.66
원주,2024-07-14,30.8,22.8,26.5,64.9,51.0,2.9,5.4,1.0,0.0,5.4,19.2,65.61
원주,2024-07-15,30.8,23.0,26.7,70.1,50.0,3.3,6.0,0.8,7.3,4.5,20.6,68.35
원주,2024-07-16,30.9,23.3,26.1,77.5,52.0,3.0,6.3,1.2,25.1,6.8,21.5,74.75999999999999
원주,2024-07-17,31.0,23.1,27.0,76.6,59.0,3.1,7.0,0.9,10.5,1.4,22.4,76.13
원주,2024-07-18,28.2,23.0,25.3,84.4,66.0,4.6,10.3,1.3,98.4,0.0,22.3,82.15
원주,2024-07-19,31.3,23.3,27.0,74.8,52.0,2.5,4.8,0.8,0.0,6.4,21.8,76.89999999999999
원주,2024-07-20,30.3,23.9,27.0,76.4,60.0,4.7,10.4,1.1,5.3,2.9,22.3,76.88
원주,2024-07-21,30.7,24.5,27.4,73.0,60.0,4.6,9.5,1.7,5.0,3.2,22.0,73.86
원주,2024-07-22,30.9,25.7,28.6,72.5,60.0,4.2,9.3,1.2,4.3,1.2,22.9,72.99
원주,2024-07-23,29.3,24.7,26.3,83.9,63.0,4.5,9.4,1.3,36.2,0.1,23.2,80.52999999999999
원주,2024-07-24,31.6,22.1,26.2,85.8,65.0,5.6,11.2,0.9,78.1,4.4,23.5,84.09
원주,2024-07-25,33.2,25.3,28.8,72.8,51.0,3.1,6.8,0.9,1.0,7.8,23.1,76.50999999999999
원주,2024-07-26,33.9,24.8,29.4,70.8,51.0,4.0,7.3,1.4,0.5,8.4,23.1,72.69999999999999
원주,2024-07-27,32.8,26.5,29.1,75.9,56.0,4.7,10.8,1.2,16.3,3.4,24.1,74.57000000000001
원주,2024-07-28,33.1,25.2,28.8,73.8,55.0,3.4,7.6,1.1,1.3,7.1,23.3,73.92
원주,2024-07-29,29.4,26.8,27.8,75.4,69.0,3.2,6.4,1.5,0.0,0.3,23.0,75.13000000000001
원주,2024-07-30,30.1,25.8,27.4,79.0,69.0,2.9,5.3,1.2,0.0,1.8,23.4,77.75999999999999
원주,2024-07-31,33.4,25.8,29.4,67.8,50.0,2.5,4.9,1.1,0.0,9.5,22.6,70.8
원주,2024-08-01,32.8,27.2,29.6,71.4,57.0,2.7,5.1,1.1,0.0,5.1,23.7,71.44000000000001
원주,2024-08-02,33.7,27.7,29.2,78.0,57.0,2.6,5.7,1.0,4.6,5.1,24.8,75.66
원주,2024-08-03,34.5,27.2,30.1,72.0,49.0,2.8,5.2,0.9,0.0,9.6,24.2,73.14
원주,2024-08-04,35.0,25.7,30.4,69.1,49.0,2.9,6.6,1.0,0.0,10.6,23.7,70.57
원주,2024-08-05,34.7,23.6,29.3,70.9,44.0,3.4,5.6,1.3,67.5,8.1,23.0,70.65
원주,2024-08-06,32.5,23.7,27.5,76.6,55.0,2.8,4.4,0.8,0.0,5.7,22.8,74.71
원주,2024-08-07,32.6,24.6,28.4,72.8,52.0,2.8,4.9,0.8,0.0,8.4,22.7,73.37
원주,2024-08-08,29.7,24.8,27.0,79.6,67.0,1.9,3.6,0.7,3.2,1.9,23.0,77.93999999999998
원주,2024-08-09,33.6,25.3,28.8,70.3,49.0,2.3,4.0,0.7,0.0,8.7,22.4,72.41
원주,2024-08-10,34.2,24.8,29.0,72.1,46.0,2.3,4.1,0.7,0.0,8.5,23.1,72.48999999999998
원주,2024-08-11,33.9,26.0,29.4,66.6,50.0,2.4,4.2,0.8,0.0,10.6,22.3,68.07
원주,2024-08-12,35.3,25.6,29.9,71.0,48.0,2.6,6.9,0.8,0.1,9.4,23.6,70.22999999999999
원주,2024-08-13,34.4,25.4,28.6,71.3,51.0,3.6,6.5,0.8,0.6,7.6,22.6,70.77
원주,2024-08-14,34.7,24.5,29.0,71.1,46.0,2.0,4.3,0.7,0.8,7.6,22.8,71.13
원주,2024-08-15,33.6,26.1,28.8,69.5,50.0,2.7,4.7,0.8,0.0,6.6,22.4,70.0
원주,2024-08-16,33.6,24.6,28.5,68.4,47.0,3.3,6.3,0.9,0.0,7.7,21.8,68.89
원주,2024-08-17,33.5,24.9,28.5,70.8,46.0,4.4,9.1,1.0,9.5,9.4,22.2,70.19
원주,2024-08-18,34.1,25.1,28.9,69.8,48.0,2.8,4.9,1.0,0.0,9.4,22.5,69.86
원주,2024-08-19,34.7,25.2,29.5,66.0,44.0,2.5,4.4,0.9,0.0,11.6,22.0,67.24
원주,2024-08-20,34.7,25.5,30.2,67.3,49.0,2.4,6.4,1.1,0.0,8.2,23.1,67.28999999999999
원주,2024-08-21,30.4,26.1,28.0,80.9,68.0,3.2,7.3,1.2,13.7,0.7,24.3,76.69
원주,2024-08-22,32.7,25.9,28.3,77.1,54.0,3.6,7.9,1.6,3.9,4.4,23.7,76.88
원주,2024-08-23,31.0,25.3,27.3,75.9,59.0,3.1,6.1,1.5,2.0,5.1,22.5,76.64
원주,2024-08-24,31.6,23.8,27.3,75.1,52.0,2.3,4.2,0.8,0.0,6.0,22.2,75.46
원주,2024-08-25,32.6,24.1,27.7,71.8,48.0,2.3,4.0,0.9,0.0,8.3,21.8,72.87
원주,2024-08-26,31.0,24.2,27.2,75.6,60.0,1.8,3.2,0.7,0.0,1.0,22.3,74.79
원주,2024-08-27,28.2,22.8,25.2,81.4,63.0,2.4,4.7,0.8,0.6,1.7,21.7,79.28
원주,2024-08-28,32.5,20.3,26.7,62.9,43.0,2.5,4.4,1.0,0.0,8.9,18.4,67.86999999999999
원주,2024-08-29,32.8,21.3,26.7,64.5,45.0,4.9,8.1,1.5,0.0,10.1,19.1,65.87
원주,2024-08-30,33.4,22.2,27.5,65.3,42.0,2.9,4.9,0.9,0.0,10.8,19.8,64.89999999999999
원주,2024-08-31,31.5,21.7,26.2,68.6,47.0,2.4,4.5,0.9,0.0,8.8,19.6,67.53
원주,2024-09-01,31.1,22.4,26.3,64.4,38.0,2.8,5.5,1.0,0.0,7.9,18.6,65.33
원주,2024-09-02,28.6,21.7,25.1,71.8,60.0,2.6,4.0,0.9,0.0,1.3,19.5,70.0
원주,2024-09-03,31.7,22.0,26.3,55.3,37.0,2.6,4.7,1.2,0.0,8.4,16.3,59.50999999999999
원주,2024-09-04,32.1,20.0,25.6,59.4,33.0,2.5,3.9,1.0,0.0,11.2,16.4,59.82
원주,2024-09-05,30.6,22.2,25.5,75.4,50.0,2.5,5.6,0.7,6.6,5.3,20.5,70.19
원주,2024-09-06,25.2,21.5,23.4,83.3,67.0,2.3,3.6,1.0,8.2,0.0,20.2,79.33
원주,2024-09-07,30.1,21.4,24.9,74.6,48.0,2.0,5.8,0.8,0.1,7.7,19.6,76.42
원주,2024-09-08,31.8,20.7,26.1,70.9,48.0,2.2,4.3,0.7,0.0,11.2,20.0,72.88
원주,2024-09-09,32.4,24.0,27.8,69.8,50.0,1.8,3.8,0.8,0.0,6.9,21.4,70.49999999999999
원주,2024-09-10,34.2,23.5,28.4,68.5,42.0,2.2,4.3,0.8,0.0,11.4,21.4,69.0
원주,2024-09-11,34.1,23.9,28.3,71.6,46.0,2.6,5.1,0.9,0.6,6.2,22.3,70.8
원주,2024-09-12,25.9,24.2,24.8,92.9,89.0,2.2,3.6,0.7,75.1,0.0,23.5,86.19999999999999
원주,2024-09-13,30.6,24.0,26.4,82.8,61.0,2.6,4.4,0.7,0.6,1.6,23.0,83.69999999999999
원주,2024-09-14,29.8,24.5,26.4,86.0,67.0,1.9,3.4,0.5,28.1,1.3,23.7,86.05
원주,2024-09-15,31.6,23.6,26.9,71.4,51.0,2.7,4.9,1.1,0.0,5.3,21.0,75.46000000000001
원주,2024-09-16,31.7,22.7,27.1,68.6,54.0,2.9,4.5,0.9,0.0,5.7,20.6,70.89999999999999
원주,2024-09-17,33.4,25.0,28.5,74.9,52.0,2.0,3.9,0.7,0.0,6.1,23.2,73.29
원주,2024-09-18,33.5,24.4,26.9,81.6,55.0,3.4,5.7,0.9,18.2,7.1,23.3,78.96
원주,2024-09-19,31.6,24.0,27.4,77.1,59.0,1.5,2.9,0.6,0.0,2.3,22.8,77.77999999999999
원주,2024-09-20,28.3,17.9,24.7,84.5,69.0,3.7,7.2,1.1,30.0,0.1,21.8,82.72999999999999
원주,2024-09-21,21.0,17.4,19.0,87.0,74.0,4.1,7.5,1.7,51.1,0.0,16.7,85.50999999999999
원주,2024-09-22,24.8,16.8,20.4,69.5,53.0,3.4,6.4,1.3,0.0,4.6,14.3,74.5
원주,2024-09-23,25.3,14.6,19.5,61.9,38.0,2.7,5.0,1.2,0.0,10.5,11.4,65.92999999999999
원주,2024-09-24,26.5,13.5,19.3,65.3,35.0,2.2,3.8,1.0,0.0,10.4,11.8,65.03999999999999
원주,2024-09-25,27.2,15.9,21.4,72.8,50.0,2.3,4.0,0.7,0.0,6.1,16.0,70.21
원주,2024-09-26,27.3,20.0,22.5,78.4,54.0,3.6,6.3,0.6,0.7,3.7,18.3,75.97
원주,2024-09-27,28.0,20.0,23.0,72.3,47.0,3.2,6.3,1.0,0.0,5.8,17.4,73.57
원주,2024-09-28,27.2,19.6,22.5,60.8,44.0,2.8,4.5,1.5,0.0,5.9,14.3,64.86
원주,2024-09-29,27.7,16.6,21.3,65.0,44.0,2.5,4.0,0.9,0.0,9.2,14.0,64.89
원주,2024-09-30,27.0,14.3,20.4,66.8,37.0,2.2,3.4,0.8,0.0,10.6,13.3,65.84
원주,2024-10-01,20.4,13.0,17.2,78.1,54.0,2.3,4.5,0.7,1.3,0.0,13.1,74.53
원주,2024-10-02,20.2,10.3,14.2,60.3,25.0,2.0,3.9,0.7,0.0,9.6,5.4,64.50999999999999
원주,2024-10-03,20.5,9.4,14.3,74.9,41.0,2.3,4.1,0.6,0.0,3.4,9.5,72.3
원주,2024-10-04,22.5,11.4,15.9,73.1,37.0,2.0,4.7,0.6,0.0,8.2,10.2,72.17999999999999
원주,2024-10-05,23.8,10.1,16.1,73.1,44.0,2.1,3.7,0.5,0.0,10.2,10.8,73.27999999999999
원주,2024-10-06,17.7,12.0,15.3,84.4,70.0,1.5,2.3,0.3,0.0,0.1,12.6,81.01
원주,2024-10-07,19.5,14.2,16.7,77.9,56.0,1.5,3.5,0.4,0.0,1.0,12.6,78.72
원주,2024-10-08,22.0,12.2,16.3,78.9,54.0,1.9,4.5,0.6,0.0,6.5,12.3,79.25
원주,2024-10-09,23.0,12.1,17.4,69.5,45.0,1.6,3.6,0.6,0.0,6.6,11.3,72.22000000000001
원주,2024-10-10,21.9,12.7,16.5,72.1,45.0,1.9,3.3,0.6,0.0,6.7,11.0,72.25999999999999
원주,2024-10-11,22.9,11.5,16.5,72.6,39.0,2.1,4.7,0.5,0.0,10.1,11.1,72.19
원주,2024-10-12,22.7,10.8,16.0,71.5,34.0,1.9,3.6,0.5,0.0,8.6,9.8,71.77999999999999
원주,2024-10-13,23.2,10.3,16.8,73.3,43.0,2.1,5.1,0.5,0.0,4.5,11.4,72.87
원주,2024-10-14,20.5,15.1,17.8,77.5,67.0,2.0,4.0,0.5,0.0,0.0,13.6,76.06
원주,2024-10-15,20.2,15.6,17.8,89.6,81.0,1.0,2.5,0.2,6.0,0.0,16.0,85.55
원주,2024-10-16,23.9,15.2,18.7,78.8,50.0,2.1,4.6,0.6,0.0,7.5,14.6,80.83
원주,2024-10-17,24.0,13.2,17.7,79.6,52.0,1.8,3.4,0.4,0.0,8.1,13.9,80.43999999999998
원주,2024-10-18,19.6,15.7,17.6,86.8,71.0,2.2,4.4,0.7,58.1,0.0,15.2,84.55999999999999
원주,2024-10-19,19.1,12.4,16.3,75.3,58.0,3.8,7.5,1.5,24.3,0.0,11.6,78.02999999999999
원주,2024-10-20,16.8,8.9,12.5,55.8,38.0,3.9,8.6,1.5,0.0,8.6,3.5,62.8
원주,2024-10-21,19.6,7.4,13.7,75.4,54.0,1.3,2.7,0.4,0.0,1.6,9.1,71.47
원주,2024-10-22,17.4,14.6,15.9,92.9,89.0,3.1,7.1,0.5,22.5,0.0,14.7,85.69
원주,2024-10-23,17.1,10.3,13.8,72.1,54.0,4.2,9.3,2.0,3.2,3.0,8.6,76.59
원주,2024-10-24,17.9,7.9,11.4,78.1,43.0,1.4,3.2,0.4,0.0,6.1,7.2,78.38
원주,2024-10-25,21.1,6.4,13.3,74.5,39.0,1.3,2.3,0.4,0.0,8.2,8.1,74.97999999999999
원주,2024-10-26,23.6,9.3,16.0,75.0,45.0,2.1,4.4,0.6,0.0,9.2,11.0,75.21000000000001
원주,2024-10-27,19.3,12.8,15.4,81.3,60.0,2.5,5.1,0.7,0.8,1.3,12.0,79.36
원주,2024-10-28,20.1,13.1,15.7,73.1,52.0,2.2,4.6,0.7,0.0,2.5,10.6,74.92999999999999
원주,2024-10-29,20.4,11.5,15.0,61.3,36.0,1.8,3.8,0.8,0.0,6.5,7.2,65.66
원주,2024-10-30,21.2,10.7,14.9,70.5,38.0,1.7,3.1,0.5,0.0,9.1,8.9,68.91999999999999
원주,2024-10-31,21.6,8.5,14.1,72.3,38.0,1.8,3.5,0.4,0.0,9.4,8.5,70.83999999999999
원주,2024-11-01,16.5,10.4,13.3,78.6,60.0,1.5,2.8,0.4,0.0,0.0,9.6,76.52999999999999
원주,2024-11-02,22.9,11.1,16.5,69.8,46.0,3.0,5.4,0.8,0.0,7.4,10.4,71.80999999999999
원주,2024-11-03,22.0,8.9,15.3,72.3,35.0,2.4,4.5,0.6,0.0,9.4,9.7,72.42999999999999
원주,2024-11-04,20.4,9.3,15.3,66.0,24.0,3.3,7.9,0.9,1.0,5.2,8.0,67.64
원주,2024-11-05,15.8,7.2,10.6,59.6,38.0,2.5,5.7,0.8,0.0,7.6,2.6,62.150000000000006
원주,2024-11-06,12.9,1.7,6.8,53.3,23.0,1.8,5.3,0.5,0.0,9.4,-3.1,55.83
원주,2024-11-07,15.7,0.6,7.2,62.8,30.0,1.6,3.6,0.3,0.0,9.4,-0.3,60.57999999999999
원주,2024-11-08,18.0,2.7,9.8,68.4,41.0,2.0,3.6,0.3,0.0,8.8,3.7,65.77000000000001
원주,2024-11-09,19.4,7.7,12.6,70.0,39.0,1.6,3.0,0.3,0.0,9.0,6.8,68.96
원주,2024-11-10,20.2,8.5,12.3,75.3,44.0,1.9,3.9,0.3,0.0,5.6,7.7,73.55
원주,2024-11-11,20.5,7.1,12.7,74.0,41.0,1.4,2.8,0.3,0.0,9.4,7.6,73.86
원주,2024-11-12,19.1,8.4,13.0,65.3,30.0,2.2,4.3,0.6,0.0,8.7,6.0,68.03999999999999
원주,2024-11-13,20.2,5.7,12.3,67.6,37.0,2.4,5.0,0.5,0.0,8.6,6.0,67.78
원주,2024-11-14,17.6,9.0,13.4,73.8,53.0,2.1,3.2,0.4,0.0,1.0,8.6,71.71
원주,2024-11-15,20.4,12.0,15.1,74.9,45.0,2.1,5.0,0.4,3.4,5.2,10.4,73.95
원주,2024-11-16,22.2,11.0,16.7,72.3,40.0,3.6,6.3,0.9,3.2,8.1,11.0,72.96999999999998
원주,2024-11-17,16.1,3.9,9.7,54.8,37.0,3.0,6.3,1.6,0.0,3.0,0.8,60.309999999999995
원주,2024-11-18,8.0,-0.6,3.2,44.0,20.0,2.2,4.0,0.6,0.0,9.0,-8.6,48.989999999999995
원주,2024-11-19,12.5,-0.8,5.6,61.5,39.0,2.1,3.5,0.4,0.0,7.5,-1.6,57.33
원주,2024-11-20,9.9,1.4,6.0,71.6,46.0,1.8,3.0,0.3,0.0,2.6,0.9,66.82
원주,2024-11-21,12.6,4.3,8.4,76.8,61.0,1.8,4.0,0.5,0.5,1.0,4.4,74.23
원주,2024-11-22,10.6,2.1,6.1,65.9,38.0,2.0,3.5,0.7,0.0,8.4,-0.2,68.65
원주,2024-11-23,12.6,-0.4,5.2,64.5,31.0,1.9,3.3,0.3,0.0,8.6,-1.6,66.00999999999999
원주,2024-11-24,12.8,0.2,5.7,68.6,37.0,1.5,3.1,0.3,0.0,8.9,-0.1,67.50999999999999
원주,2024-11-25,15.8,0.8,9.2,61.5,36.0,4.2,8.4,1.1,0.0,7.1,1.5,63.22
원주,2024-11-26,13.0,3.1,6.9,83.5,51.0,5.0,11.6,2.1,32.9,1.9,4.2,77.61
원주,2024-11-27,3.6,-0.4,0.7,85.1,69.0,3.5,8.4,1.2,8.1,0.0,-1.5,82.42
원주,2024-11-28,3.1,-1.0,1.4,86.6,73.0,2.2,5.4,0.6,8.1,0.0,-0.6,85.98999999999998
원주,2024-11-29,3.5,-3.8,0.4,78.3,49.0,2.1,3.7,0.4,0.0,6.6,-3.2,80.64
원주,2024-11-30,5.6,-1.5,2.7,76.5,47.0,2.5,4.3,0.5,0.0,3.7,-1.2,77.86999999999999
원주,2024-12-01,8.3,0.8,4.2,90.0,70.0,1.5,2.0,0.2,0.0,1.3,2.5,86.13
원주,2024-12-02,14.2,2.1,7.2,80.4,59.0,2.6,6.0,0.9,0.0,1.9,3.8,81.93
원주,2024-12-03,5.0,-0.7,2.0,52.5,21.0,3.4,6.5,1.1,0.0,8.5,-7.5,61.83
원주,2024-12-04,6.5,-2.7,1.8,54.8,18.0,3.9,7.2,0.8,0.0,8.7,-7.4,56.89999999999999
원주,2024-12-05,7.3,-1.7,3.3,65.1,34.0,3.6,6.1,1.0,0.0,8.1,-3.1,61.779999999999994
원주,2024-12-06,6.2,-0.4,2.8,47.3,21.0,4.0,8.3,1.5,0.0,8.7,-8.3,51.61
원주,2024-12-07,4.3,-3.3,0.4,52.4,33.0,4.0,7.5,1.3,0.0,8.6,-8.5,52.65
원주,2024-12-08,3.5,-4.1,-0.7,47.1,24.0,3.3,6.1,1.1,0.0,8.8,-11.3,48.18
원주,2024-12-09,5.4,-6.1,-0.9,60.0,29.0,1.9,3.5,0.5,0.0,8.5,-8.1,56.660000000000004
원주,2024-12-10,6.3,-5.0,0.4,61.3,33.0,3.1,5.4,0.5,0.0,8.3,-6.8,59.62
원주,2024-12-11,7.6,-1.4,1.9,59.9,34.0,1.6,2.7,0.4,0.0,6.2,-5.5,60.19
원주,2024-12-12,5.4,-3.6,0.9,54.3,23.0,3.4,4.7,0.7,0.0,6.7,-8.5,56.12
원주,2024-12-13,4.4,-1.2,1.4,39.8,27.0,2.4,4.2,1.0,0.0,3.4,-11.1,44.71
원주,2024-12-14,2.8,-4.7,-1.0,51.4,26.0,3.1,5.7,1.0,0.0,8.7,-10.2,49.37
원주,2024-12-15,5.2,-0.9,1.6,52.1,32.0,3.0,6.5,1.2,0.0,3.5,-7.5,50.73
원주,2024-12-16,4.4,-5.0,0.1,57.3,30.0,2.1,4.7,0.7,0.0,4.9,-7.7,55.669999999999995
원주,2024-12-17,4.1,-4.4,-0.1,54.9,31.0,2.9,5.5,0.9,0.0,7.7,-8.5,55.1
원주,2024-12-18,1.0,-6.1,-2.9,52.4,29.0,1.7,3.5,0.7,0.0,8.6,-11.9,53.39
원주,2024-12-19,3.7,-8.3,-2.4,56.9,32.0,1.2,2.4,0.5,0.0,8.2,-10.4,55.800000000000004
원주,2024-12-20,2.7,-4.6,-0.7,66.3,50.0,1.9,2.9,0.4,0.7,1.3,-6.4,63.03
원주,2024-12-21,2.2,-3.3,-0.1,71.9,55.0,3.3,7.0,1.3,2.8,1.3,-4.7,69.28
원주,2024-12-22,-0.4,-8.1,-4.4,53.0,33.0,2.7,6.6,0.9,0.0,8.6,-12.9,58.11
원주,2024-12-23,4.1,-9.9,-3.5,71.1,43.0,2.2,5.1,0.5,0.0,8.4,-8.2,67.56
원주,2024-12-24,3.2,-7.8,-2.4,63.0,30.0,1.9,4.0,0.5,0.0,8.7,-9.2,63.61999999999999
원주,2024-12-25,4.1,-5.1,-0.7,69.0,46.0,2.1,4.8,0.5,0.0,3.5,-5.8,68.00999999999999
원주,2024-12-26,4.1,-3.2,1.2,57.8,29.0,3.9,9.0,1.6,0.0,7.9,-6.7,60.55999999999999
원주,2024-12-27,1.1,-6.7,-2.3,49.0,27.0,3.3,7.1,1.1,0.0,8.4,-12.1,52.76
원주,2024-12-28,0.4,-6.3,-2.8,46.3,30.0,3.2,7.0,1.2,0.0,8.7,-13.2,47.989999999999995
원주,2024-12-29,4.3,-7.0,-0.5,57.1,34.0,2.3,4.9,0.6,0.0,7.6,-8.3,54.129999999999995
원주,2024-12-30,8.8,0.3,4.9,63.6,55.0,3.1,8.2,1.0,0.0,1.1,-1.4,60.57
원주,2024-12-31,5.8,-2.8,1.5,43.3,23.0,3.4,6.5,1.7,0.0,8.6,-10.4,48.739999999999995
정선,2022-01-01,0.2,-14.5,-8.2,61.6,27.0,3.0,5.4,0.7,0.0,7.2,-15.1,
정선,2022-01-02,3.7,-9.4,-3.1,62.6,30.0,4.4,7.9,1.3,0.0,5.7,-9.6,
정선,2022-01-03,0.7,-11.6,-3.9,63.6,32.0,5.0,10.0,2.0,0.0,6.0,-10.4,63.2
정선,2022-01-04,2.5,-9.4,-3.9,62.8,29.0,3.6,6.4,1.0,0.0,7.2,-10.5,62.93999999999999
정선,2022-01-05,2.8,-11.8,-5.1,68.5,41.0,2.3,3.4,0.6,0.0,6.0,-10.3,66.87
정선,2022-01-06,4.3,-10.3,-4.9,68.4,24.0,3.6,5.9,0.6,0.0,7.2,-10.8,67.86
정선,2022-01-07,4.5,-12.0,-5.5,65.0,25.0,3.0,5.5,0.6,0.0,7.2,-12.0,66.03
정선,2022-01-08,3.0,-11.3,-2.7,69.4,43.0,4.5,10.4,1.8,0.0,0.3,-7.8,68.42
정선,2022-01-09,5.7,-5.4,0.2,74.9,46.0,3.1,5.8,0.7,0.0,3.2,-4.0,72.81
정선,2022-01-10,4.7,-8.1,-1.3,73.0,41.0,3.5,6.6,1.3,0.2,4.7,-6.1,73.02
정선,2022-01-11,-0.2,-10.0,-5.1,48.0,30.0,4.2,8.8,2.1,0.1,7.2,-14.8,55.69
정선,2022-01-12,-3.2,-14.2,-8.1,48.4,29.0,4.3,8.4,2.1,0.0,7.2,-17.7,50.78
정선,2022-01-13,-3.0,-11.9,-7.8,44.3,26.0,4.7,11.6,2.1,0.0,7.2,-18.3,45.489999999999995
정선,2022-01-14,-0.5,-15.4,-9.2,60.0,27.0,3.7,6.8,0.8,0.0,7.3,-16.3,55.7
정선,2022-01-15,1.5,-11.8,-4.0,62.5,38.0,3.5,7.5,1.0,0.1,0.6,-10.5,60.18
정선,2022-01-16,2.9,-8.0,-0.7,45.6,19.0,5.0,10.6,2.6,0.2,7.0,-12.1,50.42
정선,2022-01-17,-1.6,-13.1,-6.7,49.4,25.0,4.5,9.3,1.6,0.0,5.7,-16.0,49.95
정선,2022-01-18,-0.5,-13.6,-7.6,54.0,23.0,3.5,6.7,1.0,0.0,7.3,-16.2,52.24
정선,2022-01-19,-3.2,-11.5,-6.9,78.3,42.0,2.6,4.9,0.8,1.5,1.1,-10.1,70.55
정선,2022-01-20,1.3,-15.1,-7.8,79.0,44.0,2.1,3.5,0.4,0.1,7.3,-11.1,76.36
정선,2022-01-21,4.3,-13.6,-7.0,70.4,21.0,2.1,3.4,0.6,0.0,7.3,-12.4,72.91
정선,2022-01-22,4.7,-12.1,-5.0,77.4,47.0,1.5,2.4,0.3,0.0,3.0,-8.6,76.16000000000001
정선,2022-01-23,8.9,-5.6,0.9,72.9,39.0,5.6,10.9,1.4,0.0,7.0,-3.9,73.55000000000001
정선,2022-01-24,3.9,-0.7,1.9,67.9,53.0,3.2,7.1,1.7,0.0,0.0,-3.4,69.85
정선,2022-01-25,2.4,-1.0,0.8,83.8,79.0,2.7,5.6,0.8,0.4,0.0,-1.5,79.53
정선,2022-01-26,5.4,-4.8,0.4,67.4,34.0,4.6,8.6,1.4,0.0,7.4,-5.3,70.73
정선,2022-01-27,5.5,-8.4,-3.2,65.6,25.0,3.3,5.4,0.7,0.0,7.5,-9.8,67.78
정선,2022-01-28,3.0,-10.9,-4.5,59.1,27.0,4.4,8.7,1.2,0.0,7.5,-12.6,61.23
정선,2022-01-29,1.6,-11.2,-5.5,54.1,27.0,5.0,9.3,1.3,0.0,7.5,-14.2,56.25
정선,2022-01-30,3.0,-13.3,-6.4,58.5,23.0,2.8,5.3,0.7,0.0,7.6,-14.3,57.67999999999999
정선,2022-01-31,3.7,-13.2,-4.6,56.9,21.0,4.4,9.9,1.2,0.0,7.7,-13.2,56.94
정선,2022-02-01,0.7,-3.2,-1.4,65.8,48.0,4.0,8.8,2.3,0.7,2.3,-7.1,63.29
정선,2022-02-02,1.2,-5.1,-2.7,48.9,25.0,5.3,9.6,2.8,0.0,6.5,-12.4,53.08
정선,2022-02-03,1.5,-11.1,-5.1,52.1,21.0,4.4,9.4,1.3,0.0,7.7,-14.5,52.83
정선,2022-02-04,-0.6,-12.5,-6.4,45.0,21.0,6.3,12.0,2.1,0.0,7.7,-17.3,46.81
정선,2022-02-05,-2.4,-13.6,-7.7,43.9,25.0,5.3,11.7,2.3,0.0,7.7,-18.5,44.94
정선,2022-02-06,0.8,-13.6,-5.9,47.3,26.0,5.5,11.5,1.6,0.0,7.7,-16.3,46.39
정선,2022-02-07,1.2,-12.9,-5.1,53.0,29.0,3.9,7.4,1.0,0.0,6.7,-14.0,50.949999999999996
정선,2022-02-08,4.9,-10.8,-4.2,57.4,27.0,3.6,7.3,0.9,0.0,7.0,-12.0,55.51
정선,2022-02-09,6.7,-11.0,-3.3,53.9,17.0,2.5,5.2,0.6,0.0,7.8,-12.7,54.50999999999999
정선,2022-02-10,7.7,-8.9,-2.2,54.5,20.0,3.4,5.7,0.6,0.0,7.8,-11.3,54.67
정선,2022-02-11,8.7,-9.8,-1.4,58.9,25.0,3.3,5.8,0.7,0.0,7.9,-9.5,57.519999999999996
정선,2022-02-12,10.6,-4.5,1.6,57.5,20.0,3.8,6.8,0.8,0.0,7.9,-7.0,57.480000000000004
정선,2022-02-13,8.3,-3.4,1.4,69.6,32.0,4.5,8.5,1.2,0.0,1.7,-4.1,66.10999999999999
정선,2022-02-14,7.4,-3.2,1.4,75.0,43.0,5.4,12.0,1.7,1.1,0.8,-2.8,72.17
정선,2022-02-15,0.7,-7.9,-4.0,49.1,37.0,5.7,14.4,3.5,0.0,3.8,-13.2,56.33
정선,2022-02-16,-3.8,-9.9,-7.7,40.3,25.0,5.7,12.2,2.6,0.0,7.8,-19.3,45.53
정선,2022-02-17,-0.5,-14.2,-7.8,49.8,25.0,3.3,5.6,1.1,0.0,8.0,-17.2,47.83
정선,2022-02-18,4.6,-13.5,-4.5,47.6,15.0,2.7,5.3,0.8,0.0,7.2,-15.7,47.31
정선,2022-02-19,3.5,-5.6,-1.6,45.5,29.0,4.9,11.1,1.7,0.0,3.0,-12.1,46.349999999999994
정선,2022-02-20,-0.6,-9.9,-5.3,36.4,16.0,4.3,9.1,1.9,0.0,8.1,-18.8,39.339999999999996
정선,2022-02-21,0.9,-12.6,-5.4,60.6,27.0,4.6,10.4,1.4,0.9,3.6,-11.9,54.25
정선,2022-02-22,-0.1,-11.2,-5.4,42.5,24.0,5.6,13.2,2.2,0.0,8.3,-16.8,45.51
정선,2022-02-23,-0.4,-14.4,-7.5,45.0,18.0,4.7,10.3,1.4,0.0,8.3,-18.8,46.06
정선,2022-02-24,3.2,-14.3,-4.5,46.4,21.0,5.4,10.7,1.9,0.0,8.3,-15.4,45.73
정선,2022-02-25,7.6,-8.9,0.9,60.5,34.0,6.2,12.8,2.2,0.0,7.9,-6.4,56.129999999999995
정선,2022-02-26,9.4,2.0,4.7,68.3,46.0,6.6,14.0,3.5,6.8,0.2,-0.7,64.55
정선,2022-02-27,8.6,-3.3,3.4,52.8,29.0,6.7,14.5,3.4,0.0,8.4,-6.2,56.66999999999999
정선,2022-02-28,10.3,-1.2,4.0,63.8,39.0,5.1,9.6,1.5,0.0,5.8,-2.8,62.05
정선,2022-03-01,8.2,-2.3,3.4,78.1,55.0,3.7,6.6,1.5,0.9,0.7,-0.1,72.71
정선,2022-03-02,9.1,-5.3,2.5,56.6,22.0,6.3,14.6,2.6,0.0,8.6,-6.7,61.62
정선,2022-03-03,11.3,-2.1,4.1,52.6,17.0,5.1,12.7,1.9,0.0,8.4,-6.1,55.95
정선,2022-03-04,13.8,-5.6,5.4,56.1,33.0,7.8,17.1,2.9,0.0,6.7,-3.4,55.45
정선,2022-03-05,8.1,-0.6,2.6,29.5,15.0,5.9,16.7,3.1,0.0,8.7,-14.3,37.129999999999995
정선,2022-03-06,7.8,-6.0,0.1,37.6,14.0,4.0,10.8,1.3,0.0,8.7,-14.0,37.83
정선,2022-03-07,8.6,-7.6,0.4,45.0,17.0,3.4,5.7,1.0,0.0,6.4,-11.6,41.97
정선,2022-03-08,10.8,-4.8,2.6,58.5,36.0,3.8,7.3,1.0,0.0,5.2,-5.2,53.709999999999994
정선,2022-03-09,14.9,-4.0,4.6,59.6,20.0,2.8,6.0,0.6,0.0,8.9,-4.1,57.92
정선,2022-03-10,16.3,-1.3,6.7,47.0,15.0,4.4,9.6,1.4,0.0,8.8,-6.1,50.67
정선,2022-03-11,17.3,-2.3,7.2,57.6,33.0,4.5,8.8,1.1,0.0,8.8,-1.4,55.68
정선,2022-03-12,19.3,0.0,9.4,66.4,33.0,4.3,9.8,1.4,1.7,7.0,2.6,62.70000000000001
정선,2022-03-13,9.5,6.3,7.9,90.1,80.0,4.1,7.8,2.0,24.7,0.0,6.3,82.11
정선,2022-03-14,10.9,5.7,7.8,79.4,66.0,5.0,10.4,2.3,5.8,0.6,4.3,80.24
정선,2022-03-15,14.2,3.5,8.3,62.9,38.0,4.1,7.7,2.0,0.0,8.0,1.2,68.92
정선,2022-03-16,17.9,0.1,8.9,62.3,25.0,3.0,7.4,1.0,0.0,9.0,0.5,64.13
정선,2022-03-17,12.1,5.6,7.7,66.4,45.0,5.1,9.7,2.8,0.0,2.5,1.6,65.23
정선,2022-03-18,6.6,3.1,4.4,72.1,59.0,4.4,9.4,2.9,0.0,0.0,-0.2,69.97999999999999
정선,2022-03-19,5.2,0.5,2.3,80.3,62.0,5.6,11.4,2.7,5.1,0.3,-0.9,77.27
정선,2022-03-20,8.5,-0.2,2.8,77.6,43.0,4.0,7.8,0.9,0.4,2.1,-1.0,77.58999999999999
정선,2022-03-21,10.8,-3.1,3.6,62.3,26.0,3.2,6.0,0.9,0.0,7.3,-4.2,67.16
정선,2022-03-22,12.4,-2.8,4.3,60.0,20.0,4.0,7.6,1.3,0.0,9.5,-4.0,62.22
정선,2022-03-23,8.1,0.1,4.5,59.3,39.0,4.9,11.7,2.0,0.0,0.8,-3.3,59.739999999999995
정선,2022-03-24,8.8,3.2,6.1,72.9,54.0,4.2,8.6,1.4,0.4,0.0,1.4,68.89
정선,2022-03-25,17.2,2.0,9.7,73.1,39.0,3.5,8.7,1.1,7.3,2.8,4.4,71.68
정선,2022-03-26,13.4,9.2,10.9,85.1,63.0,2.9,6.2,1.2,23.0,0.1,8.3,81.48
정선,2022-03-27,13.4,0.4,6.9,61.0,22.0,4.9,12.8,1.6,0.0,5.5,-1.3,67.03
정선,2022-03-28,14.1,-3.3,4.7,48.6,8.0,3.4,7.5,1.0,0.0,9.8,-8.3,54.73
정선,2022-03-29,16.6,-3.2,6.9,53.5,23.0,4.3,7.7,1.2,0.0,9.8,-3.1,53.269999999999996
정선,2022-03-30,15.6,1.3,8.0,72.1,37.0,3.9,7.0,1.3,1.1,3.8,2.7,66.03
정선,2022-03-31,8.4,1.2,5.8,75.4,59.0,4.6,10.0,2.6,0.0,0.3,1.7,72.55
정선,2022-04-01,14.4,-1.1,5.9,60.1,20.0,3.6,7.6,1.3,0.0,9.6,-3.1,64.36
정선,2022-04-02,14.9,-1.7,6.3,55.3,18.0,4.3,8.0,1.3,0.0,10.0,-3.8,58.269999999999996
정선,2022-04-03,17.2,-1.4,7.6,50.5,15.0,3.5,6.8,1.0,0.0,10.1,-4.4,52.419999999999995
정선,2022-04-04,17.7,-0.7,9.0,48.4,20.0,5.1,10.2,1.7,0.0,10.2,-3.1,49.51
정선,2022-04-05,17.2,0.5,10.1,42.5,21.0,5.7,12.6,2.3,0.0,10.1,-3.8,44.47999999999999
정선,2022-04-06,17.9,2.9,11.3,39.1,18.0,4.9,8.9,1.5,0.0,9.0,-3.3,40.71000000000001
정선,2022-04-07,18.6,6.3,12.5,35.1,21.0,5.9,11.8,2.6,0.0,8.7,-3.1,36.64
정선,2022-04-08,20.1,1.0,11.6,43.1,23.0,5.1,10.7,1.8,0.0,10.3,-1.8,41.099999999999994
정선,2022-04-09,24.4,9.1,17.7,39.9,24.0,5.7,12.5,2.5,0.0,10.0,3.2,40.059999999999995
정선,2022-04-10,26.5,7.3,16.6,46.5,16.0,4.9,9.7,1.4,0.0,10.3,3.0,44.84
정선,2022-04-11,26.2,8.0,17.2,53.4,27.0,4.4,8.4,1.4,0.0,10.1,6.7,50.669999999999995
정선,2022-04-12,26.7,11.0,17.5,64.5,34.0,6.0,12.9,2.1,0.3,7.4,9.7,60.48
정선,2022-04-13,11.2,7.1,9.0,64.1,40.0,5.7,11.7,3.1,11.8,0.0,2.1,63.109999999999985
정선,2022-04-14,12.1,7.0,9.2,60.8,45.0,5.5,10.9,3.3,0.0,1.4,1.8,61.83
정선,2022-04-15,17.4,3.2,8.5,66.8,31.0,5.8,10.9,1.9,0.0,7.6,2.2,65.33
정선,2022-04-16,19.3,1.1,10.7,52.3,19.0,4.9,10.1,2.0,0.0,9.3,-1.2,56.04999999999999
정선,2022-04-17,21.2,2.2,12.8,38.9,13.0,4.6,8.8,1.5,0.0,10.4,-3.1,44.37
정선,2022-04-18,21.1,8.6,14.1,39.4,21.0,5.4,10.8,1.6,0.0,4.4,-0.5,40.59
정선,2022-04-19,21.9,3.5,13.4,43.8,20.0,5.4,12.0,1.7,0.0,10.5,-0.3,42.43
정선,2022-04-20,22.7,4.3,14.1,44.4,18.0,5.2,11.4,1.8,0.0,10.5,0.1,43.779999999999994
정선,2022-04-21,22.2,5.6,15.3,47.4,29.0,6.4,15.1,2.1,0.0,10.1,3.2,46.440000000000005
정선,2022-04-22,16.7,14.3,15.4,65.0,54.0,6.9,14.6,3.0,0.0,0.0,8.7,59.42
정선,2022-04-23,25.2,8.0,15.7,53.8,13.0,3.2,6.5,1.1,0.0,9.7,3.6,55.4
정선,2022-04-24,25.5,7.7,16.8,57.1,29.0,4.7,8.8,1.5,0.0,7.6,7.3,57.23
정선,2022-04-25,26.4,12.0,19.2,65.0,43.0,2.9,5.6,1.0,0.0,5.4,12.0,62.300000000000004
정선,2022-04-26,28.8,14.5,21.0,61.5,27.0,4.7,10.7,1.7,1.7,7.0,12.1,61.76
정선,2022-04-27,22.9,9.6,15.6,46.8,24.0,3.1,9.2,1.4,0.0,10.8,3.0,51.56
정선,2022-04-28,20.6,7.0,13.1,67.0,43.0,5.8,11.8,2.7,0.0,8.1,6.6,62.41
정선,2022-04-29,13.1,6.2,9.0,77.4,56.0,5.2,11.7,2.6,14.9,4.3,5.1,72.25999999999999
정선,2022-04-30,15.0,4.4,8.9,81.9,52.0,3.7,8.7,1.1,0.5,0.6,5.6,79.51
정선,2022-05-01,17.8,3.9,10.9,59.5,22.0,6.5,16.3,2.6,0.5,7.2,1.0,65.77
정선,2022-05-02,17.4,5.0,9.8,67.3,26.0,4.8,9.1,1.3,0.0,5.8,2.7,67.19999999999999
정선,2022-05-03,20.7,1.9,11.9,56.1,24.0,5.5,12.5,1.8,0.0,10.8,1.7,58.68
정선,2022-05-04,24.8,4.2,16.0,50.4,27.0,5.0,11.2,2.0,0.0,10.9,4.2,53.22999999999999
정선,2022-05-05,25.9,7.5,16.6,53.9,16.0,4.0,10.5,1.1,0.0,10.8,5.0,53.419999999999995
정선,2022-05-06,25.4,8.7,18.1,58.5,33.0,4.3,11.4,1.5,0.0,10.7,9.0,56.769999999999996
정선,2022-05-07,19.7,10.6,15.5,64.0,36.0,4.6,9.1,2.0,0.1,4.0,8.3,61.89
정선,2022-05-08,16.4,7.6,11.7,66.4,35.0,2.3,4.8,1.0,1.7,0.2,4.6,65.13
정선,2022-05-09,23.8,8.3,14.0,56.9,17.0,3.3,8.2,1.2,0.0,8.7,3.1,59.51
정선,2022-05-10,26.2,4.7,14.6,46.1,13.0,2.9,5.7,1.3,0.0,9.4,1.0,50.29
정선,2022-05-11,24.9,8.0,17.3,55.9,32.0,4.2,8.4,1.3,0.0,10.5,7.5,54.03999999999999
정선,2022-05-12,24.0,11.8,16.6,64.4,44.0,5.2,10.0,2.0,0.0,8.1,9.4,60.87
정선,2022-05-13,18.7,7.6,13.3,63.4,48.0,4.5,11.0,2.3,0.0,0.7,6.2,62.849999999999994
정선,2022-05-14,20.7,4.7,12.9,49.9,16.0,6.1,13.5,1.5,0.0,9.3,0.3,54.05
정선,2022-05-15,21.7,3.8,13.2,47.1,19.0,3.7,8.2,1.3,0.0,10.6,0.4,49.290000000000006
정선,2022-05-16,23.0,4.6,15.0,48.4,27.0,5.0,11.0,1.6,0.0,10.4,3.0,48.29
정선,2022-05-17,26.0,9.7,16.6,62.5,27.0,4.6,9.9,1.2,0.0,9.2,8.3,58.14
정선,2022-05-18,24.4,9.3,18.4,56.6,35.0,6.3,14.1,2.4,0.0,6.9,8.4,56.959999999999994
정선,2022-05-19,24.9,11.2,18.8,51.9,35.0,4.7,9.8,1.8,0.0,10.2,7.9,53.9
정선,2022-05-20,25.8,9.8,18.0,56.1,27.0,4.0,8.1,1.3,0.0,10.3,8.1,55.31
정선,2022-05-21,26.0,10.2,19.5,61.1,45.0,4.3,9.8,1.9,0.0,8.3,11.3,59.17999999999999
정선,2022-05-22,23.9,12.3,17.9,73.3,53.0,4.1,7.6,1.4,0.0,4.7,12.6,69.14
정선,2022-05-23,28.8,12.7,20.6,68.5,38.0,4.0,7.2,1.3,0.0,9.9,13.7,68.72
정선,2022-05-24,30.4,14.3,21.9,59.0,22.0,3.5,6.9,1.3,0.0,10.7,11.8,62.33
정선,2022-05-25,27.7,11.7,19.5,63.3,28.0,3.8,8.4,1.4,2.8,8.2,11.1,62.96
정선,2022-05-26,21.9,12.5,17.7,54.0,28.0,5.5,14.7,2.9,3.4,6.6,7.0,56.35999999999999
정선,2022-05-27,23.4,13.5,17.5,62.8,41.0,4.5,10.1,1.8,0.5,2.6,9.9,61.08999999999999
정선,2022-05-28,28.7,10.3,19.9,60.6,29.0,4.7,11.3,1.7,0.0,10.5,10.7,60.38
정선,2022-05-29,28.9,10.9,20.1,58.4,25.0,3.9,7.1,1.1,0.0,10.3,10.2,59.28
정선,2022-05-30,23.7,13.4,18.2,71.0,53.0,2.6,5.3,1.1,0.0,0.0,12.6,67.44
정선,2022-05-31,25.8,11.2,18.8,51.8,23.0,5.6,12.1,1.9,0.0,10.2,6.8,56.3
정선,2022-06-01,28.1,9.1,19.0,43.3,22.0,5.1,10.4,1.6,0.0,11.2,4.8,47.769999999999996
정선,2022-06-02,28.7,9.6,19.9,52.5,28.0,4.6,8.6,1.5,0.0,11.4,8.7,50.589999999999996
정선,2022-06-03,28.2,13.5,19.5,69.0,40.0,5.1,10.0,2.1,0.0,11.4,13.3,63.129999999999995
정선,2022-06-04,28.7,14.7,20.2,68.9,38.0,3.9,8.0,1.7,0.0,7.4,13.8,67.28
정선,2022-06-05,23.7,16.4,18.9,78.3,59.0,3.1,7.3,1.8,4.8,0.0,14.8,75.49000000000001
정선,2022-06-06,18.6,13.2,15.4,79.1,58.0,6.2,13.1,2.9,31.7,2.4,11.6,77.91999999999999
정선,2022-06-07,18.6,12.7,15.0,70.5,57.0,4.4,8.7,2.3,0.0,1.7,9.5,72.99999999999999
정선,2022-06-08,24.3,9.8,16.5,67.4,38.0,3.2,6.9,1.5,0.0,8.1,9.8,69.19
정선,2022-06-09,22.9,12.4,16.2,87.6,57.0,2.3,4.2,0.9,3.8,0.3,13.9,81.85
정선,2022-06-10,25.3,15.3,19.4,77.4,50.0,3.0,5.7,0.9,0.0,4.7,15.0,78.44
정선,2022-06-11,26.3,15.0,19.5,73.3,50.0,5.2,10.6,2.1,0.0,8.1,14.2,75.55
정선,2022-06-12,28.2,12.7,19.8,71.1,42.0,3.9,7.2,1.5,0.0,10.3,13.8,72.16999999999999
정선,2022-06-13,24.3,17.0,19.6,66.0,49.0,4.7,9.8,2.3,0.0,1.7,12.8,67.75
정선,2022-06-14,20.1,15.8,17.6,67.5,61.0,5.5,11.6,3.0,0.0,1.1,11.4,67.56
정선,2022-06-15,17.7,13.2,15.4,90.4,71.0,2.7,6.8,1.0,16.6,0.0,13.8,83.38
정선,2022-06-16,23.0,15.1,18.5,84.3,61.0,3.4,6.9,1.4,19.9,1.5,15.5,83.83999999999999
정선,2022-06-17,28.0,15.0,21.0,77.6,50.0,4.6,8.7,1.4,0.0,9.0,16.4,80.22
정선,2022-06-18,26.8,18.9,23.0,77.1,59.0,3.0,6.4,1.1,0.0,2.0,18.5,77.91999999999999
정선,2022-06-19,27.2,19.5,23.3,77.8,60.0,2.7,5.3,1.3,0.0,1.1,19.0,77.64
정선,2022-06-20,30.9,20.4,24.5,71.9,44.0,2.5,4.5,1.2,0.0,7.0,18.6,73.6
정선,2022-06-21,34.0,18.6,25.2,67.4,24.0,2.3,4.0,1.1,0.0,9.9,17.6,69.34
정선,2022-06-22,32.0,19.6,25.5,72.1,47.0,2.9,6.3,1.1,0.0,6.2,19.6,71.14
정선,2022-06-23,27.6,19.0,23.3,88.0,67.0,4.9,9.6,1.2,90.0,1.1,21.0,82.75999999999999
정선,2022-06-24,27.9,23.1,24.5,75.3,60.0,6.0,12.6,3.5,21.4,4.2,19.6,77.52
정선,2022-06-25,30.4,21.0,25.4,70.1,55.0,5.6,12.1,2.5,0.0,7.8,19.3,72.92999999999999
정선,2022-06-26,28.7,20.5,25.3,82.0,71.0,4.6,10.3,2.0,9.6,2.1,21.9,78.95
정선,2022-06-27,28.9,23.3,25.1,87.9,67.0,4.8,9.5,1.3,26.6,0.0,22.8,84.94000000000001
정선,2022-06-28,27.9,24.5,26.1,78.0,67.0,6.6,13.1,4.4,8.2,0.0,21.9,80.38
정선,2022-06-29,27.4,23.7,25.1,87.0,76.0,7.0,13.9,3.3,26.6,0.0,22.7,85.29
정선,2022-06-30,24.9,19.9,21.9,96.5,86.0,4.2,8.1,0.9,97.1,0.0,21.3,92.75
정선,2022-07-01,31.1,20.1,24.9,83.5,56.0,3.1,6.6,0.9,0.0,7.4,21.4,86.45
정선,2022-07-02,33.3,21.1,26.1,78.0,48.0,2.5,5.0,0.8,0.0,9.8,21.4,80.95
정선,2022-07-03,33.9,21.0,26.2,75.1,42.0,2.6,6.9,0.9,0.0,10.0,20.7,76.51999999999998
정선,2022-07-04,33.6,21.0,26.0,80.1,50.0,3.5,8.0,1.2,0.0,7.2,21.8,78.88999999999999
정선,2022-07-05,34.1,23.1,27.1,75.6,46.0,2.7,5.6,1.3,0.0,5.4,22.0,76.45
정선,2022-07-06,32.9,22.1,26.2,78.3,55.0,2.7,5.4,1.4,0.0,3.4,21.9,77.94
정선,2022-07-07,30.6,23.0,26.6,85.3,62.0,4.0,9.1,1.1,6.1,1.1,23.7,82.92999999999999
정선,2022-07-08,27.5,23.2,25.5,82.5,68.0,3.7,8.5,1.6,0.2,0.2,22.2,82.63999999999999
정선,2022-07-09,30.6,22.8,25.8,86.5,65.0,2.2,4.1,0.7,0.6,3.0,23.2,85.58
정선,2022-07-10,33.4,22.7,27.2,75.1,52.0,3.6,7.1,1.3,1.4,7.8,22.0,78.11999999999999
정선,2022-07-11,28.2,20.6,23.6,86.1,69.0,4.2,9.9,1.2,36.7,0.8,21.0,83.94
정선,2022-07-12,29.0,19.6,23.7,77.9,54.0,3.9,7.4,1.3,0.0,5.8,19.3,79.26
정선,2022-07-13,22.6,21.1,21.5,92.9,82.0,1.8,4.4,1.0,37.4,0.0,20.2,89.22
정선,2022-07-14,28.8,21.3,24.1,85.6,66.0,3.0,5.3,0.9,2.5,1.9,21.3,86.29
정선,2022-07-15,29.8,19.9,24.1,79.3,53.0,4.0,9.6,1.6,0.0,5.6,19.9,81.92
정선,2022-07-16,28.9,19.2,22.9,84.5,52.0,3.7,9.2,1.0,1.9,5.0,19.8,83.57
정선,2022-07-17,27.4,20.7,23.1,87.6,68.0,2.4,4.4,0.9,3.1,0.7,20.8,86.15
정선,2022-07-18,29.9,21.1,25.0,80.1,55.0,2.5,4.5,0.9,0.0,5.2,21.0,82.03999999999999
정선,2022-07-19,31.2,21.1,25.8,75.8,51.0,3.3,6.9,1.5,0.0,7.8,20.8,77.84
정선,2022-07-20,29.7,22.4,25.0,82.8,59.0,2.8,5.3,1.1,1.5,1.5,21.7,81.13
정선,2022-07-21,24.2,20.1,21.8,92.0,77.0,3.5,6.6,1.3,32.9,0.0,20.3,88.53999999999999
정선,2022-07-22,28.1,19.8,22.3,87.0,61.0,3.6,7.7,0.8,5.8,4.5,19.8,87.58
정선,2022-07-23,28.2,19.8,22.9,83.6,60.0,2.3,4.8,1.1,5.4,1.8,19.7,85.11999999999999
정선,2022-07-24,27.3,20.7,23.3,87.8,73.0,1.9,4.3,0.8,4.4,0.6,21.0,86.88
정선,2022-07-25,31.6,21.2,25.5,78.8,49.0,3.0,5.9,1.0,0.0,9.7,21.1,81.08
정선,2022-07-26,32.9,21.3,26.2,75.4,50.0,2.3,4.1,1.2,0.0,10.1,21.0,77.32000000000001
정선,2022-07-27,31.9,20.9,25.2,73.8,52.0,2.8,5.7,1.5,0.0,5.6,19.8,74.61999999999999
정선,2022-07-28,31.3,19.5,25.4,77.1,57.0,3.4,7.0,1.6,0.0,7.6,20.7,76.27
정선,2022-07-29,34.5,22.0,26.5,80.0,49.0,3.2,7.2,1.2,1.2,7.6,22.4,78.8
정선,2022-07-30,34.2,23.5,27.9,74.4,53.0,3.2,7.3,1.6,0.0,8.6,22.5,75.78999999999999
정선,2022-07-31,28.8,24.0,25.4,89.5,75.0,2.4,5.1,1.1,10.1,0.1,23.5,85.53
정선,2022-08-01,30.9,23.7,26.5,88.8,68.0,1.9,3.3,0.6,14.1,1.2,24.3,87.5
정선,2022-08-02,29.1,24.5,25.9,91.0,76.0,4.5,9.7,1.0,24.1,0.3,24.2,90.41
정선,2022-08-03,28.0,24.3,26.0,89.3,80.0,4.1,7.2,1.9,39.5,1.0,24.0,89.58999999999999
정선,2022-08-04,31.3,24.1,27.0,84.1,61.0,3.3,6.2,1.1,29.4,4.0,23.8,85.82999999999998
정선,2022-08-05,32.0,23.8,27.3,83.0,61.0,3.8,7.0,1.4,10.6,5.4,23.9,83.85
정선,2022-08-06,31.8,24.2,26.8,87.0,64.0,3.2,6.1,1.0,0.0,1.3,24.2,85.91
정선,2022-08-07,31.0,24.1,26.8,87.0,63.0,4.3,8.2,1.1,4.0,0.8,24.3,86.6
정선,2022-08-08,27.3,24.7,25.9,89.5,82.0,4.8,10.4,2.9,68.7,0.0,23.9,88.75
정선,2022-08-09,27.5,20.6,24.1,92.6,79.0,3.1,6.3,1.3,125.7,0.0,22.7,91.42
정선,2022-08-10,30.1,19.6,24.5,80.9,57.0,3.6,6.1,1.3,20.7,0.0,20.6,84.10000000000001
정선,2022-08-11,29.3,21.9,24.7,86.5,65.0,3.2,6.4,1.1,20.3,0.0,22.1,85.99000000000001
정선,2022-08-12,31.4,21.5,25.6,79.4,49.0,2.8,5.2,1.0,0.0,0.0,21.2,80.97
정선,2022-08-13,26.5,20.7,23.6,91.8,77.0,2.5,4.1,0.7,12.2,0.0,22.1,88.78999999999999
정선,2022-08-14,30.6,22.6,25.6,87.4,64.0,2.8,5.4,0.9,15.1,0.0,23.1,87.47999999999999
정선,2022-08-15,28.7,24.1,27.1,80.0,72.0,6.5,15.1,4.3,27.4,0.0,23.2,82.66
정선,2022-08-16,30.5,23.2,26.2,73.6,54.0,3.7,7.4,1.9,0.0,0.0,20.8,76.25999999999999
정선,2022-08-17,29.5,19.9,23.8,81.1,59.0,4.1,9.0,1.4,0.2,4.5,20.1,79.48999999999998
정선,2022-08-18,28.7,19.5,23.7,80.9,56.0,2.4,4.8,0.9,0.0,5.5,19.9,80.21
정선,2022-08-19,25.9,21.3,23.9,87.6,68.0,4.0,8.6,1.6,5.0,0.0,21.5,85.61
정선,2022-08-20,30.0,20.2,25.2,82.1,59.0,3.9,8.6,1.6,0.0,5.3,21.7,83.08
정선,2022-08-21,31.8,19.3,24.0,79.1,46.0,2.5,4.8,1.2,0.0,9.0,19.7,80.55
정선,2022-08-22,29.3,21.2,24.8,82.0,63.0,3.1,6.4,1.2,0.0,2.2,21.4,81.42999999999999
정선,2022-08-23,30.3,19.7,24.1,74.3,55.0,3.6,7.9,1.7,0.0,5.3,19.0,76.32
정선,2022-08-24,26.5,18.0,21.8,75.6,54.0,2.6,5.6,1.5,0.0,1.8,17.0,75.98
정선,2022-08-25,23.4,18.4,20.5,88.6,73.0,2.5,4.0,0.8,1.2,0.0,18.4,84.57
정선,2022-08-26,27.7,18.6,22.5,75.5,51.0,3.1,6.7,1.3,0.0,4.4,17.6,78.13
정선,2022-08-27,24.9,15.0,19.4,70.1,40.0,3.8,8.8,1.5,12.8,10.3,13.0,73.02999999999999
정선,2022-08-28,27.3,13.3,19.2,73.0,42.0,2.9,5.7,1.3,0.0,9.0,13.6,72.66999999999999
정선,2022-08-29,21.5,16.5,18.3,83.4,50.0,2.4,4.5,0.7,0.9,0.0,15.2,79.99000000000001
정선,2022-08-30,19.1,16.7,17.9,95.0,88.0,1.6,4.0,0.7,25.7,0.0,17.0,90.48
정선,2022-08-31,23.3,16.2,19.5,85.0,64.0,3.5,8.3,1.3,2.5,0.2,16.7,86.84
정선,2022-09-01,29.0,16.3,20.2,80.6,47.0,2.3,3.6,1.0,0.0,7.3,16.3,82.91999999999999
정선,2022-09-02,27.6,13.8,19.8,76.3,46.0,5.0,10.1,1.7,0.0,9.6,15.0,78.03
정선,2022-09-03,26.5,15.1,20.2,73.6,51.0,3.8,7.7,1.8,0.0,5.4,14.9,74.84
정선,2022-09-04,23.5,17.5,20.2,90.8,79.0,3.8,8.7,1.2,25.5,0.0,18.6,85.91
정선,2022-09-05,23.5,17.2,19.4,95.5,88.0,4.1,9.5,1.7,149.0,0.0,18.6,92.36999999999999
정선,2022-09-06,25.1,13.8,19.1,79.6,49.0,4.3,9.7,1.8,51.6,3.9,15.0,83.89999999999999
정선,2022-09-07,26.7,12.4,18.1,78.5,37.0,3.5,7.3,0.9,0.0,10.2,13.4,80.41999999999999
정선,2022-09-08,28.4,14.0,19.3,80.9,42.0,2.3,4.0,1.1,0.0,8.4,15.4,80.28999999999999
정선,2022-09-09,29.3,14.1,18.9,74.3,27.0,2.9,6.0,1.2,0.0,9.5,13.4,76.03999999999999
정선,2022-09-10,26.7,12.4,19.2,76.5,53.0,3.7,8.3,1.4,0.0,5.9,14.6,76.5
정선,2022-09-11,25.9,17.7,21.5,78.3,58.0,2.5,5.2,1.1,0.0,1.9,17.3,77.53999999999999
정선,2022-09-12,28.0,18.1,21.8,81.3,55.0,2.3,4.2,0.9,0.0,6.2,18.2,80.22
정선,2022-09-13,25.6,18.5,21.8,80.4,65.0,2.9,6.1,1.2,0.0,0.0,18.1,80.37
정선,2022-09-14,26.2,19.9,22.5,67.1,43.0,5.9,12.2,3.1,0.0,3.4,16.0,71.17999999999999
정선,2022-09-15,27.2,18.7,22.1,74.6,54.0,4.2,8.8,2.0,0.0,7.5,17.2,73.67999999999999
정선,2022-09-16,30.9,18.9,23.0,79.5,55.0,2.8,6.1,1.3,0.0,4.5,19.0,77.27999999999999
정선,2022-09-17,29.6,21.2,24.1,86.6,62.0,2.7,5.7,0.7,0.5,3.6,21.4,83.97999999999999
정선,2022-09-18,27.5,21.5,23.8,80.9,66.0,4.4,10.3,1.9,0.0,0.3,20.1,81.9
정선,2022-09-19,22.9,16.4,19.9,73.8,61.0,6.9,15.7,3.1,0.0,0.2,14.9,76.5
정선,2022-09-20,21.0,11.0,15.0,79.5,48.0,4.1,7.9,1.0,0.0,6.4,11.2,78.5
정선,2022-09-21,23.6,11.2,15.7,72.9,33.0,2.3,4.5,1.4,0.0,8.5,9.9,74.31
정선,2022-09-22,23.4,11.7,16.2,75.0,33.0,2.4,4.1,1.0,0.0,7.4,10.9,75.03
정선,2022-09-23,22.8,10.9,16.1,69.4,44.0,6.3,13.6,2.1,0.5,4.8,9.9,70.87
정선,2022-09-24,22.8,8.0,14.5,72.3,37.0,3.5,8.0,1.1,0.0,9.4,8.8,71.99
정선,2022-09-25,23.7,9.8,14.8,76.9,34.0,2.2,4.7,0.8,0.0,6.1,9.9,75.22999999999999
정선,2022-09-26,24.4,10.6,15.6,77.3,33.0,2.1,3.4,0.7,0.0,7.0,10.9,76.72
정선,2022-09-27,27.5,10.9,16.8,76.1,31.0,2.7,4.5,1.2,0.0,7.8,11.5,76.41999999999999
정선,2022-09-28,24.4,9.5,15.4,82.1,50.0,3.0,4.9,1.0,0.0,6.1,11.9,80.42
정선,2022-09-29,26.2,12.6,17.0,81.0,41.0,2.7,4.2,0.8,0.0,6.7,13.1,80.72999999999999
정선,2022-09-30,26.3,12.5,16.8,80.4,35.0,2.9,5.8,0.8,0.0,6.5,12.7,80.69
정선,2022-10-01,26.7,10.8,17.0,79.0,37.0,2.7,4.5,0.8,0.0,7.7,12.5,79.47999999999999
정선,2022-10-02,19.4,13.6,16.3,90.3,73.0,2.2,4.5,1.0,6.2,0.0,14.6,87.05
정선,2022-10-03,23.2,15.0,18.5,96.1,87.0,4.9,11.2,1.1,67.8,0.0,17.8,93.23
정선,2022-10-04,21.9,13.7,17.2,84.3,71.0,5.5,11.1,2.0,29.5,0.0,14.4,87.25999999999999
정선,2022-10-05,17.0,11.9,13.5,79.5,66.0,3.4,7.4,1.9,0.5,0.3,9.9,82.11999999999999
정선,2022-10-06,16.9,12.0,13.8,77.1,61.0,4.3,9.2,2.0,0.0,1.2,9.7,78.29999999999998
정선,2022-10-07,14.7,8.1,12.2,84.3,71.0,3.7,7.7,1.5,1.4,0.3,9.5,82.38
정선,2022-10-08,19.4,7.8,12.4,78.4,45.0,2.6,5.1,1.1,0.0,5.5,8.2,79.45
정선,2022-10-09,14.7,9.0,11.5,87.8,65.0,5.1,12.0,1.1,8.7,0.3,9.4,85.57
정선,2022-10-10,11.6,6.9,9.3,65.8,55.0,6.3,15.2,3.7,0.8,0.5,3.1,71.46
정선,2022-10-11,15.5,5.7,8.9,75.3,52.0,3.3,6.3,1.4,0.0,4.5,4.4,74.64999999999999
정선,2022-10-12,21.2,5.8,11.2,80.5,37.0,2.2,4.2,1.1,0.0,7.0,7.3,77.99
정선,2022-10-13,21.6,8.5,12.6,84.3,45.0,2.6,4.1,0.9,0.0,5.8,9.6,82.63999999999999
정선,2022-10-14,22.1,9.5,13.9,83.1,44.0,2.7,4.5,1.0,0.0,4.1,10.6,83.08
정선,2022-10-15,24.1,11.3,16.0,78.1,33.0,1.7,3.5,0.9,0.0,5.5,11.6,79.72
정선,2022-10-16,19.0,11.5,14.2,88.3,69.0,2.6,4.6,0.8,0.0,0.1,12.1,85.74
정선,2022-10-17,16.2,3.5,10.9,65.0,25.0,3.9,7.8,1.1,0.0,7.6,3.4,70.97
정선,2022-10-18,14.3,0.7,6.0,74.6,30.0,3.2,6.7,0.8,0.0,8.0,1.0,74.05
정선,2022-10-19,15.8,0.5,6.2,74.4,31.0,3.0,5.8,0.9,0.0,7.3,0.9,73.5
정선,2022-10-20,19.2,0.1,8.5,75.8,32.0,3.7,7.2,0.9,0.0,8.0,3.4,75.39999999999999
정선,2022-10-21,19.8,5.1,10.7,71.8,25.0,4.1,8.3,1.2,0.0,5.8,4.6,72.86
정선,2022-10-22,19.7,7.3,12.5,73.0,39.0,3.8,6.8,1.1,0.0,8.0,7.1,73.03999999999999
정선,2022-10-23,17.4,6.5,10.7,83.8,52.0,4.2,7.5,1.1,0.0,2.5,7.8,80.44
정선,2022-10-24,12.9,3.5,7.9,74.8,52.0,4.0,7.6,1.6,0.0,1.4,3.4,76.41999999999999
정선,2022-10-25,15.2,1.7,7.3,74.5,41.0,3.0,6.2,0.9,0.0,4.6,2.3,75.49
정선,2022-10-26,17.5,1.9,8.2,74.3,34.0,3.1,5.7,0.8,0.0,6.6,3.0,74.39
정선,2022-10-27,19.1,2.8,9.4,78.1,40.0,3.0,5.5,0.8,0.0,7.7,5.0,76.98
정선,2022-10-28,17.9,6.0,10.8,80.8,53.0,3.3,6.7,1.1,0.0,5.0,7.1,79.60999999999999
정선,2022-10-29,19.5,6.5,11.3,79.1,40.0,3.7,7.4,1.3,0.0,7.4,7.2,79.33999999999999
정선,2022-10-30,19.6,6.1,10.8,79.1,41.0,4.3,7.3,1.4,0.0,6.5,6.8,79.27
정선,2022-10-31,19.7,6.3,10.8,77.5,36.0,2.4,4.4,0.9,0.0,6.5,6.1,77.97999999999999
정선,2022-11-01,18.4,5.0,10.1,76.5,42.0,3.5,8.3,0.7,0.0,4.7,5.4,76.96
정선,2022-11-02,18.4,2.3,8.1,69.8,17.0,3.3,5.9,0.9,0.0,6.3,1.3,71.91
정선,2022-11-03,13.5,2.3,7.3,67.4,38.0,4.3,8.9,1.1,0.0,0.8,1.1,68.79
정선,2022-11-04,10.5,-1.7,3.5,56.0,26.0,3.8,7.2,1.1,0.0,7.8,-5.2,59.66
정선,2022-11-05,12.2,-4.5,2.5,58.9,20.0,4.1,8.2,1.0,0.0,7.8,-6.0,59.17
정선,2022-11-06,14.3,-1.9,5.2,65.3,33.0,3.5,6.6,0.8,0.0,7.7,-1.5,63.089999999999996
정선,2022-11-07,15.3,-0.8,7.8,68.8,30.0,3.3,9.0,1.0,0.2,6.1,1.3,67.11
정선,2022-11-08,16.2,2.8,9.1,75.0,40.0,3.7,6.9,0.9,0.0,7.5,4.2,72.79
정선,2022-11-09,15.5,0.2,8.5,70.9,40.0,3.7,6.9,1.1,0.0,5.5,2.8,71.50999999999999
정선,2022-11-10,17.4,9.2,12.5,68.8,51.0,3.2,6.6,1.5,0.0,5.1,6.7,69.84
정선,2022-11-11,20.8,6.3,11.8,75.0,39.0,2.2,3.6,0.6,0.0,6.5,6.9,73.35000000000001
정선,2022-11-12,21.5,5.3,12.9,86.0,48.0,3.9,8.3,1.1,28.7,2.3,10.1,82.07999999999998
정선,2022-11-13,18.1,8.1,12.6,77.6,67.0,5.7,12.5,2.6,0.3,0.0,8.7,79.02
정선,2022-11-14,13.5,3.8,8.3,76.8,56.0,4.1,9.4,1.2,0.0,1.2,4.2,77.88
정선,2022-11-15,11.8,-0.2,6.1,80.0,46.0,4.6,10.7,1.3,0.4,2.5,2.5,79.12
정선,2022-11-16,12.3,3.1,6.9,72.6,39.0,4.6,8.6,1.4,0.0,6.7,1.8,74.5
정선,2022-11-17,14.8,0.8,6.3,75.4,41.0,3.1,5.2,0.6,0.0,7.4,1.7,75.3
정선,2022-11-18,16.5,-0.5,6.2,79.8,40.0,2.4,4.7,0.6,0.0,7.4,2.3,78.2
정선,2022-11-19,17.3,0.9,7.5,79.3,42.0,1.9,3.3,0.7,0.0,6.5,3.5,79.01
정선,2022-11-20,18.5,3.5,7.9,79.9,31.0,2.1,3.9,0.7,0.0,5.6,3.7,79.77
정선,2022-11-21,16.5,1.7,7.5,82.5,51.0,3.6,8.1,0.8,0.0,3.4,4.1,81.66
정선,2022-11-22,14.2,2.7,8.2,79.9,48.0,2.9,4.5,0.8,0.0,2.1,4.5,80.42
정선,2022-11-23,14.8,2.5,8.4,86.6,48.0,2.8,4.8,0.6,3.7,3.7,5.9,84.85
정선,2022-11-24,13.9,2.0,5.8,81.1,44.0,2.7,4.8,0.7,0.0,5.5,2.3,82.07999999999998
정선,2022-11-25,16.1,0.8,9.6,66.8,34.0,5.7,11.3,2.3,0.0,5.8,2.4,71.64
정선,2022-11-26,11.5,-1.9,6.2,54.8,13.0,5.9,13.4,1.6,0.4,7.0,-4.2,59.82999999999999
정선,2022-11-27,12.7,-3.7,2.4,59.9,17.0,2.3,4.1,0.4,0.0,6.7,-5.8,59.57
정선,2022-11-28,12.8,-1.6,5.7,80.9,53.0,2.1,3.8,0.5,23.3,0.4,2.5,74.09
정선,2022-11-29,13.6,2.5,9.5,58.6,18.0,4.2,9.9,1.7,4.8,1.2,-0.3,63.190000000000005
정선,2022-11-30,2.5,-6.6,-3.9,34.6,21.0,5.1,14.0,2.6,0.0,7.3,-17.6,44.03
정선,2022-12-01,-1.0,-10.4,-5.2,42.6,34.0,4.9,11.1,2.0,0.0,7.2,-16.0,42.6
정선,2022-12-02,0.8,-10.7,-5.3,55.8,18.0,4.1,7.9,1.0,0.0,7.2,-13.9,51.04
정선,2022-12-03,4.2,-6.8,0.7,71.8,60.0,4.1,8.0,1.4,0.7,0.8,-3.9,65.68
정선,2022-12-04,2.4,-5.5,-2.2,37.4,23.0,3.3,7.7,1.4,0.0,2.3,-15.1,46.11999999999999
정선,2022-12-05,2.2,-8.7,-4.2,52.4,25.0,3.0,5.8,0.8,0.0,7.2,-13.4,51.339999999999996
정선,2022-12-06,2.1,-9.0,-2.4,68.9,46.0,4.1,8.9,1.3,0.0,1.1,-7.5,62.45000000000001
정선,2022-12-07,7.4,-2.1,3.0,57.5,33.0,5.3,10.6,2.2,0.0,5.8,-5.1,59.27
정선,2022-12-08,8.3,-4.8,0.3,64.1,21.0,3.6,6.5,0.8,0.0,6.9,-6.9,63.25999999999999
정선,2022-12-09,7.0,-5.5,-1.0,76.5,55.0,3.7,7.3,0.7,0.0,2.4,-4.8,72.12
정선,2022-12-10,6.1,-4.6,-1.0,78.0,39.0,1.8,3.2,0.4,0.0,1.8,-4.7,76.30999999999999
정선,2022-12-11,8.4,-7.3,-2.0,69.6,25.0,2.2,3.6,0.5,0.0,7.1,-7.7,71.97
정선,2022-12-12,5.7,-6.9,-0.1,72.1,24.0,5.3,11.1,1.7,0.4,4.1,-5.1,72.18999999999998
정선,2022-12-13,3.0,-6.1,0.1,58.4,38.0,6.0,13.0,3.1,0.3,2.2,-7.3,62.26
정선,2022-12-14,-5.5,-11.3,-8.7,35.3,22.0,5.1,13.0,2.3,0.0,7.2,-21.7,43.6
정선,2022-12-15,-1.7,-11.1,-6.7,82.5,56.0,3.0,6.3,1.2,1.6,0.0,-9.2,70.64999999999999
정선,2022-12-16,-1.4,-14.4,-8.0,74.9,40.0,3.2,5.2,0.6,0.0,7.2,-12.0,72.46000000000001
정선,2022-12-17,-3.3,-13.2,-8.4,52.9,20.0,6.1,13.0,1.1,0.0,6.2,-17.5,60.26
정선,2022-12-18,-5.9,-15.0,-9.8,41.5,23.0,4.5,10.1,1.9,0.0,7.2,-21.2,47.12
정선,2022-12-19,-2.6,-14.9,-9.0,58.1,34.0,4.6,9.6,1.8,0.0,7.2,-16.2,54.26
정선,2022-12-20,1.0,-14.5,-6.7,66.8,36.0,2.8,5.2,0.6,0.0,7.2,-12.4,62.529999999999994
정선,2022-12-21,1.5,-4.7,-1.6,81.0,68.0,3.4,6.6,1.1,2.4,0.0,-4.4,75.87
정선,2022-12-22,-1.0,-11.1,-7.6,56.4,39.0,5.3,11.9,2.4,0.0,4.8,-14.9,62.35999999999999
정선,2022-12-23,-9.7,-15.2,-12.6,56.9,45.0,5.7,11.2,2.6,0.0,4.1,-19.5,59.21
정선,2022-12-24,-1.7,-17.1,-10.7,71.4,43.0,3.6,5.5,0.6,0.0,7.1,-15.2,67.0
정선,2022-12-25,-0.2,-14.5,-8.4,73.5,46.0,3.3,7.1,0.8,0.0,7.1,-12.7,71.41999999999999
정선,2022-12-26,0.4,-14.1,-8.5,78.4,48.0,2.3,4.0,0.4,0.0,6.6,-11.8,76.72
정선,2022-12-27,2.2,-14.0,-7.2,73.4,33.0,3.5,6.5,0.9,0.0,7.2,-11.6,74.41
정선,2022-12-28,0.4,-10.8,-3.8,52.8,28.0,5.2,11.0,2.0,0.0,7.1,-13.0,59.48
정선,2022-12-29,0.6,-12.3,-5.0,56.0,30.0,4.0,9.6,1.5,0.0,7.2,-13.0,57.1
정선,2022-12-30,1.8,-9.2,-4.5,72.8,39.0,3.6,6.8,0.9,0.0,6.3,-9.0,67.44
정선,2022-12-31,1.1,-11.6,-3.5,71.6,53.0,4.4,8.4,1.8,0.0,2.2,-8.1,70.27999999999999
정선,2023-01-01,5.4,-6.5,-0.9,49.3,16.0,4.3,10.5,1.8,0.0,7.2,-11.9,56.11
정선,2023-01-02,0.6,-12.5,-6.9,57.9,27.0,3.8,7.0,1.0,0.0,7.2,-14.6,57.55
정선,2023-01-03,0.8,-14.2,-7.9,60.9,25.0,3.9,7.8,0.9,0.0,7.2,-15.1,59.13999999999999
정선,2023-01-04,2.4,-14.4,-7.6,61.3,22.0,3.5,6.5,0.8,0.0,7.2,-14.9,60.879999999999995
정선,2023-01-05,3.8,-13.2,-6.0,62.4,25.0,3.1,6.2,0.7,0.0,7.2,-13.2,62.03
정선,2023-01-06,4.4,-11.3,-3.8,70.3,42.0,2.5,4.6,0.6,0.0,6.8,-8.8,67.82
정선,2023-01-07,2.3,-6.8,-1.2,89.4,68.0,3.1,6.1,0.6,4.6,0.0,-2.8,82.88
정선,2023-01-08,3.2,-8.0,-2.6,82.9,49.0,3.5,6.5,0.8,0.0,6.2,-5.3,82.94
정선,2023-01-09,7.9,-5.7,0.7,73.4,37.0,3.5,6.9,0.8,0.0,6.9,-4.0,76.9
정선,2023-01-10,8.1,-9.3,-2.9,75.5,34.0,2.5,4.7,0.5,0.0,7.2,-7.3,75.82000000000001
정선,2023-01-11,8.6,-8.3,-1.3,69.3,25.0,3.3,6.0,0.7,0.0,7.2,-7.0,70.95
정선,2023-01-12,11.7,-6.7,-0.3,70.6,24.0,1.9,3.5,0.3,0.0,7.2,-6.0,70.83
정선,2023-01-13,3.3,-3.0,1.9,95.3,76.0,2.5,4.7,0.3,28.3,0.0,1.2,87.75999999999999
정선,2023-01-14,6.7,1.0,3.9,84.4,74.0,6.4,11.4,2.6,0.7,0.0,1.4,85.2
정선,2023-01-15,1.5,-1.0,0.0,90.6,86.0,2.4,5.7,1.3,7.5,0.0,-1.3,89.83
정선,2023-01-16,-0.8,-9.8,-3.7,78.1,64.0,3.8,8.3,1.8,0.1,0.3,-7.0,81.22999999999999
정선,2023-01-17,-2.5,-10.8,-5.9,78.4,54.0,3.6,6.8,1.4,0.0,1.1,-9.2,79.56
정선,2023-01-18,0.4,-10.3,-5.4,80.3,42.0,3.5,6.8,0.8,0.0,5.4,-8.5,79.7
정선,2023-01-19,1.3,-12.6,-4.7,76.8,52.0,4.8,8.7,1.2,0.2,5.3,-8.4,77.66
정선,2023-01-20,2.2,-12.9,-3.8,50.0,17.0,6.1,14.1,2.4,1.0,7.3,-14.0,58.39
정선,2023-01-21,-1.4,-16.5,-9.7,68.4,28.0,3.7,8.0,0.8,0.0,7.3,-15.2,65.56
정선,2023-01-22,1.0,-10.3,-4.4,73.0,51.0,2.2,3.9,0.4,0.0,0.1,-8.6,69.78
정선,2023-01-23,4.5,-5.9,-1.2,60.6,31.0,4.1,9.5,1.5,0.0,6.7,-8.7,63.86000000000001
정선,2023-01-24,-3.4,-17.7,-13.3,39.9,25.0,5.3,11.7,2.0,0.0,7.4,-24.2,47.349999999999994
정선,2023-01-25,-7.8,-20.8,-14.0,52.8,28.0,4.5,10.0,1.7,0.0,7.5,-22.1,51.0
정선,2023-01-26,-3.7,-12.8,-8.0,73.9,62.0,2.3,3.7,0.6,0.0,0.0,-11.8,66.28
정선,2023-01-27,-4.1,-14.0,-9.5,62.1,28.0,4.3,10.2,1.0,0.0,3.2,-16.4,63.53
정선,2023-01-28,-2.3,-16.4,-9.1,58.0,30.0,5.0,9.7,1.3,0.0,7.3,-16.5,60.41
정선,2023-01-29,0.3,-14.3,-6.2,78.6,45.0,3.8,9.6,1.0,1.0,4.9,-9.6,72.83000000000001
정선,2023-01-30,2.3,-12.3,-5.6,69.5,29.0,3.7,9.5,0.6,0.0,7.6,-11.1,70.17
정선,2023-01-31,5.2,-12.3,-2.5,71.6,47.0,3.9,9.5,1.0,0.0,2.4,-7.3,71.88
정선,2023-02-01,5.5,-6.0,-0.2,61.8,19.0,5.7,13.4,1.4,0.0,7.3,-7.6,64.53
정선,2023-02-02,2.0,-11.0,-5.1,69.1,33.0,2.9,5.5,0.8,0.0,7.1,-10.6,67.88999999999999
정선,2023-02-03,3.9,-8.7,-3.8,61.8,24.0,3.0,5.5,0.8,0.0,7.1,-10.9,63.26
정선,2023-02-04,4.0,-12.2,-4.8,65.6,27.0,4.2,8.9,1.3,0.0,7.7,-11.2,65.19
정선,2023-02-05,5.0,-11.4,-3.6,73.0,39.0,4.6,10.9,1.0,0.0,7.7,-8.2,70.4
정선,2023-02-06,7.4,-8.6,-2.1,77.8,37.0,2.3,3.8,0.5,0.0,7.6,-6.0,75.62
정선,2023-02-07,6.9,-6.5,-0.8,78.0,51.0,3.9,6.4,1.0,0.0,6.5,-4.5,77.46
정선,2023-02-08,7.6,-6.8,-1.3,71.9,29.0,3.4,6.4,0.9,0.0,6.7,-6.5,73.71000000000001
정선,2023-02-09,7.0,-7.6,0.0,65.5,40.0,4.6,8.6,1.3,0.0,7.2,-6.2,68.03
정선,2023-02-10,7.8,-2.9,1.6,83.8,51.0,3.8,6.9,0.7,0.7,3.5,-1.0,78.94999999999999
정선,2023-02-11,7.1,-5.7,-0.6,81.8,51.0,2.4,4.3,0.7,0.0,3.6,-3.6,80.57
정선,2023-02-12,8.8,-5.3,1.6,75.8,40.0,4.9,9.4,1.2,0.0,1.5,-2.7,77.79999999999998
정선,2023-02-13,4.6,-0.7,2.8,77.6,67.0,4.0,7.7,2.0,0.1,0.0,-0.8,77.66
정선,2023-02-14,2.3,-4.6,-1.4,68.8,39.0,5.9,10.4,1.7,0.0,6.8,-6.9,71.25999999999999
정선,2023-02-15,4.9,-5.3,-0.8,66.8,46.0,3.9,6.7,1.8,0.0,7.4,-6.3,68.28
정선,2023-02-16,3.9,-5.3,-1.1,74.1,52.0,3.6,8.7,1.3,0.0,0.4,-5.3,72.10999999999999
정선,2023-02-17,8.7,-6.4,-0.1,71.4,36.0,3.5,7.1,0.9,0.0,7.2,-5.4,71.48000000000002
정선,2023-02-18,4.7,-3.4,1.1,72.0,57.0,2.3,3.7,0.4,0.0,0.0,-3.5,72.09
정선,2023-02-19,8.2,0.0,3.6,46.0,21.0,5.7,12.2,2.6,0.1,4.6,-8.2,53.739999999999995
정선,2023-02-20,3.3,-5.8,-0.7,34.4,16.0,4.2,11.2,1.5,0.0,8.1,-15.4,40.480000000000004
정선,2023-02-21,4.5,-9.9,-3.6,51.5,14.0,2.5,5.0,0.5,0.0,8.3,-13.8,47.53
정선,2023-02-22,8.0,-9.5,-0.4,48.9,17.0,4.3,8.3,1.3,0.0,8.3,-12.0,47.97
정선,2023-02-23,9.3,-2.4,2.7,51.6,29.0,3.4,6.5,1.4,0.0,8.3,-6.9,51.05
정선,2023-02-24,9.1,-3.3,1.7,60.6,16.0,4.6,14.1,1.2,0.0,8.1,-6.3,57.63
정선,2023-02-25,6.8,-6.5,-0.7,60.4,20.0,3.6,6.7,0.7,0.0,8.4,-8.8,59.55999999999999
정선,2023-02-26,9.8,-8.1,-0.5,55.3,18.0,3.3,6.3,1.2,0.0,8.4,-10.1,56.849999999999994
정선,2023-02-27,13.0,-7.1,2.3,50.9,16.0,3.9,8.4,1.6,0.0,8.4,-9.3,52.73
정선,2023-02-28,11.2,-3.9,4.3,50.9,20.0,5.3,12.2,1.8,0.0,8.1,-6.4,51.339999999999996
정선,2023-03-01,8.6,-0.7,3.8,56.9,28.0,4.4,8.8,1.0,0.0,0.7,-4.7,55.099999999999994
정선,2023-03-02,6.7,-4.5,0.8,39.1,16.0,4.4,8.4,1.4,0.0,8.6,-13.2,43.84
정선,2023-03-03,10.0,-5.9,2.1,58.6,38.0,4.6,9.2,1.4,0.0,8.7,-5.6,54.529999999999994
정선,2023-03-04,15.1,-4.1,4.3,65.1,23.0,2.8,5.6,0.9,0.0,8.7,-2.8,61.19999999999999
정선,2023-03-05,15.2,-3.4,4.9,63.4,28.0,3.7,7.2,1.0,0.0,8.7,-2.7,63.25999999999999
정선,2023-03-06,15.6,-3.5,5.8,52.9,14.0,4.4,9.3,1.3,0.0,8.7,-5.8,56.21999999999999
정선,2023-03-07,18.6,-1.4,8.6,56.9,31.0,3.9,7.5,1.2,0.0,8.8,-0.4,56.75
정선,2023-03-08,15.4,1.1,8.5,70.8,43.0,5.1,12.0,1.3,0.0,2.9,2.8,66.23
정선,2023-03-09,16.4,3.4,8.9,79.6,44.0,4.7,9.8,1.1,1.9,3.7,5.0,75.57
정선,2023-03-10,21.5,-0.3,9.5,63.5,20.0,3.0,6.8,0.7,0.0,8.9,0.6,67.45
정선,2023-03-11,22.7,2.3,11.8,60.1,22.0,3.6,7.4,1.1,0.0,7.6,2.5,62.730000000000004
정선,2023-03-12,8.0,-1.0,3.9,75.3,38.0,5.2,10.7,1.7,16.4,0.1,-0.5,71.07999999999998
정선,2023-03-13,6.8,-4.1,2.1,31.4,19.0,5.1,11.4,2.7,0.0,6.7,-13.5,43.05
정선,2023-03-14,14.9,-1.5,5.6,47.3,18.0,4.9,11.0,1.6,0.0,7.2,-6.4,46.92
정선,2023-03-15,16.8,-0.6,9.0,62.4,42.0,5.8,13.2,2.6,0.0,1.8,1.9,56.28
정선,2023-03-16,10.1,-2.1,3.9,36.6,14.0,5.1,8.5,1.6,0.0,7.0,-11.1,42.83
정선,2023-03-17,14.2,-3.1,5.2,41.8,8.0,2.7,6.9,0.9,0.0,8.7,-8.9,42.82
정선,2023-03-18,15.4,-1.8,6.6,45.0,16.0,4.6,9.2,1.2,0.0,8.7,-6.5,43.519999999999996
정선,2023-03-19,16.3,-2.5,6.3,52.6,19.0,3.8,7.6,1.2,0.0,9.3,-4.5,50.0
정선,2023-03-20,17.1,-2.1,7.3,49.0,12.0,3.5,7.7,0.8,0.0,8.7,-5.2,49.32
정선,2023-03-21,22.8,-0.3,10.1,45.8,14.0,2.7,4.3,0.8,0.0,9.5,-3.0,47.12
정선,2023-03-22,25.2,2.0,14.2,51.1,25.0,3.0,7.2,0.8,0.0,9.4,3.0,49.82999999999999
정선,2023-03-23,20.7,6.5,13.0,67.3,40.0,6.4,11.0,1.8,0.0,0.8,6.7,61.90999999999999
정선,2023-03-24,11.8,4.3,7.8,74.1,53.0,5.2,10.1,2.5,0.0,0.7,3.2,70.43999999999998
정선,2023-03-25,17.4,6.5,9.4,69.8,38.0,4.0,7.2,2.1,0.0,6.0,3.8,70.41
정선,2023-03-26,16.4,2.1,8.5,58.5,10.0,4.2,8.9,1.5,0.0,9.1,-1.2,62.31999999999999
정선,2023-03-27,13.9,-2.1,5.8,48.9,15.0,4.0,7.5,1.2,0.0,9.8,-6.5,52.91
정선,2023-03-28,16.2,-1.5,7.1,49.3,19.0,3.9,9.5,1.0,0.0,9.0,-4.1,50.14
정선,2023-03-29,19.2,-0.4,9.6,47.8,18.0,4.4,11.5,1.4,0.0,9.8,-3.2,48.209999999999994
정선,2023-03-30,22.3,1.2,12.1,38.0,11.0,5.4,10.3,1.5,0.0,9.9,-4.5,41.089999999999996
정선,2023-03-31,23.9,2.3,12.6,43.8,15.0,4.4,8.4,1.1,0.0,9.9,-1.1,43.04
정선,2023-04-01,25.4,3.8,14.1,46.8,15.0,3.2,6.5,1.2,0.0,9.3,1.1,45.31999999999999
정선,2023-04-02,22.2,5.6,13.3,48.3,16.0,4.3,10.3,1.7,0.0,10.0,0.9,47.55
정선,2023-04-03,24.4,3.6,14.0,46.6,16.0,3.9,7.5,1.6,0.0,10.2,0.8,46.96
정선,2023-04-04,22.8,7.4,14.4,49.5,11.0,3.6,6.1,1.4,0.0,2.2,2.3,48.8
정선,2023-04-05,15.1,10.9,12.5,91.9,74.0,5.1,10.9,1.8,32.1,0.0,11.1,78.89
정선,2023-04-06,12.1,8.6,9.7,86.4,77.0,4.3,8.9,2.5,2.0,0.0,7.4,83.81
정선,2023-04-07,14.7,3.8,9.0,62.0,31.0,5.3,11.4,2.3,0.2,4.3,1.5,69.87
정선,2023-04-08,14.8,-0.5,7.3,47.0,16.0,5.6,11.7,2.0,0.0,10.3,-5.1,53.94
정선,2023-04-09,18.6,-0.8,10.0,46.4,20.0,6.1,14.9,2.2,0.0,10.3,-2.9,48.08
정선,2023-04-10,19.6,2.4,12.1,45.3,19.0,5.1,11.2,2.0,0.0,9.6,-1.0,45.69
정선,2023-04-11,16.4,9.4,13.8,64.3,41.0,6.3,12.8,3.1,13.1,0.0,6.8,58.71
정선,2023-04-12,16.1,2.3,9.9,31.1,12.0,6.2,14.4,2.5,0.0,10.0,-8.5,39.16
정선,2023-04-13,18.7,1.0,11.0,42.3,15.0,5.4,11.2,1.7,0.0,9.6,-3.5,42.26
정선,2023-04-14,20.6,8.4,13.3,46.4,22.0,2.6,5.6,0.9,0.0,0.9,1.3,44.05
정선,2023-04-15,16.6,6.1,9.8,80.8,39.0,2.7,6.3,0.9,5.6,1.7,6.5,70.07
정선,2023-04-16,15.1,5.3,9.0,78.9,29.0,5.0,10.1,1.3,3.3,2.2,4.7,76.03
정선,2023-04-17,16.4,4.2,10.1,69.5,35.0,3.1,6.4,1.2,0.0,3.5,4.1,72.51
정선,2023-04-18,15.2,8.3,11.3,88.0,70.0,2.4,4.7,1.1,8.8,0.2,9.3,83.39
정선,2023-04-19,27.9,9.9,16.3,69.4,19.0,2.6,5.2,0.8,0.0,8.2,9.3,73.13000000000001
정선,2023-04-20,22.0,11.0,17.7,76.3,61.0,5.1,10.8,2.2,0.0,2.6,13.2,76.08999999999999
정선,2023-04-21,19.9,7.6,13.9,47.0,25.0,5.3,11.0,2.1,0.0,7.7,1.8,55.099999999999994
정선,2023-04-22,18.1,5.6,11.9,47.9,22.0,5.2,9.9,1.9,0.0,5.5,0.2,50.559999999999995
정선,2023-04-23,21.2,3.9,12.4,55.1,17.0,3.7,6.7,1.2,0.0,7.3,1.8,52.85
정선,2023-04-24,18.9,7.4,12.6,61.3,38.0,4.0,8.5,1.8,0.0,6.2,4.8,58.72
정선,2023-04-25,12.1,4.7,8.2,86.3,59.0,2.8,6.0,0.9,1.3,0.0,5.9,78.18
정선,2023-04-26,13.8,4.2,8.9,75.4,46.0,4.8,8.8,1.6,1.5,2.8,4.2,76.17
정선,2023-04-27,21.4,2.3,11.4,62.1,21.0,3.5,6.6,1.1,0.0,9.1,2.2,67.17999999999999
정선,2023-04-28,22.7,5.0,15.3,54.5,15.0,4.8,10.4,1.8,0.0,9.8,4.2,58.11
정선,2023-04-29,16.2,10.6,13.6,82.9,61.0,5.7,13.1,2.4,15.9,0.0,10.5,75.14000000000001
정선,2023-04-30,16.5,8.4,12.6,59.5,39.0,5.9,12.3,3.0,0.0,6.2,4.6,63.68000000000001
정선,2023-05-01,19.6,6.3,12.2,64.8,27.0,4.6,9.9,1.3,0.9,8.2,4.0,65.55
정선,2023-05-02,23.2,3.6,13.5,61.0,18.0,3.9,8.7,0.9,0.0,7.7,4.1,61.61
정선,2023-05-03,25.2,6.8,16.0,57.0,20.0,3.5,9.0,1.1,0.0,9.8,5.5,58.58
정선,2023-05-04,25.6,9.2,17.3,71.4,45.0,2.4,5.1,0.7,0.0,6.0,11.4,67.48
정선,2023-05-05,18.5,11.5,14.8,93.4,85.0,6.2,13.4,1.4,24.5,0.0,13.7,85.36
정선,2023-05-06,12.5,6.9,9.6,81.8,72.0,7.6,15.2,4.0,31.8,0.0,6.6,83.08
정선,2023-05-07,15.1,3.7,9.8,61.6,32.0,4.1,9.2,1.8,0.0,0.6,1.9,68.82
정선,2023-05-08,23.3,2.2,12.6,61.4,22.0,3.1,7.3,1.1,0.0,10.6,3.2,63.48
정선,2023-05-09,25.2,5.5,15.4,61.3,20.0,4.9,10.6,1.4,0.0,10.8,5.9,61.349999999999994
정선,2023-05-10,25.7,7.0,16.1,59.3,16.0,3.7,7.6,1.3,0.0,11.3,6.2,59.91
정선,2023-05-11,26.0,9.1,16.4,68.4,23.0,3.8,8.9,1.6,0.0,11.0,9.2,65.87
정선,2023-05-12,24.5,10.2,16.1,61.8,20.0,3.4,7.7,1.0,0.0,7.8,6.8,62.87
정선,2023-05-13,25.4,6.6,16.2,59.1,21.0,3.2,7.4,0.9,0.0,10.4,6.6,60.57
정선,2023-05-14,23.4,11.6,16.7,68.9,39.0,4.3,10.7,1.4,0.8,8.6,10.0,66.23
정선,2023-05-15,26.7,8.6,17.4,64.3,26.0,3.9,9.5,1.0,0.0,8.5,9.1,64.7
정선,2023-05-16,30.4,11.2,22.4,54.5,28.0,5.3,10.6,2.0,0.0,10.5,11.1,57.9
정선,2023-05-17,28.8,14.4,22.9,46.4,24.0,4.7,11.5,2.6,0.0,9.6,9.9,49.809999999999995
정선,2023-05-18,27.4,15.0,18.9,77.8,39.0,4.3,10.3,1.1,0.0,2.5,14.6,69.19
정선,2023-05-19,22.7,13.0,17.6,70.6,53.0,4.8,10.4,2.2,0.0,1.9,11.9,69.61999999999999
정선,2023-05-20,26.9,11.3,19.8,65.1,43.0,5.4,11.6,2.1,0.0,8.6,12.4,67.46999999999998
정선,2023-05-21,23.6,16.3,19.6,53.6,35.0,5.7,13.1,3.1,0.0,6.3,9.4,57.599999999999994
정선,2023-05-22,23.8,10.4,17.3,52.9,29.0,4.5,9.8,1.8,0.0,8.0,6.5,54.25999999999999
정선,2023-05-23,25.2,7.3,16.0,54.4,23.0,4.5,9.8,1.3,0.0,8.8,5.4,54.019999999999996
정선,2023-05-24,26.4,8.5,17.4,54.1,24.0,2.7,5.8,1.0,0.0,9.3,6.8,54.04
정선,2023-05-25,26.9,11.1,19.3,53.6,27.0,3.2,6.8,1.0,0.0,10.6,8.5,53.779999999999994
정선,2023-05-26,25.5,12.9,19.2,65.8,38.0,3.6,7.5,1.1,1.1,10.7,11.7,62.19
정선,2023-05-27,22.8,13.0,17.7,86.3,60.0,2.5,4.9,0.8,18.4,1.1,15.2,78.92999999999999
정선,2023-05-28,20.0,17.2,18.7,96.8,89.0,2.6,5.9,0.7,23.2,0.0,18.1,91.6
정선,2023-05-29,28.4,17.4,21.6,79.9,47.0,3.0,7.0,0.9,4.1,6.1,17.5,83.91999999999999
정선,2023-05-30,26.4,13.9,19.6,69.9,44.0,4.3,9.8,1.7,0.0,5.9,13.5,74.59
정선,2023-05-31,28.0,11.8,19.5,66.0,36.0,2.8,5.5,1.3,0.0,9.3,12.0,68.17
정선,2023-06-01,25.5,16.4,20.3,73.6,47.0,2.6,5.7,0.8,0.0,2.5,15.1,71.71
정선,2023-06-02,26.7,15.9,20.6,70.1,38.0,3.5,8.8,1.4,0.0,6.9,14.3,70.38999999999999
정선,2023-06-03,28.1,13.8,20.5,55.8,25.0,4.3,12.7,1.5,0.0,10.0,9.8,60.44
정선,2023-06-04,27.4,11.3,19.4,61.9,28.0,4.7,8.9,1.2,0.0,9.5,10.7,61.49999999999999
정선,2023-06-05,26.5,11.0,20.3,61.4,43.0,4.3,9.0,1.8,0.0,8.7,12.0,60.94
정선,2023-06-06,24.9,13.8,19.7,66.4,48.0,3.9,8.1,1.6,0.0,5.4,12.9,64.95
정선,2023-06-07,27.5,16.4,21.8,66.9,45.0,4.7,9.1,2.1,0.0,7.5,15.0,66.25
정선,2023-06-08,26.8,15.9,20.6,75.5,47.0,3.3,7.5,1.2,0.3,1.8,15.6,72.86999999999999
정선,2023-06-09,27.0,14.9,20.0,68.9,34.0,3.1,7.2,1.4,13.1,8.8,13.3,70.02000000000001
정선,2023-06-10,28.5,15.2,19.7,75.8,44.0,4.6,11.0,1.2,9.0,6.4,14.7,74.39
정선,2023-06-11,27.6,15.7,20.5,79.0,50.0,3.3,6.0,1.2,9.6,6.3,16.2,77.35
정선,2023-06-12,27.0,16.9,20.8,77.0,42.0,3.1,6.7,1.3,0.0,4.9,16.3,77.28
정선,2023-06-13,27.6,15.4,20.9,71.3,36.0,3.2,7.1,1.4,0.0,5.8,14.9,73.21000000000001
정선,2023-06-14,27.4,14.7,19.3,77.1,42.0,4.8,8.9,1.6,0.0,7.7,14.8,75.92999999999999
정선,2023-06-15,26.8,15.6,19.8,76.3,49.0,2.0,3.6,1.0,0.0,3.1,15.1,75.96
정선,2023-06-16,30.6,16.2,23.3,71.3,44.0,4.2,8.1,1.4,0.0,11.1,17.0,72.88
정선,2023-06-17,32.0,16.4,24.1,66.5,34.0,3.9,8.1,1.2,0.0,11.2,16.3,68.44
정선,2023-06-18,33.5,17.5,24.8,67.5,40.0,3.6,7.1,1.1,0.0,10.0,17.7,67.67999999999999
정선,2023-06-19,32.6,18.9,24.6,66.9,42.0,3.8,7.5,1.8,0.0,10.5,17.6,66.98
정선,2023-06-20,24.9,18.5,21.4,76.6,62.0,3.3,8.2,1.7,0.7,0.0,17.0,73.75
정선,2023-06-21,22.3,17.3,19.3,87.6,73.0,3.1,6.0,1.3,15.3,0.0,17.0,83.32999999999998
정선,2023-06-22,25.6,16.4,20.2,80.0,59.0,2.8,6.8,0.9,0.0,1.8,16.3,81.17999999999999
정선,2023-06-23,30.1,18.6,22.8,70.6,44.0,3.5,6.9,1.1,0.0,7.3,16.6,74.17999999999999
정선,2023-06-24,31.9,16.2,23.9,70.0,41.0,2.7,4.7,1.3,0.0,11.8,17.3,71.12
정선,2023-06-25,34.0,19.5,25.7,68.3,39.0,2.8,5.9,1.0,0.0,8.5,18.6,68.86999999999999
정선,2023-06-26,23.6,19.5,21.5,94.0,82.0,2.4,4.3,0.8,80.7,0.0,20.4,86.46
정선,2023-06-27,27.9,20.6,24.1,75.8,58.0,5.6,12.0,2.6,31.5,3.8,19.3,78.69
정선,2023-06-28,30.4,20.4,25.1,76.3,53.0,3.6,7.7,1.4,0.0,6.4,20.2,77.97
정선,2023-06-29,25.0,19.4,21.6,94.6,74.0,2.5,5.7,0.8,44.5,0.0,20.7,89.06
정선,2023-06-30,29.8,19.7,23.3,84.0,61.0,3.4,6.4,1.1,24.3,4.6,20.1,85.35
정선,2023-07-01,33.7,19.7,25.7,76.0,40.0,2.7,5.5,1.3,0.0,9.1,20.4,79.46
정선,2023-07-02,31.7,21.1,25.8,80.9,54.0,2.8,6.0,0.9,0.0,5.4,21.8,80.23
정선,2023-07-03,34.3,22.1,26.8,76.5,44.0,3.2,6.0,1.3,0.0,8.2,21.8,77.33
정선,2023-07-04,32.5,22.4,26.0,78.5,48.0,3.2,6.2,1.3,25.1,5.4,21.5,78.34
정선,2023-07-05,29.1,22.8,25.1,74.5,55.0,5.4,13.1,3.4,32.9,4.8,20.0,75.5
정선,2023-07-06,31.1,22.8,26.0,73.1,55.0,3.6,7.2,1.9,0.0,5.0,20.5,73.91999999999999
정선,2023-07-07,32.0,19.7,25.0,73.6,36.0,3.4,6.2,0.9,0.0,6.1,19.4,73.59
정선,2023-07-08,29.6,17.8,23.7,75.8,57.0,3.7,9.0,1.5,0.0,8.2,18.8,75.09
정선,2023-07-09,26.2,20.8,22.5,89.5,69.0,3.9,8.7,0.8,12.7,2.0,20.6,85.17
정선,2023-07-10,29.9,21.6,24.9,83.8,60.0,3.9,9.9,1.1,19.1,4.9,21.8,84.14
정선,2023-07-11,27.8,20.7,23.0,89.6,71.0,3.8,7.7,1.1,14.8,1.4,21.0,88.42999999999999
정선,2023-07-12,29.6,20.9,24.8,83.6,64.0,3.3,6.8,1.0,0.3,6.2,21.5,84.81999999999998
정선,2023-07-13,28.7,22.1,23.8,93.1,67.0,3.3,6.9,0.6,52.4,0.0,22.4,90.84999999999998
정선,2023-07-14,26.4,21.7,24.4,92.1,84.0,5.2,10.5,2.3,24.7,0.0,22.9,91.45
정선,2023-07-15,25.8,21.9,24.2,85.8,76.0,4.1,9.4,1.8,9.3,0.0,21.6,87.78999999999999
정선,2023-07-16,27.8,22.6,24.5,83.3,71.0,4.3,8.8,2.4,0.1,0.6,21.4,84.67999999999999
정선,2023-07-17,28.1,22.0,24.5,87.8,70.0,3.4,7.3,1.2,0.2,0.6,22.2,86.69999999999999
정선,2023-07-18,26.6,22.7,24.0,91.1,73.0,2.4,4.9,0.9,2.9,0.0,22.4,89.65999999999998
정선,2023-07-19,32.7,20.2,25.6,77.8,47.0,2.3,4.2,0.9,0.0,10.6,20.8,81.46
정선,2023-07-20,32.8,21.6,25.4,82.0,54.0,3.3,6.5,1.1,0.1,6.7,21.8,82.07
정선,2023-07-21,33.8,22.7,25.6,84.5,48.0,3.8,8.7,1.1,1.1,5.7,22.5,83.33
정선,2023-07-22,33.7,22.0,26.6,75.6,41.0,3.1,5.9,1.1,1.1,8.1,21.3,78.02
정선,2023-07-23,26.7,22.8,24.5,90.3,73.0,3.8,9.0,1.5,8.3,0.0,22.6,86.78
정선,2023-07-24,30.4,23.4,25.8,86.8,64.0,3.0,6.0,1.2,27.5,3.2,23.2,86.38
정선,2023-07-25,31.5,23.2,26.6,82.1,58.0,2.9,6.5,1.1,0.7,7.3,23.0,83.85999999999999
정선,2023-07-26,31.0,23.4,25.7,84.9,64.0,3.3,6.9,1.3,11.6,3.9,22.8,84.53
정선,2023-07-27,32.7,23.1,26.8,79.8,52.0,3.3,6.7,1.0,0.0,8.5,22.6,81.04999999999998
정선,2023-07-28,33.6,23.5,27.4,79.5,53.0,3.2,6.2,0.9,0.0,8.0,23.2,80.1
정선,2023-07-29,33.7,23.7,27.5,79.9,51.0,3.1,7.8,0.9,0.2,7.7,23.3,79.81
정선,2023-07-30,33.7,22.9,27.2,76.9,45.0,2.2,3.5,0.8,0.0,9.6,22.2,77.76
정선,2023-07-31,33.2,23.7,26.9,82.4,59.0,2.7,5.4,0.8,0.0,4.4,23.4,81.05
정선,2023-08-01,34.0,23.6,27.7,76.8,51.0,2.4,4.8,1.1,0.0,9.1,22.9,77.92999999999999
정선,2023-08-02,33.5,23.4,28.0,76.5,47.0,3.5,8.4,1.1,0.0,8.7,22.9,77.14999999999999
정선,2023-08-03,32.9,22.3,27.5,74.6,51.0,4.3,8.5,1.5,0.0,10.3,22.0,75.19999999999999
정선,2023-08-04,33.5,22.8,27.5,77.5,52.0,3.9,8.3,1.1,0.0,8.2,22.8,76.82000000000001
정선,2023-08-05,34.9,23.7,28.4,73.0,42.0,3.0,6.7,1.1,0.0,10.6,22.5,74.05999999999999
정선,2023-08-06,34.7,23.6,28.0,77.5,54.0,3.3,7.1,1.4,0.8,6.9,23.3,76.6
정선,2023-08-07,31.1,23.3,26.4,75.3,57.0,4.5,9.4,2.3,0.6,4.3,21.5,75.50999999999999
정선,2023-08-08,30.5,22.6,25.5,71.8,56.0,4.6,10.1,2.6,0.0,10.0,19.8,73.07
정선,2023-08-09,27.0,21.7,23.8,78.0,65.0,4.3,9.8,2.4,7.0,0.3,19.5,76.49
정선,2023-08-10,22.7,20.7,21.6,91.8,83.0,5.8,14.1,2.5,67.1,0.0,20.1,87.03999999999999
정선,2023-08-11,26.0,20.8,22.7,86.4,68.0,5.2,12.9,1.1,0.5,0.3,20.1,86.64
정선,2023-08-12,27.2,20.6,22.8,90.0,75.0,2.0,3.5,0.1,3.2,0.1,21.0,89.46000000000001
정선,2023-08-13,30.1,21.4,25.2,81.5,63.0,2.1,3.9,0.6,0.0,1.0,21.6,83.69
정선,2023-08-14,33.6,21.7,26.1,77.3,49.0,3.7,7.7,1.1,0.0,9.6,21.5,79.41
정선,2023-08-15,31.1,21.3,25.1,74.9,55.0,4.0,8.4,1.6,0.0,8.2,20.0,76.04
정선,2023-08-16,32.4,20.4,25.3,75.5,51.0,2.9,7.0,1.0,0.0,8.4,20.4,75.56
정선,2023-08-17,32.2,20.9,25.9,78.3,55.0,2.0,3.9,0.5,0.0,7.3,21.5,77.39999999999999
정선,2023-08-18,35.2,21.6,27.0,72.5,42.0,2.8,5.3,0.8,0.0,9.8,21.0,73.96
정선,2023-08-19,34.1,22.4,26.8,76.0,48.0,2.6,4.3,0.6,0.0,7.3,21.9,75.52999999999999
정선,2023-08-20,32.7,22.7,26.7,77.8,58.0,2.2,5.2,0.6,0.0,2.0,22.3,76.91
정선,2023-08-21,33.8,23.7,27.6,79.1,54.0,3.7,8.1,0.6,0.0,7.7,23.3,78.52999999999999
정선,2023-08-22,31.4,24.6,27.1,81.0,59.0,3.8,8.3,1.3,15.6,3.3,23.2,80.3
정선,2023-08-23,31.1,20.8,24.2,92.3,67.0,3.8,8.3,0.3,64.4,0.8,22.8,88.72
정선,2023-08-24,25.6,20.7,22.7,91.0,80.0,2.0,4.1,0.7,9.9,0.2,21.1,90.25999999999999
정선,2023-08-25,30.5,20.8,25.1,80.4,51.0,4.4,9.3,1.2,7.4,7.6,21.0,83.71000000000001
정선,2023-08-26,30.1,20.2,24.2,78.1,50.0,2.2,3.9,0.8,0.0,7.8,19.6,79.85
정선,2023-08-27,29.3,18.9,23.1,78.1,58.0,2.9,6.7,1.2,0.0,3.2,18.8,78.33
정선,2023-08-28,22.2,19.8,21.1,89.5,84.0,2.1,6.0,1.2,4.0,0.0,19.3,86.08
정선,2023-08-29,25.5,20.5,22.9,93.3,87.0,3.9,9.3,0.9,25.6,0.0,21.7,91.02
정선,2023-08-30,25.2,19.3,21.5,90.9,71.0,2.3,4.5,1.0,13.7,0.0,19.8,91.24000000000001
정선,2023-08-31,27.1,19.0,21.7,85.9,56.0,2.1,3.5,0.6,0.0,4.4,19.0,87.64
정선,2023-09-01,28.9,17.7,22.1,77.3,44.0,3.2,5.8,0.9,0.0,7.7,17.3,80.38
정선,2023-09-02,30.2,17.5,22.2,78.3,48.0,2.6,5.1,1.1,0.0,7.7,17.8,78.86
정선,2023-09-03,26.2,18.3,22.0,87.3,76.0,2.2,4.9,1.0,3.9,0.9,19.7,84.5
정선,2023-09-04,30.3,21.1,24.6,82.3,59.0,2.7,5.3,1.1,0.1,2.5,21.1,82.89999999999999
정선,2023-09-05,31.4,21.3,25.1,79.3,53.0,2.8,5.6,1.0,0.0,5.8,20.9,80.7
정선,2023-09-06,30.2,19.2,23.4,77.4,51.0,4.1,8.7,1.6,0.0,8.1,18.8,78.27
정선,2023-09-07,30.1,16.8,22.1,70.6,35.0,2.6,5.8,1.0,0.0,9.6,15.6,72.82999999999998
정선,2023-09-08,29.8,14.8,21.0,76.4,40.0,2.4,4.5,1.0,0.0,9.1,16.0,75.34
정선,2023-09-09,31.2,17.2,22.1,74.6,32.0,2.4,3.8,1.2,0.0,9.4,16.5,74.56
정선,2023-09-10,31.3,17.7,23.0,74.1,44.0,3.2,6.6,1.4,0.0,9.1,17.6,74.42999999999999
정선,2023-09-11,29.7,17.8,23.0,78.1,52.0,2.8,4.6,1.1,0.0,8.3,18.7,76.94999999999999
정선,2023-09-12,30.0,19.6,23.1,76.3,43.0,2.1,3.7,0.9,0.0,7.3,18.2,76.44
정선,2023-09-13,21.0,18.0,19.4,93.8,88.0,2.4,5.6,0.9,41.4,0.0,18.3,88.73
정선,2023-09-14,23.8,17.9,20.3,83.9,69.0,4.4,10.1,1.6,1.2,0.5,17.4,85.11999999999999
정선,2023-09-15,21.9,19.2,20.2,91.3,83.0,1.9,4.1,0.9,7.3,0.0,18.6,90.07
정선,2023-09-16,26.1,19.5,21.7,93.1,74.0,1.6,3.5,0.6,23.6,0.2,20.4,91.82
정선,2023-09-17,28.3,20.6,23.1,87.0,60.0,2.4,4.5,0.8,12.0,4.7,20.6,88.64999999999999
정선,2023-09-18,29.0,20.8,23.5,86.9,57.0,3.1,6.2,0.9,1.2,4.6,20.9,87.54
정선,2023-09-19,27.1,19.6,22.5,84.3,59.0,3.0,5.3,1.1,0.0,3.8,19.5,85.08999999999999
정선,2023-09-20,21.3,17.0,19.3,90.9,75.0,6.9,14.5,1.6,16.8,0.0,17.7,89.18
정선,2023-09-21,22.0,13.2,17.6,74.4,53.0,5.2,11.2,2.3,0.0,1.2,12.7,78.69
정선,2023-09-22,25.1,12.9,16.8,81.3,39.0,2.5,4.2,1.0,0.0,6.9,13.0,80.88
정선,2023-09-23,24.9,13.5,17.6,82.4,52.0,3.6,7.7,1.5,0.0,5.2,14.3,81.38
정선,2023-09-24,24.2,12.9,17.6,73.3,39.0,2.9,8.0,1.3,0.0,8.9,12.0,75.91999999999999
정선,2023-09-25,26.1,15.0,19.3,77.3,45.0,2.9,7.2,1.2,4.1,4.6,14.8,77.00999999999999
정선,2023-09-26,21.3,17.3,18.8,94.5,84.0,1.5,3.4,0.7,9.9,0.0,17.8,88.93999999999998
정선,2023-09-27,21.5,18.3,19.7,95.6,87.0,1.4,3.2,0.5,4.9,0.0,18.9,93.55
정선,2023-09-28,25.7,17.0,21.0,83.6,56.0,3.5,8.2,1.1,0.0,5.1,17.8,87.08999999999999
정선,2023-09-29,24.4,14.9,18.4,79.9,45.0,2.4,5.0,0.7,0.0,5.0,14.5,82.21000000000001
정선,2023-09-30,21.7,14.1,17.0,85.1,63.0,4.9,10.7,1.3,2.4,2.6,14.3,83.91
정선,2023-10-01,22.6,9.6,15.0,78.0,33.0,3.4,6.9,0.9,0.0,8.0,10.4,79.60999999999999
정선,2023-10-02,23.1,9.0,13.9,76.3,33.0,2.6,5.2,0.9,0.0,7.5,8.9,77.52
정선,2023-10-03,20.8,9.6,13.5,84.3,52.0,2.2,4.7,0.9,0.0,2.0,10.7,82.07
정선,2023-10-04,21.7,11.0,15.2,80.8,50.0,3.2,6.6,1.5,0.0,3.8,11.6,81.04999999999998
정선,2023-10-05,18.5,6.7,11.7,69.0,33.0,3.4,7.8,1.0,0.0,8.9,5.2,72.88999999999999
정선,2023-10-06,20.1,5.9,11.1,77.6,36.0,2.5,4.5,0.9,0.0,6.7,6.6,76.19999999999999
정선,2023-10-07,21.2,7.9,13.4,78.5,45.0,2.9,7.0,1.2,0.0,6.6,9.2,77.37
정선,2023-10-08,18.8,9.7,12.7,86.8,59.0,2.5,5.1,1.0,0.0,0.7,10.3,84.22
정선,2023-10-09,18.1,8.7,12.5,87.6,65.0,2.6,4.3,0.9,2.9,0.8,10.4,86.52999999999999
정선,2023-10-10,22.3,9.3,13.8,80.5,42.0,4.1,8.7,1.1,0.1,6.4,10.0,82.54999999999998
정선,2023-10-11,22.3,7.3,12.5,78.0,32.0,2.5,4.8,1.0,0.0,8.2,7.8,79.46
정선,2023-10-12,22.7,8.8,13.8,79.6,41.0,2.7,4.4,0.9,0.0,6.8,9.8,79.36999999999999
정선,2023-10-13,21.1,11.1,14.7,79.8,47.0,2.5,4.5,0.9,0.0,4.1,10.8,79.57999999999998
정선,2023-10-14,15.6,10.4,12.6,90.3,76.0,2.1,3.8,0.6,0.5,0.3,10.9,87.12999999999998
정선,2023-10-15,19.2,9.5,13.1,83.1,55.0,4.2,7.9,1.0,0.0,1.8,10.0,84.21
정선,2023-10-16,20.6,7.4,13.0,81.1,47.0,2.9,6.0,0.7,0.0,6.7,9.3,82.41999999999999
정선,2023-10-17,19.6,6.5,10.7,75.6,29.0,2.6,4.5,0.9,0.0,6.7,5.6,77.44999999999999
정선,2023-10-18,20.8,4.3,12.2,75.8,38.0,3.0,6.5,0.8,0.0,7.2,7.3,76.28999999999999
정선,2023-10-19,16.0,11.6,14.4,88.4,77.0,2.6,4.6,1.0,1.7,0.0,12.5,84.60000000000001
정선,2023-10-20,15.4,3.4,10.9,53.8,23.0,5.4,12.1,1.3,0.0,8.1,0.5,62.92
정선,2023-10-21,15.1,0.7,6.6,68.6,27.0,3.5,7.6,0.8,0.0,6.9,0.4,67.61999999999999
정선,2023-10-22,16.9,1.0,9.2,70.6,33.0,5.1,10.5,1.4,0.0,8.2,3.1,68.52
정선,2023-10-23,19.0,5.9,11.0,83.8,47.0,3.2,6.4,0.7,0.0,4.3,7.9,79.64
정선,2023-10-24,19.2,6.3,11.9,83.4,53.0,3.5,7.4,0.8,0.0,4.4,8.7,82.2
정선,2023-10-25,21.3,10.2,14.3,79.6,38.0,3.3,6.2,0.9,0.0,7.4,10.1,80.77999999999999
정선,2023-10-26,17.5,9.8,13.4,88.0,73.0,2.6,6.5,0.8,1.5,0.0,11.3,85.86
정선,2023-10-27,16.3,6.8,11.0,84.1,61.0,3.6,8.0,1.3,0.0,0.6,8.3,84.42999999999999
정선,2023-10-28,19.3,7.2,10.9,80.5,41.0,2.6,5.4,1.2,0.0,4.2,7.1,81.96999999999998
정선,2023-10-29,19.4,6.2,10.2,80.3,35.0,3.0,5.4,1.1,0.0,5.8,6.3,80.72
정선,2023-10-30,20.5,4.2,10.5,80.0,41.0,3.1,5.5,0.7,0.0,7.0,6.4,80.11
정선,2023-10-31,19.9,5.0,11.4,80.8,48.0,3.7,8.5,0.9,0.0,5.2,7.6,80.59
정선,2023-11-01,19.1,9.3,16.9,79.3,76.0,4.5,10.4,2.6,0.0,0.0,13.2,79.67
정선,2023-11-02,24.5,13.9,19.9,58.9,31.0,4.8,9.8,2.7,0.0,3.5,10.8,65.17
정선,2023-11-03,22.1,13.9,17.6,74.8,40.0,5.4,11.7,2.3,11.4,2.0,12.7,72.07
정선,2023-11-04,17.2,13.9,14.8,78.0,66.0,3.4,7.0,2.0,0.0,0.1,10.9,75.45
정선,2023-11-05,18.4,13.6,15.3,86.0,79.0,2.5,5.4,1.6,10.3,0.1,12.8,83.28
정선,2023-11-06,20.4,7.6,14.4,73.8,57.0,8.1,19.4,4.6,49.4,1.0,9.6,76.66
정선,2023-11-07,9.7,1.2,5.5,62.3,40.0,7.4,16.5,3.0,0.0,6.0,-1.4,66.96999999999998
정선,2023-11-08,16.7,-0.9,5.8,74.9,33.0,2.2,3.7,0.5,0.0,7.5,0.9,72.27
정선,2023-11-09,17.8,1.3,9.8,83.9,55.0,5.6,10.2,0.9,2.4,3.2,6.8,79.94
정선,2023-11-10,11.0,-0.6,6.4,51.1,22.0,3.5,7.6,1.3,0.0,7.7,-4.0,60.04
정선,2023-11-11,8.0,-2.9,1.2,66.6,31.0,2.9,5.5,0.7,0.0,5.7,-4.9,65.22999999999999
정선,2023-11-12,5.7,-4.5,-0.2,63.5,33.0,3.2,6.3,0.9,0.0,7.6,-6.8,62.879999999999995
정선,2023-11-13,6.9,-5.2,0.4,61.0,28.0,4.2,9.5,1.1,0.0,7.5,-7.3,62.06
정선,2023-11-14,9.2,-4.0,1.4,67.8,31.0,3.7,7.4,0.8,0.0,7.5,-4.8,66.00999999999999
정선,2023-11-15,12.2,-3.8,2.8,73.4,31.0,3.5,6.5,0.7,0.0,7.5,-2.4,71.03999999999999
정선,2023-11-16,6.0,-0.2,3.4,89.5,75.0,1.7,3.8,0.3,5.1,0.0,1.8,84.11
정선,2023-11-17,6.3,-1.9,2.6,55.4,34.0,5.3,11.6,1.9,0.0,4.4,-5.9,64.02
정선,2023-11-18,4.1,-4.0,0.2,52.8,40.0,5.3,9.8,2.6,0.0,7.2,-8.4,56.989999999999995
정선,2023-11-19,9.6,-1.9,4.2,73.8,64.0,4.9,11.0,2.0,0.0,1.0,-0.1,67.76
정선,2023-11-20,11.6,-3.1,2.7,73.8,34.0,3.2,5.8,0.7,0.0,7.4,-2.3,71.7
정선,2023-11-21,14.2,-3.0,3.5,69.3,24.0,3.9,7.6,0.8,0.0,7.4,-2.8,70.64999999999999
정선,2023-11-22,14.6,-3.2,6.2,64.5,26.0,3.6,6.8,0.8,0.0,7.3,-1.0,66.39
정선,2023-11-23,15.3,4.2,11.4,52.6,27.0,5.8,15.1,2.8,0.4,7.1,1.4,56.65
정선,2023-11-24,4.2,-4.3,-0.4,41.5,23.0,4.7,9.8,2.1,0.0,6.9,-12.3,46.02
정선,2023-11-25,4.3,-7.7,-2.5,53.4,21.0,2.7,4.5,0.6,0.0,7.3,-11.3,50.93999999999999
정선,2023-11-26,5.7,-1.5,2.4,49.8,27.0,2.0,4.0,0.3,0.0,0.4,-7.3,49.68999999999999
정선,2023-11-27,7.2,1.9,4.8,85.5,68.0,4.1,8.0,1.5,5.9,0.0,2.5,75.15
정선,2023-11-28,5.4,-0.3,2.1,43.6,23.0,5.2,13.5,2.7,0.0,5.0,-9.3,52.60000000000001
정선,2023-11-29,2.7,-5.5,-0.8,51.8,32.0,5.3,10.8,2.1,0.0,4.1,-9.8,53.53
정선,2023-11-30,-0.8,-8.2,-4.8,46.4,33.0,4.2,9.0,1.6,0.0,7.3,-14.8,47.199999999999996
정선,2023-12-01,0.8,-9.9,-4.5,58.8,33.0,4.5,9.3,1.3,0.0,7.2,-12.1,55.62
정선,2023-12-02,5.3,-9.3,-1.2,64.8,43.0,4.9,11.6,1.7,0.0,2.5,-7.3,61.75999999999999
정선,2023-12-03,6.0,-6.2,-1.4,63.9,32.0,2.9,5.8,0.8,0.0,7.2,-8.0,63.57
정선,2023-12-04,7.3,-7.5,-1.4,71.6,36.0,3.7,7.5,1.0,0.0,7.2,-6.6,69.38
정선,2023-12-05,11.0,-5.6,0.3,78.0,42.0,2.2,3.3,0.3,0.0,7.2,-3.5,75.30999999999999
정선,2023-12-06,9.2,-3.7,3.3,83.3,64.0,3.2,6.5,0.9,7.7,0.0,0.6,81.07
정선,2023-12-07,8.8,1.3,5.4,53.4,33.0,5.8,13.8,3.0,0.0,0.0,-3.6,61.83999999999999
정선,2023-12-08,15.0,0.2,9.6,70.4,51.0,6.3,12.5,2.9,0.0,0.0,3.9,68.29
정선,2023-12-09,16.9,6.1,12.4,75.1,57.0,5.6,11.4,2.2,0.0,0.0,7.8,71.99
정선,2023-12-10,14.3,3.9,9.0,77.9,52.0,3.2,6.7,1.5,0.0,0.0,5.0,76.59
정선,2023-12-11,9.9,2.6,6.3,82.8,75.0,7.0,15.4,4.1,8.4,0.0,3.5,81.05
정선,2023-12-12,6.0,-0.9,2.8,82.0,68.0,4.4,10.7,2.2,0.1,0.0,0.0,81.75
정선,2023-12-13,11.0,-0.4,4.7,79.3,51.0,2.9,5.4,0.8,0.0,0.0,1.1,80.19
정선,2023-12-14,6.2,3.2,4.9,84.0,76.0,5.3,12.1,3.1,8.2,0.0,2.4,82.86
정선,2023-12-15,3.2,1.0,2.1,85.9,76.0,5.6,11.8,3.2,21.1,0.0,0.0,84.86000000000001
정선,2023-12-16,2.8,-9.8,-3.7,66.6,47.0,6.3,12.8,2.9,3.3,0.0,-9.3,72.2
정선,2023-12-17,-6.6,-13.2,-10.7,55.0,33.0,4.2,9.1,1.7,0.0,7.2,-18.3,60.410000000000004
정선,2023-12-18,-5.1,-14.4,-9.4,65.6,37.0,2.6,5.8,0.7,0.0,4.1,-15.0,63.58
정선,2023-12-19,0.6,-10.5,-4.7,73.0,43.0,2.2,4.2,0.5,0.1,5.1,-9.1,69.72
정선,2023-12-20,-3.0,-10.8,-6.9,59.8,45.0,4.8,10.0,1.6,0.4,4.4,-13.5,63.019999999999996
정선,2023-12-21,-8.0,-14.4,-11.3,51.4,40.0,3.9,8.1,1.9,0.0,6.7,-19.4,55.239999999999995
정선,2023-12-22,-7.9,-15.4,-12.0,55.0,38.0,4.2,9.0,1.6,0.0,7.1,-19.4,54.760000000000005
정선,2023-12-23,-2.3,-15.4,-9.8,65.8,33.0,3.0,5.3,0.9,0.0,7.1,-15.5,62.199999999999996
정선,2023-12-24,0.7,-12.9,-6.3,73.8,52.0,3.9,8.6,0.8,0.0,6.1,-10.5,70.32
정선,2023-12-25,0.9,-5.0,-1.4,76.6,63.0,3.7,7.6,2.2,0.9,1.0,-4.9,74.96
정선,2023-12-26,4.8,-4.7,-0.3,74.0,54.0,5.1,12.3,2.5,0.0,2.9,-4.6,74.5
정선,2023-12-27,5.2,-7.9,-3.2,83.9,50.0,1.9,3.3,0.3,0.0,7.0,-5.7,81.19
정선,2023-12-28,5.2,-6.0,-1.7,76.8,33.0,3.6,7.4,1.0,0.0,5.3,-5.8,77.94
정선,2023-12-29,4.9,-7.6,-2.4,80.6,51.0,3.0,7.0,0.6,0.0,,-99.0,80.17
정선,2023-12-30,0.5,-5.2,-1.3,94.0,88.0,1.2,1.9,0.1,6.8,0.0,-2.2,89.6
정선,2023-12-31,4.7,0.5,2.5,83.8,73.0,4.2,7.7,1.8,3.1,1.0,-0.1,85.52
정선,2024-01-01,5.5,0.4,3.0,77.1,56.0,3.9,8.3,0.9,0.0,0.0,-0.7,80.13
정선,2024-01-02,4.2,-0.5,3.0,67.0,55.0,4.4,9.1,2.2,0.0,0.0,-2.6,70.7
정선,2024-01-03,4.2,-2.7,0.7,80.8,61.0,2.8,6.0,0.8,0.0,1.2,-2.3,77.66999999999999
정선,2024-01-04,3.4,-4.5,0.2,72.1,54.0,4.4,10.1,2.0,0.0,5.6,-4.5,73.33
정선,2024-01-05,8.1,-0.1,4.9,66.6,48.0,5.4,12.3,3.3,0.0,4.1,-0.9,69.11999999999999
정선,2024-01-06,5.0,-2.9,1.1,57.0,28.0,3.7,9.2,1.6,0.0,7.2,-7.1,60.43
정선,2024-01-07,-0.1,-9.0,-3.6,41.6,19.0,4.9,11.4,1.9,0.0,7.1,-15.6,47.17999999999999
정선,2024-01-08,-0.1,-12.4,-5.8,51.6,30.0,3.2,6.8,1.4,0.0,7.2,-15.1,50.14
정선,2024-01-09,0.3,-3.3,-1.2,79.4,47.0,3.5,7.1,1.1,0.4,0.0,-4.4,70.06
정선,2024-01-10,6.2,-5.3,-1.3,76.9,41.0,2.0,3.2,0.6,0.0,7.2,-5.2,74.87
정선,2024-01-11,3.5,-5.6,0.6,71.8,53.0,5.7,12.6,3.4,0.0,1.7,-4.0,73.58
정선,2024-01-12,5.6,-3.4,1.2,52.6,27.0,4.8,9.0,2.0,0.0,7.2,-8.1,58.870000000000005
정선,2024-01-13,4.2,-7.8,-3.3,60.8,21.0,2.1,4.5,0.4,0.0,7.2,-10.8,60.26
정선,2024-01-14,1.7,-7.5,-2.1,81.1,49.0,2.9,4.7,0.8,2.9,1.4,-5.0,74.19
정선,2024-01-15,0.9,-9.4,-3.4,73.8,45.0,3.5,6.5,1.3,0.0,6.1,-7.7,73.96
정선,2024-01-16,4.1,-12.3,-5.9,74.4,32.0,2.4,3.8,0.5,0.0,7.3,-10.4,74.95
정선,2024-01-17,5.2,-9.5,-1.8,87.1,44.0,4.0,8.8,0.7,2.3,2.1,-4.0,83.22999999999999
정선,2024-01-18,6.0,1.0,3.0,83.3,69.0,5.0,10.8,2.0,0.5,0.0,0.3,83.16999999999999
정선,2024-01-19,3.0,1.5,2.2,74.0,70.0,4.5,9.5,2.9,0.0,0.0,-1.9,77.16999999999999
정선,2024-01-20,2.5,-0.1,1.1,75.0,68.0,6.7,13.7,4.2,0.2,0.0,-2.8,75.63
정선,2024-01-21,2.8,-0.2,1.0,80.4,67.0,4.9,11.6,2.3,0.4,0.0,-2.1,78.68
정선,2024-01-22,1.9,-11.7,-6.7,62.6,49.0,5.6,13.8,3.0,0.1,3.1,-12.7,67.4
정선,2024-01-23,-8.9,-14.3,-12.0,52.6,37.0,4.7,9.5,2.3,0.0,6.2,-19.9,57.38
정선,2024-01-24,-5.3,-16.2,-11.1,61.8,37.0,4.7,9.6,1.3,0.0,7.4,-17.5,60.04
정선,2024-01-25,-0.7,-15.0,-8.6,62.5,29.0,3.8,7.0,0.9,0.0,7.5,-15.4,61.37
정선,2024-01-26,3.3,-12.6,-5.8,66.9,31.0,3.8,9.3,0.8,0.0,7.5,-11.7,65.50999999999999
정선,2024-01-27,3.6,-10.6,-4.2,72.6,36.0,3.6,7.0,0.8,0.0,7.5,-8.8,70.44999999999999
정선,2024-01-28,3.1,-9.2,-4.1,72.4,40.0,4.2,7.1,0.7,0.0,5.8,-8.8,71.89
정선,2024-01-29,4.3,-9.8,-4.2,69.5,30.0,3.8,7.2,0.7,0.0,7.4,-9.6,70.39
정선,2024-01-30,7.8,-10.3,-3.4,68.9,24.0,2.2,3.4,0.3,0.0,7.5,-9.3,69.37
정선,2024-01-31,10.1,-6.3,-0.1,65.9,25.0,3.7,6.6,0.8,0.0,7.6,-6.9,66.86
정선,2024-02-01,5.0,-6.9,-1.6,75.4,50.0,4.8,9.6,1.7,0.0,3.3,-5.6,72.85000000000001
정선,2024-02-02,7.2,-1.7,1.0,69.6,38.0,2.9,5.6,1.5,0.0,5.2,-4.3,70.39
정선,2024-02-03,6.4,-4.0,1.2,75.8,56.0,3.6,6.1,1.8,0.0,1.3,-2.7,74.52
정선,2024-02-04,7.3,-0.1,2.9,72.0,54.0,4.5,8.2,2.3,0.0,6.3,-1.7,72.52
정선,2024-02-05,2.9,-1.5,0.4,80.8,71.0,6.2,12.3,3.8,1.0,0.0,-2.5,78.53999999999999
정선,2024-02-06,3.9,-2.1,0.2,78.9,62.0,3.1,5.8,1.5,0.1,1.1,-3.1,78.59
정선,2024-02-07,4.8,-4.2,-0.1,75.9,45.0,2.9,5.4,0.8,0.0,3.9,-4.2,76.99
정선,2024-02-08,5.5,-6.5,-1.7,75.5,39.0,3.0,5.2,0.7,0.0,6.7,-6.0,75.92
정선,2024-02-09,5.7,-6.6,-1.3,70.5,34.0,4.1,10.3,1.0,0.0,6.9,-6.7,72.03999999999999
정선,2024-02-10,5.2,-6.6,-1.8,75.1,41.0,3.9,8.4,0.9,0.0,3.0,-6.0,74.21999999999998
정선,2024-02-11,4.0,-7.9,-1.7,70.1,39.0,5.1,10.6,1.5,0.0,3.9,-7.1,71.13999999999999
정선,2024-02-12,8.6,-6.8,0.7,65.1,31.0,3.8,7.9,1.1,0.0,7.6,-6.1,67.1
정선,2024-02-13,12.7,-1.0,6.9,65.0,47.0,5.3,11.2,2.1,0.0,2.1,0.5,65.53
정선,2024-02-14,16.8,4.1,8.7,74.3,47.0,4.2,8.8,1.0,0.0,3.7,4.0,71.52
정선,2024-02-15,9.3,-2.1,2.5,88.0,78.0,5.1,9.7,1.9,18.9,0.0,0.7,82.96
정선,2024-02-16,3.0,-6.2,-1.4,86.9,66.0,2.2,4.5,0.5,0.0,1.5,-3.4,85.86000000000001
정선,2024-02-17,9.8,-3.8,0.9,83.6,44.0,2.7,5.1,0.8,0.0,7.8,-2.0,84.69999999999999
정선,2024-02-18,12.3,-3.0,3.7,81.3,34.0,2.0,3.4,0.4,2.8,3.1,0.2,82.32
정선,2024-02-19,8.1,4.5,6.0,96.8,89.0,4.0,9.5,0.5,16.7,0.0,5.5,92.38
정선,2024-02-20,6.4,1.1,3.2,77.5,68.0,5.1,10.5,3.0,1.2,0.0,-0.4,81.74
정선,2024-02-21,2.1,-0.9,0.6,81.5,75.0,6.3,12.8,4.0,3.1,0.0,-2.1,82.22999999999999
정선,2024-02-22,0.4,-2.2,-1.4,75.5,63.0,6.1,11.5,3.2,2.2,0.0,-5.1,76.89999999999999
정선,2024-02-23,2.5,-3.4,-0.8,70.9,53.0,4.8,9.8,2.2,0.3,1.1,-5.5,72.88000000000001
정선,2024-02-24,5.4,-6.4,-0.5,73.8,46.0,3.6,6.9,1.5,0.8,6.2,-4.9,73.39
정선,2024-02-25,6.0,-0.5,1.7,80.4,58.0,2.6,4.7,1.1,1.3,2.5,-1.4,78.13000000000001
정선,2024-02-26,7.1,-3.6,0.6,75.6,44.0,3.2,6.7,1.0,0.0,1.4,-3.5,76.38
정선,2024-02-27,6.3,-4.2,0.9,71.1,42.0,3.0,5.7,1.1,0.0,5.5,-4.2,72.93
정선,2024-02-28,9.0,-2.1,2.8,70.1,43.0,3.2,6.9,1.2,0.0,3.9,-2.4,70.85
정선,2024-02-29,8.4,-0.9,3.3,71.8,41.0,1.8,3.8,0.6,0.0,0.0,-1.8,71.39
정선,2024-03-01,3.8,-7.0,-2.8,30.9,16.0,5.7,13.8,2.2,0.0,8.6,-18.1,42.99999999999999
정선,2024-03-02,2.2,-9.6,-2.6,57.4,38.0,6.6,13.8,3.2,0.9,4.5,-10.2,53.54
정선,2024-03-03,7.0,-4.1,1.5,69.3,36.0,4.9,10.7,1.9,2.5,5.0,-4.3,63.08
정선,2024-03-04,11.0,-5.0,2.3,61.3,17.0,3.1,6.3,0.8,0.0,8.6,-6.4,62.51
정선,2024-03-05,9.7,0.1,3.6,68.9,45.0,5.6,12.7,2.5,0.0,0.7,-1.7,67.42
정선,2024-03-06,3.7,-1.7,1.9,70.6,59.0,4.5,8.8,2.7,0.0,0.0,-2.9,69.33
정선,2024-03-07,5.5,-2.1,0.4,85.3,65.0,3.0,6.5,1.0,3.1,0.8,-1.9,80.72
정선,2024-03-08,6.2,-6.0,0.1,59.4,26.0,4.8,11.2,1.1,0.0,5.8,-8.2,65.7
정선,2024-03-09,7.3,-6.1,-0.2,57.4,21.0,3.5,7.3,1.0,0.0,8.9,-9.0,60.59
정선,2024-03-10,10.4,-6.3,2.1,56.0,23.0,4.6,9.3,1.4,0.0,9.0,-7.3,56.61999999999999
정선,2024-03-11,9.6,-1.9,3.5,54.3,22.0,3.8,8.2,1.0,0.0,1.1,-6.0,54.95
정선,2024-03-12,8.0,-1.6,2.7,69.1,42.0,5.1,10.3,1.1,0.0,1.5,-2.6,64.82999999999998
정선,2024-03-13,12.5,-4.2,4.9,55.6,22.0,7.1,15.1,2.5,0.0,8.6,-5.1,58.17
정선,2024-03-14,14.4,-1.9,7.4,49.0,23.0,5.0,11.5,2.0,0.0,8.5,-4.1,52.33
정선,2024-03-15,17.2,1.7,8.9,47.4,24.0,5.8,13.0,2.3,0.0,9.2,-2.5,48.540000000000006
정선,2024-03-16,18.4,0.6,10.3,51.0,28.0,3.4,7.3,1.2,0.0,7.4,-0.6,50.07999999999999
정선,2024-03-17,15.4,4.2,10.5,39.0,21.0,5.6,11.3,2.8,0.0,8.5,-3.5,42.24
정선,2024-03-18,13.1,-2.3,5.7,40.1,16.0,4.7,11.1,1.5,0.0,9.3,-8.8,40.970000000000006
정선,2024-03-19,7.7,2.9,4.7,61.3,24.0,4.6,11.3,1.7,6.1,0.4,-2.9,54.83
정선,2024-03-20,6.9,-2.1,1.7,69.4,32.0,3.4,7.7,1.0,2.1,4.5,-4.0,64.85
정선,2024-03-21,9.8,-4.6,2.1,64.0,29.0,3.3,6.7,0.9,0.0,7.3,-5.1,64.81
정선,2024-03-22,15.2,-0.6,7.1,69.0,27.0,5.0,10.3,1.6,11.2,4.5,0.7,68.03999999999999
정선,2024-03-23,18.8,6.1,11.0,73.8,31.0,3.5,7.4,1.2,2.1,8.0,5.5,71.86
정선,2024-03-24,20.9,3.2,10.8,59.3,14.0,4.3,7.8,2.4,0.0,7.3,1.0,63.169999999999995
정선,2024-03-25,10.2,4.3,7.1,77.9,66.0,5.7,12.8,3.1,3.8,0.1,3.3,73.77
정선,2024-03-26,9.5,0.4,4.2,78.9,42.0,4.9,12.7,2.3,4.6,3.8,0.5,76.74000000000001
정선,2024-03-27,16.6,0.1,8.9,68.1,37.0,3.4,7.1,0.9,0.0,9.4,2.5,71.24
정선,2024-03-28,10.9,7.1,9.2,82.6,73.0,3.7,6.7,1.3,1.8,0.0,6.4,79.33
정선,2024-03-29,11.3,3.8,7.9,66.6,29.0,5.5,12.0,3.1,0.1,0.8,1.8,69.94999999999999
정선,2024-03-30,14.5,-0.7,6.7,56.8,24.0,4.5,8.1,1.1,0.0,3.1,-2.2,61.339999999999996
정선,2024-03-31,17.2,-1.2,8.5,50.8,16.0,3.0,6.9,0.9,0.0,8.7,-3.3,53.58
정선,2024-04-01,19.2,1.2,10.4,45.8,17.0,5.2,10.4,1.5,0.0,10.0,-2.6,47.9
정선,2024-04-02,24.1,2.4,11.6,51.9,16.0,4.3,7.9,1.6,0.0,8.3,0.3,50.56999999999999
정선,2024-04-03,14.7,6.3,10.7,62.9,50.0,4.8,9.8,2.9,0.0,0.0,3.7,58.989999999999995
정선,2024-04-04,15.4,7.0,10.9,45.0,25.0,4.3,9.0,2.0,0.0,2.3,-1.1,49.269999999999996
정선,2024-04-05,18.1,5.9,11.2,56.9,36.0,4.3,8.5,1.2,0.0,2.9,2.4,55.12
정선,2024-04-06,19.5,3.4,12.0,59.9,31.0,4.1,7.9,1.4,0.0,7.5,3.1,57.81
정선,2024-04-07,23.2,3.6,13.5,54.4,21.0,4.1,7.3,1.2,0.0,10.3,2.7,55.75
정선,2024-04-08,24.2,6.3,15.0,51.0,18.0,6.6,13.0,1.4,0.0,6.1,3.3,52.57
정선,2024-04-09,14.5,3.5,9.3,42.8,23.0,6.6,14.2,3.7,0.0,9.9,-3.4,45.599999999999994
정선,2024-04-10,18.6,1.1,10.9,55.8,37.0,3.3,5.9,1.2,0.0,5.3,1.9,52.72
정선,2024-04-11,18.7,8.4,13.4,69.4,49.0,3.0,5.0,0.7,0.0,0.2,7.4,64.02
정선,2024-04-12,24.6,5.4,14.9,65.1,29.0,3.8,7.5,1.3,0.0,9.6,7.0,65.03
정선,2024-04-13,28.6,6.9,16.8,54.3,18.0,3.0,7.3,0.9,0.0,10.3,5.2,57.97
정선,2024-04-14,30.5,8.1,18.5,50.6,18.0,2.9,6.1,0.8,0.0,10.4,6.1,52.79
정선,2024-04-15,19.0,10.0,14.6,80.4,51.0,4.3,10.2,1.4,9.8,0.7,11.1,71.83000000000001
정선,2024-04-16,18.8,10.6,14.6,70.4,46.0,5.6,12.7,3.1,0.2,5.0,8.9,70.42
정선,2024-04-17,23.2,6.7,14.3,66.5,24.0,3.0,6.1,1.0,0.0,9.2,6.9,68.67
정선,2024-04-18,27.3,7.2,16.1,59.0,17.0,4.5,8.9,1.0,0.0,10.4,6.1,61.63999999999999
정선,2024-04-19,25.7,7.8,17.2,57.4,25.0,3.8,6.8,1.2,0.0,10.3,7.2,58.63
정선,2024-04-20,14.7,11.5,12.7,84.5,69.0,3.2,8.1,1.7,6.2,0.0,10.0,76.53
정선,2024-04-21,16.9,11.8,13.9,76.3,70.0,5.2,11.2,3.2,0.0,0.3,9.7,76.05
정선,2024-04-22,20.2,10.2,14.6,64.9,46.0,4.5,9.0,2.2,0.0,4.2,7.7,69.14
정선,2024-04-23,17.5,8.7,13.1,70.9,54.0,4.5,9.8,2.5,0.6,4.0,7.6,70.24000000000001
정선,2024-04-24,13.6,9.8,11.7,83.5,66.0,3.6,8.0,1.4,3.1,0.2,8.9,79.11999999999999
정선,2024-04-25,22.6,11.3,15.5,68.6,38.0,4.2,9.3,2.3,0.0,6.8,9.1,71.81
정선,2024-04-26,25.7,7.9,16.5,66.5,26.0,3.0,6.1,1.0,0.0,8.3,8.5,68.61999999999999
정선,2024-04-27,28.3,8.7,17.6,60.3,17.0,3.6,7.2,1.1,0.0,10.7,7.4,62.36999999999999
정선,2024-04-28,26.5,8.0,16.1,61.1,33.0,5.5,10.4,2.0,0.0,10.2,7.6,61.48
정선,2024-04-29,20.2,10.0,14.2,61.0,40.0,5.4,10.9,3.0,0.0,7.5,6.6,60.949999999999996
정선,2024-04-30,20.6,6.3,11.9,75.9,54.0,5.4,10.3,1.7,0.0,2.7,7.6,71.44
정선,2024-05-01,21.8,8.6,14.2,51.6,26.0,3.8,8.0,1.8,0.0,9.5,3.2,57.4
정선,2024-05-02,24.8,4.7,14.8,61.0,27.0,3.8,7.7,1.2,0.0,10.9,5.8,60.61
정선,2024-05-03,28.9,6.7,17.3,58.5,24.0,3.3,7.5,1.0,0.0,10.9,7.3,58.31
정선,2024-05-04,29.3,9.2,18.8,57.6,19.0,2.9,6.6,0.9,0.0,10.8,8.7,58.120000000000005
정선,2024-05-05,18.8,13.9,16.6,85.1,67.0,4.3,10.3,0.8,22.9,0.0,13.9,76.93999999999998
정선,2024-05-06,18.6,12.9,14.9,91.1,80.0,4.4,10.1,2.6,14.5,0.0,13.4,86.55
정선,2024-05-07,14.3,8.5,11.5,77.6,64.0,5.8,11.5,3.1,8.1,0.1,7.6,81.05
정선,2024-05-08,20.9,4.7,12.3,64.8,33.0,2.9,5.8,1.2,0.0,10.3,4.8,69.99
정선,2024-05-09,22.1,3.7,13.6,63.3,35.0,4.9,11.9,1.8,0.0,10.4,5.7,65.03
정선,2024-05-10,24.6,7.9,17.3,55.8,29.0,5.9,12.1,2.3,0.0,10.4,7.0,58.2
정선,2024-05-11,21.2,10.7,16.9,71.4,43.0,6.7,14.0,3.1,16.2,1.6,11.4,67.47
정선,2024-05-12,21.9,8.7,14.6,68.6,32.0,4.9,10.2,1.3,0.2,9.6,7.7,67.88
정선,2024-05-13,24.2,7.7,15.1,66.1,27.0,4.2,8.9,1.2,0.0,9.5,7.4,67.13
정선,2024-05-14,25.3,7.5,16.8,58.5,26.0,4.8,9.8,1.7,0.0,11.4,6.8,61.029999999999994
정선,2024-05-15,20.1,7.3,11.5,77.0,41.0,5.0,11.2,1.6,18.2,3.7,7.2,72.21
정선,2024-05-16,19.1,7.1,11.5,71.9,30.0,3.4,8.0,0.8,5.9,5.8,5.6,71.58
정선,2024-05-17,23.8,5.3,15.1,72.3,42.0,4.1,11.2,1.3,0.0,10.2,9.3,72.69
정선,2024-05-18,26.8,9.0,18.1,71.4,36.0,3.8,9.2,1.2,0.0,9.5,11.9,71.63
정선,2024-05-19,29.0,12.6,19.8,66.1,24.0,2.9,5.1,0.6,0.0,8.7,11.5,67.78
정선,2024-05-20,21.0,13.8,16.4,82.1,69.0,3.4,7.4,0.9,0.6,0.1,13.3,77.83
정선,2024-05-21,27.9,13.0,18.2,63.8,22.0,3.3,6.2,1.5,0.0,7.9,10.1,67.69
정선,2024-05-22,27.1,10.2,18.8,68.9,41.0,4.4,11.8,1.5,0.0,11.1,12.2,69.2
정선,2024-05-23,28.0,11.8,20.3,62.8,32.0,4.2,9.2,1.5,0.0,11.6,11.7,64.11999999999999
정선,2024-05-24,20.0,12.4,16.8,76.3,62.0,3.5,7.9,1.1,0.0,1.1,12.4,72.86
정선,2024-05-25,23.7,11.1,16.8,73.9,49.0,2.3,4.1,0.9,0.0,1.7,11.7,73.27000000000001
정선,2024-05-26,25.1,13.6,19.3,76.8,46.0,6.2,13.3,2.0,5.8,3.6,14.6,76.16999999999999
정선,2024-05-27,21.8,12.0,17.2,61.3,43.0,5.2,11.4,2.5,0.0,3.5,9.2,65.66
정선,2024-05-28,23.5,9.6,16.2,62.4,31.0,4.8,9.8,1.8,0.0,9.2,8.0,63.62
정선,2024-05-29,26.7,8.0,17.8,64.5,36.0,4.4,9.1,1.2,0.0,11.0,9.9,63.76
정선,2024-05-30,24.2,12.2,17.7,67.6,33.0,2.3,4.6,0.5,0.0,0.9,11.0,66.46
정선,2024-05-31,26.6,13.6,20.3,55.4,31.0,4.0,8.1,1.6,0.0,8.1,10.0,58.75
정선,2024-06-01,22.6,13.5,17.1,73.3,56.0,4.2,8.7,1.3,1.8,2.4,12.0,69.14999999999999
정선,2024-06-02,22.8,11.8,16.1,74.8,47.0,3.4,7.3,1.2,0.0,3.4,11.2,72.56
정선,2024-06-03,25.2,10.8,17.1,62.4,25.0,4.6,9.5,1.9,0.0,10.4,8.7,65.97
정선,2024-06-04,28.4,8.9,18.6,63.8,25.0,3.4,6.7,1.1,0.0,10.8,10.3,64.62
정선,2024-06-05,30.3,12.4,20.9,67.0,30.0,2.9,6.4,1.2,0.0,9.3,13.5,65.89999999999999
정선,2024-06-06,29.6,14.9,20.9,65.5,35.0,3.9,9.5,1.0,0.0,7.8,13.3,65.63
정선,2024-06-07,27.7,13.3,20.9,65.9,39.0,2.4,4.6,0.8,0.0,7.7,13.7,65.93
정선,2024-06-08,21.7,17.8,19.1,90.4,73.0,3.4,6.9,0.9,18.3,0.1,17.3,83.01
정선,2024-06-09,28.4,16.7,22.0,70.6,38.0,3.0,7.5,1.0,0.0,9.9,15.7,74.09
정선,2024-06-10,29.1,15.7,23.0,73.3,48.0,3.9,8.4,1.2,0.0,8.9,17.4,74.47
정선,2024-06-11,30.8,19.1,24.5,69.9,43.0,3.6,7.4,1.4,0.0,9.6,18.0,70.65
정선,2024-06-12,31.1,16.6,23.7,65.6,35.0,3.6,7.2,1.2,0.0,8.6,15.8,67.23
정선,2024-06-13,32.6,16.7,24.3,62.4,30.0,3.5,6.7,1.1,0.0,11.8,15.3,63.79
정선,2024-06-14,32.5,16.4,25.1,60.1,31.0,2.9,5.6,1.0,0.0,10.4,15.8,61.11
정선,2024-06-15,26.6,18.8,21.6,83.5,61.0,3.2,6.1,1.1,15.1,3.5,18.5,76.71
정선,2024-06-16,28.9,17.3,22.2,67.1,34.0,4.1,8.7,1.2,0.0,9.9,14.6,69.67999999999999
정선,2024-06-17,29.8,14.1,22.1,62.0,35.0,4.4,10.2,1.6,0.0,11.0,13.3,65.17
정선,2024-06-18,32.2,13.8,23.6,64.1,39.0,4.1,7.9,1.2,0.0,11.8,15.6,63.97999999999999
정선,2024-06-19,34.8,17.0,25.9,62.4,27.0,3.1,6.5,1.0,0.0,11.8,16.8,62.7
정선,2024-06-20,35.1,17.6,23.3,76.6,33.0,4.7,10.5,0.9,0.9,7.8,18.4,72.50999999999999
정선,2024-06-21,35.6,17.8,25.9,64.3,25.0,3.5,5.7,1.1,0.0,10.2,17.1,66.57
정선,2024-06-22,25.4,21.3,22.5,85.0,69.0,2.1,5.2,0.9,12.6,0.0,19.8,80.01999999999998
정선,2024-06-23,28.7,19.1,23.0,82.9,63.0,3.9,13.0,1.1,11.0,2.1,19.7,81.46000000000001
정선,2024-06-24,28.4,18.3,23.2,71.3,51.0,4.1,7.6,1.5,0.0,6.8,17.3,74.99
정선,2024-06-25,25.3,18.0,21.5,66.0,44.0,4.3,9.0,2.0,0.0,5.5,14.5,68.75
정선,2024-06-26,30.0,15.2,22.4,68.9,38.0,2.6,5.2,0.9,0.0,10.5,15.5,68.56
정선,2024-06-27,31.4,16.0,23.3,67.6,28.0,3.1,6.3,1.0,0.0,8.9,15.9,67.69999999999999
정선,2024-06-28,32.4,16.2,23.8,64.1,29.0,2.7,5.6,0.9,0.0,10.3,15.2,65.27999999999999
정선,2024-06-29,33.3,16.6,24.6,71.8,38.0,3.1,6.3,0.9,24.0,9.0,18.3,69.84
정선,2024-06-30,25.2,21.5,23.0,90.1,83.0,5.7,12.9,2.0,75.3,0.0,21.2,83.83999999999999
정선,2024-07-01,30.1,21.3,24.8,78.6,57.0,2.8,5.2,1.2,0.0,5.9,20.6,80.22
정선,2024-07-02,22.9,20.5,21.4,90.8,79.0,2.8,5.8,1.2,33.0,0.0,19.8,88.29
정선,2024-07-03,25.5,20.3,23.7,80.3,67.0,4.8,14.6,2.7,10.1,0.0,20.0,82.22999999999999
정선,2024-07-04,28.6,22.0,25.4,75.9,61.0,5.0,10.9,2.4,9.2,3.9,20.7,78.27
정선,2024-07-05,27.7,21.1,24.1,76.8,59.0,6.3,13.6,3.6,13.6,1.8,19.6,76.97
정선,2024-07-06,28.2,19.8,23.7,87.5,77.0,5.1,11.0,1.6,5.9,0.0,21.4,84.19999999999999
정선,2024-07-07,26.7,22.3,24.3,78.8,66.0,5.1,11.1,2.6,5.3,2.5,20.2,80.34
정선,2024-07-08,25.5,21.8,23.3,94.0,85.0,3.1,6.5,0.8,34.9,0.0,22.2,90.31
정선,2024-07-09,28.0,21.9,24.3,87.0,67.0,3.4,6.8,1.2,0.4,0.6,21.8,87.58
정선,2024-07-10,29.2,20.5,24.4,81.6,59.0,5.0,10.7,1.6,2.2,7.3,20.7,83.92
정선,2024-07-11,31.6,19.7,24.8,77.3,37.0,2.9,5.1,1.1,0.0,8.8,19.9,79.13
정선,2024-07-12,31.0,21.7,25.7,80.5,54.0,2.7,4.9,0.9,0.0,7.8,21.7,79.97
정선,2024-07-13,32.5,21.1,25.2,75.8,53.0,4.0,7.8,1.5,0.0,8.3,20.3,76.89
정선,2024-07-14,29.4,18.7,23.8,75.5,59.0,3.3,7.2,1.8,0.0,5.2,19.0,76.05999999999999
정선,2024-07-15,29.0,20.1,24.2,78.3,61.0,3.5,7.4,1.8,0.0,4.5,20.0,77.49
정선,2024-07-16,31.6,21.8,25.6,81.8,55.0,2.5,4.8,1.1,6.5,4.2,21.9,80.46999999999998
정선,2024-07-17,26.5,22.6,24.1,92.4,80.0,3.7,8.1,1.2,66.1,0.0,22.7,88.87
정선,2024-07-18,26.2,23.1,23.9,92.9,81.0,4.5,10.3,1.8,72.4,0.0,22.6,91.69
정선,2024-07-19,30.9,21.5,25.6,82.0,56.0,3.0,5.5,1.1,0.0,7.7,21.9,85.22
정선,2024-07-20,28.8,21.9,25.7,82.1,68.0,5.4,11.4,1.7,2.2,0.8,22.2,83.16
정선,2024-07-21,29.4,22.5,25.5,81.4,65.0,6.3,14.4,3.2,10.3,1.5,21.9,81.6
정선,2024-07-22,28.9,23.9,26.6,83.6,68.0,5.0,10.6,1.8,3.0,0.3,23.4,83.00999999999998
정선,2024-07-23,29.3,23.8,26.3,82.0,65.0,8.1,19.4,2.7,10.2,0.0,22.9,82.26
정선,2024-07-24,30.8,23.1,26.7,82.6,68.0,3.1,5.7,1.4,1.0,4.0,23.3,82.58
정선,2024-07-25,32.1,25.0,28.0,81.1,60.0,3.0,6.1,1.2,2.1,5.0,24.2,81.49
정선,2024-07-26,33.8,24.1,27.8,83.3,52.0,3.5,8.7,0.7,20.3,6.3,24.3,82.79
정선,2024-07-27,31.5,25.0,27.3,88.0,66.0,3.5,8.6,0.9,12.5,1.4,24.9,86.36999999999999
정선,2024-07-28,31.2,24.9,28.2,76.9,64.0,5.9,12.9,2.7,0.0,3.4,23.5,79.76
정선,2024-07-29,27.6,25.6,27.0,81.6,73.0,5.9,12.0,3.9,0.1,0.0,23.5,81.3
정선,2024-07-30,29.5,24.7,26.7,85.6,76.0,4.5,9.1,2.2,0.3,0.2,24.0,83.92999999999999
정선,2024-07-31,32.5,24.4,28.1,77.6,56.0,3.7,6.9,1.6,0.0,8.8,23.4,79.6
정선,2024-08-01,32.4,25.9,28.6,78.8,63.0,3.9,7.5,1.6,0.0,2.7,24.4,79.24
정선,2024-08-02,31.9,26.1,28.2,84.5,68.0,3.4,6.2,1.3,0.5,2.7,25.2,82.67
정선,2024-08-03,34.1,24.8,28.5,78.5,55.0,2.8,6.7,1.0,0.0,6.3,24.0,79.72999999999999
정선,2024-08-04,35.5,24.1,28.7,76.5,52.0,2.9,6.3,1.3,0.0,9.9,23.8,77.7
정선,2024-08-05,34.5,22.8,27.7,82.5,57.0,4.6,8.6,1.2,16.2,4.7,24.2,80.89999999999999
정선,2024-08-06,30.8,22.3,25.8,86.3,64.0,3.2,5.5,0.9,0.0,3.7,23.2,84.56
정선,2024-08-07,32.5,24.4,26.7,84.9,58.0,3.6,8.0,0.9,0.3,3.6,23.7,84.94
정선,2024-08-08,30.8,24.3,26.6,85.1,65.0,2.7,4.7,0.8,0.4,1.2,23.7,85.17999999999999
정선,2024-08-09,34.5,24.3,27.9,78.0,48.0,2.1,4.0,0.8,0.0,8.6,23.2,80.10999999999999
정선,2024-08-10,35.0,24.3,28.1,76.1,48.0,2.3,5.5,1.1,0.0,7.6,23.1,77.38000000000001
정선,2024-08-11,33.9,24.1,27.7,79.3,55.0,2.7,4.0,1.0,0.0,4.7,23.4,78.52999999999999
정선,2024-08-12,35.8,24.1,28.2,75.6,49.0,3.6,6.7,1.4,0.0,9.7,23.2,76.39
정선,2024-08-13,35.7,23.1,28.3,73.0,47.0,2.2,4.9,1.2,0.0,9.9,22.5,74.15
정선,2024-08-14,35.5,23.1,28.0,72.1,46.0,3.2,6.6,1.5,0.0,10.8,22.0,72.63
정선,2024-08-15,34.6,22.2,27.2,72.5,48.0,3.7,7.3,1.4,0.0,9.6,21.3,72.47
정선,2024-08-16,33.6,20.8,26.4,74.9,49.0,3.3,7.7,1.4,0.0,7.0,21.2,74.14
정선,2024-08-17,35.9,22.0,27.6,71.3,43.0,2.7,6.0,1.0,0.0,10.3,21.3,72.14
정선,2024-08-18,36.2,22.9,27.3,78.3,46.0,2.9,6.6,0.6,9.6,7.9,22.7,76.55999999999999
정선,2024-08-19,35.5,23.7,27.8,80.6,50.0,3.6,6.9,1.3,0.0,7.5,23.8,79.21
정선,2024-08-20,34.8,23.3,28.4,76.0,52.0,3.5,7.1,1.5,0.0,8.0,23.4,77.14999999999999
정선,2024-08-21,27.5,25.0,25.8,94.8,85.0,3.6,6.8,1.0,28.4,0.0,24.9,89.62
정선,2024-08-22,31.7,25.1,27.6,83.1,64.0,4.9,11.1,2.3,5.3,1.0,24.3,84.72999999999999
정선,2024-08-23,31.7,25.0,27.2,76.8,56.0,4.8,9.8,2.4,0.0,6.5,22.5,79.86
정선,2024-08-24,32.1,23.6,26.4,80.1,50.0,2.6,4.9,0.9,0.0,5.6,22.4,79.74
정선,2024-08-25,32.9,22.5,26.8,79.1,53.0,2.6,4.9,1.0,0.0,8.2,22.4,79.07
정선,2024-08-26,30.3,23.5,26.2,82.1,66.0,2.6,5.0,1.0,0.0,0.6,22.8,81.3
정선,2024-08-27,28.2,21.0,23.9,83.4,62.0,2.5,6.8,1.0,0.4,0.9,20.8,82.71
정선,2024-08-28,31.4,19.4,24.7,75.5,50.0,3.3,5.9,1.5,0.0,8.2,19.6,77.74
정선,2024-08-29,29.2,19.2,24.0,77.6,61.0,4.8,10.2,2.4,0.0,0.9,19.6,77.75999999999999
정선,2024-08-30,33.0,20.5,25.9,72.5,41.0,3.0,6.0,1.4,0.0,9.1,20.0,73.82
정선,2024-08-31,32.0,19.4,24.0,76.0,41.0,3.3,6.9,1.0,0.0,7.4,18.9,75.46
정선,2024-09-01,30.7,18.9,24.0,74.8,44.0,3.7,6.9,1.1,0.0,9.4,18.7,74.80999999999999
정선,2024-09-02,25.1,20.5,22.2,82.1,72.0,4.0,9.4,1.4,0.5,0.0,18.9,80.02999999999999
정선,2024-09-03,30.0,17.7,22.8,67.8,37.0,3.3,6.5,1.6,0.0,9.6,15.9,71.36
정선,2024-09-04,31.7,16.3,23.1,73.4,39.0,2.8,5.0,1.2,0.0,10.1,17.5,73.14999999999999
정선,2024-09-05,28.7,19.7,23.9,82.1,62.0,4.2,8.5,1.4,0.0,0.5,20.5,78.92999999999999
정선,2024-09-06,23.7,20.0,21.6,79.5,58.0,3.2,7.6,1.1,1.7,0.0,17.7,79.41
정선,2024-09-07,29.5,19.0,22.1,82.8,54.0,2.3,5.7,0.8,0.0,0.2,18.8,82.07
정선,2024-09-08,32.6,19.1,24.5,76.6,44.0,2.8,5.8,1.1,0.0,,19.6,78.13
정선,2024-09-09,32.7,21.4,26.0,77.5,50.0,2.5,5.1,1.0,0.0,,21.3,77.85
정선,2024-09-10,33.7,21.8,26.5,78.3,48.0,3.5,7.1,1.0,0.0,,21.9,77.97
정선,2024-09-11,34.1,21.9,26.2,76.8,50.0,4.3,8.1,1.7,0.0,,21.4,77.17
정선,2024-09-12,23.8,21.4,22.2,91.5,80.0,2.2,4.7,1.1,16.3,,20.7,87.24
정선,2024-09-13,28.5,21.3,23.8,93.4,69.0,2.5,5.2,0.4,14.9,,22.5,91.35999999999999
정선,2024-09-14,28.9,21.1,23.7,87.1,68.0,2.4,4.6,1.1,51.5,,21.3,88.8
정선,2024-09-15,26.1,20.2,22.1,80.9,64.0,4.7,10.7,2.2,0.2,,18.5,83.39
정선,2024-09-16,27.0,19.7,22.4,84.1,67.0,3.3,7.4,1.3,3.1,,19.4,83.75999999999999
정선,2024-09-17,30.8,21.7,25.6,87.4,65.0,2.5,4.3,0.5,0.0,,23.1,86.09
정선,2024-09-18,30.5,23.4,25.6,88.1,70.0,4.2,7.9,0.7,27.7,,23.4,87.55999999999999
정선,2024-09-19,31.6,22.8,26.0,89.0,65.0,2.4,4.4,0.5,0.8,,23.8,88.66
정선,2024-09-20,27.9,15.8,22.3,92.1,78.0,5.5,13.8,1.7,55.5,0.2,20.9,91.08
정선,2024-09-21,20.0,15.6,17.5,85.3,76.0,5.2,12.6,2.9,44.6,0.1,14.9,87.03
정선,2024-09-22,22.5,15.1,18.0,76.4,61.0,5.3,10.7,2.9,0.0,2.8,13.7,79.75
정선,2024-09-23,23.0,12.2,16.7,72.6,44.0,3.4,7.5,1.4,0.0,9.1,11.1,74.63
정선,2024-09-24,25.5,11.3,16.4,79.8,41.0,2.2,4.3,1.1,0.0,8.0,12.3,78.02
정선,2024-09-25,26.4,13.6,18.8,82.4,49.0,2.0,5.3,0.9,0.0,3.9,15.4,80.9
정선,2024-09-26,26.5,17.4,20.5,86.8,60.0,2.3,4.1,0.7,10.2,4.7,17.9,85.22
정선,2024-09-27,26.6,17.8,20.4,79.5,57.0,5.1,9.8,2.0,0.0,6.0,16.5,81.24999999999999
정선,2024-09-28,25.3,15.3,19.3,72.6,47.0,3.9,8.8,1.9,0.0,7.5,13.9,75.4
정선,2024-09-29,26.1,13.7,18.4,78.3,53.0,2.5,5.1,1.2,0.0,6.4,14.2,77.28
정선,2024-09-30,26.3,13.8,18.6,80.4,51.0,3.1,5.5,1.0,0.0,8.0,14.8,79.2
정선,2024-10-01,19.5,9.6,16.2,85.4,56.0,3.7,8.9,1.1,1.5,0.4,13.5,83.69
정선,2024-10-02,19.9,8.0,12.7,73.5,32.0,2.1,5.0,0.8,0.0,7.8,7.0,76.57000000000001
정선,2024-10-03,20.0,7.3,13.2,77.8,45.0,3.9,7.7,1.5,0.0,3.6,9.1,77.7
정선,2024-10-04,22.6,8.5,13.4,78.0,35.0,2.3,4.1,0.8,0.0,7.4,8.8,77.50999999999999
정선,2024-10-05,23.6,9.1,13.9,79.3,34.0,2.4,4.0,1.1,0.0,6.4,9.7,78.89
정선,2024-10-06,16.1,8.5,12.4,88.0,70.0,2.2,4.6,0.8,0.0,0.0,10.4,85.25999999999999
정선,2024-10-07,20.9,11.9,15.5,82.8,54.0,2.2,3.7,0.6,0.0,3.3,12.2,83.49000000000001
정선,2024-10-08,18.9,11.7,14.5,85.8,71.0,3.2,6.8,1.2,0.7,0.3,12.0,85.41999999999999
정선,2024-10-09,22.3,11.0,15.0,80.5,48.0,3.0,5.6,1.2,0.0,5.5,11.1,81.78999999999999
정선,2024-10-10,20.6,10.7,14.2,84.0,55.0,2.9,5.1,1.1,0.0,3.7,11.3,83.48
정선,2024-10-11,22.6,11.0,14.9,83.3,47.0,3.1,6.5,0.9,0.0,6.0,11.6,83.16
정선,2024-10-12,22.5,10.7,14.4,84.4,48.0,2.9,5.0,0.8,0.0,5.8,11.4,84.14
정선,2024-10-13,24.2,10.9,16.0,79.5,39.0,2.9,5.8,1.2,0.0,4.9,12.0,80.86
정선,2024-10-14,19.2,12.7,15.8,87.9,71.0,1.9,4.1,0.6,0.0,0.1,13.6,85.87
정선,2024-10-15,20.6,14.5,16.9,89.5,77.0,2.8,5.3,0.8,0.4,0.0,15.0,88.18
정선,2024-10-16,24.7,12.5,17.4,78.1,33.0,2.3,4.3,1.0,0.0,7.0,13.0,81.36
정선,2024-10-17,24.4,12.4,16.0,83.8,51.0,1.8,3.5,0.8,0.0,5.6,12.9,83.23
정선,2024-10-18,16.6,12.2,14.9,91.3,75.0,2.8,5.3,1.1,38.2,0.0,13.4,88.48
정선,2024-10-19,16.6,10.3,13.7,79.0,68.0,6.1,13.5,2.6,2.2,0.0,10.0,81.94
정선,2024-10-20,14.6,5.4,10.5,66.3,44.0,3.7,8.5,1.7,0.0,0.6,4.1,71.33999999999999
정선,2024-10-21,17.9,4.1,11.1,84.3,52.0,3.1,5.2,0.6,0.0,2.1,8.2,80.17
정선,2024-10-22,14.4,12.5,13.6,96.5,94.0,1.8,4.1,0.6,42.9,0.0,13.0,91.03999999999999
정선,2024-10-23,16.1,6.6,11.9,77.1,60.0,6.5,13.2,3.1,3.6,0.8,7.8,81.69999999999999
정선,2024-10-24,18.0,6.7,10.6,80.6,43.0,3.4,5.4,0.9,0.0,7.8,6.9,81.49
정선,2024-10-25,22.8,5.4,12.1,81.6,42.0,2.8,5.4,1.1,0.0,7.0,8.5,80.94999999999999
정선,2024-10-26,23.0,9.9,15.3,79.9,49.0,4.4,9.1,1.3,0.0,7.2,11.3,80.31
정선,2024-10-27,17.8,10.5,13.4,87.3,68.0,2.1,4.8,0.6,0.0,0.0,11.1,85.24999999999999
정선,2024-10-28,17.5,9.3,12.8,84.3,63.0,3.9,8.4,1.2,0.0,0.3,10.0,84.46
정선,2024-10-29,19.1,7.5,12.3,78.4,43.0,2.3,4.4,0.9,0.0,3.4,8.0,80.47000000000001
정선,2024-10-30,21.0,8.1,12.5,78.4,38.0,2.7,4.6,0.7,0.0,6.6,8.1,78.99000000000001
정선,2024-10-31,21.8,6.3,11.7,78.9,33.0,2.6,4.3,0.8,0.0,6.5,7.3,78.75000000000001
정선,2024-11-01,17.3,7.9,12.0,82.9,59.0,2.1,3.7,0.4,0.0,0.1,9.0,81.65
정선,2024-11-02,20.0,9.2,14.6,77.5,58.0,5.5,11.0,2.0,0.0,3.5,10.4,78.72
정선,2024-11-03,21.1,8.8,14.9,74.1,43.0,4.9,9.1,1.8,0.0,5.6,9.7,75.66
정선,2024-11-04,19.8,7.6,14.0,68.6,24.0,5.0,9.8,1.8,0.7,5.5,7.5,70.59
정선,2024-11-05,15.5,4.3,9.6,75.9,53.0,2.8,5.4,0.8,0.1,2.3,5.2,74.25999999999999
정선,2024-11-06,13.0,-0.7,4.7,63.3,23.0,3.2,5.5,0.8,0.0,7.7,-3.0,66.35
정선,2024-11-07,15.6,-1.6,5.2,65.3,23.0,2.3,5.2,0.8,0.0,7.7,-2.1,65.96
정선,2024-11-08,17.4,-0.1,7.1,74.1,33.0,2.3,3.9,0.9,0.0,7.7,2.1,71.25999999999999
정선,2024-11-09,19.0,2.8,8.2,79.5,39.0,2.3,3.8,0.8,0.0,6.6,4.2,77.0
정선,2024-11-10,19.6,4.3,9.3,82.4,44.0,2.7,5.0,0.5,0.0,4.6,5.9,80.99
정선,2024-11-11,20.4,4.6,10.9,83.3,55.0,4.3,7.4,1.1,0.0,6.2,7.8,82.74
정선,2024-11-12,19.0,5.6,11.3,73.6,34.0,3.5,6.3,0.9,0.0,7.5,5.7,76.41999999999999
정선,2024-11-13,19.5,3.4,10.2,75.9,40.0,2.4,4.7,0.8,0.0,7.3,5.5,76.17999999999999
정선,2024-11-14,16.4,7.3,11.6,83.6,58.0,2.6,4.6,0.6,0.2,1.1,8.6,81.05999999999999
정선,2024-11-15,21.8,8.8,14.6,76.1,45.0,3.2,6.5,1.1,0.0,5.4,9.9,77.58
정선,2024-11-16,21.9,11.9,16.4,73.4,44.0,4.1,8.1,1.5,0.3,4.7,11.1,74.96
정선,2024-11-17,15.7,3.0,9.9,57.0,33.0,2.6,6.4,1.1,0.0,3.4,1.4,62.19
정선,2024-11-18,7.9,-2.5,2.0,51.1,21.0,2.3,5.8,0.8,0.0,7.4,-7.9,54.51
정선,2024-11-19,10.9,-3.6,3.2,66.1,38.0,4.3,9.5,1.1,0.0,6.4,-2.9,62.19
정선,2024-11-20,10.5,-0.3,4.9,76.3,51.0,3.0,5.8,1.0,0.0,3.1,0.7,71.74
정선,2024-11-21,12.4,1.5,7.1,78.0,54.0,5.0,9.8,1.4,0.0,1.6,3.2,76.47
정선,2024-11-22,10.0,-0.7,4.0,64.0,32.0,4.2,8.4,0.9,0.0,4.2,-3.1,68.03
정선,2024-11-23,11.3,-3.7,2.6,70.5,40.0,3.2,7.3,1.0,0.0,5.3,-2.7,69.94999999999999
정선,2024-11-24,12.1,-2.4,2.8,75.8,33.0,2.2,4.9,0.7,0.0,7.1,-1.7,73.56
정선,2024-11-25,14.2,-1.7,5.3,72.0,39.0,2.8,4.1,0.8,0.0,6.7,0.1,72.61
정선,2024-11-26,9.9,3.1,6.0,77.0,54.0,7.0,16.6,3.2,17.9,1.3,2.1,75.88
정선,2024-11-27,3.1,-1.9,-0.2,80.5,62.0,5.3,11.5,2.6,4.7,0.0,-3.2,78.95
정선,2024-11-28,3.0,-1.4,0.9,67.1,52.0,7.4,16.4,3.2,0.8,1.1,-4.6,70.77
정선,2024-11-29,3.9,-6.0,0.0,67.1,49.0,4.7,10.0,2.3,0.0,5.3,-5.5,68.44
정선,2024-11-30,7.0,-1.0,3.0,69.1,47.0,4.7,9.6,2.3,0.0,5.7,-2.3,68.49999999999999
정선,2024-12-01,10.6,1.1,5.2,83.3,53.0,2.8,6.9,0.8,0.1,3.5,2.3,78.83999999999999
정선,2024-12-02,11.8,3.2,8.2,75.5,58.0,4.6,11.8,2.1,0.7,0.0,3.9,76.41999999999999
정선,2024-12-03,5.4,-1.9,1.3,52.8,21.0,4.8,9.5,1.6,0.0,7.1,-8.3,60.38999999999999
정선,2024-12-04,5.8,-4.8,1.0,44.6,18.0,4.8,11.0,2.1,0.0,7.1,-11.0,49.33
정선,2024-12-05,6.3,-1.8,2.7,45.9,25.0,5.5,12.0,2.9,0.0,7.1,-8.2,46.33
정선,2024-12-06,4.4,-2.8,1.3,33.8,24.0,5.6,11.8,2.5,0.0,7.2,-13.2,37.3
정선,2024-12-07,2.7,-7.4,-1.8,52.1,32.0,5.3,10.2,1.9,0.0,7.2,-10.9,47.81999999999999
정선,2024-12-08,2.3,-7.8,-3.6,57.1,27.0,3.9,7.5,1.2,0.0,7.2,-11.3,53.77
정선,2024-12-09,4.3,-10.0,-3.9,61.9,25.0,3.1,6.1,0.7,0.0,7.2,-11.1,59.96
정선,2024-12-10,5.7,-8.8,-2.6,67.1,29.0,3.7,7.8,0.6,0.0,7.2,-8.6,65.06
정선,2024-12-11,4.0,-5.0,-0.9,73.3,54.0,3.0,5.9,0.8,0.0,0.5,-5.2,70.91999999999999
정선,2024-12-12,5.5,-5.0,-1.3,69.5,28.0,3.4,6.2,0.6,0.0,4.4,-6.9,70.02
정선,2024-12-13,4.0,-5.0,-1.7,51.9,24.0,3.1,6.3,0.7,0.0,4.7,-10.9,57.559999999999995
정선,2024-12-14,1.3,-9.6,-3.5,51.4,28.0,4.8,10.3,1.9,0.0,7.2,-12.8,53.31
정선,2024-12-15,4.6,-3.8,-0.6,48.9,30.0,5.0,11.0,2.5,0.0,6.5,-10.5,49.699999999999996
정선,2024-12-16,1.9,-9.3,-3.1,62.5,32.0,5.1,10.8,1.9,0.0,6.0,-9.8,58.67
정선,2024-12-17,3.0,-9.7,-4.1,57.9,23.0,4.8,10.6,1.0,0.0,6.8,-12.3,57.919999999999995
정선,2024-12-18,0.4,-11.7,-6.4,64.3,36.0,2.3,3.9,0.5,0.0,6.5,-12.5,62.839999999999996
정선,2024-12-19,3.7,-11.8,-5.4,67.8,29.0,2.9,5.4,0.5,0.0,7.2,-11.2,66.11
정선,2024-12-20,1.6,-7.7,-3.1,72.9,53.0,2.0,3.6,0.4,0.1,0.4,-7.5,71.02000000000001
정선,2024-12-21,0.5,-4.4,-1.6,74.4,53.0,4.3,8.5,1.1,3.3,0.6,-5.7,73.44
정선,2024-12-22,-2.3,-13.2,-8.4,72.8,43.0,4.2,7.8,1.1,0.0,7.1,-12.8,73.13000000000001
정선,2024-12-23,2.8,-13.9,-6.8,74.3,38.0,3.9,8.3,0.7,0.0,7.1,-11.1,74.00999999999999
정선,2024-12-24,2.5,-11.6,-5.8,73.4,35.0,2.7,5.1,0.5,0.0,7.1,-10.5,73.52000000000001
정선,2024-12-25,2.6,-9.3,-2.2,74.3,53.0,5.0,10.2,1.6,0.9,2.3,-6.4,74.12
정선,2024-12-26,2.3,-5.0,-0.1,50.3,32.0,5.5,10.6,2.6,0.2,6.7,-9.8,57.41
정선,2024-12-27,-0.8,-8.8,-4.3,44.8,28.0,5.8,12.5,2.3,0.0,7.2,-14.8,48.849999999999994
정선,2024-12-28,-1.9,-8.7,-5.0,45.4,29.0,5.0,9.5,2.3,0.0,7.2,-15.3,45.769999999999996
정선,2024-12-29,2.2,-12.5,-4.3,61.8,30.0,4.1,9.3,1.1,0.0,7.2,-11.3,56.81999999999999
정선,2024-12-30,6.4,-2.1,3.9,63.9,52.0,5.0,10.9,2.8,0.1,0.2,-2.4,61.629999999999995
정선,2024-12-31,4.4,-6.8,-0.9,47.6,29.0,4.5,9.9,1.7,0.0,7.2,-11.2,52.28
춘천,2022-01-01,0.0,-14.9,-8.2,58.1,28.0,1.9,2.4,0.7,0.0,8.0,-15.7,
춘천,2022-01-02,5.3,-8.9,-2.7,59.9,27.0,3.4,4.9,0.9,0.0,6.9,-10.0,
춘천,2022-01-03,2.1,-12.3,-3.8,64.9,32.0,3.0,5.6,1.2,0.0,6.9,-9.9,63.22
춘천,2022-01-04,3.7,-8.6,-3.4,61.5,21.0,2.6,4.5,0.8,0.0,8.0,-11.2,62.02
춘천,2022-01-05,1.9,-11.0,-4.7,63.0,29.0,2.6,4.7,0.5,0.0,5.2,-11.0,62.88999999999999
춘천,2022-01-06,5.5,-10.2,-4.1,65.3,23.0,1.9,3.0,0.4,0.0,8.0,-10.6,64.46
춘천,2022-01-07,5.1,-11.7,-4.9,64.1,25.0,1.6,2.2,0.4,0.0,7.9,-11.3,64.22999999999999
춘천,2022-01-08,3.0,-11.3,-3.0,69.4,42.0,3.1,5.0,0.7,0.0,3.2,-8.1,67.92999999999999
춘천,2022-01-09,6.3,-5.0,-0.4,78.8,35.0,1.8,2.6,0.4,0.0,4.8,-3.9,75.44999999999999
춘천,2022-01-10,2.6,-6.8,-1.7,81.0,56.0,3.0,4.9,0.7,0.0,0.8,-4.7,79.39999999999999
춘천,2022-01-11,0.5,-10.7,-5.1,49.5,30.0,4.8,6.9,2.5,0.3,8.1,-14.5,58.73
춘천,2022-01-12,-1.6,-15.9,-8.6,53.5,25.0,4.1,5.8,1.5,0.0,7.9,-17.3,55.449999999999996
춘천,2022-01-13,-2.1,-13.9,-8.5,52.6,25.0,5.4,7.8,2.0,0.0,8.2,-17.4,52.470000000000006
춘천,2022-01-14,1.0,-16.1,-8.3,56.1,22.0,2.1,2.9,0.8,0.0,8.2,-16.5,55.14
춘천,2022-01-15,-0.2,-10.5,-4.5,59.8,39.0,1.8,2.5,0.6,0.0,1.3,-11.4,58.33999999999999
춘천,2022-01-16,2.8,-7.7,-1.4,48.6,24.0,5.0,7.2,2.3,0.0,8.3,-11.8,51.589999999999996
춘천,2022-01-17,-0.5,-14.3,-7.0,55.3,24.0,5.7,8.6,1.7,0.0,5.5,-14.9,54.41
춘천,2022-01-18,1.7,-14.9,-7.2,54.5,20.0,2.6,4.1,0.9,0.0,8.4,-16.1,54.07
춘천,2022-01-19,-2.6,-10.6,-6.7,79.3,51.0,2.0,2.9,0.7,2.2,0.5,-9.8,71.94
춘천,2022-01-20,2.3,-14.3,-7.5,73.5,28.0,1.6,2.7,0.7,0.0,6.3,-12.2,72.76
춘천,2022-01-21,4.3,-13.8,-6.2,70.4,28.0,2.4,3.7,0.7,0.0,8.4,-11.4,71.91
춘천,2022-01-22,1.9,-11.1,-5.2,74.0,48.0,1.7,2.4,0.6,0.0,2.8,-9.3,73.22999999999999
춘천,2022-01-23,9.0,-5.1,0.9,67.4,37.0,4.1,5.8,0.9,0.0,7.6,-4.8,69.02000000000001
춘천,2022-01-24,5.8,-2.2,2.0,64.1,46.0,4.2,6.1,2.4,0.0,1.1,-4.2,65.75
춘천,2022-01-25,2.5,-0.3,1.0,87.9,71.0,1.6,2.2,0.4,0.3,0.0,-0.8,81.08999999999999
춘천,2022-01-26,7.5,-4.3,0.1,68.9,26.0,3.5,6.0,1.0,0.0,7.5,-6.2,72.22
춘천,2022-01-27,6.4,-8.0,-2.2,59.0,24.0,3.1,4.9,0.8,0.0,8.5,-10.2,63.87
춘천,2022-01-28,4.6,-10.8,-4.2,57.4,24.0,4.0,6.2,1.0,0.0,8.8,-12.5,58.870000000000005
춘천,2022-01-29,2.9,-11.8,-5.2,55.1,22.0,3.4,5.2,1.1,0.0,8.8,-14.0,55.949999999999996
춘천,2022-01-30,4.3,-12.7,-5.3,54.1,23.0,3.1,4.5,0.9,0.0,8.8,-14.2,54.63
춘천,2022-01-31,5.5,-12.8,-3.9,60.6,25.0,3.8,5.8,1.0,0.0,8.8,-11.3,58.75
춘천,2022-02-01,2.2,-6.3,-1.2,69.1,46.0,4.9,6.6,1.8,0.6,5.7,-6.3,65.89999999999999
춘천,2022-02-02,2.0,-10.2,-4.0,58.5,25.0,4.6,7.6,2.0,0.0,8.7,-12.1,60.83
춘천,2022-02-03,3.0,-11.7,-4.9,52.1,22.0,3.8,5.6,1.2,0.0,9.1,-14.6,55.08
춘천,2022-02-04,0.3,-12.9,-6.4,48.1,22.0,5.5,9.3,2.1,0.0,8.8,-16.6,49.940000000000005
춘천,2022-02-05,-1.2,-15.1,-7.8,47.8,24.0,4.9,8.0,2.0,0.0,9.1,-17.9,48.29
춘천,2022-02-06,2.7,-13.9,-5.1,47.0,24.0,5.5,8.6,1.9,0.0,9.1,-15.5,47.27
춘천,2022-02-07,2.6,-12.5,-4.4,51.0,26.0,1.9,3.1,0.8,0.0,6.1,-13.9,49.879999999999995
춘천,2022-02-08,6.9,-9.9,-2.5,52.0,17.0,2.8,3.8,0.9,0.0,8.3,-12.2,51.300000000000004
춘천,2022-02-09,7.4,-10.6,-2.2,50.0,19.0,1.6,2.6,0.7,0.0,8.6,-12.4,50.5
춘천,2022-02-10,9.7,-8.2,-0.7,51.0,18.0,3.4,5.4,0.9,0.0,9.2,-10.9,50.9
춘천,2022-02-11,10.0,-9.0,-0.1,57.3,26.0,1.9,3.1,0.7,0.0,8.6,-8.5,55.309999999999995
춘천,2022-02-12,11.9,-3.8,2.2,51.9,12.0,1.7,3.4,0.7,0.0,8.9,-8.3,52.89
춘천,2022-02-13,8.8,-3.2,2.2,55.5,27.0,3.3,4.4,1.0,0.0,1.8,-6.3,54.959999999999994
춘천,2022-02-14,8.5,-4.5,1.2,71.1,35.0,6.3,9.4,1.8,0.7,1.6,-3.8,66.06
춘천,2022-02-15,0.7,-7.6,-3.4,49.4,38.0,5.1,8.8,3.4,0.0,8.0,-12.6,54.349999999999994
춘천,2022-02-16,-2.8,-11.1,-7.2,39.8,22.0,5.1,8.3,3.0,0.0,9.7,-19.2,44.849999999999994
춘천,2022-02-17,0.7,-15.2,-7.4,48.4,23.0,2.4,4.3,1.0,0.0,9.7,-17.4,46.779999999999994
춘천,2022-02-18,6.4,-13.3,-3.5,46.0,15.0,3.4,4.6,1.0,0.0,8.9,-15.1,45.85999999999999
춘천,2022-02-19,5.4,-5.6,-1.1,46.1,24.0,5.7,8.3,1.8,0.0,4.6,-11.5,46.31
춘천,2022-02-20,0.7,-11.0,-4.4,33.9,16.0,4.7,6.9,2.4,0.0,9.8,-18.9,37.55
춘천,2022-02-21,2.5,-12.5,-4.6,56.6,30.0,4.4,7.0,1.8,0.6,6.5,-12.3,51.01
춘천,2022-02-22,1.1,-12.0,-4.7,41.1,24.0,5.4,9.6,2.5,0.0,9.8,-16.8,43.480000000000004
춘천,2022-02-23,1.1,-15.0,-6.8,41.6,15.0,4.5,6.8,1.5,0.0,9.8,-19.3,43.0
춘천,2022-02-24,5.0,-14.3,-4.1,48.1,21.0,3.8,6.6,1.5,0.0,9.9,-14.4,46.1
춘천,2022-02-25,8.9,-9.0,0.6,65.0,30.0,4.4,6.9,1.4,0.0,9.1,-5.7,59.28
춘천,2022-02-26,10.0,-1.2,4.9,68.5,41.0,6.1,10.6,2.6,4.7,1.0,-0.6,65.75999999999999
춘천,2022-02-27,9.9,-4.8,3.4,55.3,28.0,5.0,8.6,2.4,0.0,10.1,-5.8,58.91
춘천,2022-02-28,11.4,-2.5,3.6,66.4,28.0,2.7,3.6,0.9,0.0,5.3,-2.9,64.39
춘천,2022-03-01,10.4,-1.6,3.8,76.4,43.0,4.2,6.0,1.0,0.9,3.1,-0.4,72.29
춘천,2022-03-02,10.4,-6.3,2.5,58.5,21.0,5.8,8.1,1.9,0.0,10.2,-6.3,62.87
춘천,2022-03-03,12.6,-3.2,3.9,56.0,17.0,5.0,7.9,1.5,0.0,10.2,-5.9,58.54
춘천,2022-03-04,14.7,-5.0,5.5,55.1,26.0,6.6,11.7,2.3,0.3,7.3,-3.6,55.620000000000005
춘천,2022-03-05,7.8,-1.6,3.0,32.1,16.0,6.6,10.3,3.6,0.0,10.3,-13.2,39.09
춘천,2022-03-06,9.4,-6.6,1.0,38.9,13.0,3.5,5.1,1.3,0.0,10.5,-13.4,39.16
춘천,2022-03-07,10.2,-6.7,1.8,44.0,19.0,3.1,4.9,1.0,0.0,8.2,-10.7,41.79
춘천,2022-03-08,12.9,-3.4,4.1,56.8,34.0,3.3,5.1,1.1,0.0,6.7,-4.2,52.45
춘천,2022-03-09,16.1,-2.9,5.6,60.6,20.0,2.2,3.3,0.8,0.0,10.0,-2.8,58.18
춘천,2022-03-10,17.4,0.6,7.8,46.4,14.0,4.4,6.9,1.4,0.0,9.3,-5.3,50.279999999999994
춘천,2022-03-11,19.3,-2.2,8.1,55.6,33.0,2.8,4.6,1.0,0.0,9.3,-0.8,54.260000000000005
춘천,2022-03-12,19.2,0.8,10.8,69.0,40.0,3.9,7.4,1.2,3.9,4.9,4.7,64.06
춘천,2022-03-13,14.7,9.2,11.9,90.8,74.0,4.2,6.2,1.5,38.6,0.0,10.3,82.92
춘천,2022-03-14,10.3,6.9,8.7,77.4,65.0,5.7,8.2,2.3,7.5,0.0,4.8,79.24000000000001
춘천,2022-03-15,14.4,2.6,8.0,68.4,46.0,3.0,4.7,1.4,0.0,8.7,2.0,72.44000000000001
춘천,2022-03-16,18.4,0.7,9.1,66.6,28.0,2.1,3.3,0.8,0.0,8.8,1.9,68.03999999999999
춘천,2022-03-17,13.9,7.4,9.4,58.6,40.0,5.4,8.2,3.1,0.0,6.0,1.4,61.18
춘천,2022-03-18,8.4,4.5,6.5,58.8,50.0,5.4,8.3,3.0,0.0,0.0,-1.0,59.53999999999999
춘천,2022-03-19,6.8,0.9,3.5,78.1,54.0,3.7,5.5,1.7,11.5,0.6,-0.2,72.28999999999999
춘천,2022-03-20,9.5,-0.1,4.7,68.1,38.0,3.7,5.8,1.5,0.1,4.7,-1.4,69.16999999999999
춘천,2022-03-21,10.9,-2.6,4.4,59.6,23.0,2.8,4.8,1.0,0.0,7.4,-4.0,63.15
춘천,2022-03-22,14.0,-2.0,6.0,54.0,20.0,3.4,5.2,1.1,0.0,11.1,-4.2,56.53
춘천,2022-03-23,8.8,1.9,5.6,55.9,35.0,4.4,6.5,1.7,0.0,1.4,-3.0,55.88999999999999
춘천,2022-03-24,10.3,5.2,7.4,66.3,57.0,3.5,4.9,1.2,0.0,0.0,1.4,62.989999999999995
춘천,2022-03-25,16.5,2.2,9.8,74.3,44.0,3.1,4.8,1.0,9.1,2.3,4.8,70.86
춘천,2022-03-26,15.6,8.0,11.2,90.3,63.0,3.3,4.8,1.2,30.6,1.8,9.4,84.69999999999999
춘천,2022-03-27,13.6,1.7,7.3,60.0,22.0,6.0,9.3,2.0,0.0,10.3,-1.9,67.49000000000001
춘천,2022-03-28,16.0,-3.1,6.0,47.1,9.0,2.7,4.4,0.9,0.0,11.5,-7.9,54.0
춘천,2022-03-29,17.4,-1.9,8.1,53.5,26.0,4.0,6.4,1.4,0.0,11.3,-1.8,52.87
춘천,2022-03-30,16.0,1.9,9.5,74.3,44.0,2.8,4.0,1.0,0.5,4.6,4.8,67.42
춘천,2022-03-31,11.8,5.5,9.1,66.4,43.0,4.3,6.4,2.5,0.0,1.9,2.9,66.69
춘천,2022-04-01,16.2,1.0,8.3,54.5,23.0,3.8,5.2,1.6,0.0,11.3,-2.0,58.86
춘천,2022-04-02,15.8,-0.6,8.0,51.0,20.0,4.8,6.8,1.5,0.0,11.4,-3.3,53.239999999999995
춘천,2022-04-03,18.6,-0.7,8.7,49.8,14.0,3.0,4.6,0.9,0.0,11.5,-3.5,50.51
춘천,2022-04-04,19.0,0.2,9.8,50.5,19.0,4.5,7.4,1.6,0.0,11.6,-1.6,50.41
춘천,2022-04-05,17.9,0.5,10.4,43.1,19.0,4.9,7.2,1.8,0.0,10.7,-3.6,45.25
춘천,2022-04-06,19.3,3.8,12.4,36.8,17.0,4.2,6.5,1.6,0.0,9.7,-3.1,39.42999999999999
춘천,2022-04-07,18.6,7.3,12.7,36.0,21.0,5.9,8.2,2.5,0.0,10.8,-2.7,36.870000000000005
춘천,2022-04-08,21.7,1.1,12.1,44.4,21.0,4.2,6.9,1.5,0.0,11.6,-1.2,41.96
춘천,2022-04-09,25.7,7.8,16.6,48.3,25.0,5.1,8.4,1.8,0.0,10.3,4.5,46.29
춘천,2022-04-10,26.8,7.9,17.6,46.4,17.0,4.3,5.9,1.6,0.0,11.2,3.4,46.58
춘천,2022-04-11,27.4,9.5,18.4,53.8,29.0,3.9,6.2,1.4,0.0,11.3,7.9,51.769999999999996
춘천,2022-04-12,27.9,12.6,19.6,64.5,37.0,4.0,5.8,1.7,0.4,9.4,12.0,60.55
춘천,2022-04-13,14.2,8.9,10.5,62.1,40.0,5.6,8.8,3.4,7.9,0.0,2.9,61.75
춘천,2022-04-14,14.4,8.7,11.1,51.8,39.0,4.4,7.8,3.0,0.0,0.7,1.3,55.13
춘천,2022-04-15,19.8,3.6,10.8,57.6,18.0,5.8,8.4,1.8,0.0,10.1,1.6,56.89
춘천,2022-04-16,20.9,3.2,12.2,49.3,17.0,4.6,7.0,1.8,0.0,12.2,-0.5,51.21
춘천,2022-04-17,23.1,2.6,13.4,39.5,12.0,5.6,7.2,1.4,0.0,11.9,-2.4,43.269999999999996
춘천,2022-04-18,23.1,9.4,15.1,39.0,19.0,5.6,8.4,1.6,0.0,7.1,0.0,40.129999999999995
춘천,2022-04-19,23.4,4.4,14.3,44.1,18.0,4.4,6.8,1.7,0.0,12.0,0.5,42.620000000000005
춘천,2022-04-20,23.9,4.6,14.5,46.3,19.0,4.7,7.5,1.6,0.0,12.1,0.9,45.129999999999995
춘천,2022-04-21,23.3,4.8,14.8,53.6,26.0,4.8,8.1,1.7,0.0,10.4,4.0,51.19
춘천,2022-04-22,17.4,13.7,16.1,65.8,50.0,4.1,6.7,2.1,0.0,0.0,9.4,61.41
춘천,2022-04-23,25.4,8.7,16.1,60.8,19.0,2.5,3.6,1.0,0.0,10.1,6.4,61.08
춘천,2022-04-24,26.2,8.8,17.6,57.6,32.0,4.3,6.9,1.5,0.0,8.8,8.2,59.06
춘천,2022-04-25,25.5,13.9,20.0,69.4,51.0,3.3,4.9,0.9,0.0,3.1,13.9,66.18
춘천,2022-04-26,30.0,16.4,22.0,59.8,29.0,4.7,7.2,1.9,1.6,8.8,12.6,61.49999999999999
춘천,2022-04-27,25.0,9.6,17.4,34.1,11.0,3.7,6.0,1.6,0.0,11.8,-0.7,42.769999999999996
춘천,2022-04-28,24.9,8.4,15.8,53.1,23.0,5.6,8.3,2.3,0.0,8.3,5.5,49.97
춘천,2022-04-29,15.4,8.8,11.6,70.3,47.0,4.6,6.6,2.2,18.6,3.7,5.9,63.239999999999995
춘천,2022-04-30,16.5,7.5,11.2,72.5,51.0,3.8,5.6,1.3,0.0,0.4,6.1,70.12
춘천,2022-05-01,19.3,3.8,12.0,56.6,21.0,6.3,10.7,2.3,0.0,11.0,1.5,61.15
춘천,2022-05-02,18.9,5.2,12.1,58.5,23.0,4.0,5.6,1.1,0.0,9.2,2.5,59.519999999999996
춘천,2022-05-03,21.8,4.2,13.2,55.5,22.0,5.0,7.8,1.7,0.0,12.7,2.6,56.209999999999994
춘천,2022-05-04,26.1,5.3,16.3,52.4,27.0,4.5,7.5,1.6,0.0,12.6,5.0,53.63
춘천,2022-05-05,26.6,8.7,17.6,54.6,20.0,3.9,5.3,1.4,0.0,12.8,6.3,54.25
춘천,2022-05-06,26.3,9.9,19.2,59.0,36.0,3.8,5.9,1.6,0.0,11.9,10.0,57.46
춘천,2022-05-07,23.6,14.9,18.9,50.5,20.0,4.6,7.2,2.2,0.0,6.2,7.1,52.60999999999999
춘천,2022-05-08,16.7,10.7,13.5,60.6,31.0,4.3,5.8,1.5,3.1,0.0,5.0,58.42
춘천,2022-05-09,24.6,8.8,15.6,59.0,15.0,4.9,7.3,1.8,0.0,11.9,5.1,58.47
춘천,2022-05-10,26.4,8.2,16.9,47.9,15.0,3.4,5.0,1.3,0.0,10.0,3.7,51.39
춘천,2022-05-11,26.1,13.2,19.8,50.8,32.0,3.4,6.8,1.5,0.0,10.4,8.6,51.03999999999999
춘천,2022-05-12,28.0,13.1,19.7,57.9,27.0,4.0,6.7,1.7,0.0,8.9,10.4,55.48
춘천,2022-05-13,22.4,11.0,16.4,56.0,44.0,5.0,7.3,2.4,0.0,3.0,7.4,55.85999999999999
춘천,2022-05-14,21.6,6.0,14.4,48.1,14.0,5.7,9.6,2.1,0.0,12.4,1.1,50.660000000000004
춘천,2022-05-15,22.6,5.9,15.3,42.9,20.0,5.5,8.0,1.8,0.0,13.2,1.1,45.25
춘천,2022-05-16,24.4,6.1,16.4,49.3,28.0,5.3,9.4,1.8,0.0,12.8,4.7,47.9
춘천,2022-05-17,27.1,9.5,18.6,59.3,26.0,4.2,8.0,1.3,0.5,11.7,9.5,55.66
춘천,2022-05-18,25.9,11.6,19.1,59.0,36.0,3.8,6.7,1.4,0.2,6.6,10.0,58.089999999999996
춘천,2022-05-19,26.2,12.8,19.9,51.5,28.0,4.4,6.7,1.6,0.0,10.2,8.8,53.779999999999994
춘천,2022-05-20,27.1,11.2,19.4,52.6,33.0,3.2,5.8,1.4,0.0,11.0,8.6,53.02
춘천,2022-05-21,27.5,11.9,20.4,61.0,38.0,4.2,6.3,1.8,0.0,11.9,12.1,58.37
춘천,2022-05-22,25.4,15.5,20.0,69.8,50.0,3.1,4.0,1.5,0.0,4.5,14.0,66.32
춘천,2022-05-23,30.3,14.8,22.4,65.3,36.0,2.7,4.5,1.4,0.0,8.4,14.6,65.77
춘천,2022-05-24,31.2,15.4,23.1,55.4,26.0,3.1,4.7,1.3,0.0,12.5,12.0,58.81999999999999
춘천,2022-05-25,28.3,13.4,20.6,61.9,30.0,4.4,6.9,1.7,7.1,9.2,11.8,60.94
춘천,2022-05-26,23.9,13.2,18.8,52.4,26.0,5.6,9.3,2.4,0.0,12.4,7.4,54.6
춘천,2022-05-27,25.9,16.7,20.4,53.5,38.0,5.0,8.6,2.7,0.0,8.0,10.3,54.11999999999999
춘천,2022-05-28,30.2,12.4,21.0,60.1,30.0,5.3,8.9,1.7,0.0,12.4,11.9,58.010000000000005
춘천,2022-05-29,29.5,12.6,21.5,58.6,27.0,3.4,5.0,1.3,0.0,12.2,12.2,58.39
춘천,2022-05-30,23.4,16.3,19.6,75.6,54.0,3.7,5.1,1.3,0.0,0.0,15.0,70.65
춘천,2022-05-31,27.7,11.4,19.3,53.5,21.0,6.0,9.3,1.7,0.0,12.9,7.6,58.42999999999999
춘천,2022-06-01,29.8,10.5,20.3,45.4,18.0,4.2,6.4,1.6,0.0,13.4,6.5,50.04
춘천,2022-06-02,29.3,11.8,21.4,56.0,32.0,4.0,5.7,1.7,0.0,13.5,11.3,53.629999999999995
춘천,2022-06-03,32.7,15.6,23.2,60.0,21.0,5.8,8.5,2.0,0.0,12.8,13.7,57.74
춘천,2022-06-04,29.5,16.8,23.2,60.8,41.0,3.1,4.8,1.7,0.0,7.1,14.8,60.16
춘천,2022-06-05,24.9,17.8,20.9,72.0,49.0,3.3,5.0,1.5,3.2,0.1,15.3,68.56
춘천,2022-06-06,20.4,14.0,17.1,75.9,52.0,5.3,7.0,2.4,18.8,1.9,12.4,73.61
춘천,2022-06-07,22.3,12.0,17.6,63.4,45.0,4.1,6.4,2.1,0.0,7.9,10.1,66.75999999999999
춘천,2022-06-08,25.6,13.9,19.6,61.4,42.0,3.7,5.4,1.5,0.2,8.5,11.5,63.25
춘천,2022-06-09,23.1,15.6,18.3,83.8,58.0,3.7,5.2,1.4,12.0,1.1,15.3,77.28
춘천,2022-06-10,25.2,16.8,20.2,80.8,56.0,3.1,5.1,1.0,0.0,3.1,16.5,79.46
춘천,2022-06-11,29.7,16.7,21.8,68.4,40.0,5.2,7.2,2.1,0.0,11.3,15.2,72.42
춘천,2022-06-12,29.3,15.5,22.8,62.6,35.0,3.2,4.4,1.6,0.0,10.9,14.5,65.58
춘천,2022-06-13,26.3,18.9,21.6,66.5,48.0,5.0,7.4,2.4,2.1,4.8,14.8,65.91
춘천,2022-06-14,23.9,16.4,19.9,58.1,45.0,6.5,10.2,3.1,0.0,8.4,11.2,60.23
춘천,2022-06-15,18.5,14.5,16.7,92.0,61.0,3.2,4.3,1.1,18.2,0.0,15.3,82.67
춘천,2022-06-16,24.1,17.3,20.4,80.0,61.0,2.7,4.5,1.3,7.0,4.0,16.5,80.21000000000001
춘천,2022-06-17,28.9,15.6,22.2,76.9,53.0,3.3,4.4,1.3,0.0,9.1,17.4,79.03
춘천,2022-06-18,27.1,20.7,24.1,76.4,58.0,3.0,5.1,1.4,0.0,3.2,19.5,76.86000000000001
춘천,2022-06-19,28.9,21.5,24.1,79.3,58.0,3.3,4.9,1.2,0.0,2.9,20.1,78.47999999999999
춘천,2022-06-20,32.1,20.5,25.8,74.9,46.0,2.7,4.1,1.2,0.0,9.0,20.4,75.92999999999999
춘천,2022-06-21,34.8,20.3,27.0,70.4,29.0,2.7,3.7,1.2,0.0,10.0,20.1,72.19
춘천,2022-06-22,32.8,21.9,27.1,70.3,47.0,3.2,4.9,1.5,0.0,7.5,20.6,70.77999999999999
춘천,2022-06-23,26.0,20.5,23.6,90.5,68.0,3.9,6.4,1.2,111.9,0.5,21.8,84.45
춘천,2022-06-24,27.4,23.5,25.1,74.8,61.0,4.8,8.4,2.4,21.7,10.3,20.0,77.49
춘천,2022-06-25,32.4,21.2,26.8,68.4,51.0,3.7,5.9,2.0,0.0,9.1,20.2,71.89
춘천,2022-06-26,28.5,23.9,26.3,82.4,67.0,3.4,5.8,1.2,0.1,0.6,22.9,78.84
춘천,2022-06-27,29.1,24.6,26.4,89.3,72.0,2.9,5.2,1.0,13.4,0.0,24.4,85.83
춘천,2022-06-28,28.0,24.7,26.6,77.5,69.0,4.4,8.1,2.6,5.4,0.0,22.2,80.35
춘천,2022-06-29,27.0,24.0,25.6,89.5,73.0,4.8,8.5,2.2,49.6,0.0,23.6,87.08000000000001
춘천,2022-06-30,24.7,20.6,22.2,99.0,95.0,3.2,4.8,1.0,138.9,0.0,21.9,94.95
춘천,2022-07-01,31.5,20.7,26.1,83.5,59.0,3.6,5.5,1.1,0.0,10.1,22.6,87.2
춘천,2022-07-02,33.8,22.3,27.2,79.3,50.0,3.4,4.8,1.4,0.0,10.0,22.6,82.11
춘천,2022-07-03,34.7,22.2,28.3,76.0,43.0,3.0,5.0,1.4,0.0,10.5,22.9,77.41
춘천,2022-07-04,34.9,23.9,27.8,84.0,55.0,5.0,7.7,1.2,0.6,8.0,24.4,81.93
춘천,2022-07-05,34.2,24.1,27.6,86.5,61.0,3.9,7.6,1.0,3.9,5.2,24.9,84.94999999999999
춘천,2022-07-06,32.7,24.5,28.5,80.5,64.0,2.9,4.8,1.2,0.0,3.8,24.5,82.05
춘천,2022-07-07,31.8,25.5,28.2,88.9,65.0,3.1,4.9,1.2,15.9,2.1,26.0,86.98
춘천,2022-07-08,27.2,25.2,26.2,85.1,76.0,2.9,4.5,1.2,0.5,0.7,23.5,85.39999999999999
춘천,2022-07-09,32.7,24.5,27.9,84.4,61.0,2.6,3.8,0.8,0.0,5.1,24.7,84.99
춘천,2022-07-10,34.8,24.1,28.9,78.1,49.0,3.3,5.3,1.4,13.4,9.5,24.1,80.06
춘천,2022-07-11,29.4,22.9,25.6,86.3,68.0,3.9,5.5,1.4,1.3,4.0,22.9,84.47
춘천,2022-07-12,30.5,20.9,25.9,77.6,56.0,3.1,4.7,1.5,0.0,7.5,21.3,79.39
춘천,2022-07-13,25.1,23.2,24.0,96.1,79.0,3.3,5.1,1.0,75.9,0.0,23.3,91.41999999999999
춘천,2022-07-14,30.3,21.7,25.3,85.8,65.0,3.3,5.3,1.2,3.1,6.3,22.5,87.04
춘천,2022-07-15,31.4,21.4,25.4,83.3,55.0,3.8,6.5,1.2,0.0,8.0,22.0,85.08
춘천,2022-07-16,27.6,21.2,24.4,87.5,65.0,3.4,5.1,0.9,0.5,3.8,22.0,86.49
춘천,2022-07-17,29.5,23.2,25.2,88.0,65.0,3.0,4.9,1.2,0.0,3.0,22.8,87.42999999999999
춘천,2022-07-18,31.1,22.7,26.1,84.1,59.0,3.2,4.6,1.1,0.0,6.0,22.8,85.22
춘천,2022-07-19,32.1,22.8,27.4,77.3,55.0,4.2,7.2,1.5,0.0,8.8,22.6,79.72999999999999
춘천,2022-07-20,30.8,24.0,26.9,82.6,61.0,3.5,5.2,1.2,1.3,3.1,23.4,81.69
춘천,2022-07-21,25.3,20.4,22.7,92.8,80.0,3.4,5.3,1.8,42.4,0.0,21.4,89.21
춘천,2022-07-22,28.7,21.6,24.5,88.0,66.0,3.8,5.3,0.9,1.4,5.5,22.1,88.42
춘천,2022-07-23,28.8,22.4,24.8,89.0,62.0,2.6,4.0,1.0,15.3,1.7,22.6,89.18
춘천,2022-07-24,29.6,22.0,24.7,91.4,66.0,2.9,4.0,1.1,8.5,2.3,23.0,90.58
춘천,2022-07-25,32.8,22.4,27.2,78.0,53.0,2.7,4.8,1.4,0.0,13.3,22.5,81.78
춘천,2022-07-26,33.8,22.3,27.6,81.4,53.0,2.8,3.8,1.2,0.0,9.7,23.7,81.72
춘천,2022-07-27,33.1,24.1,28.2,72.8,50.0,2.9,5.6,1.4,0.0,7.6,22.4,75.03999999999999
춘천,2022-07-28,33.7,22.5,28.1,76.8,57.0,3.3,5.1,1.7,0.0,10.6,23.3,76.46
춘천,2022-07-29,35.3,25.0,29.7,77.5,53.0,2.9,4.3,1.5,4.4,12.0,24.9,76.89
춘천,2022-07-30,34.9,25.0,29.1,83.1,55.0,3.8,6.4,1.7,0.0,9.0,25.5,81.35
춘천,2022-07-31,28.1,25.4,26.6,96.4,81.0,3.1,4.3,1.5,19.8,0.1,25.8,91.85000000000001
춘천,2022-08-01,31.1,25.0,27.4,93.9,74.0,2.5,3.3,0.9,19.6,2.0,26.2,93.32000000000001
춘천,2022-08-02,28.7,25.8,26.7,99.0,85.0,2.1,3.4,0.8,47.1,0.2,26.4,97.72
춘천,2022-08-03,28.8,25.2,26.9,93.8,82.0,3.4,5.3,1.3,23.6,0.7,25.7,94.85
춘천,2022-08-04,32.7,26.1,28.8,82.3,63.0,2.8,4.3,1.3,0.0,7.6,25.2,86.27
춘천,2022-08-05,33.1,24.9,29.1,80.9,65.0,3.5,5.3,1.2,0.1,8.1,25.1,82.47
춘천,2022-08-06,33.3,25.4,28.2,91.0,67.0,4.3,7.4,1.0,2.2,3.2,26.3,88.11
춘천,2022-08-07,31.0,25.1,27.4,93.0,74.0,3.7,5.9,0.7,26.2,1.4,26.0,91.39
춘천,2022-08-08,27.0,24.1,25.7,99.1,89.0,3.7,7.4,1.3,110.2,0.0,25.5,97.07
춘천,2022-08-09,27.1,22.9,24.6,98.9,87.0,4.7,7.6,0.9,107.3,0.0,24.4,98.35000000000001
춘천,2022-08-10,30.3,21.5,25.3,84.1,59.0,3.3,4.9,1.3,1.1,8.1,22.2,88.55999999999999
춘천,2022-08-11,29.6,23.1,25.7,90.0,68.0,2.6,4.5,1.0,26.1,3.9,23.7,89.71
춘천,2022-08-12,32.6,22.7,26.9,80.4,52.0,2.8,3.9,1.3,0.0,10.9,22.6,82.69
춘천,2022-08-13,25.9,22.3,24.5,97.0,85.0,2.8,3.9,0.9,6.0,0.0,23.9,92.97999999999999
춘천,2022-08-14,30.7,23.9,26.5,91.9,69.0,4.6,6.8,0.8,21.5,1.5,24.9,91.77000000000001
춘천,2022-08-15,30.0,25.2,27.5,84.6,70.0,5.8,8.7,2.5,35.1,0.0,24.5,87.3
춘천,2022-08-16,31.6,23.6,27.4,76.5,55.0,3.2,5.5,2.0,0.0,12.5,22.5,79.66
춘천,2022-08-17,30.4,21.8,24.6,88.1,59.0,5.0,7.5,1.5,0.2,7.5,22.2,85.42999999999999
춘천,2022-08-18,29.9,21.2,25.2,84.1,60.0,3.0,4.5,1.1,0.0,6.9,22.0,84.14
춘천,2022-08-19,26.8,22.3,24.6,91.8,71.0,2.8,4.4,1.0,28.4,0.5,22.9,89.88999999999999
춘천,2022-08-20,32.7,24.0,27.7,80.9,53.0,3.6,5.0,1.4,0.0,10.6,23.7,83.4
춘천,2022-08-21,32.8,22.0,26.5,79.0,46.0,3.0,4.3,1.3,0.0,10.8,22.0,80.66
춘천,2022-08-22,30.0,22.5,26.3,81.6,65.0,3.3,4.5,1.3,0.0,2.2,22.7,81.00999999999999
춘천,2022-08-23,31.6,22.4,26.1,75.8,52.0,3.6,5.1,1.5,0.0,7.6,21.2,77.28
춘천,2022-08-24,28.2,20.0,23.7,77.3,57.0,3.6,4.9,1.9,0.0,3.4,19.2,77.42999999999999
춘천,2022-08-25,24.0,19.4,21.4,92.4,80.0,2.3,4.0,0.9,0.9,0.2,20.0,87.72000000000001
춘천,2022-08-26,29.3,18.7,23.6,77.6,55.0,3.3,5.7,1.2,0.0,8.0,19.0,80.53
춘천,2022-08-27,26.0,16.3,21.2,69.8,40.0,3.6,5.5,1.7,0.0,12.1,14.6,73.61999999999999
춘천,2022-08-28,28.2,13.7,20.8,76.4,44.0,2.6,4.8,1.4,0.0,11.2,15.7,75.2
춘천,2022-08-29,21.7,18.6,19.9,90.4,66.0,2.3,3.2,0.9,1.7,0.0,18.1,85.54
춘천,2022-08-30,19.9,18.0,18.9,99.5,92.0,2.9,4.0,1.2,31.1,0.0,18.7,95.36999999999999
춘천,2022-08-31,23.9,18.1,20.6,93.3,72.0,2.6,3.9,1.0,3.3,0.0,19.3,94.25
춘천,2022-09-01,29.4,16.9,22.0,83.4,45.0,3.5,4.8,1.1,0.0,8.9,18.5,86.99000000000001
춘천,2022-09-02,28.3,17.5,22.5,73.4,49.0,4.6,7.0,2.6,0.0,12.0,16.9,77.39
춘천,2022-09-03,26.9,16.8,22.0,72.9,59.0,4.6,6.4,2.6,0.0,5.5,16.6,74.05000000000001
춘천,2022-09-04,22.1,18.6,20.8,93.9,73.0,3.7,5.0,1.4,38.4,0.0,19.7,87.65
춘천,2022-09-05,23.0,17.5,19.7,99.9,98.0,3.1,4.9,1.5,166.4,0.0,19.5,96.0
춘천,2022-09-06,26.3,15.1,20.0,82.1,45.0,4.3,6.5,2.0,48.5,7.6,16.1,86.83999999999999
춘천,2022-09-07,28.0,12.9,19.9,77.3,37.0,2.8,4.0,0.9,0.0,11.6,14.7,80.51999999999998
춘천,2022-09-08,28.9,14.9,20.6,80.1,35.0,2.3,3.4,1.2,0.0,9.2,16.2,79.74
춘천,2022-09-09,29.6,15.8,21.3,74.3,34.0,3.4,5.3,1.5,0.0,9.6,15.5,75.76
춘천,2022-09-10,27.9,15.3,21.7,71.8,46.0,3.9,6.3,2.5,0.0,7.8,15.9,73.13000000000001
춘천,2022-09-11,26.1,18.6,22.1,83.5,60.0,3.3,4.9,1.9,0.3,2.7,18.9,80.24000000000001
춘천,2022-09-12,28.1,19.4,22.9,87.0,61.0,2.4,4.7,0.8,0.0,5.0,20.3,84.78
춘천,2022-09-13,26.6,20.1,22.9,85.0,67.0,3.7,6.1,1.9,0.0,0.2,20.0,85.24999999999999
춘천,2022-09-14,27.5,20.1,23.0,69.3,42.0,5.2,7.9,2.3,0.0,4.4,16.7,74.21
춘천,2022-09-15,28.8,19.0,23.7,74.8,54.0,3.9,6.0,2.6,0.0,7.2,18.7,74.72
춘천,2022-09-16,30.6,20.6,25.2,81.4,61.0,2.8,4.2,1.3,0.2,4.5,21.5,78.87
춘천,2022-09-17,31.2,23.4,25.9,90.8,63.0,2.4,4.0,0.9,1.5,5.9,24.0,87.32000000000001
춘천,2022-09-18,29.5,22.4,25.5,83.4,67.0,3.7,5.8,1.6,0.0,2.4,22.3,84.68
춘천,2022-09-19,25.9,16.0,22.2,71.9,58.0,6.4,8.7,2.7,0.0,5.7,16.6,76.09
춘천,2022-09-20,24.3,12.7,17.7,75.5,41.0,3.6,5.5,1.2,0.0,10.9,12.4,75.57
춘천,2022-09-21,24.7,12.0,17.2,75.0,36.0,2.8,4.0,1.3,0.0,9.6,11.7,74.78999999999999
춘천,2022-09-22,24.4,11.6,17.0,80.0,44.0,2.8,3.6,1.1,0.0,7.7,12.8,78.55
춘천,2022-09-23,22.7,11.3,16.4,78.1,46.0,4.8,8.7,1.5,1.4,6.8,12.0,78.16999999999999
춘천,2022-09-24,24.6,7.9,15.6,75.5,38.0,2.4,4.2,0.8,0.0,11.1,10.4,76.47
춘천,2022-09-25,24.8,11.0,16.8,80.4,37.0,2.9,3.9,1.0,0.0,8.9,12.6,79.19
춘천,2022-09-26,24.7,12.2,16.9,83.4,35.0,2.4,4.0,1.0,0.0,7.2,13.4,82.01
춘천,2022-09-27,27.8,12.5,18.1,81.5,36.0,2.4,3.5,1.0,0.0,8.5,14.2,81.77000000000001
춘천,2022-09-28,24.6,12.2,17.6,87.3,59.0,3.3,4.7,0.8,0.0,6.9,15.1,85.75
춘천,2022-09-29,26.1,14.8,18.3,88.6,46.0,2.4,3.2,0.9,0.0,5.8,16.0,87.63
춘천,2022-09-30,26.3,14.6,18.2,89.1,52.0,2.3,3.0,1.0,0.0,5.8,16.0,88.82
춘천,2022-10-01,26.3,13.4,18.2,87.1,48.0,2.3,3.9,1.0,0.0,5.3,15.5,87.64999999999999
춘천,2022-10-02,20.0,15.1,17.3,95.0,80.0,2.9,4.2,1.1,9.2,0.0,16.4,92.83
춘천,2022-10-03,21.5,16.2,18.0,100.0,100.0,6.6,10.2,0.8,102.9,0.0,17.9,97.71
춘천,2022-10-04,21.8,14.6,18.7,89.3,74.0,4.0,6.1,1.7,13.8,0.0,16.8,92.00999999999999
춘천,2022-10-05,18.6,13.7,15.5,75.3,61.0,3.7,6.8,2.0,0.0,4.9,11.0,80.57
춘천,2022-10-06,18.6,11.8,14.8,78.4,59.0,4.3,6.5,2.2,0.0,3.5,10.8,78.87
춘천,2022-10-07,17.9,10.3,13.8,80.5,56.0,3.9,5.7,1.9,0.0,3.9,10.3,79.56
춘천,2022-10-08,20.7,7.7,13.7,79.6,45.0,3.6,4.8,1.4,0.0,9.7,9.7,79.66
춘천,2022-10-09,14.1,11.1,12.5,94.6,78.0,3.9,6.7,0.9,11.4,0.0,11.5,90.19
춘천,2022-10-10,12.6,7.7,9.7,69.8,55.0,5.4,8.5,2.7,0.0,3.1,4.3,75.73999999999998
춘천,2022-10-11,17.6,6.7,10.5,73.1,49.0,3.0,4.7,1.3,0.0,8.4,5.5,74.58999999999999
춘천,2022-10-12,21.1,6.5,12.2,82.8,34.0,2.6,3.7,0.9,0.0,8.2,8.6,79.56
춘천,2022-10-13,21.7,9.2,13.5,87.6,49.0,2.3,3.2,0.9,0.0,6.2,11.0,85.19
춘천,2022-10-14,20.8,10.6,15.1,88.4,54.0,2.6,3.7,0.9,0.0,3.0,12.9,87.68
춘천,2022-10-15,23.8,12.5,15.9,84.3,28.0,1.9,2.7,0.8,0.0,4.2,12.5,85.45
춘천,2022-10-16,18.4,11.8,14.6,92.6,72.0,2.4,3.5,0.7,0.0,0.6,13.3,90.52
춘천,2022-10-17,16.4,4.3,11.5,66.3,27.0,4.1,6.4,1.4,0.0,9.9,3.9,73.35999999999999
춘천,2022-10-18,15.5,1.2,7.3,74.4,32.0,3.3,4.9,1.0,0.0,8.9,1.9,74.60000000000001
춘천,2022-10-19,17.1,0.9,7.1,76.6,26.0,1.8,2.9,0.7,0.0,7.2,2.2,75.13
춘천,2022-10-20,20.0,1.8,9.5,80.0,36.0,1.8,2.5,0.7,0.0,7.2,5.4,78.75999999999999
춘천,2022-10-21,20.4,6.2,11.6,75.1,31.0,3.1,5.2,0.8,0.0,6.4,6.2,76.22999999999999
춘천,2022-10-22,21.2,8.0,13.4,74.4,43.0,2.7,5.2,0.8,0.0,9.0,8.1,75.1
춘천,2022-10-23,19.6,5.6,11.7,81.0,48.0,3.0,4.1,0.7,0.0,4.9,8.0,79.09
춘천,2022-10-24,16.5,2.6,8.5,71.0,27.0,3.7,5.5,1.2,0.0,7.5,2.5,73.33999999999999
춘천,2022-10-25,16.8,2.2,8.6,72.5,38.0,2.5,4.0,0.9,0.0,9.6,3.1,73.05
춘천,2022-10-26,17.9,2.9,9.4,77.8,35.0,1.7,3.2,0.7,0.0,6.0,4.9,76.05999999999999
춘천,2022-10-27,20.3,4.4,11.0,79.3,41.0,2.4,3.6,0.7,0.0,7.6,6.7,78.32
춘천,2022-10-28,21.0,5.6,12.6,73.4,33.0,3.1,5.0,1.0,0.0,9.1,7.1,75.02000000000001
춘천,2022-10-29,20.7,7.6,12.5,75.1,33.0,3.3,4.7,1.1,0.0,9.2,7.5,75.18
춘천,2022-10-30,20.9,6.6,12.4,75.5,37.0,2.3,3.8,1.0,0.0,8.8,7.5,75.21
춘천,2022-10-31,20.7,6.4,12.3,77.9,41.0,1.8,3.5,0.6,0.0,8.6,7.8,77.14
춘천,2022-11-01,19.4,6.3,11.0,78.4,36.0,3.6,5.6,0.8,0.0,6.3,6.5,78.01
춘천,2022-11-02,19.0,3.0,8.9,70.9,22.0,2.9,4.4,0.7,0.0,7.0,2.6,73.10000000000001
춘천,2022-11-03,12.2,3.1,7.4,69.0,44.0,3.2,4.7,0.9,0.0,0.2,1.7,70.32
춘천,2022-11-04,11.2,-2.1,3.6,58.4,22.0,2.9,4.9,1.0,0.0,9.2,-5.3,61.769999999999996
춘천,2022-11-05,13.8,-4.8,3.1,60.1,18.0,3.3,5.2,0.7,0.0,9.2,-5.4,60.65
춘천,2022-11-06,16.1,-1.8,6.2,66.0,30.0,2.7,4.8,0.7,0.0,8.9,-0.5,64.06
춘천,2022-11-07,15.6,1.3,8.5,71.8,36.0,2.4,3.6,0.7,0.6,4.8,2.9,69.47
춘천,2022-11-08,17.5,4.3,9.2,76.8,35.0,2.5,3.9,0.7,0.0,5.9,4.4,74.72
춘천,2022-11-09,15.5,1.3,7.6,81.4,44.0,1.5,2.2,0.5,0.0,4.2,4.0,79.52000000000001
춘천,2022-11-10,17.9,4.2,10.0,83.3,52.0,2.0,2.8,0.6,0.0,5.6,6.9,82.27000000000001
춘천,2022-11-11,21.4,4.9,11.8,78.5,40.0,1.7,2.5,0.5,0.0,8.8,7.5,79.75
춘천,2022-11-12,18.7,5.6,12.2,89.9,53.0,2.3,3.3,0.5,39.5,2.5,10.2,86.96
춘천,2022-11-13,17.0,8.9,12.3,85.4,62.0,4.1,6.4,1.7,0.5,0.0,9.8,85.61
춘천,2022-11-14,13.3,4.0,9.0,78.5,48.0,3.5,5.9,1.3,0.0,1.8,5.0,81.02
춘천,2022-11-15,12.9,-0.1,6.0,85.8,49.0,3.4,5.1,1.1,0.5,4.9,3.4,84.3
춘천,2022-11-16,14.1,4.3,7.5,76.8,32.0,3.2,4.7,1.0,1.2,7.3,2.9,78.77
춘천,2022-11-17,15.4,1.8,7.3,78.3,43.0,1.4,2.2,0.5,0.0,8.6,3.2,78.74999999999999
춘천,2022-11-18,14.4,1.5,6.3,87.9,46.0,2.1,2.6,0.6,0.0,5.0,4.1,84.87
춘천,2022-11-19,17.5,1.8,8.0,82.3,40.0,1.7,3.1,0.6,0.0,6.9,4.5,83.02
춘천,2022-11-20,18.7,4.5,9.7,76.0,33.0,1.3,2.8,0.6,0.0,7.9,5.1,78.45
춘천,2022-11-21,14.8,3.5,8.4,84.9,52.0,2.1,3.5,0.6,0.0,4.1,5.6,82.86
춘천,2022-11-22,12.5,4.0,8.4,83.9,58.0,2.9,3.9,0.8,0.1,1.7,5.5,83.30999999999999
춘천,2022-11-23,17.2,3.8,10.1,74.4,31.0,3.5,5.0,0.8,0.0,6.3,5.2,77.35
춘천,2022-11-24,14.8,2.0,6.6,76.4,40.0,2.1,2.8,0.6,0.0,7.0,2.1,76.75000000000001
춘천,2022-11-25,16.8,1.7,9.4,70.3,35.0,4.7,8.4,1.5,1.0,5.9,3.1,71.92999999999999
춘천,2022-11-26,11.5,-1.2,5.7,63.0,15.0,4.8,9.0,1.8,0.0,8.1,-3.4,65.8
춘천,2022-11-27,10.9,-3.5,2.5,60.8,18.0,2.4,3.4,0.7,0.0,6.9,-5.3,62.19
춘천,2022-11-28,9.1,-0.6,5.4,81.9,50.0,2.2,3.6,0.6,23.3,0.2,2.3,75.78999999999999
춘천,2022-11-29,11.9,0.4,8.0,61.5,25.0,5.4,7.9,1.7,2.8,1.6,-0.4,65.51
춘천,2022-11-30,0.3,-7.3,-4.2,37.9,22.0,5.7,8.9,3.2,0.0,8.1,-16.8,47.019999999999996
춘천,2022-12-01,-0.3,-10.2,-5.4,47.3,29.0,4.2,7.4,1.7,0.0,7.9,-15.3,46.839999999999996
춘천,2022-12-02,2.4,-10.6,-4.7,56.3,17.0,2.9,4.2,0.9,0.0,8.0,-13.4,52.66
춘천,2022-12-03,5.1,-5.8,0.7,69.8,50.0,3.1,4.6,1.1,1.0,2.0,-4.4,64.85
춘천,2022-12-04,1.2,-4.7,-2.3,37.4,25.0,3.7,6.2,1.6,0.0,1.6,-15.0,45.77
춘천,2022-12-05,3.8,-8.2,-3.6,50.0,23.0,3.4,5.8,1.1,0.0,8.0,-13.3,49.46000000000001
춘천,2022-12-06,4.3,-8.3,-2.4,69.6,41.0,4.3,7.2,1.1,0.0,5.1,-7.4,62.459999999999994
춘천,2022-12-07,8.7,-4.1,2.4,63.9,32.0,6.0,8.1,1.5,0.0,7.8,-4.8,63.65
춘천,2022-12-08,9.4,-5.1,0.3,66.1,17.0,2.7,4.5,0.6,0.0,7.4,-6.7,66.00999999999999
춘천,2022-12-09,7.3,-4.5,0.0,75.9,48.0,1.8,2.5,0.5,0.0,3.0,-4.0,72.74
춘천,2022-12-10,5.8,-4.6,-0.7,72.8,29.0,2.2,3.2,0.5,0.0,3.8,-5.7,72.75
춘천,2022-12-11,8.3,-6.4,-1.1,71.0,29.0,1.6,2.4,0.4,0.0,7.9,-6.4,71.85
춘천,2022-12-12,6.1,-5.9,-0.1,77.6,41.0,3.3,5.2,0.7,1.7,4.0,-3.9,75.8
춘천,2022-12-13,3.1,-5.7,0.5,60.6,38.0,7.6,12.9,3.1,0.2,3.2,-6.4,65.03999999999999
춘천,2022-12-14,-4.5,-11.1,-8.3,38.8,26.0,7.4,10.7,2.6,0.0,7.9,-20.4,47.04
춘천,2022-12-15,-4.1,-10.8,-6.7,83.8,58.0,1.9,3.2,0.5,3.6,0.0,-9.1,72.48
춘천,2022-12-16,-2.4,-11.1,-7.4,80.5,48.0,2.2,2.7,0.7,0.0,5.5,-10.4,76.99
춘천,2022-12-17,-2.8,-13.5,-8.7,62.5,27.0,6.3,9.7,1.7,0.0,6.7,-15.6,68.23
춘천,2022-12-18,-5.1,-16.4,-10.6,51.8,25.0,5.4,9.1,1.9,0.0,7.8,-19.6,56.81
춘천,2022-12-19,-1.1,-16.3,-9.1,59.4,34.0,3.7,5.8,1.2,0.0,7.8,-16.4,58.19
춘천,2022-12-20,0.1,-14.1,-6.6,69.6,41.0,1.9,2.7,0.6,0.0,7.1,-11.7,65.78
춘천,2022-12-21,0.2,-5.0,-2.3,86.4,65.0,3.4,5.5,0.5,4.1,0.0,-4.3,80.33999999999999
춘천,2022-12-22,-1.0,-11.0,-7.2,54.3,46.0,4.8,8.0,3.0,0.0,6.4,-14.9,62.25
춘천,2022-12-23,-8.3,-14.7,-12.1,53.3,43.0,4.7,7.3,2.6,0.0,7.6,-19.8,56.809999999999995
춘천,2022-12-24,-3.5,-17.1,-11.5,71.5,39.0,1.8,2.6,0.5,0.0,7.8,-16.1,66.13999999999999
춘천,2022-12-25,-1.2,-14.8,-9.0,80.6,45.0,2.2,3.3,0.7,0.0,6.2,-12.0,76.05
춘천,2022-12-26,-1.5,-13.1,-8.2,82.5,54.0,1.7,2.2,0.7,0.0,3.7,-10.8,81.02
춘천,2022-12-27,-0.2,-11.7,-7.2,86.9,55.0,2.2,3.0,0.7,0.0,4.0,-9.2,85.39
춘천,2022-12-28,1.1,-11.3,-5.4,63.5,32.0,5.8,9.4,1.5,0.1,7.8,-12.4,70.08
춘천,2022-12-29,2.4,-14.3,-5.7,63.4,26.0,3.4,4.9,1.0,0.0,7.8,-12.5,65.77
춘천,2022-12-30,3.0,-8.8,-4.6,77.4,44.0,2.5,4.1,0.9,0.0,5.6,-8.4,73.21
춘천,2022-12-31,0.3,-12.0,-4.8,80.5,54.0,2.8,4.5,0.8,0.0,3.9,-7.8,78.17
춘천,2023-01-01,6.2,-8.1,-2.6,62.1,21.0,3.5,5.8,1.0,0.0,7.8,-10.4,67.31
춘천,2023-01-02,1.7,-12.8,-6.8,56.3,25.0,2.7,4.7,1.0,0.0,7.9,-14.9,59.879999999999995
춘천,2023-01-03,1.8,-14.6,-7.6,61.6,24.0,3.1,5.1,1.0,0.0,8.0,-14.9,60.589999999999996
춘천,2023-01-04,3.9,-13.7,-6.8,60.5,21.0,2.6,3.9,0.7,0.0,8.0,-14.1,60.3
춘천,2023-01-05,4.8,-12.4,-5.4,64.8,27.0,2.0,3.1,0.7,0.0,8.0,-11.7,63.61999999999999
춘천,2023-01-06,4.6,-11.0,-3.4,74.0,42.0,1.8,2.4,0.6,1.1,7.9,-7.7,70.80999999999999
춘천,2023-01-07,3.6,-3.7,0.3,89.6,68.0,3.3,5.4,1.0,3.6,1.7,-1.3,84.0
춘천,2023-01-08,2.1,-4.7,-1.2,85.8,65.0,2.3,3.0,0.8,0.0,3.2,-3.3,85.38
춘천,2023-01-09,9.0,-3.8,1.6,70.1,33.0,2.9,4.6,0.9,0.0,6.8,-3.8,75.18999999999998
춘천,2023-01-10,7.2,-7.3,-1.8,76.8,39.0,2.2,3.3,0.8,0.0,8.0,-5.7,76.36
춘천,2023-01-11,7.2,-7.1,-1.5,78.0,40.0,2.6,3.4,0.8,0.0,7.2,-5.3,76.97
춘천,2023-01-12,9.1,-5.8,-0.1,71.1,27.0,2.3,3.0,0.7,0.0,7.9,-5.3,73.05000000000001
춘천,2023-01-13,4.1,-0.8,2.6,98.5,72.0,2.6,4.4,0.6,28.6,0.0,2.3,90.96999999999998
춘천,2023-01-14,6.6,1.7,4.0,90.3,70.0,3.9,5.7,2.0,2.4,0.0,2.3,90.02
춘천,2023-01-15,2.0,-0.4,0.9,93.8,83.0,3.2,4.8,1.8,13.2,0.0,-0.1,93.57
춘천,2023-01-16,-0.5,-8.1,-3.7,75.3,55.0,3.8,5.5,2.0,0.0,2.1,-7.5,80.5
춘천,2023-01-17,-2.1,-8.2,-5.0,79.6,55.0,2.2,2.9,0.9,0.0,0.1,-8.1,80.15999999999998
춘천,2023-01-18,2.0,-8.4,-3.8,78.6,34.0,3.3,5.5,1.0,0.0,4.5,-7.3,78.47
춘천,2023-01-19,0.4,-10.0,-4.3,82.6,57.0,2.1,3.1,0.9,0.6,3.5,-6.9,81.49999999999999
춘천,2023-01-20,1.4,-12.5,-3.7,51.4,20.0,5.7,11.3,2.7,1.3,8.0,-13.8,60.36
춘천,2023-01-21,-0.5,-15.2,-8.3,64.1,27.0,2.8,3.8,1.1,0.0,8.1,-14.6,63.40999999999999
춘천,2023-01-22,0.5,-8.2,-4.4,72.5,49.0,3.9,5.3,0.9,0.0,0.0,-8.7,68.71000000000001
춘천,2023-01-23,5.8,-6.8,-1.8,62.9,29.0,3.8,7.2,1.4,0.0,7.1,-8.9,64.94
춘천,2023-01-24,-4.1,-17.8,-13.5,42.1,27.0,5.2,8.8,3.1,0.0,8.2,-23.8,49.3
춘천,2023-01-25,-6.3,-20.1,-13.0,49.6,21.0,3.4,6.8,1.5,0.0,8.3,-22.0,49.43
춘천,2023-01-26,-4.5,-11.7,-7.6,70.5,55.0,2.4,3.1,0.8,0.1,0.1,-12.1,63.48
춘천,2023-01-27,-2.6,-12.7,-8.4,61.4,25.0,5.4,9.0,1.8,0.0,6.2,-15.6,62.04
춘천,2023-01-28,-0.8,-16.4,-8.3,57.6,27.0,5.8,10.7,1.6,0.0,7.9,-16.1,59.650000000000006
춘천,2023-01-29,1.5,-13.5,-6.0,77.1,44.0,3.2,5.4,1.0,1.4,5.4,-9.7,71.63
춘천,2023-01-30,4.0,-12.0,-4.3,67.6,23.0,3.7,5.8,0.9,0.0,7.4,-10.7,68.5
춘천,2023-01-31,1.2,-9.7,-3.2,71.6,50.0,2.7,4.1,0.7,0.0,2.1,-7.9,71.34999999999998
춘천,2023-02-01,6.8,-5.9,-0.8,63.0,24.0,6.7,11.2,1.7,0.0,8.4,-8.2,65.17999999999999
춘천,2023-02-02,1.8,-9.8,-3.9,60.9,28.0,3.0,5.4,1.0,0.0,7.2,-11.1,62.39
춘천,2023-02-03,4.5,-6.8,-2.5,53.0,21.0,3.2,5.9,1.2,0.0,7.7,-11.9,55.58
춘천,2023-02-04,5.1,-10.1,-3.2,60.0,24.0,4.9,8.5,1.2,0.0,8.9,-11.0,58.69
춘천,2023-02-05,6.3,-9.1,-2.1,70.3,40.0,3.7,6.8,1.2,0.0,8.9,-7.3,66.50999999999999
춘천,2023-02-06,6.0,-6.6,-1.3,77.5,43.0,1.9,2.8,0.6,0.0,6.3,-5.0,74.31
춘천,2023-02-07,7.4,-5.7,-0.5,77.4,42.0,1.7,2.6,0.5,0.0,6.8,-4.4,76.71000000000001
춘천,2023-02-08,8.3,-5.9,-0.3,67.0,21.0,2.9,5.0,0.8,0.0,9.0,-6.9,70.13
춘천,2023-02-09,8.2,-6.8,1.4,58.1,32.0,3.8,6.7,1.8,0.0,7.5,-6.5,61.81
춘천,2023-02-10,7.1,-2.3,1.9,81.6,56.0,3.4,4.6,1.1,1.1,1.6,-1.1,75.44
춘천,2023-02-11,4.9,-4.3,-0.7,86.0,59.0,2.4,3.0,0.8,0.0,1.6,-2.8,82.33
춘천,2023-02-12,6.6,-3.8,1.6,77.4,49.0,3.7,6.6,1.2,0.0,1.3,-2.3,79.53999999999999
춘천,2023-02-13,7.4,-0.3,4.4,65.0,50.0,3.9,6.8,2.2,0.0,0.3,-1.6,69.58
춘천,2023-02-14,5.5,-3.8,0.2,65.4,38.0,4.3,7.2,1.7,0.0,6.9,-6.3,66.52
춘천,2023-02-15,6.7,-3.6,0.9,56.0,34.0,3.6,6.1,2.1,0.0,8.2,-7.2,58.78
춘천,2023-02-16,4.5,-3.9,0.0,69.8,47.0,5.5,7.9,1.6,0.0,1.5,-5.1,66.6
춘천,2023-02-17,8.2,-4.9,0.8,67.8,33.0,2.3,3.6,0.9,0.0,8.0,-5.2,67.02
춘천,2023-02-18,3.4,-1.4,1.4,71.5,61.0,2.9,4.0,0.7,0.0,0.0,-3.2,70.59
춘천,2023-02-19,8.8,-1.3,3.2,50.9,21.0,4.7,8.8,2.2,0.0,6.7,-7.2,56.709999999999994
춘천,2023-02-20,4.1,-5.9,-1.0,42.0,15.0,5.9,9.8,2.1,0.0,9.8,-13.8,46.73
춘천,2023-02-21,4.1,-8.8,-2.3,47.6,15.0,2.9,4.5,1.0,0.0,9.8,-13.5,46.81
춘천,2023-02-22,8.0,-8.3,-0.1,50.3,13.0,4.0,6.9,1.3,0.0,9.5,-11.2,48.93
춘천,2023-02-23,9.6,-5.0,2.0,55.8,26.0,3.3,5.1,1.1,0.0,9.5,-6.8,53.879999999999995
춘천,2023-02-24,9.7,-3.9,1.8,54.9,14.0,6.5,10.5,1.4,0.0,9.6,-8.1,54.620000000000005
춘천,2023-02-25,7.0,-6.4,-0.3,52.3,19.0,4.1,6.4,1.1,0.0,9.9,-10.2,53.16999999999999
춘천,2023-02-26,9.2,-7.0,0.4,50.1,18.0,2.4,4.0,1.0,0.0,10.0,-10.4,51.02
춘천,2023-02-27,12.9,-6.2,2.9,49.6,16.0,4.2,6.8,1.2,0.0,9.9,-8.7,49.97
춘천,2023-02-28,10.4,-5.2,3.3,59.1,31.0,5.3,9.4,2.0,0.0,9.8,-4.8,56.3
춘천,2023-03-01,9.8,0.7,4.1,51.5,23.0,5.2,9.8,1.9,0.0,2.5,-6.1,52.83
춘천,2023-03-02,7.3,-4.2,1.9,32.4,12.0,3.8,6.7,1.9,0.0,9.9,-14.4,38.89
춘천,2023-03-03,10.6,-6.1,2.3,60.9,37.0,4.1,7.4,1.5,0.0,9.5,-5.0,54.26
춘천,2023-03-04,13.9,-2.6,4.7,65.4,26.0,2.2,3.0,0.8,0.0,8.8,-2.5,61.2
춘천,2023-03-05,15.5,-2.3,5.5,61.6,23.0,4.1,7.5,1.2,0.0,9.5,-2.6,62.290000000000006
춘천,2023-03-06,16.1,-3.3,6.1,48.6,14.0,4.0,6.8,1.2,0.0,9.8,-6.5,52.879999999999995
춘천,2023-03-07,18.3,-1.1,8.3,57.4,30.0,3.4,5.1,1.0,0.0,8.4,-0.6,56.06
춘천,2023-03-08,14.3,0.8,8.0,78.1,45.0,6.1,10.1,1.1,0.8,2.0,4.0,71.00999999999999
춘천,2023-03-09,15.5,4.4,9.0,79.3,45.0,4.5,7.7,1.4,1.6,4.5,5.1,76.86999999999999
춘천,2023-03-10,20.9,0.7,9.6,66.1,23.0,2.5,4.2,0.9,0.0,8.6,1.9,69.94
춘천,2023-03-11,22.8,2.7,12.0,52.6,15.0,4.6,7.5,1.1,0.0,6.7,0.1,57.97
춘천,2023-03-12,8.2,-0.1,4.4,67.9,32.0,7.2,13.4,2.2,6.9,0.2,-1.5,64.66
춘천,2023-03-13,8.2,-2.4,2.7,28.9,16.0,5.4,9.5,2.4,0.0,8.6,-14.4,39.07
춘천,2023-03-14,15.3,-1.1,6.9,42.5,15.0,5.2,8.9,1.3,0.0,9.7,-6.7,42.31999999999999
춘천,2023-03-15,17.1,-1.1,7.6,62.1,29.0,5.6,11.6,1.9,0.0,1.9,0.2,54.86
춘천,2023-03-16,10.7,-3.1,3.9,37.3,13.0,3.9,6.9,1.4,0.0,7.8,-11.2,42.78
춘천,2023-03-17,13.6,-2.3,5.8,37.4,8.0,2.7,3.8,1.0,0.0,8.0,-10.3,39.849999999999994
춘천,2023-03-18,16.0,-1.6,7.0,42.1,10.0,4.9,8.7,1.4,0.0,10.0,-7.2,40.68
춘천,2023-03-19,16.4,-2.1,6.8,50.8,17.0,4.3,6.7,1.4,0.0,10.4,-4.6,47.72
춘천,2023-03-20,17.5,-1.0,8.0,47.1,14.0,3.6,5.9,1.3,0.0,10.1,-5.1,47.339999999999996
춘천,2023-03-21,21.4,0.6,10.4,43.3,6.0,2.1,3.3,0.9,0.0,10.5,-4.2,44.809999999999995
춘천,2023-03-22,24.9,2.3,14.8,47.0,24.0,2.8,5.3,1.0,0.0,9.6,2.4,46.27
춘천,2023-03-23,23.6,9.3,16.3,53.3,31.0,4.9,8.3,1.4,0.0,2.1,6.3,51.03999999999999
춘천,2023-03-24,15.5,6.3,10.8,60.4,41.0,5.4,8.9,2.9,0.0,3.1,3.0,57.64
춘천,2023-03-25,17.9,7.2,12.3,54.6,31.0,3.8,6.8,2.4,0.0,6.0,3.0,55.629999999999995
춘천,2023-03-26,17.2,2.8,10.3,36.3,8.0,5.8,10.1,2.0,0.0,10.5,-6.6,42.37
춘천,2023-03-27,14.7,-2.5,6.5,40.1,11.0,4.4,6.6,1.4,0.0,10.5,-8.5,40.79
춘천,2023-03-28,16.7,-1.3,7.5,49.9,20.0,4.8,8.7,1.5,0.0,10.3,-3.7,46.580000000000005
춘천,2023-03-29,20.1,0.2,10.4,43.5,14.0,5.7,8.7,1.7,0.0,10.5,-4.2,44.44
춘천,2023-03-30,22.7,1.0,12.0,36.9,11.0,5.0,10.1,1.5,0.0,11.1,-5.0,39.52
춘천,2023-03-31,23.8,2.8,13.2,40.4,14.0,2.5,3.9,1.1,0.0,10.9,-2.2,40.01
춘천,2023-04-01,25.1,4.7,15.7,38.1,11.0,4.1,7.2,1.4,0.0,10.4,-1.3,38.44
춘천,2023-04-02,23.5,8.0,15.7,34.5,14.0,4.7,8.7,2.3,0.0,11.3,-1.8,35.81
춘천,2023-04-03,25.2,5.1,15.5,39.3,12.0,3.5,4.9,1.5,0.0,10.8,-0.9,38.22
춘천,2023-04-04,22.3,9.4,15.8,42.5,9.0,4.3,7.7,1.4,2.7,1.8,-0.2,41.06
춘천,2023-04-05,14.7,10.2,12.3,90.6,73.0,5.8,9.0,2.0,40.4,0.0,10.7,75.85
춘천,2023-04-06,11.3,8.6,9.7,84.6,77.0,4.7,8.4,1.8,1.0,0.0,7.1,81.58999999999999
춘천,2023-04-07,15.6,3.3,8.4,60.1,23.0,7.2,13.1,2.2,0.0,5.3,0.0,68.05
춘천,2023-04-08,15.2,-1.5,7.6,45.5,14.0,6.4,12.0,2.5,0.0,11.3,-5.6,52.33
춘천,2023-04-09,18.1,-0.7,9.4,50.3,20.0,6.4,11.1,2.1,0.0,11.4,-2.3,50.31999999999999
춘천,2023-04-10,20.8,1.5,11.7,48.1,18.0,4.2,8.2,1.6,0.0,10.4,-1.1,48.28
춘천,2023-04-11,16.2,6.3,12.2,69.0,47.0,6.0,10.5,2.2,5.9,0.0,6.5,62.95
춘천,2023-04-12,16.4,1.9,10.0,35.5,9.0,6.2,10.5,2.4,0.0,10.5,-6.9,43.46
춘천,2023-04-13,18.5,0.8,10.7,42.5,13.0,4.9,8.4,1.4,0.0,7.9,-4.2,43.74999999999999
춘천,2023-04-14,21.7,9.5,14.1,48.6,20.0,4.5,6.6,1.3,0.0,2.9,2.6,46.06999999999999
춘천,2023-04-15,14.4,7.8,10.8,80.3,49.0,3.0,3.9,0.9,4.6,1.7,7.3,70.17999999999999
춘천,2023-04-16,15.0,4.8,9.5,76.3,34.0,7.8,15.2,1.5,0.5,1.5,4.9,74.33
춘천,2023-04-17,15.3,4.3,10.5,69.9,40.0,2.8,3.9,1.3,0.0,2.5,4.7,72.22
춘천,2023-04-18,15.4,8.9,11.4,85.9,63.0,3.5,6.6,1.6,8.1,1.1,9.0,81.74
춘천,2023-04-19,27.3,11.0,17.7,60.4,24.0,2.8,4.3,1.3,0.0,10.7,8.3,66.44999999999999
춘천,2023-04-20,20.7,12.9,16.9,76.9,64.0,4.3,9.0,1.8,0.0,2.3,12.6,74.5
춘천,2023-04-21,21.9,10.0,15.7,48.1,21.0,4.8,8.5,2.2,0.0,9.2,2.9,55.09
춘천,2023-04-22,19.7,7.5,13.4,35.6,10.0,5.1,8.4,1.7,0.0,5.1,-4.1,42.230000000000004
춘천,2023-04-23,21.6,5.4,13.9,42.6,11.0,2.9,4.8,1.3,0.0,5.5,-1.5,41.75
춘천,2023-04-24,21.1,9.9,14.7,45.0,24.0,4.9,7.8,2.0,0.0,8.2,2.0,43.58
춘천,2023-04-25,11.6,5.7,9.0,80.0,65.0,3.0,4.8,1.1,1.4,0.0,5.6,69.26
춘천,2023-04-26,14.5,5.3,10.2,64.9,39.0,5.9,9.4,2.2,1.2,5.9,3.3,65.93
춘천,2023-04-27,20.9,2.4,11.6,59.6,19.0,3.4,6.6,1.4,0.0,9.7,1.9,62.7
춘천,2023-04-28,22.0,4.8,14.8,54.6,19.0,5.9,9.7,1.8,0.0,9.1,3.9,56.63
춘천,2023-04-29,16.0,10.4,13.3,81.4,58.0,5.2,9.9,1.9,24.8,0.0,10.0,73.86000000000001
춘천,2023-04-30,17.8,8.0,13.4,53.6,35.0,5.0,8.9,2.7,0.0,7.9,3.7,59.26
춘천,2023-05-01,20.8,5.8,13.3,57.9,21.0,5.1,9.3,1.7,0.0,10.1,3.2,59.38999999999999
춘천,2023-05-02,23.6,4.7,14.1,54.3,17.0,3.1,5.9,1.3,0.0,7.9,2.9,54.949999999999996
춘천,2023-05-03,25.8,8.0,17.2,50.0,18.0,3.9,7.4,1.5,0.0,11.6,4.5,51.65
춘천,2023-05-04,25.8,11.4,18.6,66.6,41.0,2.6,4.7,1.0,0.0,6.2,11.7,62.04999999999999
춘천,2023-05-05,18.8,13.2,16.5,90.9,78.0,4.9,7.4,1.2,41.7,0.0,14.9,81.95
춘천,2023-05-06,13.8,7.9,11.1,80.6,62.0,5.3,10.6,2.2,30.9,0.0,7.8,81.25999999999999
춘천,2023-05-07,16.5,6.2,11.6,56.4,30.0,4.7,8.6,2.3,0.0,1.2,2.1,64.69
춘천,2023-05-08,23.2,3.8,13.8,55.6,18.0,4.0,7.1,1.5,0.0,12.7,2.8,58.260000000000005
춘천,2023-05-09,25.5,6.4,16.3,55.3,20.0,4.9,8.5,1.6,0.0,12.8,5.2,55.47
춘천,2023-05-10,26.3,8.1,17.0,53.5,14.0,4.1,6.2,1.3,0.0,12.5,4.9,54.07
춘천,2023-05-11,26.6,11.2,18.2,54.0,23.0,3.9,5.9,2.1,0.0,11.9,7.5,54.03
춘천,2023-05-12,24.9,9.1,16.8,56.6,19.0,3.0,5.0,1.3,0.0,8.9,6.3,55.77
춘천,2023-05-13,25.1,8.2,17.1,55.1,23.0,4.0,6.3,1.4,0.0,9.1,6.8,55.29
춘천,2023-05-14,23.9,11.6,17.2,63.0,34.0,4.3,7.1,1.9,0.5,8.1,9.0,60.78
춘천,2023-05-15,27.2,9.7,18.0,62.0,24.0,3.8,5.8,1.5,0.0,9.8,9.0,61.51
춘천,2023-05-16,30.7,12.3,21.8,56.9,22.0,4.7,9.5,1.6,0.0,11.7,11.2,58.53
춘천,2023-05-17,30.0,12.8,21.9,54.1,20.0,7.4,11.7,1.9,0.0,12.1,10.8,55.45
춘천,2023-05-18,27.1,15.1,18.8,77.0,38.0,5.4,12.4,1.5,0.0,2.1,14.4,70.41
춘천,2023-05-19,25.0,14.2,19.7,64.0,40.0,5.3,9.3,2.2,0.0,9.1,12.1,65.61
춘천,2023-05-20,27.5,13.0,20.4,62.9,40.0,6.0,9.8,2.2,0.0,9.3,12.4,64.53
춘천,2023-05-21,23.6,16.7,19.7,52.1,36.0,5.0,9.0,2.8,0.0,7.7,9.1,55.449999999999996
춘천,2023-05-22,25.2,12.9,18.5,51.9,25.0,4.4,7.7,1.8,0.0,7.8,7.3,53.04
춘천,2023-05-23,26.0,9.2,18.0,51.0,16.0,4.6,6.5,1.6,0.0,12.9,5.8,51.29
춘천,2023-05-24,26.4,10.2,18.6,55.5,20.0,3.5,6.6,1.5,0.0,9.7,8.2,54.239999999999995
춘천,2023-05-25,27.5,12.8,20.4,48.1,24.0,3.9,7.6,1.7,0.0,9.6,7.8,49.870000000000005
춘천,2023-05-26,26.1,13.9,20.0,58.9,35.0,3.7,6.6,1.6,0.3,10.6,10.9,56.39999999999999
춘천,2023-05-27,20.5,14.6,17.5,84.0,64.0,2.4,4.7,1.0,16.2,0.0,14.6,75.39
춘천,2023-05-28,20.2,17.3,18.9,93.8,88.0,1.7,2.8,0.5,21.0,0.0,17.8,88.35
춘천,2023-05-29,29.0,18.8,23.0,72.1,38.0,3.6,5.8,1.3,5.0,8.2,16.8,77.63
춘천,2023-05-30,26.8,16.7,21.6,62.5,38.0,4.2,7.6,2.2,0.0,5.6,13.4,67.55
춘천,2023-05-31,27.5,14.3,21.0,60.3,34.0,3.8,6.8,1.8,0.0,10.3,12.1,61.919999999999995
춘천,2023-06-01,26.4,17.3,21.4,69.0,44.0,2.8,4.3,1.2,0.0,4.0,15.1,66.61
춘천,2023-06-02,26.9,15.7,21.4,64.9,34.0,4.8,7.2,1.5,0.0,10.4,13.7,65.26
춘천,2023-06-03,28.4,14.1,22.1,51.4,21.0,5.7,10.5,2.1,0.0,13.0,9.7,55.86
춘천,2023-06-04,28.5,12.7,21.2,51.9,21.0,5.3,10.4,1.8,0.0,12.8,9.4,53.1
춘천,2023-06-05,27.0,12.6,20.8,57.1,41.0,5.8,9.2,2.3,0.0,12.4,11.4,55.49
춘천,2023-06-06,25.9,14.3,20.5,62.1,42.0,4.4,7.5,1.9,0.0,8.5,12.6,60.08
춘천,2023-06-07,27.2,17.9,22.0,65.4,43.0,4.2,7.8,2.1,0.0,8.7,14.9,63.910000000000004
춘천,2023-06-08,24.9,16.5,20.8,73.6,54.0,4.3,7.7,1.6,1.2,3.5,15.5,70.81
춘천,2023-06-09,27.2,15.9,20.8,66.6,32.0,3.3,7.5,1.6,29.8,10.6,13.4,67.88
춘천,2023-06-10,28.0,15.7,19.8,75.4,44.0,6.8,10.7,1.7,9.6,5.3,14.7,73.46
춘천,2023-06-11,28.1,16.2,20.7,77.4,44.0,3.4,5.5,1.4,20.8,8.3,16.1,75.92
춘천,2023-06-12,26.8,17.4,20.8,73.3,47.0,3.9,7.5,1.8,0.0,4.2,15.3,74.33
춘천,2023-06-13,27.9,16.7,20.7,72.3,38.0,4.7,8.1,2.1,0.0,7.4,14.8,73.00999999999999
춘천,2023-06-14,27.7,14.8,20.0,72.4,35.0,4.6,7.4,1.7,0.0,7.9,14.3,72.47
춘천,2023-06-15,27.6,16.4,21.5,69.5,43.0,2.9,4.8,1.2,0.0,8.2,15.1,70.36
춘천,2023-06-16,30.1,16.3,23.5,66.5,41.0,4.0,7.0,1.5,0.0,13.2,16.1,67.69
춘천,2023-06-17,31.4,16.5,24.0,63.4,29.0,3.7,6.1,1.5,0.0,11.1,15.5,64.63
춘천,2023-06-18,33.0,18.9,25.6,64.6,42.0,3.2,4.7,1.4,0.0,9.3,17.8,64.55
춘천,2023-06-19,33.3,20.1,26.9,57.8,37.0,3.8,6.2,2.2,0.0,11.4,17.3,59.72
춘천,2023-06-20,25.5,20.6,22.8,72.1,50.0,3.9,6.0,1.8,0.5,0.0,17.4,68.49
춘천,2023-06-21,22.4,17.6,19.5,86.6,75.0,2.9,4.5,1.7,23.8,0.1,17.1,80.82
춘천,2023-06-22,26.3,17.4,21.0,74.8,50.0,4.2,7.5,1.4,0.0,4.7,16.0,76.88999999999999
춘천,2023-06-23,28.9,18.8,23.3,72.0,44.0,2.7,4.1,1.2,0.0,7.3,17.5,74.02
춘천,2023-06-24,31.6,18.1,25.2,66.8,37.0,2.9,4.3,1.5,0.0,13.6,17.9,68.64
춘천,2023-06-25,32.9,20.1,26.7,71.5,43.0,2.8,4.2,1.4,0.1,9.1,20.5,70.61
춘천,2023-06-26,25.2,20.0,22.4,88.8,68.0,2.5,4.1,0.9,53.8,0.0,20.4,83.13999999999999
춘천,2023-06-27,29.1,21.1,24.7,71.3,51.0,4.4,8.0,2.2,13.7,6.7,18.8,74.82000000000001
춘천,2023-06-28,31.0,20.5,26.1,71.4,48.0,4.0,6.3,1.7,0.0,9.2,20.0,73.12
춘천,2023-06-29,24.9,20.9,23.1,90.9,83.0,3.0,5.3,1.0,75.4,0.0,21.4,85.03999999999999
춘천,2023-06-30,30.1,20.4,24.9,81.5,59.0,3.2,4.8,1.6,34.5,5.6,21.2,82.37
춘천,2023-07-01,33.3,22.7,27.4,71.9,45.0,3.5,5.7,1.7,0.0,10.6,21.3,75.72
춘천,2023-07-02,32.0,21.7,26.5,76.6,51.0,3.0,5.6,1.3,0.0,6.9,21.6,76.15
춘천,2023-07-03,33.6,22.6,27.5,73.6,46.0,2.9,4.3,1.5,0.0,9.4,21.8,74.03
춘천,2023-07-04,31.5,22.0,25.7,80.4,49.0,4.3,7.6,1.6,47.1,4.5,21.7,78.66
춘천,2023-07-05,29.4,22.9,25.1,72.9,53.0,5.2,8.8,2.7,24.7,8.0,19.6,74.47
춘천,2023-07-06,32.0,22.6,26.2,70.0,50.0,3.7,6.7,1.7,0.0,3.2,20.0,71.62
춘천,2023-07-07,31.8,20.9,26.0,66.6,34.0,4.4,7.4,1.5,0.0,9.0,18.5,67.91
춘천,2023-07-08,31.1,18.2,25.0,73.9,53.0,3.1,5.2,1.3,0.0,6.8,19.6,72.05000000000001
춘천,2023-07-09,27.7,20.2,23.5,84.0,67.0,7.5,13.1,1.1,20.0,2.9,20.6,80.24
춘천,2023-07-10,30.6,21.9,25.8,76.8,58.0,3.1,5.2,1.4,9.5,5.9,21.1,77.95
춘천,2023-07-11,25.8,20.5,22.5,90.1,74.0,3.1,6.1,1.0,33.1,0.0,20.7,86.83
춘천,2023-07-12,29.2,20.7,24.8,82.1,64.0,2.5,3.7,0.8,7.2,1.9,21.3,83.16999999999999
춘천,2023-07-13,27.5,22.6,23.8,92.3,78.0,2.4,4.8,0.8,68.0,0.0,22.4,90.04
춘천,2023-07-14,26.4,22.3,24.3,92.1,86.0,3.6,6.3,1.4,48.1,0.0,22.9,91.14
춘천,2023-07-15,25.2,22.0,23.9,86.5,78.0,3.6,5.9,1.3,5.6,0.0,21.4,88.2
춘천,2023-07-16,27.1,22.6,24.3,83.0,73.0,3.4,6.3,1.3,1.2,0.3,21.2,84.60999999999999
춘천,2023-07-17,29.3,22.2,24.7,85.9,63.0,3.4,5.0,1.0,0.4,0.8,21.9,85.38000000000001
춘천,2023-07-18,26.5,21.9,24.1,88.4,74.0,1.9,2.8,0.7,3.7,1.2,22.0,87.36
춘천,2023-07-19,32.3,19.9,26.1,74.8,46.0,2.7,4.7,1.0,0.0,11.5,20.6,78.63
춘천,2023-07-20,32.7,21.5,26.2,78.1,50.0,2.7,4.9,1.3,0.0,7.4,21.7,78.47
춘천,2023-07-21,33.5,22.5,27.8,74.0,47.0,2.8,4.9,1.3,0.0,9.3,22.2,74.9
춘천,2023-07-22,33.1,22.8,26.9,74.3,41.0,4.6,9.1,1.6,4.4,8.0,21.2,74.62
춘천,2023-07-23,25.7,23.3,24.3,91.5,85.0,3.0,5.8,0.9,15.1,0.0,22.8,86.31
춘천,2023-07-24,30.8,23.9,26.5,81.5,60.0,3.2,5.3,1.1,8.0,3.9,22.8,82.78
춘천,2023-07-25,32.5,22.9,27.4,75.4,53.0,4.2,8.3,1.5,0.0,7.4,22.3,78.23
춘천,2023-07-26,30.8,23.4,26.3,80.6,63.0,3.8,7.0,1.1,17.3,4.3,22.5,79.65
춘천,2023-07-27,32.7,22.9,27.7,74.9,49.0,3.1,5.1,1.3,0.1,8.1,22.4,76.09
춘천,2023-07-28,34.1,23.9,28.0,76.9,50.0,3.6,5.2,1.4,0.0,8.5,23.2,76.87
춘천,2023-07-29,34.4,24.1,27.9,75.8,46.0,4.2,6.3,1.6,0.0,8.0,22.7,75.92999999999999
춘천,2023-07-30,34.4,22.7,28.3,71.9,37.0,3.0,4.0,1.4,0.0,12.4,22.1,73.17999999999999
춘천,2023-07-31,33.8,24.4,28.5,72.8,52.0,3.1,6.3,1.4,0.0,5.4,22.7,72.92
춘천,2023-08-01,34.0,23.4,28.4,74.3,51.0,3.2,4.9,1.2,0.0,8.8,22.9,73.75999999999999
춘천,2023-08-02,33.3,24.2,28.5,74.5,51.0,3.4,6.2,1.5,0.0,7.1,23.0,74.28999999999999
춘천,2023-08-03,33.1,22.1,27.9,72.4,48.0,3.7,6.5,1.6,0.0,10.0,21.9,73.00999999999999
춘천,2023-08-04,34.3,23.0,28.4,73.4,49.0,3.7,6.0,1.6,0.0,10.1,22.6,73.31
춘천,2023-08-05,34.9,23.4,28.9,71.9,43.0,3.2,5.1,1.4,0.0,11.5,22.7,72.25
춘천,2023-08-06,34.4,24.1,28.3,76.1,48.0,5.3,8.3,1.7,0.0,5.2,23.3,74.99000000000001
춘천,2023-08-07,33.4,25.4,28.6,68.0,52.0,4.8,7.2,2.7,0.0,10.7,21.8,70.00999999999999
춘천,2023-08-08,33.1,22.5,27.7,65.1,51.0,4.6,8.0,2.8,0.0,12.8,20.3,66.78
춘천,2023-08-09,29.7,22.4,25.5,72.3,57.0,4.3,7.2,2.4,2.9,0.9,19.9,70.42999999999999
춘천,2023-08-10,22.7,20.8,21.7,89.8,79.0,6.7,12.5,2.1,49.3,0.0,19.8,83.83
춘천,2023-08-11,24.7,20.8,22.9,88.4,70.0,4.3,9.1,1.1,8.4,0.0,20.7,87.07000000000001
춘천,2023-08-12,28.5,21.7,24.1,82.0,54.0,3.0,5.3,1.1,3.1,1.1,20.6,84.06
춘천,2023-08-13,30.0,22.1,25.9,79.9,60.0,2.4,3.2,0.7,0.1,1.2,21.8,81.17
춘천,2023-08-14,33.4,22.9,27.9,68.9,41.0,4.2,7.5,1.5,0.0,10.8,21.1,72.41000000000001
춘천,2023-08-15,32.8,22.2,27.0,68.4,50.0,3.6,6.3,1.9,0.0,7.9,20.4,69.65
춘천,2023-08-16,32.3,20.7,26.7,69.3,46.0,3.8,7.0,1.7,0.0,12.0,20.2,69.08
춘천,2023-08-17,32.6,23.5,27.2,71.3,50.0,3.1,4.1,1.5,0.0,8.5,21.2,70.61
춘천,2023-08-18,33.9,23.0,28.5,72.5,46.0,2.9,4.0,1.5,0.0,10.0,22.6,71.94
춘천,2023-08-19,33.8,25.0,28.6,74.8,50.0,2.5,4.6,1.2,0.2,7.9,23.3,73.98999999999998
춘천,2023-08-20,32.6,24.9,27.7,76.1,50.0,2.7,4.5,1.3,0.0,3.6,22.8,75.47999999999999
춘천,2023-08-21,33.6,23.6,28.3,74.4,53.0,3.8,5.6,1.6,0.0,5.9,22.9,74.78
춘천,2023-08-22,31.9,24.8,27.6,75.5,57.0,4.7,9.9,1.8,0.1,3.8,22.5,75.33999999999999
춘천,2023-08-23,30.5,21.1,24.5,87.9,65.0,4.3,6.8,1.3,76.8,0.4,22.2,84.07
춘천,2023-08-24,23.8,20.7,22.5,91.0,84.0,3.1,4.5,1.8,27.2,0.0,20.9,88.83
춘천,2023-08-25,30.9,21.4,25.6,77.9,51.0,4.0,7.1,1.5,1.6,7.9,20.9,81.52000000000001
춘천,2023-08-26,30.2,20.8,24.9,76.1,44.0,3.0,4.3,1.4,0.0,7.5,19.9,77.94999999999999
춘천,2023-08-27,28.8,20.0,24.2,74.3,57.0,3.4,5.0,1.7,0.0,1.8,19.0,75.02
춘천,2023-08-28,22.7,20.4,21.5,87.6,80.0,3.6,5.6,2.2,5.1,0.0,19.3,83.78999999999999
춘천,2023-08-29,24.7,21.3,22.8,90.1,84.0,3.4,5.7,1.1,28.7,0.0,21.0,88.01999999999998
춘천,2023-08-30,26.1,20.1,21.8,88.3,64.0,2.0,2.9,0.7,11.7,0.1,19.7,88.59
춘천,2023-08-31,28.2,19.1,22.6,79.0,51.0,2.6,3.9,0.9,0.0,6.0,18.3,81.97
춘천,2023-09-01,29.6,18.7,22.7,75.0,43.0,2.7,4.2,1.3,0.0,7.7,17.4,77.13
춘천,2023-09-02,29.7,18.1,22.8,76.3,46.0,3.1,4.3,1.5,0.0,8.1,17.9,76.31
춘천,2023-09-03,27.4,19.7,22.8,85.4,67.0,3.4,4.6,1.6,1.2,1.2,20.1,82.54
춘천,2023-09-04,30.1,22.0,25.5,80.1,61.0,3.0,4.4,1.2,0.0,1.5,21.6,80.77999999999999
춘천,2023-09-05,32.2,22.6,26.7,72.4,45.0,3.1,5.8,1.6,0.0,7.9,21.0,75.24000000000001
춘천,2023-09-06,31.2,20.2,25.5,69.1,44.0,4.4,7.4,2.1,0.0,10.3,18.8,70.86
춘천,2023-09-07,30.3,18.1,23.5,64.4,35.0,3.7,7.3,2.2,0.0,11.2,15.3,66.14
춘천,2023-09-08,29.9,16.2,22.7,71.4,40.0,3.6,4.8,1.6,0.0,11.2,16.5,69.77000000000001
춘천,2023-09-09,30.7,18.2,23.8,75.4,46.0,3.2,4.5,1.3,0.0,8.2,18.6,73.5
춘천,2023-09-10,31.5,19.7,25.0,70.5,40.0,2.9,5.1,1.2,0.0,9.6,18.7,71.57
춘천,2023-09-11,30.3,20.4,24.5,73.6,48.0,3.4,4.9,1.4,0.0,7.1,19.1,73.16000000000001
춘천,2023-09-12,29.9,20.1,23.9,72.0,35.0,2.7,3.7,1.4,0.0,7.8,17.7,72.17
춘천,2023-09-13,22.2,18.2,20.1,90.4,84.0,2.7,4.4,1.4,29.2,0.0,18.4,85.04
춘천,2023-09-14,26.2,18.3,21.8,75.4,56.0,4.1,6.3,1.7,0.0,1.9,16.9,78.06
춘천,2023-09-15,22.5,18.9,20.5,90.1,82.0,3.0,4.6,1.6,10.5,0.0,18.8,87.19
춘천,2023-09-16,25.5,20.5,22.4,90.8,78.0,2.4,3.9,0.7,17.6,0.0,20.7,89.12
춘천,2023-09-17,29.1,20.9,23.8,84.3,57.0,2.7,5.0,1.0,26.6,4.0,20.7,86.17999999999999
춘천,2023-09-18,29.6,20.6,24.2,80.6,55.0,3.8,5.7,1.1,0.2,3.9,20.4,82.36
춘천,2023-09-19,27.0,18.6,22.4,82.5,61.0,2.7,4.7,1.1,0.0,2.3,19.0,82.29999999999998
춘천,2023-09-20,21.5,18.1,20.0,86.8,69.0,4.4,7.6,1.5,13.9,0.0,17.6,85.32
춘천,2023-09-21,22.6,14.5,18.9,67.8,48.0,4.8,7.9,2.1,0.0,1.3,12.4,73.07
춘천,2023-09-22,25.1,13.7,18.3,74.6,28.0,2.6,4.3,1.2,0.0,7.2,12.9,74.45999999999998
춘천,2023-09-23,26.0,13.9,19.1,73.1,43.0,4.7,7.6,1.9,0.0,7.6,13.5,72.86999999999999
춘천,2023-09-24,24.9,14.0,18.9,66.0,37.0,4.8,8.1,2.7,0.0,8.6,11.6,68.27999999999999
춘천,2023-09-25,26.9,15.3,20.3,72.9,40.0,3.2,5.1,1.7,3.9,3.9,14.8,71.54
춘천,2023-09-26,21.0,18.0,19.4,92.6,84.0,3.0,4.3,1.4,10.6,0.0,18.1,85.99999999999999
춘천,2023-09-27,24.2,18.7,20.5,91.4,72.0,2.9,3.7,1.3,4.3,0.2,18.9,89.79
춘천,2023-09-28,26.9,17.2,21.6,78.5,49.0,3.5,6.7,1.3,0.0,7.6,17.3,82.49
춘천,2023-09-29,25.1,15.6,19.2,74.5,41.0,2.7,4.4,1.3,0.0,5.2,14.0,76.99
춘천,2023-09-30,22.6,14.7,17.2,84.1,59.0,4.9,8.5,1.3,4.8,2.0,14.2,81.61999999999999
춘천,2023-10-01,23.4,11.0,16.5,69.6,27.0,4.6,8.6,1.6,0.0,9.1,9.7,72.99
춘천,2023-10-02,22.6,9.2,14.9,75.4,34.0,3.4,5.4,1.1,0.0,7.2,9.7,75.11
춘천,2023-10-03,20.5,10.5,14.5,82.1,49.0,2.4,4.1,1.0,0.0,1.9,11.2,79.50999999999999
춘천,2023-10-04,21.3,11.3,14.6,89.3,56.0,3.7,6.8,1.0,2.9,1.6,12.7,86.47
춘천,2023-10-05,18.5,6.2,12.5,63.8,33.0,3.4,5.9,1.4,0.0,9.9,4.8,70.72999999999999
춘천,2023-10-06,19.9,5.5,12.0,74.0,30.0,2.5,4.4,0.9,0.0,6.2,6.6,73.49000000000001
춘천,2023-10-07,21.0,8.3,14.6,76.4,47.0,2.5,3.5,1.1,0.0,5.4,9.9,74.66
춘천,2023-10-08,18.8,11.0,14.8,77.0,53.0,4.4,7.2,2.1,0.0,0.8,10.5,76.58000000000001
춘천,2023-10-09,18.6,11.5,13.9,81.0,54.0,3.3,5.1,1.4,6.7,0.7,10.5,79.74
춘천,2023-10-10,22.3,9.6,15.0,75.6,39.0,3.2,4.6,1.2,0.0,7.5,10.0,76.82
춘천,2023-10-11,22.4,7.5,14.1,72.6,25.0,3.0,4.5,1.1,0.0,9.1,8.1,74.03999999999999
춘천,2023-10-12,22.2,8.2,13.9,79.5,36.0,2.2,3.1,0.9,0.0,6.4,9.8,77.73
춘천,2023-10-13,21.1,11.2,15.1,80.6,49.0,1.9,3.2,0.8,0.0,2.9,11.4,79.58
춘천,2023-10-14,16.0,10.8,13.2,88.6,71.0,2.2,3.1,0.7,1.6,0.9,11.3,86.08999999999999
춘천,2023-10-15,20.6,10.0,14.2,77.1,44.0,3.8,6.7,1.2,0.0,5.1,9.7,79.75
춘천,2023-10-16,20.9,7.2,13.6,73.6,38.0,3.2,5.2,1.2,0.0,7.3,8.1,75.8
춘천,2023-10-17,18.7,5.4,10.9,74.6,25.0,2.2,3.2,0.8,0.0,6.6,5.7,74.64999999999999
춘천,2023-10-18,20.0,5.7,12.0,78.6,42.0,3.7,6.8,1.1,0.0,4.4,7.9,77.3
춘천,2023-10-19,15.8,11.5,14.2,89.3,75.0,2.6,4.8,0.8,4.8,0.0,12.4,85.68999999999998
춘천,2023-10-20,16.1,4.2,11.5,48.6,20.0,6.1,10.8,2.4,0.0,9.8,-0.2,59.739999999999995
춘천,2023-10-21,16.3,0.4,7.6,65.8,24.0,4.8,9.5,1.3,0.1,8.4,0.3,64.71
춘천,2023-10-22,18.0,1.1,9.2,73.8,33.0,4.0,7.7,1.1,0.0,8.2,3.8,69.67999999999999
춘천,2023-10-23,19.6,6.6,11.9,81.6,48.0,2.6,3.7,0.7,0.0,4.6,8.5,78.46
춘천,2023-10-24,19.5,7.9,12.6,81.6,50.0,2.5,4.5,1.0,0.0,5.3,9.0,80.82
춘천,2023-10-25,21.3,8.9,14.1,81.3,48.0,2.7,4.8,0.9,0.0,5.6,10.4,81.38999999999999
춘천,2023-10-26,17.1,9.7,12.7,91.5,73.0,3.9,8.1,0.9,11.9,0.0,11.2,88.47
춘천,2023-10-27,18.1,8.1,12.6,79.5,47.0,4.7,6.6,1.1,0.2,6.2,8.6,82.08
춘천,2023-10-28,16.8,6.9,10.1,86.1,50.0,2.2,2.9,0.8,0.0,4.2,7.6,85.32
춘천,2023-10-29,19.4,5.2,10.7,80.9,39.0,2.4,3.2,0.8,0.0,6.2,7.0,81.8
춘천,2023-10-30,19.9,5.7,10.8,83.6,45.0,2.1,2.8,0.7,0.0,5.6,7.6,83.30999999999999
춘천,2023-10-31,20.4,6.6,12.9,79.1,46.0,2.7,4.8,0.8,0.0,6.0,8.8,80.17999999999999
춘천,2023-11-01,17.0,11.9,14.4,89.8,82.0,2.0,2.9,0.5,0.1,0.0,12.7,87.03999999999999
춘천,2023-11-02,25.5,11.7,18.3,65.1,26.0,4.6,8.8,1.3,0.0,5.3,10.2,71.44
춘천,2023-11-03,22.0,9.8,17.0,76.5,59.0,3.7,7.5,1.6,8.1,0.5,12.6,75.55
춘천,2023-11-04,19.4,12.5,15.8,73.9,57.0,3.7,6.5,2.5,0.0,1.0,11.0,73.54
춘천,2023-11-05,17.5,14.0,15.6,86.6,75.0,3.7,5.5,1.7,9.5,0.2,13.3,83.05
춘천,2023-11-06,19.5,6.7,14.1,74.1,59.0,8.0,16.1,4.1,54.4,0.9,9.4,76.58
춘천,2023-11-07,10.2,0.6,5.6,58.3,34.0,6.6,11.3,2.9,0.0,8.6,-2.4,64.28999999999999
춘천,2023-11-08,15.0,-0.9,5.8,71.0,22.0,1.8,2.8,0.7,0.0,9.0,0.0,68.77
춘천,2023-11-09,15.4,0.8,8.5,83.9,52.0,2.9,4.8,0.6,3.8,1.4,5.6,78.75999999999999
춘천,2023-11-10,11.5,-1.2,5.6,49.9,19.0,3.9,6.5,1.7,0.0,8.7,-4.9,58.81
춘천,2023-11-11,8.1,-3.8,1.0,60.9,23.0,3.5,6.1,1.0,0.0,5.9,-6.8,61.0
춘천,2023-11-12,6.2,-5.9,-0.3,62.1,27.0,2.9,4.9,0.8,0.0,8.5,-7.9,60.64
춘천,2023-11-13,8.4,-6.2,0.6,60.4,21.0,3.8,6.1,1.1,0.0,8.4,-7.6,60.78999999999999
춘천,2023-11-14,10.9,-5.0,2.1,67.0,30.0,3.4,5.1,0.7,0.0,8.2,-4.4,65.19
춘천,2023-11-15,12.6,-3.3,3.8,74.8,37.0,2.6,5.1,0.7,0.0,6.6,-1.1,71.8
춘천,2023-11-16,5.3,1.0,3.7,91.0,82.0,2.2,2.9,0.7,5.6,0.0,2.3,85.36
춘천,2023-11-17,7.7,-2.3,2.2,53.6,28.0,5.2,10.1,2.4,0.0,5.2,-6.8,63.2
춘천,2023-11-18,5.2,-5.3,0.0,52.8,35.0,4.4,7.3,2.2,0.0,8.1,-8.9,56.779999999999994
춘천,2023-11-19,10.2,-4.3,2.6,78.4,60.0,2.6,4.4,0.8,0.0,0.9,-0.9,70.8
춘천,2023-11-20,12.8,-3.5,3.3,71.5,26.0,2.4,3.5,0.7,0.0,7.9,-2.5,71.01
춘천,2023-11-21,14.3,-3.0,3.4,72.4,26.0,2.0,2.9,0.5,0.0,7.0,-2.1,72.82000000000001
춘천,2023-11-22,14.7,-3.0,6.2,66.0,27.0,2.9,4.0,0.7,0.0,7.4,-0.8,67.83
춘천,2023-11-23,15.2,3.3,8.9,66.3,35.0,7.1,12.7,2.4,0.6,6.1,2.3,66.85
춘천,2023-11-24,3.4,-5.4,-0.7,42.6,19.0,5.3,9.1,2.9,0.0,7.9,-12.4,49.68
춘천,2023-11-25,4.4,-9.0,-2.6,52.3,15.0,2.3,3.8,0.8,0.0,7.9,-12.1,51.76
춘천,2023-11-26,5.4,-1.9,2.2,45.6,26.0,2.2,3.3,0.7,0.0,1.6,-8.8,46.63999999999999
춘천,2023-11-27,6.9,1.2,3.9,86.1,60.0,4.9,9.1,1.1,4.1,0.0,1.6,74.61999999999999
춘천,2023-11-28,5.9,-1.1,2.2,45.0,22.0,6.2,11.1,3.0,0.0,6.4,-8.9,53.28
춘천,2023-11-29,3.2,-6.9,-2.2,62.6,35.0,5.3,8.9,1.8,0.0,2.7,-8.5,61.43
춘천,2023-11-30,-0.1,-9.0,-4.7,47.1,27.0,4.2,7.2,1.9,0.0,7.8,-14.8,49.99
춘천,2023-12-01,2.5,-10.6,-4.8,60.5,23.0,3.7,7.7,1.1,0.0,7.7,-12.5,58.029999999999994
춘천,2023-12-02,5.5,-9.4,-0.8,65.4,40.0,5.3,9.1,1.3,0.0,4.0,-6.9,62.59
춘천,2023-12-03,7.2,-7.0,-0.7,60.4,27.0,2.7,4.1,0.8,0.0,7.7,-8.4,61.41
춘천,2023-12-04,8.3,-6.9,-0.7,71.8,34.0,2.4,3.5,0.6,0.0,7.5,-5.8,68.88
춘천,2023-12-05,11.4,-3.7,2.1,74.8,40.0,1.8,2.8,0.5,0.0,7.4,-2.5,72.76
춘천,2023-12-06,4.9,-3.0,2.0,89.8,65.0,3.6,8.5,0.7,6.7,0.0,0.4,85.0
춘천,2023-12-07,10.2,-2.2,4.6,58.8,30.0,4.4,7.5,1.8,0.0,5.3,-3.2,66.6
춘천,2023-12-08,15.8,-1.6,8.8,72.3,43.0,3.8,6.7,1.2,0.0,4.6,3.4,71.35
춘천,2023-12-09,16.4,7.0,12.8,72.1,58.0,3.6,6.3,1.6,0.0,0.7,7.6,70.80999999999999
춘천,2023-12-10,14.2,4.7,9.7,75.3,55.0,4.9,7.6,2.2,0.0,5.0,5.1,74.36
춘천,2023-12-11,10.9,3.4,7.2,80.4,66.0,4.0,8.3,2.7,14.4,0.0,4.0,78.55
춘천,2023-12-12,7.8,-0.4,3.5,77.4,56.0,4.1,6.8,2.5,0.0,2.7,-0.2,77.79
춘천,2023-12-13,10.6,-0.8,4.2,80.9,54.0,3.6,5.2,1.2,0.0,5.9,0.9,80.15
춘천,2023-12-14,6.2,4.4,5.5,86.9,75.0,3.6,6.0,2.5,17.1,0.0,3.4,84.75
춘천,2023-12-15,4.8,2.4,3.3,87.4,78.0,3.5,7.1,2.1,36.7,0.0,1.3,86.65
춘천,2023-12-16,3.0,-9.9,-3.3,61.0,43.0,7.3,12.4,3.8,0.9,1.5,-10.0,68.86999999999999
춘천,2023-12-17,-4.8,-13.0,-9.6,43.3,26.0,4.4,8.9,2.4,0.0,7.7,-20.1,51.25
춘천,2023-12-18,-4.6,-14.2,-8.7,61.3,34.0,2.6,4.5,1.2,0.0,3.2,-15.2,57.669999999999995
춘천,2023-12-19,0.5,-9.4,-4.5,68.1,31.0,3.1,4.3,1.2,0.0,3.5,-9.9,64.25999999999999
춘천,2023-12-20,-3.2,-11.1,-6.4,55.4,34.0,5.2,9.9,2.5,0.1,5.5,-14.1,58.529999999999994
춘천,2023-12-21,-6.8,-14.3,-10.9,45.1,30.0,5.0,8.1,2.4,0.0,7.7,-20.7,49.46
춘천,2023-12-22,-6.8,-14.9,-11.6,48.3,28.0,4.0,6.4,1.9,0.0,7.7,-20.8,48.37
춘천,2023-12-23,-2.0,-15.7,-9.6,64.3,29.0,2.3,3.1,0.7,0.0,7.6,-15.9,59.18
춘천,2023-12-24,1.6,-10.9,-5.4,72.9,48.0,3.2,5.8,0.9,0.0,6.6,-9.8,68.72
춘천,2023-12-25,1.2,-7.0,-3.1,84.9,62.0,2.9,5.0,0.7,0.7,0.5,-5.4,80.44
춘천,2023-12-26,6.7,-7.8,-0.8,78.4,44.0,3.8,6.8,1.2,0.0,5.6,-4.5,79.15
춘천,2023-12-27,5.1,-6.4,-2.1,84.6,54.0,3.2,4.5,0.6,0.0,4.7,-4.5,83.38999999999999
춘천,2023-12-28,5.1,-5.8,-2.4,81.4,44.0,2.5,3.9,0.4,0.0,3.9,-5.5,81.74
춘천,2023-12-29,6.1,-8.0,-2.6,79.8,46.0,2.4,4.1,0.5,0.0,5.9,-6.0,80.59999999999998
춘천,2023-12-30,-0.2,-5.7,-2.0,92.9,88.0,1.8,2.8,0.4,9.9,0.0,-2.9,89.13000000000001
춘천,2023-12-31,5.4,-0.2,1.7,91.6,73.0,1.9,2.8,0.4,5.3,0.3,0.3,90.67999999999999
춘천,2024-01-01,6.1,-0.1,2.6,84.5,60.0,1.7,3.1,0.6,0.0,1.0,0.1,86.76
춘천,2024-01-02,5.2,-0.6,2.3,71.9,52.0,3.6,6.6,1.3,0.0,1.6,-2.4,76.39
춘천,2024-01-03,4.6,-4.2,0.2,83.3,66.0,2.2,3.1,0.7,0.0,1.3,-2.3,81.14
춘천,2024-01-04,2.8,-6.3,-0.9,77.0,55.0,3.1,5.0,1.0,0.0,1.7,-4.7,77.75
춘천,2024-01-05,9.1,-2.0,3.9,69.9,44.0,3.9,6.8,1.5,0.0,2.8,-1.4,72.66
춘천,2024-01-06,6.4,-5.8,-0.5,68.1,25.0,4.4,7.4,1.2,0.0,7.2,-6.8,69.35
춘천,2024-01-07,0.6,-9.3,-3.9,43.5,16.0,5.3,9.5,2.3,0.0,7.8,-16.2,51.06
춘천,2024-01-08,0.3,-12.3,-5.4,51.6,25.0,3.0,4.9,1.1,0.0,7.5,-14.8,51.63
춘천,2024-01-09,-1.1,-3.9,-2.5,79.4,52.0,2.6,3.7,0.5,1.8,0.0,-5.7,70.25
춘천,2024-01-10,5.2,-7.3,-2.6,81.4,48.0,3.2,4.4,0.9,0.0,7.3,-5.5,78.02
춘천,2024-01-11,3.3,-6.0,0.3,73.3,55.0,4.3,7.9,2.0,0.0,2.3,-4.0,75.53
춘천,2024-01-12,5.9,-5.7,-0.7,63.8,23.0,4.3,6.9,1.3,0.0,7.8,-8.1,67.46
춘천,2024-01-13,5.6,-8.9,-3.0,63.9,22.0,2.3,3.3,0.6,0.0,7.9,-10.2,64.82
춘천,2024-01-14,-0.7,-8.6,-4.1,87.0,67.0,2.2,2.9,0.6,2.7,1.0,-5.9,80.06
춘천,2024-01-15,2.1,-9.9,-4.9,68.9,29.0,2.7,4.2,0.9,0.0,6.3,-10.7,72.02000000000001
춘천,2024-01-16,3.2,-12.0,-5.6,69.9,32.0,1.8,3.9,0.6,0.0,7.6,-10.8,71.41
춘천,2024-01-17,0.4,-8.9,-2.6,85.3,58.0,1.4,2.1,0.3,4.5,1.0,-4.8,80.58
춘천,2024-01-18,8.9,-0.2,3.5,78.0,56.0,5.0,9.2,2.0,0.2,5.0,-0.2,78.64999999999999
춘천,2024-01-19,5.9,2.4,3.8,63.4,56.0,5.5,9.5,3.3,0.0,0.3,-2.5,68.50999999999999
춘천,2024-01-20,4.4,0.2,2.3,65.1,52.0,5.8,11.1,3.1,0.1,0.0,-3.7,66.05
춘천,2024-01-21,4.6,-0.3,2.2,68.9,56.0,3.9,7.1,1.7,0.0,0.0,-3.0,67.59
춘천,2024-01-22,1.7,-12.2,-7.2,58.6,44.0,6.4,11.0,3.8,0.0,6.6,-14.0,61.309999999999995
춘천,2024-01-23,-7.7,-14.4,-11.7,48.1,31.0,4.7,8.4,2.7,0.0,8.1,-20.7,52.28
춘천,2024-01-24,-3.9,-16.1,-10.1,57.5,29.0,3.5,6.0,1.1,0.0,8.2,-17.7,55.730000000000004
춘천,2024-01-25,-0.1,-14.3,-7.3,56.8,23.0,3.3,5.1,1.0,0.0,8.2,-15.6,56.07
춘천,2024-01-26,4.6,-11.3,-4.4,59.9,25.0,3.6,6.0,0.8,0.0,8.2,-12.1,59.04
춘천,2024-01-27,5.2,-9.6,-3.3,67.3,29.0,4.3,6.7,0.9,0.0,7.5,-9.4,64.76999999999998
춘천,2024-01-28,3.4,-7.7,-3.1,67.9,35.0,4.0,5.6,1.1,0.0,8.0,-9.0,66.98
춘천,2024-01-29,5.0,-10.1,-3.1,66.8,30.0,2.2,3.6,0.8,0.0,8.2,-9.2,67.07000000000001
춘천,2024-01-30,7.1,-9.1,-2.2,64.0,19.0,2.0,2.9,0.6,0.0,8.3,-9.2,64.95
춘천,2024-01-31,11.0,-5.4,1.3,59.5,23.0,3.3,5.5,0.7,0.0,8.3,-7.0,61.13
춘천,2024-02-01,7.8,-6.0,0.5,67.8,39.0,5.6,9.6,2.2,0.0,7.1,-5.4,65.75999999999999
춘천,2024-02-02,8.2,-2.6,1.9,60.1,36.0,3.8,6.4,1.7,0.0,5.7,-5.4,61.580000000000005
춘천,2024-02-03,7.8,-3.6,2.4,64.3,44.0,3.6,5.2,1.5,0.0,0.7,-4.0,63.81
춘천,2024-02-04,11.5,0.0,5.6,58.8,35.0,4.9,8.2,2.3,0.0,7.7,-2.2,60.029999999999994
춘천,2024-02-05,4.7,-1.1,2.0,71.4,54.0,6.2,10.0,3.0,1.2,0.0,-2.9,68.17
춘천,2024-02-06,5.4,-1.6,1.2,71.5,52.0,2.7,4.4,1.6,0.0,1.5,-3.5,70.21
춘천,2024-02-07,5.1,-4.7,0.2,73.4,45.0,2.4,3.6,0.9,0.0,3.0,-4.4,72.82000000000001
춘천,2024-02-08,5.9,-7.1,-1.3,73.5,38.0,2.2,3.8,0.6,0.0,6.1,-6.2,73.28
춘천,2024-02-09,6.1,-6.4,-0.9,69.3,35.0,4.7,7.2,1.3,0.0,9.0,-6.5,70.55
춘천,2024-02-10,6.8,-6.5,-0.9,72.1,34.0,3.6,7.1,0.8,0.0,4.9,-6.0,71.67999999999998
춘천,2024-02-11,5.4,-7.4,-1.5,73.3,34.0,5.3,8.9,1.3,0.0,6.0,-6.4,72.66
춘천,2024-02-12,9.6,-6.6,0.3,67.9,28.0,3.0,5.3,0.8,0.0,7.7,-6.0,69.39999999999999
춘천,2024-02-13,13.6,-2.5,4.5,70.8,45.0,4.1,7.2,0.8,0.0,2.8,-0.8,70.47
춘천,2024-02-14,17.3,2.9,9.2,70.6,48.0,4.7,7.4,0.8,0.0,4.6,3.7,70.37
춘천,2024-02-15,11.2,-0.4,4.6,82.9,70.0,5.7,8.5,1.5,14.8,0.0,1.9,79.23
춘천,2024-02-16,5.7,-3.1,0.7,74.6,48.0,2.9,4.8,0.9,0.0,5.0,-3.6,75.86
춘천,2024-02-17,10.0,-3.8,1.8,80.0,40.0,2.6,3.6,0.9,0.0,6.0,-1.8,79.21000000000001
춘천,2024-02-18,6.9,-2.6,2.9,85.1,62.0,3.0,4.2,0.8,6.6,0.6,0.4,83.02999999999999
춘천,2024-02-19,8.9,4.8,7.0,95.8,88.0,2.7,4.4,0.5,18.1,0.0,6.3,92.07999999999998
춘천,2024-02-20,8.6,2.2,4.9,73.8,60.0,5.7,9.5,2.9,1.7,0.0,0.4,79.33
춘천,2024-02-21,3.7,-0.6,1.1,85.9,64.0,5.5,8.8,2.4,6.9,0.0,-1.0,84.47
춘천,2024-02-22,1.6,-1.3,0.0,68.9,55.0,5.5,8.8,2.9,1.0,0.0,-5.1,72.79
춘천,2024-02-23,5.0,-3.4,0.6,62.5,41.0,5.2,8.6,2.9,0.4,8.5,-6.1,66.12
춘천,2024-02-24,6.4,-4.8,0.7,70.3,38.0,4.0,6.4,1.9,1.9,5.8,-4.7,68.6
춘천,2024-02-25,6.7,-1.4,1.9,82.5,53.0,2.6,3.3,0.8,1.7,2.2,-1.0,78.05999999999999
춘천,2024-02-26,8.2,-3.0,2.3,70.8,37.0,3.6,7.5,1.6,0.0,7.3,-3.3,73.09
춘천,2024-02-27,8.3,-3.4,2.4,64.0,34.0,3.0,4.8,1.0,0.0,7.4,-4.5,67.21
춘천,2024-02-28,9.9,-1.5,3.9,66.4,40.0,2.8,4.9,0.8,0.0,3.2,-2.3,66.36
춘천,2024-02-29,9.0,-0.3,3.9,65.9,36.0,2.9,5.0,0.9,0.0,0.0,-2.4,65.81
춘천,2024-03-01,2.1,-7.7,-2.9,30.6,15.0,7.0,13.4,3.3,0.0,9.9,-18.5,41.24
춘천,2024-03-02,3.1,-11.2,-2.3,59.9,37.0,7.0,12.4,2.2,0.4,3.9,-9.3,54.64
춘천,2024-03-03,8.7,-4.2,2.9,64.6,27.0,4.8,8.2,1.7,1.2,6.1,-4.3,60.25999999999999
춘천,2024-03-04,11.6,-5.5,3.1,53.0,13.0,2.3,3.5,0.3,0.0,9.2,-8.2,56.01
춘천,2024-03-05,11.5,1.1,5.2,55.6,35.0,5.4,8.8,2.4,0.0,1.1,-3.2,55.980000000000004
춘천,2024-03-06,7.1,-0.9,3.1,64.1,45.0,4.3,7.7,2.3,0.0,0.5,-3.3,61.28999999999999
춘천,2024-03-07,7.2,-1.4,1.7,77.4,53.0,4.1,6.8,1.7,0.4,2.2,-1.9,72.56
춘천,2024-03-08,7.8,-6.1,0.9,51.8,20.0,5.8,9.0,1.7,0.0,9.5,-9.6,58.150000000000006
춘천,2024-03-09,8.0,-6.7,1.0,48.0,15.0,4.6,6.9,1.0,0.0,10.3,-10.6,51.699999999999996
춘천,2024-03-10,11.6,-6.0,3.1,50.4,19.0,4.7,8.6,1.2,0.0,10.1,-7.8,50.059999999999995
춘천,2024-03-11,9.8,-1.9,3.2,57.1,26.0,2.5,4.7,0.3,0.0,1.1,-5.2,54.849999999999994
춘천,2024-03-12,9.4,-1.3,3.9,67.1,41.0,4.2,7.7,0.7,0.0,1.5,-2.1,63.42999999999999
춘천,2024-03-13,13.4,-4.1,5.1,54.4,18.0,5.9,11.0,2.8,0.0,9.8,-5.3,57.21
춘천,2024-03-14,15.3,-2.7,7.1,47.9,18.0,4.7,8.7,1.5,0.0,8.1,-5.1,51.12
춘천,2024-03-15,17.5,-1.6,8.8,47.9,21.0,5.5,9.6,1.8,0.0,10.1,-3.1,48.54999999999999
춘천,2024-03-16,18.3,0.7,10.3,49.1,21.0,4.1,7.9,1.2,0.0,7.1,-1.9,48.739999999999995
춘천,2024-03-17,14.9,4.8,10.3,36.9,18.0,5.2,12.1,2.8,0.0,8.3,-4.7,40.44
춘천,2024-03-18,14.1,-2.7,6.4,35.6,11.0,5.5,8.3,1.6,0.0,10.1,-10.0,37.209999999999994
춘천,2024-03-19,7.9,2.7,4.9,59.3,26.0,5.9,11.3,1.8,2.8,0.2,-3.0,52.31999999999999
춘천,2024-03-20,8.7,-1.6,2.8,62.6,24.0,5.5,10.5,1.7,2.3,5.3,-5.1,59.24
춘천,2024-03-21,11.5,-5.0,4.0,53.4,22.0,4.0,6.5,1.1,0.0,10.0,-6.3,55.83
춘천,2024-03-22,15.5,0.8,8.1,64.5,25.0,5.0,9.2,1.4,18.8,4.8,0.6,62.089999999999996
춘천,2024-03-23,19.4,6.5,11.9,69.0,30.0,2.7,4.2,1.0,2.1,8.8,5.3,66.53999999999999
춘천,2024-03-24,22.3,5.3,13.9,43.9,17.0,4.1,7.4,2.1,0.0,8.8,-0.3,50.980000000000004
춘천,2024-03-25,12.8,5.6,8.6,65.9,34.0,6.0,10.7,2.8,3.7,0.0,2.3,61.81
춘천,2024-03-26,10.1,1.9,5.1,77.9,50.0,4.1,6.5,1.7,11.0,2.2,1.2,72.10000000000001
춘천,2024-03-27,16.4,0.6,8.5,70.9,35.0,3.2,4.9,1.2,0.0,6.8,2.4,71.80000000000001
춘천,2024-03-28,10.3,7.6,9.3,81.4,72.0,3.4,4.9,0.8,1.4,0.0,6.2,78.95
춘천,2024-03-29,12.6,5.9,8.0,62.3,30.0,5.2,9.5,2.6,0.2,1.2,0.7,66.97999999999999
춘천,2024-03-30,15.8,-1.7,6.6,57.6,22.0,5.3,9.3,1.4,0.0,5.3,-2.3,60.92
춘천,2024-03-31,17.8,-1.0,8.9,48.3,14.0,3.2,4.9,1.0,0.0,8.5,-3.9,51.56
춘천,2024-04-01,19.5,0.8,11.0,42.9,16.0,4.9,8.1,1.6,0.0,10.9,-3.7,45.449999999999996
춘천,2024-04-02,24.5,2.2,13.7,43.1,14.0,2.6,4.1,1.0,0.0,9.0,-0.8,43.58
춘천,2024-04-03,18.8,10.0,13.9,51.6,40.0,5.5,7.8,2.5,0.0,0.0,3.9,49.029999999999994
춘천,2024-04-04,17.5,9.9,13.0,40.6,21.0,5.6,8.6,2.8,0.0,2.9,-0.9,43.05
춘천,2024-04-05,19.1,6.5,12.7,51.8,32.0,3.8,6.6,1.4,0.0,4.4,2.4,49.53999999999999
춘천,2024-04-06,19.9,4.0,12.3,55.4,25.0,4.7,8.4,1.6,0.0,6.7,2.2,53.199999999999996
춘천,2024-04-07,24.0,3.3,14.1,48.0,19.0,3.9,7.5,1.2,0.0,11.1,1.3,49.85999999999999
춘천,2024-04-08,23.9,6.9,15.8,47.9,22.0,3.6,6.1,1.0,0.0,4.4,3.3,48.669999999999995
춘천,2024-04-09,16.9,8.7,12.1,28.0,18.0,6.7,10.8,3.9,0.0,11.5,-6.2,33.980000000000004
춘천,2024-04-10,19.9,3.4,12.5,51.5,31.0,3.7,6.3,1.4,0.0,4.8,2.2,46.44
춘천,2024-04-11,19.4,9.7,13.4,68.3,42.0,2.7,3.8,0.9,0.2,2.1,7.1,60.91
춘천,2024-04-12,25.0,6.2,15.5,61.0,30.0,3.4,6.5,1.2,0.0,9.5,6.6,61.51
춘천,2024-04-13,28.3,7.3,17.7,49.0,11.0,3.0,4.6,1.0,0.0,11.6,4.3,53.33
춘천,2024-04-14,30.4,8.7,19.4,45.3,16.0,3.2,6.3,1.0,0.0,11.3,5.0,47.61
춘천,2024-04-15,18.1,11.2,14.5,77.9,52.0,3.5,5.9,1.2,18.8,0.1,10.5,68.49000000000001
춘천,2024-04-16,18.6,10.3,14.3,72.1,50.0,4.9,8.4,2.3,0.2,6.1,9.0,70.58
춘천,2024-04-17,22.8,6.9,14.4,64.3,25.0,2.7,5.0,1.2,0.0,8.8,6.4,67.22
춘천,2024-04-18,26.5,7.2,17.3,53.6,20.0,2.9,5.2,1.2,0.0,11.2,5.7,57.589999999999996
춘천,2024-04-19,25.8,7.5,17.6,53.5,27.0,3.6,6.1,1.3,0.0,9.6,6.6,54.599999999999994
춘천,2024-04-20,15.9,12.1,13.5,82.9,70.0,3.4,5.5,1.5,4.1,0.0,10.5,74.09
춘천,2024-04-21,18.3,12.1,15.2,67.3,57.0,4.7,8.8,2.4,0.0,0.0,9.0,69.03999999999999
춘천,2024-04-22,21.5,11.9,15.9,57.3,38.0,5.2,9.0,2.6,0.0,4.5,7.0,61.85999999999999
춘천,2024-04-23,19.5,9.4,14.0,64.8,42.0,6.8,11.2,3.6,0.6,7.8,6.9,63.55
춘천,2024-04-24,15.7,10.0,12.4,80.1,60.0,3.0,5.2,1.4,7.5,0.3,8.9,74.76
춘천,2024-04-25,22.3,10.9,15.7,66.3,36.0,3.2,5.3,1.3,0.0,7.1,8.7,68.91
춘천,2024-04-26,25.6,8.5,16.6,64.9,31.0,2.6,4.3,0.9,0.0,8.3,8.8,66.7
춘천,2024-04-27,28.2,8.6,18.0,56.1,16.0,3.1,5.2,1.2,0.0,12.0,6.7,58.88
춘천,2024-04-28,28.8,9.3,19.3,52.1,12.0,5.3,9.5,1.7,0.0,10.8,7.5,54.18
춘천,2024-04-29,22.2,13.2,17.2,49.8,37.0,5.5,8.6,3.1,0.0,9.5,6.3,50.88999999999999
춘천,2024-04-30,23.1,10.1,15.5,62.5,44.0,7.2,11.4,2.0,0.0,2.0,8.1,58.92
춘천,2024-05-01,22.9,10.7,16.5,40.6,22.0,4.1,8.5,2.1,0.0,10.0,2.0,45.900000000000006
춘천,2024-05-02,25.4,7.0,16.6,52.5,22.0,3.5,6.0,1.3,0.0,12.7,5.2,51.120000000000005
춘천,2024-05-03,28.4,8.0,18.2,52.3,17.0,2.6,3.8,1.1,0.0,12.5,5.7,51.169999999999995
춘천,2024-05-04,28.9,9.8,20.2,50.9,20.0,3.3,4.8,1.3,0.0,12.5,7.8,51.339999999999996
춘천,2024-05-05,18.2,15.8,17.2,84.0,58.0,3.6,6.1,1.0,35.7,0.0,14.3,74.21
춘천,2024-05-06,17.8,13.3,14.7,88.9,80.0,3.4,5.7,1.4,10.0,0.0,12.8,84.12
춘천,2024-05-07,16.5,8.6,12.8,71.0,51.0,5.1,10.1,2.3,4.3,0.0,7.4,75.88
춘천,2024-05-08,21.8,5.6,13.9,59.9,26.0,3.2,5.5,1.5,0.0,12.9,4.8,65.02000000000001
춘천,2024-05-09,22.7,6.8,15.4,59.1,31.0,5.3,9.4,1.9,0.0,11.2,6.3,60.449999999999996
춘천,2024-05-10,24.8,9.0,17.2,53.8,24.0,4.1,8.3,1.6,0.0,9.9,6.1,55.47
춘천,2024-05-11,21.5,8.4,15.8,75.4,51.0,4.3,7.8,1.5,22.4,0.5,11.2,69.45
춘천,2024-05-12,22.4,8.8,15.5,65.3,31.0,3.7,6.7,1.3,0.0,9.4,7.8,66.16999999999999
춘천,2024-05-13,24.9,8.0,16.8,57.5,24.0,3.8,5.5,1.3,0.0,12.8,6.7,60.85
춘천,2024-05-14,25.7,8.9,17.7,51.5,20.0,4.7,7.9,1.7,0.0,12.8,5.5,54.08
춘천,2024-05-15,22.6,7.6,12.9,72.3,38.0,4.6,7.6,1.9,38.5,6.2,7.5,66.66
춘천,2024-05-16,20.2,7.6,13.2,60.4,26.0,4.8,7.9,1.8,0.1,7.6,4.7,61.88999999999999
춘천,2024-05-17,24.4,6.3,15.5,66.0,32.0,3.9,7.1,1.4,0.0,10.9,8.3,65.50999999999999
춘천,2024-05-18,26.5,9.5,18.8,66.5,40.0,3.6,6.3,1.4,0.0,11.5,11.5,65.79
춘천,2024-05-19,28.3,12.7,20.8,60.5,24.0,3.4,5.8,1.6,0.0,10.1,11.5,62.24999999999999
춘천,2024-05-20,23.0,15.3,18.5,73.3,57.0,2.7,4.7,1.0,0.5,0.6,13.4,70.06
춘천,2024-05-21,27.7,15.2,20.5,60.8,26.0,3.2,5.3,1.6,0.0,12.6,11.6,63.269999999999996
춘천,2024-05-22,27.1,12.9,20.1,65.1,34.0,4.6,7.2,1.8,0.0,11.2,12.5,65.05999999999999
춘천,2024-05-23,28.2,12.8,21.0,58.5,30.0,3.8,6.5,1.8,0.0,13.0,11.4,60.05
춘천,2024-05-24,22.3,15.4,18.7,72.1,57.0,3.4,5.5,1.5,0.0,0.7,13.3,68.67999999999999
춘천,2024-05-25,24.3,14.9,18.9,66.4,42.0,3.2,4.7,1.6,0.0,1.1,12.0,66.75
춘천,2024-05-26,24.9,15.4,19.5,74.5,44.0,3.6,7.1,1.5,6.3,3.4,14.2,72.64
춘천,2024-05-27,22.7,12.9,17.8,57.4,38.0,5.2,9.3,2.7,0.0,7.3,8.7,61.72
춘천,2024-05-28,24.0,11.0,17.7,57.8,29.0,5.2,9.7,1.9,0.0,12.4,7.9,59.39
춘천,2024-05-29,27.7,10.1,19.0,58.9,28.0,4.1,6.5,1.4,0.0,12.7,9.5,58.53
춘천,2024-05-30,23.9,12.6,18.5,65.1,41.0,2.7,3.9,1.0,0.0,0.9,11.3,63.129999999999995
춘천,2024-05-31,26.3,14.5,20.8,54.1,25.0,5.8,8.1,2.1,0.0,10.1,10.1,56.78
춘천,2024-06-01,25.8,16.8,20.5,55.9,30.0,4.8,6.9,1.7,0.0,7.8,10.8,56.459999999999994
춘천,2024-06-02,24.7,12.4,19.1,59.5,33.0,3.3,6.0,1.5,0.0,7.8,10.2,58.239999999999995
춘천,2024-06-03,26.2,12.0,19.2,52.5,24.0,5.3,9.6,2.3,0.0,13.3,7.8,54.239999999999995
춘천,2024-06-04,28.6,11.2,20.5,53.0,27.0,3.3,5.3,1.7,0.0,13.4,9.3,53.55
춘천,2024-06-05,30.7,13.8,22.5,58.4,22.0,2.6,4.7,1.2,0.0,11.0,12.7,56.73
춘천,2024-06-06,30.9,16.7,23.0,58.3,26.0,4.3,6.8,1.2,0.0,10.4,13.0,57.78999999999999
춘천,2024-06-07,28.4,14.6,21.9,62.5,35.0,2.6,3.9,1.1,0.1,7.2,13.7,61.25
춘천,2024-06-08,23.6,17.5,19.5,84.0,64.0,2.7,4.5,1.1,19.1,1.9,16.6,77.13
춘천,2024-06-09,28.8,17.6,23.0,66.1,39.0,3.4,5.2,1.3,0.0,10.8,15.6,69.32
춘천,2024-06-10,29.9,16.5,23.9,66.6,44.0,3.1,5.2,1.4,0.0,9.1,16.6,68.24
춘천,2024-06-11,31.2,19.4,25.2,62.8,40.0,3.7,6.5,1.4,0.0,9.4,16.8,63.88999999999999
춘천,2024-06-12,31.7,16.4,24.2,62.1,32.0,3.1,5.0,1.4,0.0,9.3,15.5,62.69
춘천,2024-06-13,33.4,17.4,25.3,58.0,24.0,2.8,3.9,1.0,0.0,12.6,15.0,59.3
춘천,2024-06-14,33.1,17.3,25.7,55.1,29.0,3.5,5.9,1.3,0.0,10.7,15.0,56.38
춘천,2024-06-15,28.0,19.4,23.0,72.3,50.0,3.0,4.1,1.2,3.0,4.3,17.5,67.42999999999999
춘천,2024-06-16,29.4,16.6,23.4,58.9,29.0,3.9,6.2,1.6,0.0,11.5,13.5,61.199999999999996
춘천,2024-06-17,30.6,14.6,23.1,52.5,27.0,4.1,6.5,1.5,0.0,12.9,11.4,55.760000000000005
춘천,2024-06-18,33.3,14.5,24.8,52.9,32.0,2.5,4.5,1.1,0.0,13.6,13.6,53.419999999999995
춘천,2024-06-19,35.5,17.8,26.6,55.0,18.0,2.2,3.0,0.8,0.0,12.9,15.5,54.33
춘천,2024-06-20,35.2,18.9,27.0,56.5,25.0,2.7,3.5,0.9,0.0,11.5,16.4,55.839999999999996
춘천,2024-06-21,34.8,18.6,27.1,57.4,30.0,3.3,5.5,1.1,0.0,13.0,16.9,56.980000000000004
춘천,2024-06-22,25.4,21.5,22.9,82.3,61.0,3.1,4.8,1.2,15.6,0.0,19.5,74.74
춘천,2024-06-23,30.3,21.0,24.8,74.8,54.0,4.7,8.4,1.4,4.5,6.2,19.7,74.55999999999999
춘천,2024-06-24,28.9,19.8,24.2,67.3,43.0,4.7,8.7,2.0,0.0,8.7,17.2,70.3
춘천,2024-06-25,26.2,16.4,22.1,61.1,42.0,4.3,7.5,2.0,0.0,7.4,13.7,63.709999999999994
춘천,2024-06-26,30.1,15.4,23.4,64.4,35.0,2.6,3.8,1.1,0.0,13.6,15.4,64.03
춘천,2024-06-27,31.6,17.4,24.2,62.8,33.0,2.6,4.0,1.3,0.0,11.7,15.6,62.949999999999996
춘천,2024-06-28,32.8,16.4,25.1,59.3,25.0,2.8,4.7,1.1,0.0,13.1,15.3,60.510000000000005
춘천,2024-06-29,32.7,18.2,25.4,68.3,38.0,3.3,5.7,1.1,26.6,8.5,18.1,65.94999999999999
춘천,2024-06-30,24.6,22.1,23.1,87.5,76.0,3.9,7.7,1.5,72.9,0.4,20.9,80.84
춘천,2024-07-01,30.4,21.0,25.4,73.9,50.0,3.4,4.5,1.0,0.0,6.1,19.9,76.06
춘천,2024-07-02,23.8,21.1,22.1,88.3,74.0,3.3,5.2,1.9,33.9,0.0,19.9,85.34
춘천,2024-07-03,26.3,21.0,23.9,77.5,63.0,3.6,7.3,1.7,6.0,0.1,19.6,79.3
춘천,2024-07-04,30.2,20.9,25.6,74.8,54.0,3.3,6.2,1.5,5.1,4.8,20.4,76.68999999999998
춘천,2024-07-05,27.9,21.7,24.6,72.0,59.0,5.4,11.9,2.8,10.2,8.2,19.0,73.11
춘천,2024-07-06,29.0,20.6,24.0,82.3,69.0,4.5,9.8,1.3,4.5,0.0,20.7,79.49
춘천,2024-07-07,27.4,21.0,24.3,79.3,64.0,3.9,6.6,1.5,4.9,1.3,20.3,79.17
춘천,2024-07-08,25.2,22.6,23.7,90.9,82.0,3.6,5.8,0.9,32.6,0.0,22.0,87.72000000000001
춘천,2024-07-09,28.4,22.0,24.5,83.3,64.0,3.9,7.0,1.0,0.0,0.4,21.3,84.41999999999999
춘천,2024-07-10,31.0,21.9,25.9,75.0,52.0,4.2,6.2,1.1,2.1,7.8,20.7,78.25
춘천,2024-07-11,31.7,21.0,25.7,75.5,49.0,2.7,4.9,1.1,0.0,7.0,20.7,76.17999999999999
춘천,2024-07-12,31.0,22.4,26.1,76.0,53.0,2.3,3.3,0.6,0.0,6.7,21.2,75.8
춘천,2024-07-13,32.9,22.6,26.5,73.3,47.0,3.3,5.1,1.3,0.0,8.5,20.9,74.05999999999999
춘천,2024-07-14,31.0,21.1,25.7,67.6,52.0,3.3,5.7,2.0,0.0,5.2,18.9,69.57999999999998
춘천,2024-07-15,31.2,21.6,26.4,67.5,51.0,3.8,6.0,2.0,0.4,10.1,19.6,68.1
춘천,2024-07-16,31.8,22.6,26.2,76.5,52.0,3.9,6.7,1.6,25.4,4.7,21.4,73.81
춘천,2024-07-17,25.6,22.1,23.5,92.9,82.0,3.2,5.4,0.7,82.4,0.1,22.2,87.08
춘천,2024-07-18,24.9,22.8,23.5,93.0,88.0,5.1,10.3,1.3,83.6,0.0,22.3,91.33
춘천,2024-07-19,32.2,21.6,26.6,76.1,51.0,2.2,3.5,0.5,0.0,9.5,21.5,81.16000000000001
춘천,2024-07-20,29.8,22.3,25.8,80.9,63.0,4.2,8.3,0.9,19.0,1.2,22.1,81.14999999999999
춘천,2024-07-21,30.4,22.3,26.0,78.0,63.0,7.0,12.7,2.3,3.8,2.9,21.7,78.39
춘천,2024-07-22,28.7,24.7,26.4,85.1,70.0,5.3,10.5,1.0,3.5,0.2,23.6,83.25999999999999
춘천,2024-07-23,28.5,24.0,26.3,82.0,69.0,6.4,18.4,1.4,21.6,0.0,22.9,82.22
춘천,2024-07-24,31.8,22.4,26.9,81.0,64.0,3.7,7.4,0.7,45.7,5.3,23.1,81.61
춘천,2024-07-25,32.4,24.3,28.1,76.9,58.0,5.1,10.7,0.5,12.5,4.4,23.5,78.23
춘천,2024-07-26,33.2,23.4,27.6,79.3,55.0,4.3,9.0,0.5,28.3,5.2,23.4,78.99
춘천,2024-07-27,32.1,25.6,27.8,83.6,63.0,3.5,6.2,0.7,13.7,2.0,24.6,82.07
춘천,2024-07-28,31.5,25.3,28.5,75.1,60.0,3.2,5.4,1.4,0.0,3.4,23.3,77.22
춘천,2024-07-29,27.7,26.3,27.0,79.5,71.0,3.8,7.7,2.1,0.7,0.1,23.1,79.03
춘천,2024-07-30,31.2,25.9,27.7,77.9,67.0,3.0,5.7,1.6,0.0,2.8,23.4,77.94000000000001
춘천,2024-07-31,32.7,25.1,28.5,74.5,55.0,1.7,2.9,0.6,0.0,6.2,23.2,75.68
춘천,2024-08-01,32.9,25.8,29.1,74.4,59.0,1.9,3.1,0.5,0.0,4.9,23.9,74.77000000000001
춘천,2024-08-02,32.7,26.5,29.1,76.9,61.0,2.2,4.0,0.4,0.0,4.9,24.4,76.16000000000001
춘천,2024-08-03,34.3,25.5,29.5,72.9,49.0,2.5,3.5,0.3,0.0,9.6,23.7,73.85
춘천,2024-08-04,35.3,24.9,29.8,70.1,46.0,2.5,4.0,0.4,0.0,11.5,23.3,71.33999999999999
춘천,2024-08-05,35.1,24.2,28.9,,55.0,7.7,18.0,0.6,14.8,6.7,-99.0,
춘천,2024-08-06,30.2,23.7,26.1,81.0,71.0,3.1,4.9,0.8,10.2,4.7,22.4,
춘천,2024-08-07,32.1,25.4,27.7,,16.0,2.1,3.2,0.5,0.0,3.9,-99.0,
춘천,2024-08-08,31.1,24.6,27.3,,66.0,2.2,3.3,0.7,0.0,3.8,-99.0,
춘천,2024-08-09,33.7,24.7,28.5,74.8,47.0,2.3,3.3,0.7,0.0,9.3,23.1,
춘천,2024-08-10,33.9,24.5,28.6,77.4,53.0,2.9,3.9,0.7,0.0,7.2,24.0,
춘천,2024-08-11,33.5,25.4,28.8,76.8,54.0,2.4,3.3,0.6,0.0,5.8,24.0,76.72
춘천,2024-08-12,34.8,25.2,29.5,73.6,53.0,2.6,3.2,0.7,0.0,9.4,24.0,74.61999999999999
춘천,2024-08-13,35.4,25.5,29.9,71.1,50.0,2.5,4.5,0.7,0.0,11.4,23.8,72.16999999999999
춘천,2024-08-14,35.3,25.9,30.2,67.3,42.0,2.3,3.6,0.8,0.0,10.9,22.9,68.69
춘천,2024-08-15,34.6,24.7,29.4,67.0,47.0,2.7,4.6,0.9,0.0,10.1,22.2,67.47
춘천,2024-08-16,34.4,24.8,29.1,64.5,41.0,2.4,3.5,0.8,0.0,10.4,21.3,65.28
춘천,2024-08-17,35.2,24.6,29.6,66.0,43.0,2.7,5.1,0.8,0.0,11.7,22.0,65.8
춘천,2024-08-18,35.0,26.1,29.4,71.5,49.0,3.5,5.6,0.9,0.0,9.0,23.3,69.7
춘천,2024-08-19,35.1,25.0,29.0,73.5,45.0,2.8,4.1,1.0,0.0,9.2,23.3,72.35
춘천,2024-08-20,34.6,24.7,28.9,75.4,50.0,3.0,4.6,1.1,1.4,6.0,23.8,74.63000000000001
춘천,2024-08-21,28.6,25.4,26.8,89.8,81.0,2.9,5.3,1.2,49.2,0.2,24.9,85.28999999999999
춘천,2024-08-22,30.5,25.6,27.6,83.9,71.0,4.4,8.4,1.4,0.6,1.2,24.5,84.23
춘천,2024-08-23,31.9,24.5,27.7,76.3,55.0,2.8,5.3,0.9,0.1,7.7,22.8,79.17
춘천,2024-08-24,31.1,23.3,26.6,79.4,57.0,2.8,4.1,0.9,0.0,3.7,22.5,79.23
춘천,2024-08-25,32.5,24.1,27.5,78.6,55.0,2.9,3.9,0.9,0.0,8.2,23.1,78.53
춘천,2024-08-26,29.8,24.3,26.8,82.9,67.0,3.2,4.5,1.0,0.0,0.5,23.5,81.69
춘천,2024-08-27,28.3,22.1,24.9,80.4,61.0,3.8,5.1,1.4,0.1,2.9,21.1,80.72
춘천,2024-08-28,31.9,20.5,26.0,68.9,44.0,3.4,5.5,1.7,0.0,11.8,19.2,72.60000000000001
춘천,2024-08-29,30.4,20.5,25.4,71.6,54.0,3.6,5.6,2.1,0.0,8.8,19.6,71.94
춘천,2024-08-30,33.4,20.7,26.4,68.6,42.0,2.6,3.7,0.7,0.0,11.3,19.6,69.22999999999999
춘천,2024-08-31,31.9,19.8,25.2,70.6,40.0,2.7,4.3,0.9,0.0,10.5,18.9,70.3
춘천,2024-09-01,31.2,21.0,25.4,70.8,45.0,2.7,3.7,1.0,0.0,8.6,19.2,70.53999999999999
춘천,2024-09-02,25.5,19.3,22.6,79.1,69.0,4.4,7.7,1.8,1.5,0.0,18.7,76.58999999999999
춘천,2024-09-03,29.8,19.0,23.9,64.5,36.0,3.1,4.9,1.9,0.0,10.2,16.0,68.05
춘천,2024-09-04,31.5,19.2,24.8,70.4,43.0,2.9,4.1,1.0,0.0,11.3,18.5,70.09
춘천,2024-09-05,27.7,21.7,24.7,81.9,67.0,3.1,6.2,1.1,0.0,0.9,21.2,77.86
춘천,2024-09-06,24.7,20.7,22.2,81.3,66.0,3.1,5.7,1.8,1.8,0.0,18.8,80.33
춘천,2024-09-07,30.2,20.2,23.9,75.6,47.0,2.6,4.1,0.8,0.0,6.8,19.0,77.36999999999999
춘천,2024-09-08,31.6,20.1,25.2,73.8,43.0,3.4,4.6,1.0,0.0,9.7,19.7,74.91
춘천,2024-09-09,32.2,22.6,26.8,75.6,52.0,3.1,4.7,1.1,0.0,5.5,21.8,75.24
춘천,2024-09-10,33.8,23.1,27.6,76.0,49.0,3.0,4.0,1.0,0.0,9.8,22.6,75.69999999999999
춘천,2024-09-11,34.7,23.3,28.0,72.9,44.0,4.0,6.8,1.2,0.2,7.9,22.2,73.79
춘천,2024-09-12,25.5,23.0,23.6,90.4,78.0,3.0,4.7,1.2,25.6,0.0,21.8,85.46
춘천,2024-09-13,27.0,23.0,24.5,91.3,85.0,2.5,4.3,0.5,12.1,0.0,23.0,89.28
춘천,2024-09-14,29.8,22.9,25.8,86.0,72.0,2.9,4.0,1.2,25.0,3.2,23.2,87.5
춘천,2024-09-15,27.9,21.8,24.6,74.6,63.0,4.2,7.8,2.6,0.0,2.4,19.7,78.54999999999998
춘천,2024-09-16,27.8,20.2,23.2,84.3,71.0,3.1,4.6,1.8,4.0,4.1,20.3,82.52999999999999
춘천,2024-09-17,30.3,23.0,26.3,85.9,73.0,1.6,2.5,0.5,0.0,0.8,23.6,84.45
춘천,2024-09-18,31.6,25.1,27.6,84.4,68.0,3.6,5.2,0.5,18.2,2.1,24.6,84.69
춘천,2024-09-19,31.1,24.2,27.0,85.8,70.0,1.8,2.6,0.4,0.0,2.2,24.3,85.53
춘천,2024-09-20,27.3,16.5,23.7,90.4,83.0,7.9,13.9,1.4,38.5,0.1,22.0,88.88
춘천,2024-09-21,20.7,16.0,18.0,84.1,70.0,4.3,8.5,2.4,76.3,0.0,15.1,85.52999999999999
춘천,2024-09-22,23.6,15.6,19.1,71.6,55.0,4.2,6.9,2.3,0.0,4.3,13.6,75.98
춘천,2024-09-23,23.4,13.6,17.9,68.8,42.0,4.4,6.9,2.7,0.0,10.9,11.4,70.89
춘천,2024-09-24,24.8,11.5,17.5,73.1,39.0,3.1,4.5,1.4,0.0,10.8,12.2,72.08999999999999
춘천,2024-09-25,26.4,14.2,20.0,77.1,52.0,2.6,3.8,1.1,0.1,4.9,15.6,75.46999999999998
춘천,2024-09-26,27.3,19.1,21.8,82.6,58.0,2.8,4.3,1.0,4.1,6.0,18.4,80.55
춘천,2024-09-27,26.8,17.4,21.1,76.1,53.0,4.1,6.4,1.8,0.0,7.4,16.4,77.49999999999999
춘천,2024-09-28,25.4,16.2,20.6,67.0,47.0,4.1,6.4,2.5,0.0,8.7,13.9,70.38
춘천,2024-09-29,26.7,15.5,20.4,70.6,47.0,3.6,5.5,2.2,0.0,10.0,14.5,70.42999999999999
춘천,2024-09-30,26.8,14.6,20.0,75.6,49.0,2.5,3.4,0.9,0.0,9.6,15.1,73.74
춘천,2024-10-01,19.4,10.5,16.8,79.6,54.0,5.0,9.1,1.3,1.0,1.0,13.0,77.89999999999999
춘천,2024-10-02,19.9,7.5,12.6,67.1,25.0,2.9,4.9,1.2,0.0,9.1,5.6,70.44999999999999
춘천,2024-10-03,20.8,8.1,14.3,71.3,41.0,4.5,7.7,1.8,0.0,5.4,8.6,71.28999999999999
춘천,2024-10-04,22.4,9.0,14.7,71.4,29.0,2.3,3.6,0.9,0.0,9.5,8.8,70.95
춘천,2024-10-05,22.2,10.1,14.6,74.6,36.0,2.5,3.4,1.0,0.0,7.4,9.6,73.63
춘천,2024-10-06,16.0,9.9,13.4,85.5,76.0,2.2,2.9,0.6,0.0,0.0,10.9,81.91
춘천,2024-10-07,20.2,12.8,15.7,80.6,57.0,2.1,3.2,0.7,0.0,2.9,12.1,80.97999999999999
춘천,2024-10-08,20.7,12.8,16.0,79.3,63.0,3.9,6.9,2.0,0.0,1.8,12.2,80.17999999999999
춘천,2024-10-09,22.3,10.6,16.0,75.8,47.0,3.5,4.8,1.5,0.0,7.7,11.2,76.97999999999999
춘천,2024-10-10,21.4,12.6,15.9,77.8,52.0,3.7,5.2,1.3,0.0,6.6,11.7,77.54999999999998
춘천,2024-10-11,22.3,12.6,15.9,82.3,54.0,2.2,3.5,1.0,0.0,4.6,12.7,80.74999999999999
춘천,2024-10-12,22.5,12.0,15.4,81.1,48.0,2.7,4.4,1.1,0.0,5.6,11.8,81.00999999999999
춘천,2024-10-13,21.1,11.4,16.1,81.8,54.0,3.0,4.2,1.0,0.0,3.6,12.7,81.71
춘천,2024-10-14,19.3,14.0,16.5,86.3,76.0,2.5,2.9,0.6,0.0,0.0,14.1,84.88
춘천,2024-10-15,20.5,14.8,17.1,88.9,80.0,1.8,2.8,0.4,0.4,0.0,15.2,87.66999999999999
춘천,2024-10-16,24.0,11.5,17.2,75.0,25.0,2.6,4.5,1.1,0.0,8.8,12.2,78.91
춘천,2024-10-17,23.3,10.1,15.4,78.5,34.0,2.2,3.1,0.8,0.0,6.4,11.3,78.83999999999999
춘천,2024-10-18,16.4,14.0,15.2,91.4,86.0,3.5,5.4,1.3,33.3,0.0,13.8,87.17999999999999
춘천,2024-10-19,18.9,11.1,15.0,75.3,60.0,6.3,10.2,2.9,0.5,1.6,10.4,78.83999999999999
춘천,2024-10-20,15.4,6.2,10.9,62.4,42.0,6.7,9.4,2.3,0.0,5.9,3.6,67.88
춘천,2024-10-21,16.9,5.4,11.9,79.3,59.0,4.2,6.2,1.2,0.0,1.1,8.2,75.52
춘천,2024-10-22,14.3,13.3,14.0,92.5,85.0,2.7,4.2,0.8,29.0,0.0,12.7,86.85
춘천,2024-10-23,15.7,7.8,12.1,76.1,56.0,5.2,10.9,2.7,0.7,4.7,7.9,79.69999999999999
춘천,2024-10-24,18.0,6.0,10.6,79.6,46.0,2.3,4.1,0.8,0.0,7.6,6.9,80.19
춘천,2024-10-25,20.9,7.0,13.1,75.9,45.0,2.6,4.4,0.9,0.0,8.2,8.4,76.66
춘천,2024-10-26,22.8,9.7,15.2,77.1,50.0,2.9,4.4,1.0,0.0,7.5,10.9,77.10999999999999
춘천,2024-10-27,17.5,11.5,14.3,85.9,74.0,2.2,2.9,0.6,0.0,0.0,11.9,83.14
춘천,2024-10-28,18.5,11.3,14.3,77.6,56.0,5.0,9.4,2.1,0.0,1.3,10.2,79.21
춘천,2024-10-29,18.1,9.2,13.5,73.5,43.0,2.4,3.3,0.8,0.0,1.8,8.5,75.56
춘천,2024-10-30,21.2,7.6,13.2,74.3,37.0,2.1,3.2,0.7,0.0,8.1,8.1,74.47
춘천,2024-10-31,21.5,7.2,12.4,75.8,37.0,2.4,2.9,0.7,0.0,7.0,7.7,75.26999999999998
춘천,2024-11-01,16.5,8.4,12.2,84.5,71.0,1.9,3.4,0.6,0.0,0.0,9.5,81.74000000000001
춘천,2024-11-02,21.9,9.2,15.3,72.8,45.0,4.5,7.8,1.5,0.0,8.4,9.9,75.44
춘천,2024-11-03,21.3,8.5,14.5,76.6,46.0,3.6,5.6,0.9,0.0,5.2,10.1,76.63
춘천,2024-11-04,19.4,6.8,13.9,67.5,26.0,5.7,10.0,1.7,2.3,6.1,6.9,69.85
춘천,2024-11-05,16.9,3.7,9.4,64.8,39.0,4.4,6.7,1.0,0.0,7.2,2.6,66.52
춘천,2024-11-06,13.6,-1.6,5.3,57.6,21.0,2.8,4.7,1.0,0.0,8.8,-3.9,60.03
춘천,2024-11-07,15.1,-1.8,5.1,65.9,23.0,1.8,3.3,0.6,0.0,8.8,-1.7,64.13000000000001
춘천,2024-11-08,17.1,-0.5,7.2,69.4,31.0,2.3,3.2,0.8,0.0,8.8,1.3,67.52
춘천,2024-11-09,19.1,2.9,9.3,71.1,34.0,2.0,3.3,0.6,0.0,8.6,3.7,70.24
춘천,2024-11-10,19.6,5.4,10.3,77.3,44.0,1.6,2.9,0.6,0.0,5.6,6.1,75.26999999999998
춘천,2024-11-11,20.4,4.7,11.2,77.3,45.0,2.3,3.1,0.6,0.0,6.0,6.9,76.67999999999999
춘천,2024-11-12,19.8,6.4,11.8,68.6,28.0,2.5,4.1,0.7,0.0,8.2,5.3,71.21
춘천,2024-11-13,19.8,3.6,10.6,73.1,41.0,1.8,2.9,0.5,0.0,8.0,5.5,72.61999999999999
춘천,2024-11-14,15.0,8.4,11.8,82.6,69.0,1.5,2.9,0.5,0.3,0.8,8.8,79.3
춘천,2024-11-15,21.3,10.2,15.1,75.3,49.0,2.0,2.8,0.8,0.0,5.6,10.4,76.53999999999999
춘천,2024-11-16,22.4,13.1,16.7,73.1,41.0,3.8,6.7,1.4,1.3,4.8,11.4,74.49
춘천,2024-11-17,15.6,2.3,9.2,53.9,32.0,3.7,6.6,2.0,0.0,4.2,-0.1,59.879999999999995
춘천,2024-11-18,8.0,-3.5,1.5,44.0,16.0,3.3,6.8,1.2,0.0,8.0,-10.7,48.89
춘천,2024-11-19,11.1,-3.2,3.3,63.6,38.0,2.6,4.4,0.8,0.0,7.1,-3.3,58.709999999999994
춘천,2024-11-20,9.9,-1.6,3.4,75.4,53.0,2.8,4.1,0.7,0.0,2.9,-0.8,69.9
춘천,2024-11-21,12.9,0.3,6.8,77.3,57.0,3.6,5.6,1.0,0.0,2.7,2.9,75.55
춘천,2024-11-22,10.9,-0.2,4.1,64.0,29.0,3.3,5.3,1.0,0.0,7.4,-2.8,67.8
춘천,2024-11-23,11.8,-2.7,3.8,63.8,35.0,3.8,6.5,1.3,0.0,7.9,-2.9,65.19
춘천,2024-11-24,12.4,-2.1,3.7,72.6,38.0,1.7,2.8,0.6,0.0,7.7,-1.2,69.97999999999999
춘천,2024-11-25,12.7,-1.5,5.4,75.3,47.0,1.9,3.0,0.6,0.0,6.4,1.0,73.60999999999999
춘천,2024-11-26,9.8,2.4,6.3,79.3,58.0,9.3,17.4,2.7,21.6,2.8,2.7,77.83
춘천,2024-11-27,2.3,-1.4,-0.2,82.9,73.0,4.6,7.8,2.3,3.4,1.7,-2.8,81.42
춘천,2024-11-28,3.5,-2.5,0.7,73.8,57.0,4.8,9.9,2.6,0.4,0.9,-3.6,76.16999999999999
춘천,2024-11-29,3.9,-6.4,-1.1,77.4,51.0,4.4,7.4,1.3,0.4,4.0,-4.7,77.23
춘천,2024-11-30,7.3,-5.4,1.3,78.8,49.0,3.6,6.7,1.1,0.0,6.0,-2.2,78.02
춘천,2024-12-01,7.5,2.0,4.3,84.1,73.0,2.1,2.9,0.5,0.1,0.8,1.8,82.36999999999999
춘천,2024-12-02,12.0,3.3,6.5,78.0,51.0,3.8,6.5,1.2,0.1,0.3,2.6,79.29999999999998
춘천,2024-12-03,5.8,-3.8,-0.2,61.5,20.0,4.6,8.2,1.1,0.0,7.3,-7.8,67.06
춘천,2024-12-04,5.9,-7.0,-0.2,55.8,16.0,5.4,9.8,1.5,0.0,7.9,-9.5,59.16
춘천,2024-12-05,7.7,-6.1,1.2,60.5,27.0,4.7,8.1,1.7,0.0,5.9,-6.3,59.65999999999999
춘천,2024-12-06,5.2,-2.6,1.4,38.0,25.0,5.1,9.4,2.2,0.0,7.8,-11.7,44.28
춘천,2024-12-07,4.3,-8.3,-2.1,55.0,30.0,4.6,8.4,1.7,0.0,7.5,-10.6,52.150000000000006
춘천,2024-12-08,4.6,-9.2,-3.2,54.0,20.0,3.9,8.0,0.9,0.0,7.5,-12.4,52.599999999999994
춘천,2024-12-09,5.6,-9.3,-3.4,62.5,28.0,1.7,2.8,0.5,0.0,7.5,-10.3,60.05
춘천,2024-12-10,7.4,-8.7,-1.7,65.6,22.0,2.6,4.2,0.5,0.0,7.4,-8.3,63.81999999999999
춘천,2024-12-11,6.4,-3.6,0.0,68.9,43.0,2.8,3.9,0.7,0.0,2.4,-5.3,67.6
춘천,2024-12-12,5.8,-5.9,-1.1,62.0,18.0,3.5,5.5,0.9,0.0,4.5,-9.0,63.74
춘천,2024-12-13,5.2,-4.9,-1.0,49.3,21.0,3.4,6.0,0.9,0.0,6.0,-11.2,53.8
춘천,2024-12-14,2.5,-9.9,-3.4,53.6,25.0,4.5,8.3,1.6,0.0,7.6,-12.6,53.58
춘천,2024-12-15,5.3,-6.6,-0.7,52.0,26.0,4.8,9.1,1.8,0.0,7.2,-10.3,52.05
춘천,2024-12-16,3.3,-9.7,-3.7,68.4,32.0,3.9,7.2,1.1,0.0,3.7,-9.1,63.64
춘천,2024-12-17,3.7,-9.3,-3.4,62.4,24.0,5.1,9.2,1.4,0.0,6.1,-10.7,62.56
춘천,2024-12-18,2.9,-11.1,-5.6,60.4,22.0,2.0,3.1,0.7,0.0,7.7,-12.8,61.599999999999994
춘천,2024-12-19,4.4,-10.8,-4.5,67.8,29.0,1.5,2.7,0.5,0.0,7.2,-10.2,65.77999999999999
춘천,2024-12-20,0.9,-7.3,-2.9,75.8,53.0,2.0,2.7,0.4,0.2,0.0,-6.7,72.66
춘천,2024-12-21,2.1,-6.5,-1.3,76.3,52.0,5.9,9.0,1.6,1.9,3.8,-5.1,75.35
춘천,2024-12-22,0.3,-11.5,-6.3,67.1,31.0,4.0,5.6,1.0,0.0,7.8,-12.3,69.80999999999999
춘천,2024-12-23,5.5,-11.6,-4.5,70.3,26.0,3.3,6.0,0.8,0.0,7.6,-9.8,70.25999999999999
춘천,2024-12-24,4.2,-10.3,,,26.0,2.4,4.0,0.7,0.0,,-99.0,
춘천,2024-12-25,,,,,,,,,0.0,,-99.0,
춘천,2024-12-26,-1.5,-5.0,,,41.0,3.1,4.6,1.9,0.0,,-99.0,
춘천,2024-12-27,1.9,-11.4,-4.2,53.0,24.0,5.6,9.9,1.8,0.0,7.5,-13.3,
춘천,2024-12-28,0.2,-11.2,-5.0,52.4,25.0,4.4,7.4,1.8,0.0,7.7,-14.2,
춘천,2024-12-29,4.7,-11.1,-2.9,62.4,27.0,3.2,5.1,0.9,0.0,7.3,-10.1,59.459999999999994
춘천,2024-12-30,8.8,-1.8,3.3,69.6,45.0,4.3,8.4,1.2,0.1,0.9,-1.9,66.43999999999998
춘천,2024-12-31,4.8,-6.9,-1.2,56.8,23.0,3.9,6.9,1.6,0.0,7.7,-9.9,59.92
태백,2022-01-01,2.3,-16.4,-8.1,42.9,8.0,3.4,6.8,0.6,0.0,6.9,-19.8,
태백,2022-01-02,0.6,-9.3,-3.1,54.4,34.0,3.3,8.1,1.4,0.0,5.2,-11.2,
태백,2022-01-03,-0.1,-10.6,-5.1,45.5,13.0,3.4,9.7,1.4,0.0,6.9,-16.1,47.019999999999996
태백,2022-01-04,1.9,-10.2,-3.8,48.1,14.0,3.4,10.8,1.1,0.0,6.9,-14.9,48.21
태백,2022-01-05,1.0,-12.1,-5.1,79.9,49.0,2.6,3.9,0.5,0.0,5.0,-8.2,70.1
태백,2022-01-06,2.5,-9.4,-4.1,68.0,25.0,2.8,5.9,0.7,0.0,6.9,-10.3,68.39
태백,2022-01-07,5.5,-12.9,-5.3,48.3,5.0,2.1,4.2,0.4,0.0,6.9,-17.7,55.4
태백,2022-01-08,3.9,-9.2,-2.1,51.5,22.0,4.4,8.2,1.3,0.0,6.8,-11.5,52.50999999999999
태백,2022-01-09,4.0,-5.9,-1.0,69.3,40.0,3.5,7.0,0.9,0.0,4.9,-6.1,63.64
태백,2022-01-10,6.9,-8.9,-2.0,58.5,18.0,3.1,5.9,0.7,0.0,5.6,-10.9,59.959999999999994
태백,2022-01-11,-2.6,-12.4,-7.4,48.3,31.0,4.1,8.1,1.7,0.0,6.8,-16.8,52.44
태백,2022-01-12,-3.3,-13.6,-9.1,35.4,16.0,3.5,8.6,1.4,0.0,6.8,-22.1,40.29
태백,2022-01-13,-7.1,-12.7,-9.8,40.4,28.0,4.1,12.8,1.8,0.0,6.8,-20.9,40.19
태백,2022-01-14,2.1,-15.3,-8.0,39.4,9.0,2.6,5.8,0.9,0.0,6.8,-21.2,39.199999999999996
태백,2022-01-15,3.4,-10.4,-2.8,50.8,16.0,4.6,10.2,1.1,0.0,4.0,-12.5,47.48
태백,2022-01-16,0.4,-9.6,-3.4,48.6,23.0,3.5,15.0,1.8,0.0,5.3,-13.3,48.11999999999999
태백,2022-01-17,-4.1,-10.5,-7.8,37.6,17.0,3.2,11.8,1.5,0.0,6.8,-20.9,41.12
태백,2022-01-18,-1.9,-13.3,-8.6,38.0,13.0,2.7,6.0,0.9,0.0,6.9,-21.6,38.98
태백,2022-01-19,-0.5,-13.5,-6.6,60.9,37.0,4.0,7.3,1.2,0.1,3.7,-13.2,53.989999999999995
태백,2022-01-20,-2.3,-11.7,-7.5,72.0,50.0,3.8,6.9,1.5,0.0,6.6,-11.8,66.38
태백,2022-01-21,2.6,-15.5,-7.6,72.5,28.0,3.6,5.2,0.5,0.0,7.0,-12.5,71.24000000000001
태백,2022-01-22,4.9,-10.9,-1.8,73.9,50.0,2.9,7.4,0.7,0.0,5.1,-6.1,73.43
태백,2022-01-23,6.4,-2.4,0.4,83.4,50.0,4.3,6.6,1.4,0.0,4.7,-2.3,80.41
태백,2022-01-24,-1.7,-4.8,-2.6,85.4,74.0,2.9,8.2,1.2,0.0,0.0,-4.7,83.85000000000001
태백,2022-01-25,0.8,-4.4,-1.7,81.9,66.0,4.4,7.9,1.1,0.0,0.3,-4.4,82.75
태백,2022-01-26,2.5,-4.7,-1.5,60.5,34.0,3.2,8.2,1.3,0.0,7.0,-8.4,67.27
태백,2022-01-27,5.1,-8.9,-3.2,59.8,19.0,3.4,4.8,0.6,0.0,7.0,-11.4,62.14999999999999
태백,2022-01-28,1.9,-9.6,-4.6,43.5,15.0,3.2,6.5,0.9,0.0,7.1,-16.7,48.459999999999994
태백,2022-01-29,0.7,-8.5,-4.9,32.3,15.0,3.4,7.1,1.3,0.0,7.1,-19.6,37.28999999999999
태백,2022-01-30,2.2,-13.9,-6.2,41.9,11.0,2.5,5.3,0.7,0.0,7.1,-18.3,40.14
태백,2022-01-31,1.7,-13.3,-5.3,41.0,13.0,4.1,8.1,1.2,0.0,7.1,-18.0,40.309999999999995
태백,2022-02-01,-2.6,-7.5,-5.7,68.6,42.0,3.4,8.5,1.7,0.6,1.4,-10.6,60.41
태백,2022-02-02,-2.0,-10.2,-6.5,51.6,32.0,3.1,8.8,1.3,0.0,6.9,-15.3,53.94
태백,2022-02-03,-1.5,-9.9,-6.2,42.9,23.0,3.3,7.6,1.6,0.0,7.2,-17.4,47.209999999999994
태백,2022-02-04,-3.1,-11.1,-7.8,40.6,23.0,4.0,10.3,1.7,0.0,7.2,-19.2,42.16
태백,2022-02-05,-6.0,-14.5,-10.7,44.3,25.0,3.8,7.9,1.6,0.0,7.2,-20.9,43.419999999999995
태백,2022-02-06,-2.2,-13.0,-7.8,41.9,25.0,3.9,10.7,1.7,0.0,7.2,-18.8,42.25
태백,2022-02-07,0.5,-12.8,-5.5,40.5,16.0,2.7,4.4,0.9,0.0,6.6,-18.2,41.16
태백,2022-02-08,2.2,-11.3,-5.3,42.9,16.0,2.0,4.6,0.5,0.0,4.3,-17.1,42.31999999999999
태백,2022-02-09,4.7,-13.3,-4.2,59.8,27.0,3.5,5.3,0.7,0.0,7.3,-11.4,54.48999999999999
태백,2022-02-10,6.1,-7.1,-2.2,59.3,17.0,4.7,6.2,0.8,0.0,7.2,-10.8,57.76
태백,2022-02-11,6.1,-10.3,-2.3,47.9,18.0,3.0,6.1,0.6,0.0,7.4,-13.5,51.36999999999999
태백,2022-02-12,5.4,-4.0,-0.2,56.6,28.0,4.6,7.0,1.1,0.0,7.2,-8.2,55.129999999999995
태백,2022-02-13,5.1,-4.7,-0.8,80.5,35.0,3.4,6.4,0.9,0.2,2.5,-4.1,72.46
태백,2022-02-14,5.6,-5.8,-0.6,69.6,38.0,4.5,12.2,1.3,0.0,3.7,-6.0,70.47999999999999
태백,2022-02-15,-2.7,-11.5,-7.2,53.8,38.0,4.3,9.7,2.0,0.0,7.6,-15.2,59.629999999999995
태백,2022-02-16,-6.4,-13.9,-11.3,37.5,23.0,3.2,10.4,1.6,0.0,7.9,-23.3,43.97
태백,2022-02-17,-3.7,-16.0,-11.0,47.6,24.0,4.0,6.9,1.3,0.0,7.9,-20.6,46.2
태백,2022-02-18,3.4,-15.7,-5.5,43.5,21.0,3.8,6.2,1.2,0.0,7.9,-17.5,43.72
태백,2022-02-19,0.3,-7.2,-2.7,47.5,22.0,3.8,8.5,1.5,0.0,3.3,-12.8,46.71
태백,2022-02-20,-4.3,-13.0,-9.2,41.1,19.0,4.5,10.3,1.5,0.0,8.1,-20.7,42.62
태백,2022-02-21,-1.5,-12.0,-6.6,48.3,28.0,4.8,13.3,1.9,0.0,7.3,-15.9,46.779999999999994
태백,2022-02-22,-3.3,-11.4,-7.9,42.8,25.0,4.2,12.2,1.7,0.0,8.1,-18.8,43.73
태백,2022-02-23,-3.2,-14.4,-8.6,36.9,15.0,4.1,8.9,1.4,0.0,8.3,-22.3,39.22
태백,2022-02-24,1.4,-14.6,-6.0,34.3,8.0,4.2,9.0,1.4,0.0,8.3,-21.2,35.669999999999995
태백,2022-02-25,4.6,-5.4,-0.5,47.6,24.0,4.1,10.1,1.9,0.0,8.3,-10.7,43.87
태백,2022-02-26,7.4,-3.5,2.2,53.3,29.0,6.1,13.3,2.6,2.0,7.6,-7.1,50.26
태백,2022-02-27,5.3,-5.2,0.2,39.5,25.0,4.3,13.3,1.9,0.0,8.3,-12.5,43.07
태백,2022-02-28,8.8,-2.4,2.6,39.4,18.0,5.6,9.2,1.4,0.0,5.6,-10.8,40.809999999999995
태백,2022-03-01,8.7,-2.6,4.0,56.8,23.0,4.6,15.5,1.8,0.0,5.0,-4.3,51.59
태백,2022-03-02,7.3,-6.3,0.7,45.8,19.0,5.4,9.7,1.5,0.0,8.4,-11.0,47.35999999999999
태백,2022-03-03,7.7,-3.2,1.8,40.1,22.0,4.4,9.1,1.6,0.0,8.6,-11.1,42.910000000000004
태백,2022-03-04,11.6,-5.6,4.8,38.1,16.0,5.9,11.8,2.7,0.0,8.6,-9.3,39.269999999999996
태백,2022-03-05,5.4,-4.5,-0.5,29.6,15.0,6.6,12.9,2.5,0.0,8.8,-16.7,32.35
태백,2022-03-06,4.4,-7.1,-2.7,36.9,12.0,3.0,8.3,1.3,0.0,8.9,-16.7,35.56
태백,2022-03-07,7.9,-9.5,-0.5,34.0,9.0,3.5,8.6,0.7,0.0,8.8,-16.5,34.13999999999999
태백,2022-03-08,9.8,-4.5,2.9,38.4,21.0,4.2,6.9,1.1,0.0,8.9,-10.4,37.37
태백,2022-03-09,10.4,-4.5,2.2,61.5,26.0,3.9,6.2,0.8,0.0,9.1,-5.1,54.129999999999995
태백,2022-03-10,15.0,-3.9,6.9,36.1,10.0,4.2,8.0,1.1,0.0,8.3,-10.2,41.41
태백,2022-03-11,15.2,1.4,9.5,44.0,26.0,4.3,9.1,1.2,0.0,8.1,-2.6,44.169999999999995
태백,2022-03-12,16.5,-0.6,9.4,67.4,45.0,4.8,9.2,1.7,0.0,7.9,3.3,59.59
태백,2022-03-13,13.0,2.4,7.3,92.4,63.0,5.0,13.1,1.9,30.5,0.0,6.0,82.56000000000002
태백,2022-03-14,12.4,2.6,5.7,85.9,69.0,6.1,14.3,2.0,5.7,2.1,3.4,85.35
태백,2022-03-15,16.2,-0.4,8.5,45.0,12.0,4.4,11.5,1.8,0.0,9.4,-4.8,57.92
태백,2022-03-16,17.2,4.2,9.0,47.6,15.0,4.3,8.9,1.4,0.0,8.3,-2.6,50.910000000000004
태백,2022-03-17,5.0,0.0,2.1,95.0,87.0,2.7,5.3,1.3,4.0,0.0,1.3,80.52
태백,2022-03-18,0.6,-1.5,-0.7,94.1,88.0,3.9,9.1,1.2,9.2,0.0,-1.5,89.63
태백,2022-03-19,0.3,-2.4,-1.3,93.5,85.0,3.7,6.2,1.0,10.6,0.0,-2.2,93.77000000000001
태백,2022-03-20,3.5,-2.7,-0.2,77.3,59.0,3.5,6.6,0.9,0.0,2.0,-3.8,82.21999999999998
태백,2022-03-21,6.6,-7.1,0.1,76.3,36.0,3.7,5.5,0.9,0.0,7.7,-4.2,78.22
태백,2022-03-22,5.5,-3.6,0.7,67.1,33.0,5.0,8.6,1.4,0.0,9.7,-5.5,69.96
태백,2022-03-23,5.3,-4.4,0.5,65.3,44.0,5.4,9.4,1.3,0.0,0.9,-5.4,66.75999999999999
태백,2022-03-24,9.3,-1.2,4.9,66.3,56.0,5.0,9.3,1.6,0.0,5.1,-1.0,66.17999999999999
태백,2022-03-25,18.3,2.1,10.3,54.0,11.0,4.7,10.2,1.9,11.3,4.3,-1.1,57.589999999999996
태백,2022-03-26,14.5,5.1,9.2,84.8,66.0,7.6,14.8,2.8,18.3,2.3,6.6,76.78999999999999
태백,2022-03-27,12.0,0.6,6.4,46.8,18.0,6.1,11.8,1.7,0.0,9.8,-5.4,55.12
태백,2022-03-28,10.6,-4.4,2.6,50.6,14.0,3.8,5.7,0.8,0.0,9.9,-8.0,53.260000000000005
태백,2022-03-29,15.1,-4.2,6.8,46.1,14.0,4.5,8.2,1.3,0.0,9.9,-6.2,47.07
태백,2022-03-30,16.6,0.0,7.3,63.5,16.0,5.8,8.6,1.3,5.3,7.1,-0.4,58.73
태백,2022-03-31,3.9,-1.0,1.8,95.0,88.0,4.2,7.0,1.6,1.5,0.0,1.1,83.81
태백,2022-04-01,7.3,-2.3,1.5,81.8,50.0,4.3,5.9,1.0,0.0,3.9,-1.6,82.60999999999999
태백,2022-04-02,11.5,-3.0,3.4,59.5,20.0,3.7,6.5,0.8,0.0,8.2,-5.7,67.50999999999999
태백,2022-04-03,13.1,-3.3,4.4,60.3,21.0,4.0,6.8,0.8,0.0,9.6,-3.7,62.28999999999999
태백,2022-04-04,16.4,-2.9,7.0,46.4,12.0,3.3,5.7,1.0,0.0,10.1,-6.3,50.49
태백,2022-04-05,16.6,2.6,10.5,20.4,11.0,5.2,8.9,2.0,0.0,10.1,-11.7,29.589999999999996
태백,2022-04-06,16.8,5.3,10.8,37.4,17.0,5.9,11.4,1.7,0.0,10.1,-4.0,34.9
태백,2022-04-07,14.6,3.6,9.2,40.6,26.0,3.1,8.3,1.4,0.0,6.9,-3.9,37.94
태백,2022-04-08,18.2,-1.8,10.2,42.0,18.0,3.4,7.4,1.3,0.0,10.2,-4.2,41.26
태백,2022-04-09,22.9,10.9,16.6,37.0,20.0,5.6,10.8,2.2,0.0,9.9,1.5,38.36
태백,2022-04-10,25.1,11.2,18.0,25.5,13.0,4.7,8.1,2.1,0.0,10.1,-3.1,29.45
태백,2022-04-11,24.3,10.8,18.1,40.0,15.0,3.9,7.3,1.5,0.0,9.9,3.4,36.800000000000004
태백,2022-04-12,26.2,7.3,17.2,59.1,24.0,4.0,7.0,1.7,0.0,10.3,7.4,51.919999999999995
태백,2022-04-13,7.6,2.4,3.7,94.6,87.0,3.9,8.7,2.0,7.7,0.0,2.9,82.03999999999999
태백,2022-04-14,3.1,2.0,2.7,92.8,83.0,2.6,5.7,1.2,0.0,0.0,1.5,89.78999999999999
태백,2022-04-15,9.9,-0.5,4.0,75.4,43.0,6.2,9.9,2.3,0.0,7.2,-0.2,80.8
태백,2022-04-16,15.6,-3.2,7.7,47.6,17.0,3.3,7.2,1.0,0.0,10.2,-4.6,57.68000000000001
태백,2022-04-17,18.5,1.9,11.2,28.4,14.0,3.6,7.3,1.2,0.0,10.3,-7.8,36.94
태백,2022-04-18,17.7,6.0,12.1,31.6,20.0,3.9,8.5,1.2,0.0,4.0,-5.1,32.56
태백,2022-04-19,19.3,2.1,11.8,35.0,16.0,5.0,9.4,1.3,0.0,9.6,-4.2,33.66
태백,2022-04-20,20.1,6.1,13.6,28.5,14.0,5.8,10.4,1.7,0.0,10.3,-5.2,30.11
태백,2022-04-21,16.1,8.7,12.9,33.4,21.0,4.8,9.8,2.4,0.0,2.0,-3.1,32.58
태백,2022-04-22,20.2,9.8,15.6,59.1,48.0,5.2,12.6,2.9,0.0,8.9,7.4,50.9
태백,2022-04-23,19.4,8.6,14.4,57.8,28.0,3.9,6.6,1.7,0.0,8.8,5.8,55.61999999999999
태백,2022-04-24,25.6,9.7,17.7,45.0,20.0,4.4,7.5,1.6,0.0,10.1,4.3,48.97
태백,2022-04-25,25.8,11.7,19.2,41.6,24.0,3.9,7.8,1.5,0.0,6.8,5.3,43.9
태백,2022-04-26,20.0,11.7,15.0,83.1,47.0,3.9,5.9,1.1,14.3,1.9,11.9,70.99
태백,2022-04-27,16.4,6.9,10.9,60.1,35.0,4.8,8.0,2.2,0.0,10.5,2.9,62.849999999999994
태백,2022-04-28,17.1,4.5,9.2,81.5,52.0,5.8,8.1,1.7,0.0,8.0,5.9,77.38
태백,2022-04-29,7.0,1.9,4.2,90.6,78.0,4.4,8.1,1.9,12.2,0.0,2.7,85.73
태백,2022-04-30,14.0,2.2,8.3,66.8,45.0,4.7,9.4,1.6,0.0,7.3,1.9,73.03
태백,2022-05-01,14.5,1.9,8.8,43.9,23.0,5.3,10.4,1.7,0.0,9.5,-4.0,53.15
태백,2022-05-02,12.9,1.2,5.2,74.6,33.0,5.1,8.5,1.3,4.0,5.8,0.3,67.67999999999999
태백,2022-05-03,18.6,-0.5,10.6,51.1,20.0,4.5,11.4,1.2,0.0,9.7,-1.2,55.08
태백,2022-05-04,23.7,9.9,17.1,33.8,21.0,4.3,8.3,1.7,0.0,10.9,0.5,41.339999999999996
태백,2022-05-05,24.6,10.0,17.2,39.4,14.0,3.9,7.2,1.2,0.0,11.0,1.7,39.449999999999996
태백,2022-05-06,26.1,10.5,18.3,47.9,22.0,3.1,6.2,1.2,0.0,11.1,6.0,44.79
태백,2022-05-07,16.0,4.3,10.3,77.0,58.0,5.3,7.9,1.6,0.0,1.3,6.2,67.42
태백,2022-05-08,13.3,1.5,8.5,63.0,35.0,3.6,5.5,0.8,0.0,0.1,1.1,64.28999999999999
태백,2022-05-09,18.0,4.3,10.9,57.9,24.0,4.1,7.8,1.3,0.0,10.3,1.4,60.83
태백,2022-05-10,20.7,1.1,10.9,52.4,14.0,4.5,6.5,0.8,0.0,8.1,-0.5,54.56
태백,2022-05-11,24.1,6.5,15.7,54.9,31.0,3.6,7.0,0.9,0.0,8.3,5.8,54.699999999999996
태백,2022-05-12,18.9,9.4,13.8,75.1,56.0,4.2,6.6,1.9,0.0,3.1,9.1,68.78999999999999
태백,2022-05-13,14.1,5.7,9.1,92.4,69.0,3.6,6.2,1.6,4.0,0.5,7.8,85.19
태백,2022-05-14,17.1,4.6,11.2,54.8,26.0,4.5,11.9,1.5,0.0,11.7,1.2,64.35
태백,2022-05-15,18.6,4.2,11.3,45.0,19.0,3.9,6.9,1.2,0.0,10.8,-1.0,51.699999999999996
태백,2022-05-16,20.0,6.8,13.1,38.3,24.0,4.7,9.9,1.8,0.0,11.6,-1.8,41.28999999999999
태백,2022-05-17,22.7,8.3,15.2,50.1,23.0,4.2,9.5,1.5,0.3,10.6,3.4,47.230000000000004
태백,2022-05-18,22.7,7.6,18.7,41.1,30.0,5.7,11.5,2.3,0.0,8.7,4.8,42.62
태백,2022-05-19,21.2,14.5,17.5,30.5,22.0,5.6,12.2,2.6,0.0,4.7,-0.2,34.58
태백,2022-05-20,24.6,14.2,18.5,37.6,25.0,4.1,8.7,1.5,0.0,11.0,3.2,36.53
태백,2022-05-21,24.9,12.8,18.8,47.9,29.0,3.6,7.2,1.7,0.0,12.1,7.1,44.099999999999994
태백,2022-05-22,25.1,11.5,18.0,63.3,36.0,5.5,10.7,1.7,0.0,10.0,10.3,57.64999999999999
태백,2022-05-23,28.1,8.6,18.6,62.4,26.0,3.8,6.8,1.0,0.0,11.8,10.0,61.13
태백,2022-05-24,28.9,12.5,18.9,62.9,25.0,4.5,7.7,0.9,0.9,9.6,10.6,62.83999999999999
태백,2022-05-25,27.5,9.7,19.0,61.6,25.0,3.9,7.5,1.2,0.2,9.9,10.1,61.94
태백,2022-05-26,20.8,11.2,15.8,48.9,31.0,4.8,10.2,2.2,0.8,11.9,4.1,52.839999999999996
태백,2022-05-27,19.5,11.4,15.2,58.3,29.0,4.5,10.4,2.0,0.0,3.0,6.8,56.75
태백,2022-05-28,27.1,8.0,19.4,49.1,22.0,5.0,8.7,1.5,0.0,12.3,6.8,50.92
태백,2022-05-29,28.0,12.5,20.4,33.3,14.0,3.6,6.6,1.5,0.0,12.3,2.2,38.959999999999994
태백,2022-05-30,24.1,11.8,17.9,62.1,34.0,3.5,5.3,1.0,0.0,2.1,10.2,55.03999999999999
태백,2022-05-31,24.6,10.8,18.3,42.4,22.0,4.1,9.0,1.6,0.0,12.5,4.1,45.42999999999999
태백,2022-06-01,27.3,12.7,19.5,30.4,14.0,4.7,10.7,1.8,0.0,11.8,0.1,35.97
태백,2022-06-02,27.5,9.6,19.2,39.1,19.0,3.3,6.7,1.0,0.0,12.2,3.4,37.690000000000005
태백,2022-06-03,22.0,12.2,15.6,79.3,59.0,4.9,7.0,1.8,0.0,7.7,11.8,66.37
태백,2022-06-04,27.1,9.6,16.6,76.5,42.0,4.3,6.6,1.4,0.0,8.7,11.9,73.32
태백,2022-06-05,18.7,12.5,14.7,80.8,52.0,3.0,6.6,1.2,0.7,0.5,11.1,79.78999999999999
태백,2022-06-06,13.9,9.4,11.9,94.1,88.0,5.2,9.9,2.3,15.6,0.1,10.9,89.67999999999999
태백,2022-06-07,12.2,8.0,9.8,93.9,84.0,4.2,6.5,1.8,0.0,0.1,8.8,92.63000000000001
태백,2022-06-08,16.3,8.1,11.7,86.9,70.0,3.9,5.3,1.2,0.0,2.0,9.4,89.02
태백,2022-06-09,20.2,9.6,14.2,87.3,54.0,3.6,5.3,1.1,3.1,2.1,11.8,87.88
태백,2022-06-10,25.4,10.1,17.7,78.4,47.0,3.5,5.4,0.9,0.0,7.1,13.3,81.03
태백,2022-06-11,18.6,12.5,14.9,86.5,73.0,4.6,7.1,1.5,0.0,1.9,12.6,84.96000000000001
태백,2022-06-12,21.8,9.9,15.6,83.4,60.0,3.7,5.8,1.5,0.0,6.1,12.5,83.52000000000001
태백,2022-06-13,20.3,13.0,15.3,74.9,43.0,3.4,6.9,1.5,0.0,7.0,10.5,77.76
태백,2022-06-14,13.7,9.6,11.9,89.4,79.0,4.6,8.3,2.2,8.2,0.0,10.1,85.9
태백,2022-06-15,18.8,10.0,14.2,88.9,70.0,3.7,6.5,1.0,11.2,1.0,12.2,87.6
태백,2022-06-16,21.6,12.7,17.1,71.3,54.0,4.2,9.0,1.6,0.0,7.3,11.6,76.63
태백,2022-06-17,28.0,12.4,20.3,67.3,38.0,4.4,8.6,1.3,0.0,12.7,13.3,70.25999999999999
태백,2022-06-18,29.2,16.2,22.6,67.4,39.0,3.4,6.7,1.0,0.0,7.5,15.7,67.77
태백,2022-06-19,29.7,18.6,23.2,69.3,45.0,3.4,6.6,1.1,0.0,8.0,16.8,68.72
태백,2022-06-20,29.8,15.7,21.7,77.3,41.0,4.2,6.8,1.1,0.0,9.1,17.0,74.71
태백,2022-06-21,29.0,16.0,22.7,76.6,53.0,3.6,5.5,1.0,0.5,8.7,18.0,76.00999999999999
태백,2022-06-22,33.4,16.6,23.9,71.4,31.0,3.3,5.4,1.1,0.0,10.9,17.6,73.03000000000002
태백,2022-06-23,28.8,16.9,22.4,82.6,56.0,7.8,14.6,2.5,27.1,3.7,19.0,79.75999999999999
태백,2022-06-24,25.9,20.1,22.3,73.0,57.0,6.3,12.6,3.1,18.5,5.4,17.0,74.75999999999999
태백,2022-06-25,29.9,16.2,23.8,60.0,35.0,5.1,9.8,2.2,0.0,12.1,15.0,64.86
태백,2022-06-26,28.3,21.8,24.5,72.9,63.0,5.6,10.1,2.3,0.3,2.7,19.2,70.33
태백,2022-06-27,26.7,20.9,23.4,81.6,68.0,5.8,11.9,2.1,83.5,2.1,20.0,77.69999999999999
태백,2022-06-28,26.7,21.7,24.5,70.1,62.0,7.8,17.5,5.5,0.7,0.0,18.6,72.67999999999999
태백,2022-06-29,26.9,22.2,24.5,73.4,65.0,7.2,13.5,3.9,4.6,0.4,19.4,73.56
태백,2022-06-30,26.8,19.7,22.4,85.8,69.0,5.2,10.6,1.4,13.9,2.3,19.8,81.75
태백,2022-07-01,31.7,19.8,25.1,70.5,43.0,3.3,6.1,1.1,0.0,11.8,18.8,73.85
태백,2022-07-02,33.0,17.7,24.8,74.0,31.0,2.7,5.3,0.7,0.0,10.1,19.0,74.48
태백,2022-07-03,32.9,19.3,25.5,67.6,40.0,3.5,6.3,0.9,0.0,11.5,18.2,69.16999999999999
태백,2022-07-04,28.9,19.5,23.3,81.8,59.0,2.6,4.7,0.6,0.0,4.9,19.7,78.17999999999999
태백,2022-07-05,29.4,18.7,22.9,81.6,58.0,3.8,6.1,1.2,0.0,7.5,19.4,80.24
태백,2022-07-06,27.6,20.6,23.0,88.5,69.0,3.5,5.2,1.0,3.4,2.0,20.9,86.44999999999999
태백,2022-07-07,30.2,21.8,26.0,73.3,57.0,3.8,9.3,2.2,0.0,5.5,20.6,77.16999999999999
태백,2022-07-08,28.8,20.1,24.7,75.5,56.0,4.2,8.7,1.6,4.9,6.2,19.8,76.35999999999999
태백,2022-07-09,28.2,20.2,23.6,83.1,62.0,4.5,7.1,1.1,0.0,2.4,20.4,80.6
태백,2022-07-10,27.3,20.5,22.5,88.6,70.0,4.5,6.8,1.3,0.0,5.4,20.4,86.18999999999998
태백,2022-07-11,26.4,18.5,21.1,90.4,65.0,4.4,7.3,1.2,37.2,1.7,19.3,89.31
태백,2022-07-12,24.3,17.6,19.4,89.5,71.0,3.5,6.0,1.4,0.2,0.6,17.5,89.59
태백,2022-07-13,23.8,18.6,20.9,90.1,76.0,3.6,6.6,1.5,34.7,0.7,19.1,90.01
태백,2022-07-14,27.9,18.6,22.9,83.0,63.0,2.9,6.0,1.1,3.1,4.6,19.7,85.07
태백,2022-07-15,28.8,16.7,22.1,75.9,42.0,3.4,7.3,1.0,0.8,10.3,17.0,78.74000000000001
태백,2022-07-16,28.1,16.3,20.9,81.9,48.0,4.2,5.9,1.0,0.0,5.7,17.3,80.81
태백,2022-07-17,26.0,16.8,21.5,77.8,57.0,3.0,5.9,1.0,0.0,5.9,17.2,78.43
태백,2022-07-18,24.7,18.3,21.0,84.6,67.0,3.3,5.4,1.1,1.1,1.2,18.2,82.96999999999998
태백,2022-07-19,30.0,18.0,23.4,72.8,47.0,3.0,5.2,1.0,0.0,8.2,17.9,75.66
태백,2022-07-20,28.8,19.4,23.6,71.0,48.0,3.5,7.6,1.1,0.2,7.8,17.5,72.71999999999998
태백,2022-07-21,20.9,18.5,19.2,96.4,91.0,3.1,5.5,0.9,33.8,0.0,18.6,88.96000000000001
태백,2022-07-22,22.9,17.3,18.8,95.3,81.0,4.6,7.5,1.3,12.5,0.9,18.0,93.08999999999999
태백,2022-07-23,26.3,16.3,20.3,85.6,56.0,3.3,5.2,1.1,4.1,3.5,17.5,88.61999999999999
태백,2022-07-24,26.5,18.3,21.2,88.8,62.0,3.2,4.5,1.1,12.3,2.0,19.1,88.81
태백,2022-07-25,29.8,19.1,23.3,83.6,47.0,3.6,5.4,1.0,0.0,8.3,20.1,84.83999999999999
태백,2022-07-26,29.7,18.0,22.6,83.3,55.0,4.3,6.7,1.1,0.0,8.8,19.3,83.91
태백,2022-07-27,27.7,14.6,21.3,81.4,57.0,3.7,6.1,1.1,0.0,7.7,17.7,82.0
태백,2022-07-28,25.9,18.4,21.3,90.9,68.0,2.9,5.0,0.6,3.3,2.1,19.6,88.24
태백,2022-07-29,31.7,20.6,24.2,86.0,47.0,4.7,7.1,1.2,0.0,7.6,21.4,86.52
태백,2022-07-30,26.6,18.7,22.3,89.4,74.0,3.2,5.2,0.7,0.0,2.2,20.4,88.87
태백,2022-07-31,25.6,21.4,22.9,90.9,82.0,3.1,6.5,1.0,5.0,0.0,21.3,90.11
태백,2022-08-01,27.5,22.2,24.7,79.5,69.0,6.4,13.5,3.0,0.7,0.3,20.8,82.77
태백,2022-08-02,30.0,22.6,24.8,82.4,63.0,4.7,9.3,2.2,0.7,2.2,21.5,82.67
태백,2022-08-03,26.3,21.8,24.1,80.5,73.0,5.0,8.9,1.6,1.8,0.4,20.5,80.78
태백,2022-08-04,29.6,20.1,24.0,80.1,54.0,3.6,7.8,0.8,0.0,8.3,20.0,80.40999999999998
태백,2022-08-05,30.4,20.6,25.6,75.0,56.0,3.3,7.1,0.8,0.0,8.5,20.5,76.57
태백,2022-08-06,31.3,22.2,26.2,73.6,53.0,3.3,7.0,1.0,0.0,8.2,20.8,74.53
태백,2022-08-07,31.5,21.7,26.7,74.4,55.0,3.9,7.8,1.6,0.0,9.8,21.4,74.3
태백,2022-08-08,28.0,22.9,24.6,79.1,63.0,4.9,11.9,2.3,2.1,0.3,20.6,77.61
태백,2022-08-09,25.5,22.2,23.7,82.0,70.0,4.2,8.8,2.0,19.6,0.0,20.3,80.66
태백,2022-08-10,24.1,18.8,21.9,92.8,75.0,5.2,9.8,1.4,69.0,0.1,20.6,89.27
태백,2022-08-11,23.2,21.1,22.1,92.1,84.0,3.5,8.3,1.5,32.1,0.0,20.7,91.23
태백,2022-08-12,31.3,17.9,24.4,71.0,31.0,2.5,6.5,0.8,0.0,10.9,17.8,77.39999999999999
태백,2022-08-13,26.1,15.6,21.8,85.0,67.0,3.6,7.2,0.9,2.3,1.4,18.9,82.90999999999998
태백,2022-08-14,26.7,21.0,23.2,91.5,72.0,3.0,4.3,0.8,13.2,1.3,21.6,88.14999999999999
태백,2022-08-15,26.3,22.1,24.8,75.4,69.0,6.5,13.4,3.6,0.6,0.0,20.0,79.58
태백,2022-08-16,28.9,20.5,23.8,73.9,51.0,4.0,8.7,1.7,3.7,6.0,18.5,75.96000000000001
태백,2022-08-17,25.3,18.2,20.2,90.9,72.0,3.2,5.0,1.1,13.0,2.2,18.6,85.95
태백,2022-08-18,27.9,17.4,21.5,81.4,55.0,2.9,6.2,0.8,0.0,7.2,17.9,82.55
태백,2022-08-19,25.4,16.8,22.1,78.5,47.0,5.1,12.2,2.0,10.5,0.8,17.8,80.32
태백,2022-08-20,27.0,18.4,21.3,94.3,78.0,4.5,8.4,1.3,7.8,1.3,20.3,89.85
태백,2022-08-21,27.4,16.8,21.5,78.3,50.0,3.3,5.3,0.7,0.0,9.1,17.0,81.51999999999998
태백,2022-08-22,28.4,15.6,22.5,75.0,52.0,3.3,6.9,1.0,0.0,6.8,17.4,77.59
태백,2022-08-23,23.7,17.6,20.4,87.9,66.0,3.6,7.2,1.3,3.5,0.1,18.1,84.36
태백,2022-08-24,19.1,16.0,17.5,85.4,66.0,2.0,4.4,0.7,1.5,0.0,14.9,84.86
태백,2022-08-25,22.7,14.5,18.6,78.0,55.0,2.2,5.0,0.6,0.0,1.7,14.4,80.47
태백,2022-08-26,24.8,13.3,19.5,70.3,50.0,2.9,5.8,1.0,0.0,7.0,13.7,73.35000000000001
태백,2022-08-27,24.6,11.3,17.9,65.3,27.0,4.0,7.0,1.4,0.0,7.9,10.2,67.57
태백,2022-08-28,22.6,8.8,15.5,78.0,52.0,3.9,6.2,1.3,0.0,9.6,11.2,74.69
태백,2022-08-29,18.8,11.5,14.7,86.6,70.0,2.4,4.3,0.6,2.1,0.0,12.4,82.75
태백,2022-08-30,17.2,14.1,15.7,97.8,92.0,2.6,3.7,0.3,60.0,0.0,15.3,93.58
태백,2022-08-31,17.5,15.1,16.2,96.5,90.0,2.9,6.4,0.9,26.0,0.0,15.6,95.77
태백,2022-09-01,23.8,11.8,17.0,87.4,54.0,2.8,4.3,0.7,0.0,4.7,14.7,90.26
태백,2022-09-02,21.7,10.2,16.2,85.0,64.0,4.3,7.5,1.6,0.0,2.6,13.5,86.63
태백,2022-09-03,20.2,14.9,17.0,86.3,73.0,3.1,5.0,1.3,0.7,1.1,14.6,86.14999999999999
태백,2022-09-04,23.8,15.2,19.4,90.8,74.0,4.8,9.6,1.0,3.6,0.0,17.7,89.32
태백,2022-09-05,24.7,15.2,19.5,91.3,73.0,4.6,9.4,1.6,45.0,0.0,17.9,90.69999999999999
태백,2022-09-06,21.3,14.6,17.4,74.0,39.0,6.5,11.7,2.9,83.4,3.2,12.2,79.14
태백,2022-09-07,25.0,11.0,17.6,60.8,33.0,3.4,6.6,1.1,0.0,9.8,8.8,66.49
태백,2022-09-08,24.1,8.7,15.9,78.0,48.0,3.9,5.8,1.1,0.0,9.7,11.4,74.16
태백,2022-09-09,23.3,7.7,14.8,74.4,37.0,3.6,5.9,1.0,0.0,8.9,9.6,73.76
태백,2022-09-10,22.2,9.8,16.1,80.0,55.0,4.2,7.7,1.5,0.0,5.7,12.4,78.67999999999999
태백,2022-09-11,20.8,16.2,17.5,86.6,69.0,3.1,4.8,1.2,0.0,0.8,15.2,84.05999999999999
태백,2022-09-12,23.9,15.1,18.7,85.0,59.0,2.2,3.7,0.6,0.0,0.5,15.9,84.82
태백,2022-09-13,21.6,15.5,18.1,85.3,69.0,3.4,7.6,1.1,0.0,1.0,15.5,85.36999999999999
태백,2022-09-14,21.0,16.1,17.8,83.1,64.0,4.8,10.5,2.5,0.0,4.6,14.8,83.72999999999999
태백,2022-09-15,23.8,16.1,18.4,82.4,62.0,3.4,5.9,1.7,0.0,8.0,15.1,82.83
태백,2022-09-16,25.0,15.4,19.7,87.4,70.0,3.2,6.2,1.0,0.0,1.4,17.4,85.97
태백,2022-09-17,29.4,16.4,22.6,82.0,53.0,3.4,4.9,0.7,0.0,7.7,18.9,83.11999999999999
태백,2022-09-18,22.5,18.2,19.9,92.9,82.0,4.5,9.9,1.5,4.1,0.0,18.7,90.17
태백,2022-09-19,20.3,13.0,15.9,88.0,76.0,7.9,16.5,4.6,54.0,0.3,13.9,88.38
태백,2022-09-20,14.4,9.4,11.8,80.9,63.0,4.8,8.7,1.9,0.0,0.9,8.5,83.52000000000001
태백,2022-09-21,19.7,5.7,11.6,76.5,38.0,3.1,5.3,0.9,0.0,9.4,6.7,78.53
태백,2022-09-22,21.2,4.4,12.7,80.8,43.0,3.2,5.4,0.8,0.0,8.2,9.0,79.95
태백,2022-09-23,21.9,10.4,14.5,68.4,35.0,6.3,14.0,1.5,0.0,7.9,8.2,71.69000000000001
태백,2022-09-24,21.2,7.8,13.5,59.8,30.0,4.0,9.6,1.2,0.0,9.6,4.8,63.61999999999999
태백,2022-09-25,19.9,7.5,12.7,78.4,45.0,2.6,3.9,0.6,0.0,2.1,8.4,73.68
태백,2022-09-26,23.8,7.3,13.8,77.0,27.0,2.9,4.8,0.6,0.0,5.2,9.1,75.56
태백,2022-09-27,22.0,8.2,13.7,83.3,51.0,4.0,5.7,1.1,0.0,9.4,10.5,81.55
태백,2022-09-28,22.9,4.7,13.1,78.5,37.0,1.9,2.9,0.4,0.0,6.6,8.8,79.31
태백,2022-09-29,26.5,5.1,14.2,71.1,14.0,3.2,5.2,0.6,0.0,8.7,6.9,73.8
태백,2022-09-30,27.0,4.6,13.9,65.4,15.0,2.9,5.1,0.7,0.0,9.3,5.0,67.85
태백,2022-10-01,26.9,5.4,15.3,66.0,17.0,2.3,4.1,0.5,0.0,9.0,6.8,66.39
태백,2022-10-02,19.0,6.4,13.2,83.8,55.0,3.6,6.6,0.6,2.9,0.7,10.3,78.4
태백,2022-10-03,22.0,14.6,19.9,81.4,73.0,6.6,13.3,3.6,1.6,0.0,16.5,80.33999999999999
태백,2022-10-04,21.1,9.1,14.0,93.0,77.0,6.6,12.3,2.5,44.7,0.0,12.8,89.75999999999999
태백,2022-10-05,12.0,8.3,9.6,94.6,84.0,3.2,5.5,0.9,2.4,0.3,8.7,92.96
태백,2022-10-06,13.1,9.1,10.5,94.0,81.0,3.2,5.4,0.8,0.0,0.0,9.4,94.02
태백,2022-10-07,12.0,7.3,8.9,91.5,77.0,4.4,9.8,1.6,9.3,0.0,7.5,92.30999999999999
태백,2022-10-08,12.9,4.9,8.5,85.4,64.0,3.0,5.0,0.9,0.0,3.4,5.9,87.48
태백,2022-10-09,15.1,4.9,9.7,87.4,60.0,4.1,9.6,1.1,1.6,3.2,7.5,87.41000000000001
태백,2022-10-10,9.7,3.5,6.0,72.6,50.0,5.9,14.6,2.6,2.4,5.4,1.3,76.84
태백,2022-10-11,15.8,2.2,6.9,71.3,32.0,3.8,8.7,1.2,0.0,8.5,1.5,73.16999999999999
태백,2022-10-12,16.6,-0.1,7.5,82.0,49.0,3.4,5.4,0.6,0.0,7.9,4.1,78.92
태백,2022-10-13,19.1,2.6,9.6,83.8,47.0,3.1,4.6,0.7,0.0,8.3,6.5,82.19
태백,2022-10-14,19.4,4.2,11.4,82.3,40.0,3.3,5.5,0.8,0.0,5.7,7.8,82.57
태백,2022-10-15,21.1,7.6,13.9,82.4,43.0,4.4,6.4,1.3,0.0,7.6,10.4,82.52
태백,2022-10-16,20.4,12.2,15.1,73.9,42.0,2.8,7.2,0.9,0.0,1.7,10.1,76.44000000000001
태백,2022-10-17,16.4,3.9,10.6,48.0,25.0,3.3,7.6,1.3,0.0,5.8,-0.5,56.62
태백,2022-10-18,13.4,-1.4,4.7,65.5,24.0,3.2,5.3,0.6,0.0,8.2,-2.5,62.839999999999996
태백,2022-10-19,14.0,-2.4,4.6,66.5,17.0,3.6,6.1,0.6,0.0,8.2,-2.3,64.45
태백,2022-10-20,21.0,-2.4,7.9,59.0,11.0,2.1,3.8,0.5,0.0,8.1,-1.8,61.14999999999999
태백,2022-10-21,20.4,3.5,12.2,35.5,11.0,4.1,6.8,1.3,0.0,4.9,-4.4,43.3
태백,2022-10-22,19.9,7.5,13.9,32.8,9.0,3.5,7.8,1.6,0.0,7.9,-5.6,35.96
태백,2022-10-23,12.8,5.4,7.8,88.5,61.0,4.6,7.4,1.4,2.0,1.7,5.9,72.05999999999999
태백,2022-10-24,8.5,0.0,4.1,84.5,52.0,5.2,7.2,1.9,2.1,3.0,1.4,80.13
태백,2022-10-25,7.4,1.2,4.2,89.0,77.0,4.0,6.7,1.2,0.6,1.1,2.5,88.05
태백,2022-10-26,15.1,-0.8,6.3,73.6,32.0,3.7,6.1,0.9,0.0,6.8,0.6,77.77
태백,2022-10-27,17.8,1.4,8.0,72.4,28.0,4.2,6.0,0.7,0.0,7.6,2.5,74.30000000000001
태백,2022-10-28,8.8,4.7,7.5,94.0,89.0,2.3,4.9,0.5,0.0,0.0,6.6,87.64
태백,2022-10-29,14.3,4.7,8.1,88.3,56.0,3.5,5.4,0.9,0.0,3.4,6.1,87.85
태백,2022-10-30,10.8,4.0,7.1,91.9,73.0,2.5,4.5,0.7,0.1,0.9,5.8,91.39
태백,2022-10-31,14.8,4.0,8.2,81.9,50.0,2.4,3.6,0.5,0.0,3.5,4.9,84.54
태백,2022-11-01,17.0,2.4,8.2,74.6,40.0,3.1,5.9,0.6,0.0,6.4,3.2,77.78999999999999
태백,2022-11-02,18.4,-1.4,6.7,56.4,8.0,3.1,5.3,0.5,0.0,7.3,-4.4,62.59
태백,2022-11-03,12.5,1.1,7.0,58.3,45.0,3.1,9.6,0.8,0.0,1.9,-0.8,59.55
태백,2022-11-04,10.2,-2.9,2.5,53.6,14.0,2.7,5.2,0.7,0.0,7.3,-7.9,54.81999999999999
태백,2022-11-05,10.7,-5.7,2.7,36.4,12.0,2.6,7.1,0.7,0.0,7.2,-12.6,42.029999999999994
태백,2022-11-06,12.9,-1.4,4.6,55.8,31.0,2.7,5.6,0.8,0.0,7.2,-4.1,51.699999999999996
태백,2022-11-07,13.8,-2.2,5.3,59.6,26.0,3.2,5.6,0.8,0.0,6.5,-2.9,56.519999999999996
태백,2022-11-08,15.0,1.2,7.3,64.4,25.0,3.0,7.7,0.9,0.0,7.2,0.3,62.58
태백,2022-11-09,17.6,-0.8,7.4,55.8,13.0,4.5,7.8,1.0,0.0,7.2,-2.9,57.9
태백,2022-11-10,17.4,4.7,9.6,63.3,30.0,4.4,8.5,1.2,0.0,6.1,2.3,61.91
태백,2022-11-11,16.5,4.2,9.3,79.0,47.0,3.0,4.8,0.6,0.0,4.4,5.3,73.53999999999999
태백,2022-11-12,19.8,3.5,12.2,80.1,47.0,6.8,12.4,2.3,6.9,6.6,8.4,78.19999999999999
태백,2022-11-13,15.7,4.4,8.9,89.0,71.0,6.8,10.5,3.0,16.1,0.2,7.1,86.22
태백,2022-11-14,9.4,3.5,5.8,70.3,33.0,3.5,7.6,1.2,0.0,0.5,0.1,75.02
태백,2022-11-15,8.0,-0.4,4.7,54.9,33.0,3.4,7.6,1.5,0.0,7.2,-3.8,61.39
태백,2022-11-16,9.5,1.4,5.2,54.4,33.0,3.2,7.7,1.3,0.0,7.1,-3.7,56.09
태백,2022-11-17,13.5,-0.6,4.6,64.9,19.0,4.0,5.7,0.7,0.0,7.1,-2.5,61.800000000000004
태백,2022-11-18,15.7,-2.8,4.2,69.8,17.0,4.4,6.6,0.7,0.0,7.1,-2.3,67.28
태백,2022-11-19,10.8,-0.4,5.0,84.6,63.0,2.0,4.4,0.5,0.0,0.3,2.4,79.66999999999999
태백,2022-11-20,14.2,1.0,5.9,78.6,41.0,3.3,4.3,0.5,0.0,4.7,1.8,78.92
태백,2022-11-21,15.2,-0.3,7.7,73.0,40.0,4.0,8.6,0.8,0.0,6.2,2.5,75.27999999999999
태백,2022-11-22,12.0,1.3,6.3,86.0,55.0,2.5,3.8,0.6,12.2,2.1,3.9,82.66
태백,2022-11-23,12.4,1.3,6.8,85.6,51.0,2.9,5.5,0.8,12.3,3.9,4.2,84.41999999999999
태백,2022-11-24,13.0,-0.8,3.6,73.6,24.0,2.1,5.7,0.4,0.0,4.2,-1.8,77.24
태백,2022-11-25,14.3,-1.7,7.1,54.8,24.0,4.3,11.7,1.4,0.0,6.9,-2.9,61.63999999999999
태백,2022-11-26,10.3,-2.4,5.6,42.0,21.0,4.0,14.2,1.5,0.0,6.8,-7.1,47.72
태백,2022-11-27,13.3,-5.1,2.2,44.4,10.0,4.1,7.8,0.6,0.0,6.8,-10.8,44.959999999999994
태백,2022-11-28,16.2,-2.7,8.4,75.0,50.0,6.8,14.1,1.9,6.9,3.3,4.1,65.58
태백,2022-11-29,13.0,1.1,8.4,65.9,28.0,3.3,8.4,1.1,10.6,0.0,1.4,65.57000000000001
태백,2022-11-30,1.4,-9.7,-6.2,30.9,21.0,4.1,12.5,1.6,0.0,6.8,-20.8,42.31
태백,2022-12-01,-3.4,-10.7,-7.5,34.6,19.0,4.2,10.1,1.5,0.0,6.8,-20.9,36.99
태백,2022-12-02,-0.4,-9.2,-5.5,43.1,16.0,4.0,8.8,1.1,0.0,6.8,-17.0,40.17999999999999
태백,2022-12-03,3.2,-6.4,0.2,61.4,37.0,4.8,11.0,1.8,0.0,3.9,-6.5,55.059999999999995
태백,2022-12-04,-0.1,-7.0,-3.0,30.3,16.0,3.5,9.0,1.2,0.0,1.8,-18.5,37.800000000000004
태백,2022-12-05,2.4,-6.8,-3.5,28.4,11.0,2.8,5.9,1.2,0.0,5.4,-19.9,32.08
태백,2022-12-06,-0.4,-6.7,-3.7,62.3,38.0,4.0,13.3,2.1,0.0,5.0,-9.9,52.31999999999999
태백,2022-12-07,2.3,-2.4,0.0,58.6,40.0,3.5,10.7,1.9,0.0,5.3,-7.3,56.31999999999999
태백,2022-12-08,6.2,-4.1,-0.1,43.9,17.0,3.5,5.5,1.0,0.0,6.9,-11.8,48.67999999999999
태백,2022-12-09,5.0,-6.3,-1.2,67.1,55.0,4.5,9.4,0.9,0.0,2.8,-6.6,61.60999999999999
태백,2022-12-10,6.5,-6.9,-1.0,62.8,17.0,3.8,5.5,0.6,0.0,4.7,-8.3,61.769999999999996
태백,2022-12-11,4.8,-5.4,-1.8,75.6,47.0,4.7,6.8,1.1,0.0,6.2,-5.7,72.18999999999998
태백,2022-12-12,5.9,-6.5,-0.6,72.5,49.0,6.5,13.3,1.9,0.0,3.8,-5.3,72.15
태백,2022-12-13,-0.2,-6.6,-2.8,72.3,59.0,5.5,13.3,2.3,2.7,0.4,-7.0,72.66999999999999
태백,2022-12-14,-6.6,-14.3,-11.8,43.5,26.0,4.5,11.7,2.1,0.0,6.9,-22.0,52.16
태백,2022-12-15,-2.1,-13.5,-6.5,73.1,58.0,5.3,11.2,2.1,0.0,1.9,-10.5,67.1
태백,2022-12-16,-1.0,-12.9,-6.6,41.0,11.0,2.9,6.2,0.9,0.0,6.9,-19.3,47.67
태백,2022-12-17,-6.2,-13.4,-9.6,42.3,29.0,3.2,9.4,1.5,0.0,4.3,-20.1,45.12
태백,2022-12-18,-9.4,-15.5,-12.9,38.9,29.0,3.3,11.0,1.7,0.0,6.9,-24.1,39.79
태백,2022-12-19,-6.6,-14.4,-9.8,51.8,34.0,3.5,12.4,1.7,0.0,6.9,-18.0,48.269999999999996
태백,2022-12-20,-0.4,-11.5,-6.1,46.3,23.0,3.1,5.8,1.0,0.0,6.9,-16.3,46.66
태백,2022-12-21,1.2,-7.2,-2.4,77.3,52.0,4.9,7.8,1.4,2.3,1.0,-5.9,68.54999999999998
태백,2022-12-22,-2.6,-15.5,-10.6,50.1,36.0,6.0,12.0,2.4,0.0,6.7,-19.0,55.160000000000004
태백,2022-12-23,-11.3,-17.1,-14.8,55.1,41.0,3.9,14.0,1.8,0.0,6.8,-21.9,56.32000000000001
태백,2022-12-24,0.7,-17.8,-8.9,69.8,52.0,3.0,6.4,0.7,0.0,6.1,-13.7,64.89
태백,2022-12-25,1.0,-12.3,-7.4,65.8,36.0,4.0,7.9,1.0,0.0,6.8,-13.0,65.53
태백,2022-12-26,1.9,-14.2,-7.4,65.4,28.0,2.6,4.0,0.5,0.0,6.1,-13.7,65.92
태백,2022-12-27,3.2,-13.6,-6.4,55.9,21.0,2.3,4.4,0.7,0.0,6.9,-15.2,58.78999999999999
태백,2022-12-28,-1.8,-8.1,-5.0,51.0,35.0,3.6,9.4,1.7,0.0,6.9,-13.8,53.419999999999995
태백,2022-12-29,-3.2,-10.2,-6.4,46.0,27.0,3.6,9.7,1.5,0.0,6.9,-16.6,47.989999999999995
태백,2022-12-30,-0.3,-9.2,-5.1,61.9,38.0,3.3,8.6,1.3,0.0,6.9,-11.5,57.63
태백,2022-12-31,-2.3,-9.5,-5.2,62.1,53.0,3.0,8.9,1.4,0.0,6.9,-11.4,60.45
태백,2023-01-01,2.0,-6.2,-2.4,43.5,23.0,2.8,10.4,1.2,0.0,6.9,-13.8,49.06
태백,2023-01-02,0.6,-10.5,-5.6,32.0,15.0,2.6,6.0,0.9,0.0,6.9,-20.3,37.31
태백,2023-01-03,-0.1,-8.7,-5.0,25.0,14.0,3.4,7.5,1.3,0.0,6.9,-22.3,28.25
태백,2023-01-04,-0.9,-9.3,-5.5,33.3,17.0,3.3,8.7,1.0,0.0,6.9,-20.1,31.509999999999994
태백,2023-01-05,1.6,-9.7,-3.8,47.6,30.0,2.8,9.9,1.1,0.0,6.9,-13.7,42.480000000000004
태백,2023-01-06,4.3,-9.4,-3.1,48.6,23.0,3.2,9.3,1.0,0.0,6.8,-13.4,46.87
태백,2023-01-07,0.3,-5.7,-2.4,71.5,62.0,3.9,10.1,1.1,0.2,0.3,-6.8,64.53
태백,2023-01-08,5.3,-9.9,-2.4,55.8,17.0,3.1,6.1,0.8,0.0,6.7,-11.7,58.22
태백,2023-01-09,5.1,-4.2,1.5,72.4,45.0,4.2,7.2,1.4,0.0,3.4,-3.1,68.99000000000001
태백,2023-01-10,7.5,-7.1,-0.8,59.6,24.0,4.2,6.7,0.9,0.0,6.8,-8.7,61.78
태백,2023-01-11,8.8,-3.0,2.3,35.4,12.0,5.2,9.9,1.6,0.0,6.8,-12.3,43.940000000000005
태백,2023-01-12,12.9,-3.5,2.4,40.8,14.0,3.5,7.0,0.8,0.0,6.8,-11.1,41.599999999999994
태백,2023-01-13,11.3,-1.8,8.2,92.5,61.0,4.5,9.6,1.3,7.3,0.0,7.0,76.45
태백,2023-01-14,6.0,-1.6,1.3,95.8,93.0,3.9,7.6,1.6,3.0,0.0,0.7,89.63999999999999
태백,2023-01-15,-1.3,-3.9,-2.1,93.4,87.0,2.4,3.8,0.5,6.1,0.0,-3.0,93.78999999999999
태백,2023-01-16,-2.2,-12.6,-6.5,81.9,66.0,2.4,4.2,1.1,0.0,4.7,-9.1,85.59
태백,2023-01-17,-2.7,-13.2,-7.0,66.9,30.0,5.5,9.4,1.1,0.0,3.9,-12.5,72.55
태백,2023-01-18,-0.4,-10.1,-5.4,57.9,28.0,3.8,11.7,1.2,0.0,6.2,-12.9,62.099999999999994
태백,2023-01-19,-0.7,-11.6,-4.8,60.1,39.0,4.1,8.6,1.6,0.0,6.9,-11.6,60.34
태백,2023-01-20,-1.8,-12.8,-5.7,45.0,20.0,4.7,12.0,2.1,0.2,6.9,-16.4,49.309999999999995
태백,2023-01-21,-2.4,-17.1,-10.2,50.5,13.0,3.3,6.1,0.7,0.0,7.0,-20.2,50.35999999999999
태백,2023-01-22,0.9,-10.5,-4.9,65.4,37.0,2.6,6.0,0.3,0.0,3.1,-10.6,60.38
태백,2023-01-23,2.9,-7.4,-2.3,56.1,29.0,2.9,6.6,1.0,0.0,7.1,-10.6,57.39999999999999
태백,2023-01-24,-4.9,-19.5,-15.4,41.0,27.0,4.0,10.8,1.9,0.0,7.1,-25.8,46.46
태백,2023-01-25,-7.6,-21.0,-14.5,37.9,13.0,3.8,7.9,1.4,0.0,7.2,-26.9,40.339999999999996
태백,2023-01-26,-4.1,-14.7,-7.6,68.8,52.0,3.4,6.2,1.0,0.0,1.0,-12.3,59.839999999999996
태백,2023-01-27,-6.2,-13.9,-9.9,47.4,35.0,3.0,10.6,1.2,0.0,7.1,-19.2,50.73
태백,2023-01-28,-6.3,-15.5,-10.5,43.6,28.0,3.1,10.2,1.5,0.0,7.1,-20.8,46.88
태백,2023-01-29,-2.2,-11.0,-6.1,59.9,40.0,4.3,8.8,1.7,0.4,7.1,-12.7,55.39
태백,2023-01-30,-1.3,-9.0,-5.6,48.3,27.0,2.7,6.5,1.0,0.0,7.1,-15.2,50.14999999999999
태백,2023-01-31,3.6,-11.5,-2.3,49.6,24.0,4.1,10.0,1.2,0.0,7.1,-12.1,50.37
태백,2023-02-01,3.5,-6.8,-0.5,49.3,32.0,4.7,11.3,1.4,0.0,7.1,-10.1,49.26
태백,2023-02-02,1.3,-12.2,-5.9,56.5,14.0,3.0,5.7,0.6,0.0,7.0,-14.7,54.37
태백,2023-02-03,2.3,-9.0,-4.1,48.6,23.0,3.9,6.9,0.6,0.0,4.6,-14.2,50.24999999999999
태백,2023-02-04,0.0,-8.7,-4.3,38.8,26.0,2.5,6.9,1.1,0.0,7.1,-16.6,42.529999999999994
태백,2023-02-05,3.3,-9.8,-3.1,48.1,15.0,4.9,11.2,1.1,0.0,7.1,-13.3,46.29
태백,2023-02-06,8.6,-9.9,-1.5,53.5,10.0,3.4,9.5,0.5,0.0,7.1,-12.2,50.949999999999996
태백,2023-02-07,4.8,-7.0,-1.9,73.0,56.0,4.2,5.9,1.0,0.0,4.2,-6.2,66.61
태백,2023-02-08,5.1,-7.7,-2.3,67.0,27.0,2.5,5.9,0.6,0.0,7.3,-8.6,66.85
태백,2023-02-09,3.2,-9.5,-3.0,73.5,50.0,4.2,6.4,0.8,1.1,5.1,-7.1,72.14999999999999
태백,2023-02-10,2.8,-4.1,-0.6,87.9,71.0,2.8,7.1,0.6,5.4,0.2,-2.4,82.93
태백,2023-02-11,6.4,-9.2,-2.0,69.8,35.0,2.7,4.7,0.6,0.0,5.8,-7.4,73.78999999999999
태백,2023-02-12,5.7,-7.2,-0.8,72.1,25.0,4.4,6.9,1.2,0.0,2.4,-5.8,73.22
태백,2023-02-13,0.3,-2.5,-1.5,92.4,87.0,3.9,7.9,1.7,0.1,0.0,-2.5,86.08000000000001
태백,2023-02-14,-0.7,-6.1,-4.2,86.0,63.0,5.8,11.1,1.6,0.0,2.0,-6.2,85.88999999999999
태백,2023-02-15,-2.3,-6.0,-4.3,84.8,75.0,3.2,4.9,1.1,0.0,0.3,-6.4,85.79999999999998
태백,2023-02-16,2.1,-9.8,-3.6,75.3,54.0,4.2,8.9,1.3,0.0,2.7,-7.5,78.26999999999998
태백,2023-02-17,6.4,-5.5,-0.5,54.3,28.0,3.9,7.4,1.1,0.0,6.8,-9.2,61.55
태백,2023-02-18,7.8,-2.4,2.5,66.1,54.0,4.4,7.6,0.9,0.0,0.3,-3.2,64.66
태백,2023-02-19,4.4,-3.5,0.7,52.9,33.0,3.5,9.8,1.8,0.0,5.1,-8.1,55.67999999999999
태백,2023-02-20,0.4,-9.1,-4.1,40.0,17.0,4.6,9.6,1.6,0.0,8.1,-17.0,45.19
태백,2023-02-21,0.7,-12.0,-6.4,61.1,27.0,4.2,6.7,1.0,0.0,8.1,-13.2,56.059999999999995
태백,2023-02-22,5.9,-9.9,-1.2,52.3,27.0,4.4,8.3,1.4,0.0,8.1,-10.8,52.82999999999999
태백,2023-02-23,9.1,-2.0,2.7,38.5,25.0,3.9,7.3,1.3,0.0,8.1,-10.3,43.519999999999996
태백,2023-02-24,6.4,-2.6,0.2,60.6,25.0,6.0,10.0,1.7,0.0,7.1,-7.2,55.35000000000001
태백,2023-02-25,0.1,-7.3,-3.8,82.3,69.0,6.2,8.8,1.5,0.0,4.9,-6.4,73.57999999999998
태백,2023-02-26,9.1,-10.7,-1.8,55.1,14.0,2.8,4.7,0.5,0.0,8.3,-11.5,61.09
태백,2023-02-27,12.6,-8.2,2.4,38.9,9.0,3.9,7.9,1.1,0.0,8.3,-13.3,46.480000000000004
태백,2023-02-28,10.5,0.2,5.0,25.6,11.0,6.1,10.5,2.7,0.0,8.4,-15.0,31.21
태백,2023-03-01,7.1,-1.6,2.4,55.5,35.0,3.6,8.1,1.6,0.0,1.2,-5.7,47.86
태백,2023-03-02,3.3,-5.7,-1.6,32.8,18.0,3.4,6.5,1.3,0.0,8.4,-16.5,36.620000000000005
태백,2023-03-03,8.5,-3.2,2.7,35.1,21.0,3.8,10.7,1.7,0.0,8.6,-11.8,36.68
태백,2023-03-04,10.2,-4.2,1.6,66.9,26.0,4.6,6.9,0.9,0.0,7.5,-4.5,57.13
태백,2023-03-05,12.5,-5.2,2.9,58.6,22.0,2.9,5.9,0.5,0.0,8.6,-6.1,57.91
태백,2023-03-06,13.1,-2.8,6.1,35.4,14.0,3.3,8.1,1.0,0.0,8.8,-10.4,43.19
태백,2023-03-07,16.1,4.1,11.1,37.1,25.0,4.5,11.6,1.9,0.0,8.6,-3.1,38.91
태백,2023-03-08,17.5,3.9,11.2,31.8,15.0,5.0,11.8,2.0,0.0,8.9,-6.3,33.22
태백,2023-03-09,16.0,2.4,9.2,53.3,30.0,4.7,9.5,1.3,0.0,6.2,-0.4,47.379999999999995
태백,2023-03-10,19.4,-1.1,9.1,43.0,12.0,2.7,7.0,0.8,0.0,9.1,-5.0,43.94
태백,2023-03-11,19.3,5.3,12.7,44.9,22.0,3.8,7.5,1.1,0.0,9.0,0.1,45.35999999999999
태백,2023-03-12,12.5,-4.2,4.1,63.0,43.0,4.7,12.1,1.5,6.3,2.1,-2.6,57.379999999999995
태백,2023-03-13,4.4,-7.0,-1.3,32.1,18.0,4.2,9.7,1.8,0.0,9.2,-16.4,39.56
태백,2023-03-14,12.4,-0.4,6.0,26.0,14.0,6.6,13.0,2.2,0.0,5.8,-12.8,30.92
태백,2023-03-15,15.3,-0.9,8.7,54.0,36.0,6.7,14.7,2.9,0.0,9.3,-0.6,46.21
태백,2023-03-16,8.9,-1.3,3.5,31.6,9.0,4.3,11.9,1.3,0.0,7.9,-13.2,35.52
태백,2023-03-17,9.7,-4.3,2.5,51.6,27.0,4.3,7.1,0.9,0.0,8.0,-7.0,47.839999999999996
태백,2023-03-18,13.2,-0.1,5.5,50.5,17.0,3.4,6.7,0.7,0.0,8.9,-5.0,48.83
태백,2023-03-19,14.5,-2.8,5.2,42.9,12.0,3.2,6.5,0.7,0.0,9.5,-8.2,45.28999999999999
태백,2023-03-20,14.2,-2.0,5.7,44.4,15.0,3.3,6.0,0.6,0.0,5.9,-6.8,44.709999999999994
태백,2023-03-21,18.4,2.7,9.8,39.8,12.0,4.3,6.6,1.0,0.0,9.6,-4.3,41.029999999999994
태백,2023-03-22,22.5,-0.4,12.1,58.0,34.0,4.1,7.4,1.3,0.0,9.7,3.4,52.99999999999999
태백,2023-03-23,13.2,4.5,8.3,97.6,73.0,3.6,5.3,1.4,20.0,0.0,7.9,83.89999999999999
태백,2023-03-24,5.2,1.7,3.1,94.3,85.0,3.2,6.1,1.2,0.0,0.0,2.2,91.32999999999998
태백,2023-03-25,5.6,1.7,3.4,92.4,83.0,2.9,4.3,1.0,0.0,0.0,2.2,93.30000000000001
태백,2023-03-26,8.8,-1.2,3.0,91.1,69.0,4.8,6.7,1.4,0.0,3.9,1.6,91.67999999999998
태백,2023-03-27,11.3,-4.9,2.5,68.3,14.0,4.2,6.8,0.9,0.0,9.9,-3.5,75.27
태백,2023-03-28,13.4,-3.4,4.8,51.4,20.0,4.9,8.9,1.0,0.0,9.9,-5.7,58.75
태백,2023-03-29,16.9,-2.4,7.5,47.8,16.0,3.0,6.0,0.8,0.0,9.9,-5.1,50.56999999999999
태백,2023-03-30,18.8,0.9,11.1,27.1,12.0,3.9,9.4,1.2,0.0,9.8,-9.3,33.67
태백,2023-03-31,18.0,4.2,11.0,40.5,18.0,5.5,8.2,1.7,0.0,10.0,-3.0,38.55
태백,2023-04-01,18.7,0.5,9.1,48.8,20.0,4.1,6.6,0.9,0.0,10.0,-2.7,44.97
태백,2023-04-02,15.3,-0.7,7.2,54.6,28.0,4.1,7.0,1.3,0.0,10.1,-1.9,52.029999999999994
태백,2023-04-03,16.9,-0.3,8.1,48.8,19.0,3.5,6.1,1.0,0.0,10.1,-3.4,49.96
태백,2023-04-04,19.4,1.3,11.1,48.1,12.0,4.3,7.9,1.4,1.9,5.9,-1.6,48.89
태백,2023-04-05,13.1,7.8,11.0,89.6,73.0,5.0,9.5,2.5,27.6,0.0,9.3,77.21999999999998
태백,2023-04-06,14.0,5.7,8.4,78.4,61.0,4.3,7.2,2.0,1.7,6.3,4.7,77.61
태백,2023-04-07,12.6,1.4,6.6,51.6,28.0,3.7,8.6,1.5,1.2,9.2,-3.2,60.76
태백,2023-04-08,10.3,-1.1,4.6,33.9,17.0,3.9,10.8,1.7,0.0,10.2,-10.6,41.89
태백,2023-04-09,16.1,0.1,8.5,30.3,15.0,4.5,9.5,1.7,0.0,10.2,-8.9,33.150000000000006
태백,2023-04-10,18.1,4.4,12.1,24.5,15.0,5.5,11.7,2.0,0.0,10.1,-7.8,26.6
태백,2023-04-11,18.5,7.5,12.6,56.0,31.0,9.1,17.8,4.0,6.9,7.5,3.5,47.129999999999995
태백,2023-04-12,13.6,3.8,7.9,20.1,11.0,4.7,11.7,2.3,0.0,9.9,-14.4,27.720000000000002
태백,2023-04-13,17.8,4.2,11.9,19.4,11.0,5.1,11.2,2.0,0.0,8.5,-11.0,23.2
태백,2023-04-14,21.7,8.1,13.3,27.9,6.0,5.0,7.7,1.4,0.0,5.9,-6.6,25.419999999999998
태백,2023-04-15,13.5,4.6,8.5,67.1,43.0,2.9,6.2,0.8,0.4,0.0,2.4,54.48999999999999
태백,2023-04-16,11.0,1.2,5.7,73.3,34.0,5.1,9.3,1.3,0.4,1.3,0.8,67.52
태백,2023-04-17,15.1,-0.3,8.4,54.1,23.0,3.4,6.6,1.0,0.0,6.9,-2.3,59.24
태백,2023-04-18,17.4,5.6,10.7,75.8,51.0,4.0,8.9,1.2,1.1,2.3,6.3,71.21
태백,2023-04-19,23.7,1.5,13.4,61.0,28.0,3.8,6.7,1.2,0.0,10.3,4.6,63.269999999999996
태백,2023-04-20,22.6,10.3,17.2,65.8,49.0,4.7,11.8,1.9,0.0,9.5,10.5,65.84
태백,2023-04-21,12.0,3.6,8.0,59.1,32.0,4.5,8.1,1.8,0.0,4.4,0.2,60.63
태백,2023-04-22,13.3,1.4,7.4,50.0,14.0,5.8,9.6,1.7,0.0,8.5,-4.1,53.4
태백,2023-04-23,14.2,0.2,7.8,56.8,21.0,4.0,6.5,1.2,0.0,3.4,-1.0,55.67
태백,2023-04-24,10.5,1.8,6.6,72.3,51.0,3.4,6.0,1.3,0.0,1.1,1.8,66.97
태백,2023-04-25,6.7,0.1,4.6,81.9,49.0,2.9,5.1,1.0,1.2,0.0,1.5,77.47
태백,2023-04-26,10.9,1.0,5.9,68.4,47.0,4.0,8.4,1.5,0.0,4.7,0.3,71.49000000000001
태백,2023-04-27,19.7,-1.8,10.2,50.5,17.0,5.0,8.1,1.3,0.0,10.5,-2.0,57.22
태백,2023-04-28,22.9,5.3,15.2,43.3,14.0,4.7,9.0,1.6,0.0,10.5,0.5,47.25
태백,2023-04-29,17.2,6.4,11.9,76.8,58.0,6.3,13.4,2.6,6.7,2.0,7.8,67.47
태백,2023-04-30,16.0,5.4,10.9,44.6,31.0,4.5,11.0,2.0,0.0,10.0,-1.1,50.91
태백,2023-05-01,15.7,3.8,9.4,55.1,28.0,4.7,9.8,1.3,1.9,9.1,-0.1,55.17
태백,2023-05-02,22.4,0.9,12.2,50.3,20.0,2.9,5.7,0.7,0.0,10.4,-0.1,50.69
태백,2023-05-03,24.8,7.4,16.4,40.8,11.0,4.2,7.1,1.2,0.0,10.4,0.7,44.129999999999995
태백,2023-05-04,22.6,8.2,15.6,66.0,48.0,4.9,8.5,1.9,0.0,8.3,9.1,59.39
태백,2023-05-05,19.4,9.6,15.9,86.9,75.0,6.1,12.1,3.3,23.4,0.2,13.6,78.11
태백,2023-05-06,9.6,5.5,6.8,94.1,89.0,5.8,13.2,2.4,64.6,0.0,5.8,89.85
태백,2023-05-07,8.5,1.4,6.0,82.3,66.0,4.3,8.6,1.8,0.1,0.0,3.1,85.11999999999999
태백,2023-05-08,18.6,-1.3,9.9,52.6,21.0,4.4,7.8,1.4,0.0,11.2,-1.4,62.69
태백,2023-05-09,23.3,3.5,14.9,47.1,19.0,3.6,9.2,1.3,0.0,11.3,1.6,51.72
태백,2023-05-10,22.6,5.9,13.8,51.4,17.0,4.6,6.3,1.2,0.0,11.3,2.1,50.66
태백,2023-05-11,19.4,5.0,12.3,68.4,46.0,4.0,7.1,1.4,0.0,7.9,6.1,62.870000000000005
태백,2023-05-12,21.8,5.3,14.1,61.5,34.0,4.4,7.3,1.1,0.0,6.1,5.8,61.87
태백,2023-05-13,20.4,7.7,13.2,72.6,31.0,3.9,6.7,0.9,12.2,7.0,7.6,69.96
태백,2023-05-14,21.2,7.2,13.6,70.6,36.0,4.3,7.2,0.9,0.0,9.1,7.3,70.09
태백,2023-05-15,24.6,6.1,16.7,54.5,24.0,4.9,7.9,1.5,0.0,11.2,5.8,59.529999999999994
태백,2023-05-16,29.2,13.3,22.3,41.8,20.0,5.8,11.8,1.8,0.0,10.5,7.4,47.22
태백,2023-05-17,28.0,13.2,21.0,37.0,17.0,5.9,9.9,2.3,0.0,11.6,4.2,39.71
태백,2023-05-18,19.2,11.3,14.6,80.8,62.0,4.7,9.8,1.0,3.1,0.0,11.2,68.13999999999999
태백,2023-05-19,13.6,9.2,11.9,95.0,87.0,3.6,7.8,1.5,2.9,0.0,11.1,86.36
태백,2023-05-20,25.5,7.2,17.6,64.8,38.0,3.9,8.3,1.5,0.0,10.5,9.9,72.43999999999998
태백,2023-05-21,23.7,14.8,18.3,47.1,30.0,6.0,10.4,2.1,0.0,7.2,6.3,55.43
태백,2023-05-22,17.5,7.7,13.0,64.8,41.0,5.6,10.4,1.7,0.0,2.9,6.0,61.25999999999999
태백,2023-05-23,19.7,3.9,10.9,67.8,29.0,6.2,10.0,1.1,0.3,9.0,4.1,65.13
태백,2023-05-24,22.6,2.6,13.7,54.8,18.0,3.4,5.9,0.9,0.0,9.3,2.7,58.39999999999999
태백,2023-05-25,23.9,7.8,16.0,56.8,23.0,3.9,6.2,0.8,0.0,7.6,6.3,57.5
태백,2023-05-26,24.1,12.9,18.1,55.3,36.0,4.5,7.6,1.4,0.0,10.3,8.3,55.55
태백,2023-05-27,21.5,12.3,16.9,80.9,59.0,3.2,5.6,0.7,0.3,0.7,13.4,73.37
태백,2023-05-28,20.3,15.2,17.3,89.5,77.0,4.3,8.0,1.6,4.5,0.0,15.5,84.36
태백,2023-05-29,18.0,13.6,16.5,95.6,85.0,3.0,5.6,0.6,17.2,0.2,15.7,92.91
태백,2023-05-30,18.3,10.3,13.3,89.4,69.0,3.8,6.0,1.2,0.0,0.7,11.4,90.65
태백,2023-05-31,23.8,7.4,15.9,59.1,28.0,4.0,7.1,1.4,0.0,12.0,6.6,68.81
태백,2023-06-01,26.4,10.9,18.8,61.5,33.0,3.0,5.6,1.0,0.0,5.7,10.6,63.81
태백,2023-06-02,25.7,13.5,19.8,60.5,32.0,5.5,9.9,1.7,0.0,11.3,10.7,60.55999999999999
태백,2023-06-03,24.9,11.2,18.0,53.3,26.0,3.8,8.4,1.3,0.0,11.9,7.0,55.559999999999995
태백,2023-06-04,24.9,10.1,18.5,47.1,26.0,4.5,10.5,1.4,0.0,12.0,6.0,49.67999999999999
태백,2023-06-05,25.2,10.9,18.6,54.6,36.0,3.9,9.9,1.5,0.0,12.5,8.9,52.97
태백,2023-06-06,26.5,13.3,19.1,57.8,27.0,4.1,6.9,1.3,0.0,9.4,10.0,56.089999999999996
태백,2023-06-07,25.1,13.2,19.4,63.8,36.0,4.8,8.5,1.7,0.0,11.3,11.8,61.68
태백,2023-06-08,26.9,14.1,20.1,56.5,26.0,4.8,10.3,2.0,1.5,6.2,9.9,58.089999999999996
태백,2023-06-09,24.7,11.9,17.8,63.5,27.0,3.7,7.6,1.2,1.8,10.7,9.3,62.13
태백,2023-06-10,26.1,11.2,18.2,69.4,40.0,6.3,9.5,1.1,2.4,5.3,11.7,66.93
태백,2023-06-11,26.4,13.3,18.2,81.3,47.0,3.8,9.6,1.3,2.1,7.5,14.6,77.13999999999999
태백,2023-06-12,22.9,12.9,17.3,85.5,57.0,4.8,6.8,1.5,1.1,6.4,14.6,83.05
태백,2023-06-13,25.1,13.5,18.1,75.4,37.0,4.9,7.9,1.1,0.7,8.5,13.0,78.00999999999999
태백,2023-06-14,23.7,11.5,15.6,86.5,51.0,4.8,7.5,1.1,17.7,4.7,12.9,84.17999999999999
태백,2023-06-15,22.0,10.9,15.2,88.0,58.0,4.5,6.5,1.0,4.9,6.0,12.9,86.44
태백,2023-06-16,29.0,12.2,20.9,72.1,44.0,2.9,7.0,0.8,0.0,12.2,14.9,76.72
태백,2023-06-17,32.8,15.0,23.8,59.4,28.0,3.0,5.8,0.8,0.0,11.8,14.5,64.8
태백,2023-06-18,29.4,16.0,22.1,65.6,42.0,4.2,7.8,1.3,0.0,10.9,14.6,65.00999999999999
태백,2023-06-19,27.5,14.7,20.0,75.9,47.0,4.1,6.5,1.6,0.0,10.6,15.1,72.19
태백,2023-06-20,23.8,12.2,17.8,73.3,42.0,3.4,5.7,1.0,0.0,4.2,12.6,73.05
태백,2023-06-21,22.4,14.2,17.4,91.8,73.0,3.3,5.7,1.2,37.8,0.6,15.9,86.50999999999999
태백,2023-06-22,24.5,14.5,18.3,79.4,51.0,3.6,6.8,0.9,0.0,5.2,14.3,81.27
태백,2023-06-23,23.5,12.8,17.6,83.0,64.0,5.6,8.1,1.9,0.0,11.9,14.4,83.16
태백,2023-06-24,28.2,11.5,20.0,75.8,40.0,4.3,6.5,1.2,0.0,12.3,14.9,77.6
태백,2023-06-25,28.5,15.7,21.8,74.5,47.0,2.9,4.8,0.8,0.0,8.1,16.5,75.61
태백,2023-06-26,23.4,16.9,20.2,90.9,80.0,4.3,8.3,1.2,55.3,0.4,18.5,86.11
태백,2023-06-27,26.9,19.4,22.8,70.4,51.0,5.3,13.8,2.1,49.3,10.7,16.8,74.91000000000001
태백,2023-06-28,28.2,18.8,23.5,64.5,50.0,4.8,13.2,2.3,0.0,10.0,16.3,68.32000000000001
태백,2023-06-29,24.5,20.2,22.3,83.3,69.0,3.3,5.8,1.4,73.2,0.4,19.1,78.25
태백,2023-06-30,23.2,17.8,19.6,94.1,80.0,4.1,6.2,1.2,7.2,0.3,18.5,88.97999999999999
태백,2023-07-01,31.5,16.3,23.3,72.8,25.0,3.1,4.5,0.9,0.0,11.1,17.0,78.11
태백,2023-07-02,31.2,18.1,23.5,74.8,38.0,3.3,5.4,0.9,0.0,7.3,18.1,76.32999999999998
태백,2023-07-03,30.4,17.4,22.8,81.8,50.0,4.1,5.7,1.1,0.0,9.3,19.1,79.5
태백,2023-07-04,27.8,18.8,22.2,83.5,52.0,4.4,7.6,2.0,9.0,4.1,19.0,82.29
태백,2023-07-05,26.3,20.0,22.7,71.9,49.0,5.0,11.6,2.3,30.1,8.0,17.0,75.21000000000001
태백,2023-07-06,28.2,18.1,23.9,66.3,49.0,4.6,8.5,1.8,0.0,2.7,16.9,69.14
태백,2023-07-07,24.1,16.1,19.0,83.8,59.0,3.5,6.5,1.0,6.4,0.2,16.0,79.11
태백,2023-07-08,25.5,17.6,20.2,90.4,70.0,4.0,6.3,0.8,0.0,1.6,18.4,86.67
태백,2023-07-09,28.0,19.3,22.6,83.3,62.0,3.2,6.7,1.2,10.5,2.9,19.4,84.77
태백,2023-07-10,28.0,18.9,23.2,78.0,57.0,3.6,6.7,1.3,8.7,5.8,18.9,80.3
태백,2023-07-11,27.3,18.6,22.0,82.9,62.0,4.2,8.5,1.5,25.9,2.9,18.8,81.96
태백,2023-07-12,28.3,19.2,23.2,79.4,57.0,3.9,7.2,0.8,0.0,3.8,19.2,79.96
태백,2023-07-13,24.2,20.2,21.7,93.0,79.0,2.4,4.5,0.8,9.6,0.0,20.5,89.27
태백,2023-07-14,24.7,20.7,23.0,87.0,79.0,6.4,16.2,3.7,49.8,0.0,20.7,87.44
태백,2023-07-15,23.4,19.6,21.5,88.4,72.0,3.9,8.6,1.6,84.8,0.5,19.4,88.58
태백,2023-07-16,27.5,20.5,23.1,77.3,59.0,4.8,10.7,2.0,0.0,2.0,18.8,80.49
태백,2023-07-17,29.1,21.4,24.2,79.1,60.0,4.6,10.3,1.5,0.3,5.0,20.2,79.66999999999999
태백,2023-07-18,23.2,19.0,21.0,88.4,73.0,4.0,8.9,1.4,7.2,0.0,18.9,85.43
태백,2023-07-19,27.5,16.8,21.4,82.6,48.0,5.2,7.0,1.4,0.0,10.3,17.9,83.41
태백,2023-07-20,30.2,16.1,22.5,82.4,53.0,3.2,4.9,1.0,0.0,8.7,18.9,83.04
태백,2023-07-21,30.0,17.9,22.9,83.8,56.0,4.2,6.3,1.0,0.0,9.6,19.7,83.4
태백,2023-07-22,28.8,17.0,22.8,74.9,48.0,4.3,10.1,1.8,0.0,7.8,17.6,77.42999999999999
태백,2023-07-23,26.3,22.5,24.3,75.4,64.0,6.0,13.0,3.5,0.6,0.0,19.6,76.14
태백,2023-07-24,27.0,20.5,23.3,85.1,68.0,3.8,7.7,1.2,18.0,0.5,20.5,82.13999999999999
태백,2023-07-25,28.2,20.5,23.2,82.0,59.0,4.6,6.7,1.3,1.9,3.7,19.8,81.96000000000001
태백,2023-07-26,30.2,20.9,23.9,79.6,53.0,3.4,6.4,1.5,0.0,3.8,20.0,80.63
태백,2023-07-27,31.6,19.2,24.7,77.0,45.0,3.6,6.1,0.9,0.0,9.8,19.8,78.02
태백,2023-07-28,32.1,19.7,25.4,76.3,45.0,3.7,5.9,1.0,0.0,11.1,20.3,76.77
태백,2023-07-29,33.3,19.4,25.6,72.4,33.0,3.1,5.6,0.8,0.0,11.1,19.2,73.64
태백,2023-07-30,31.1,19.0,24.0,83.3,53.0,2.9,6.6,0.7,4.4,8.5,20.5,80.41999999999999
태백,2023-07-31,31.0,20.0,24.5,82.5,54.0,3.7,6.1,1.0,0.0,8.2,20.9,81.64999999999999
태백,2023-08-01,31.8,17.7,24.6,75.6,48.0,2.5,4.1,0.6,0.0,10.0,19.4,77.74999999999999
태백,2023-08-02,31.9,19.6,25.9,74.6,44.0,2.8,5.2,0.8,0.0,9.0,20.5,75.58999999999999
태백,2023-08-03,31.6,22.0,26.1,65.9,46.0,4.0,7.9,1.3,0.0,9.5,18.9,68.61
태백,2023-08-04,31.3,22.1,26.1,72.6,51.0,2.9,7.6,1.0,0.0,6.6,20.6,71.46
태백,2023-08-05,33.3,20.8,26.3,76.5,50.0,3.1,6.0,0.7,0.0,7.2,21.4,74.66
태백,2023-08-06,30.0,20.7,24.5,86.4,66.0,4.0,6.4,1.1,0.0,5.4,21.9,83.04
태백,2023-08-07,26.6,20.0,22.4,92.4,74.0,4.6,7.0,1.6,0.4,0.8,21.0,89.61000000000001
태백,2023-08-08,22.3,18.1,20.3,95.8,89.0,2.9,6.0,1.7,0.3,0.0,19.5,94.17999999999999
태백,2023-08-09,19.7,18.1,19.0,97.1,95.0,3.7,6.2,1.7,17.0,0.0,18.5,96.36999999999998
태백,2023-08-10,22.4,18.1,19.2,95.0,87.0,5.7,11.0,3.2,182.3,0.0,18.3,95.5
태백,2023-08-11,28.1,18.7,22.1,79.4,56.0,5.2,10.0,2.5,1.0,7.1,18.1,84.28999999999999
태백,2023-08-12,28.0,18.6,22.0,86.0,54.0,3.7,6.5,1.1,0.1,1.4,19.2,85.58
태백,2023-08-13,28.4,18.3,22.0,87.4,60.0,4.1,6.2,1.0,0.0,4.3,19.7,86.32
태백,2023-08-14,28.1,19.4,22.6,83.6,62.0,3.6,5.7,1.4,0.0,6.8,19.5,84.59999999999998
태백,2023-08-15,24.9,18.8,20.5,90.6,73.0,5.8,7.7,2.1,0.1,4.5,18.8,88.87999999999998
태백,2023-08-16,28.3,17.6,21.9,85.5,65.0,3.9,6.0,1.3,0.0,6.5,19.2,86.33
태백,2023-08-17,28.9,19.5,22.3,87.8,63.0,3.4,4.8,1.0,0.0,2.6,20.0,87.62
태백,2023-08-18,29.4,19.1,23.2,83.1,59.0,3.4,5.4,1.1,0.0,7.6,20.0,84.27999999999999
태백,2023-08-19,29.1,21.8,24.3,86.6,65.0,3.0,4.3,1.1,0.0,1.6,21.7,86.02
태백,2023-08-20,28.6,20.9,22.9,92.8,72.0,4.0,6.7,0.9,16.2,2.6,21.5,90.59
태백,2023-08-21,31.1,19.7,24.2,82.4,53.0,3.7,6.2,1.1,0.0,8.6,20.6,84.89999999999999
태백,2023-08-22,30.1,20.5,25.2,73.9,56.0,4.5,8.3,2.1,0.0,8.0,20.0,77.49000000000001
태백,2023-08-23,30.5,18.3,23.7,79.6,58.0,7.4,11.3,1.9,13.1,6.3,19.7,78.74
태백,2023-08-24,22.5,18.3,20.4,96.8,90.0,2.5,4.0,0.4,30.5,0.0,19.8,91.07
태백,2023-08-25,28.5,17.6,22.0,82.1,54.0,3.6,6.2,0.9,29.9,5.7,18.4,84.78999999999998
태백,2023-08-26,28.4,15.3,20.9,81.9,54.0,2.8,4.4,0.8,0.0,7.1,17.3,83.43
태백,2023-08-27,25.3,15.8,20.3,82.0,62.0,3.9,6.2,1.1,0.0,6.5,16.9,81.99
태백,2023-08-28,23.2,17.5,20.0,86.8,69.0,4.1,5.9,0.8,0.0,0.8,17.7,85.35
태백,2023-08-29,26.5,21.0,23.5,81.9,64.0,4.9,10.2,2.7,2.7,2.0,20.1,82.89
태백,2023-08-30,23.9,18.6,21.1,95.0,81.0,3.1,5.9,1.2,53.4,0.0,20.2,91.56
태백,2023-08-31,26.9,17.0,20.5,86.1,58.0,3.6,5.4,1.0,9.9,3.4,17.8,87.45999999999998
태백,2023-09-01,27.6,12.0,19.0,75.3,33.0,2.9,4.6,0.6,0.0,7.9,13.3,79.42999999999999
태백,2023-09-02,25.9,12.5,19.3,83.4,59.0,3.8,5.7,1.0,0.0,7.0,16.1,82.05
태백,2023-09-03,26.5,18.0,20.5,89.9,70.0,3.8,5.6,0.9,1.0,1.8,18.7,87.14
태백,2023-09-04,24.8,17.7,21.1,88.5,73.0,4.1,5.9,1.2,0.0,1.4,19.0,88.27
태백,2023-09-05,24.6,16.1,20.4,82.4,59.0,3.8,7.2,1.6,0.0,3.2,17.1,84.36999999999999
태백,2023-09-06,24.4,15.0,19.1,83.4,64.0,5.2,9.6,2.0,0.0,5.4,16.0,83.71
태백,2023-09-07,24.2,13.1,18.1,78.6,59.0,4.4,7.3,1.9,0.0,9.4,14.1,79.94
태백,2023-09-08,25.6,12.0,18.6,77.9,48.0,3.9,5.5,1.4,0.0,8.2,14.2,78.59
태백,2023-09-09,26.2,8.1,17.0,75.6,44.0,4.0,5.9,1.2,0.0,9.6,12.1,76.36
태백,2023-09-10,26.6,12.0,19.1,84.1,56.0,4.2,6.7,1.3,0.0,9.2,16.0,81.78
태백,2023-09-11,26.3,16.7,20.2,85.4,58.0,3.2,5.8,1.0,0.0,3.8,17.4,84.16
태백,2023-09-12,27.6,17.2,21.0,83.1,51.0,2.3,4.1,0.7,0.7,4.5,17.7,83.66
태백,2023-09-13,19.7,16.2,17.9,97.3,92.0,3.5,5.6,0.9,34.4,0.0,17.4,93.27000000000001
태백,2023-09-14,19.2,16.1,17.5,97.1,92.0,2.9,5.7,0.9,10.2,0.0,17.0,95.73999999999998
태백,2023-09-15,19.8,17.2,18.4,97.8,93.0,2.8,6.3,0.7,22.8,0.0,18.0,97.61
태백,2023-09-16,26.0,18.2,20.6,94.1,69.0,3.0,4.9,0.9,6.0,1.2,19.5,95.13999999999999
태백,2023-09-17,26.1,19.0,20.8,89.8,59.0,3.2,5.0,1.1,3.2,3.0,18.9,91.46
태백,2023-09-18,28.1,17.2,20.8,85.1,52.0,4.0,6.5,1.1,14.7,7.0,17.8,86.94
태백,2023-09-19,26.5,16.5,20.8,71.4,45.0,3.7,7.0,1.2,0.0,7.3,15.0,75.98
태백,2023-09-20,18.2,15.4,16.5,94.4,83.0,5.4,11.4,1.5,90.7,0.0,15.5,88.87
태백,2023-09-21,17.2,11.2,13.8,88.6,67.0,5.2,9.1,2.1,8.6,1.2,11.8,88.03999999999999
태백,2023-09-22,22.3,9.3,14.6,84.9,51.0,3.6,4.9,0.9,0.0,7.3,11.5,86.59
태백,2023-09-23,20.9,8.9,14.9,84.5,57.0,5.7,8.2,1.6,0.6,6.6,12.1,84.99
태백,2023-09-24,18.8,13.0,14.8,78.5,56.0,3.8,7.2,1.7,0.0,6.5,10.9,80.33999999999999
태백,2023-09-25,22.5,13.2,16.2,86.5,59.0,3.2,4.7,0.7,5.9,3.3,13.7,84.7
태백,2023-09-26,18.0,15.3,16.7,98.5,97.0,2.3,3.9,0.3,25.3,0.0,16.4,94.09999999999998
태백,2023-09-27,20.3,16.5,18.1,96.4,88.0,1.9,3.3,0.4,0.6,0.0,17.4,95.83000000000001
태백,2023-09-28,24.9,14.2,18.7,75.8,50.0,3.2,6.5,1.1,0.0,8.0,13.9,82.19
태백,2023-09-29,20.9,10.9,15.2,85.4,58.0,3.1,4.6,0.7,0.0,1.1,12.4,84.58
태백,2023-09-30,21.6,11.3,15.4,72.0,45.0,3.4,6.9,1.0,4.2,5.9,10.1,75.06
태백,2023-10-01,19.5,7.0,13.2,67.5,37.0,3.5,6.2,1.0,0.0,9.1,6.6,70.19
태백,2023-10-02,20.1,4.6,11.1,72.8,26.0,3.5,6.0,0.9,0.0,9.1,5.1,71.66
태백,2023-10-03,16.6,5.0,10.1,84.3,53.0,3.1,5.1,0.6,0.0,0.6,7.2,80.32
태백,2023-10-04,20.4,5.2,13.6,69.3,36.0,3.3,7.2,1.1,0.1,8.6,7.5,72.65
태백,2023-10-05,16.0,6.1,10.2,56.8,32.0,3.2,6.6,1.3,0.0,9.0,1.4,62.05
태백,2023-10-06,21.5,2.0,9.7,72.3,28.0,4.0,5.8,0.7,0.0,8.9,3.8,68.89999999999999
태백,2023-10-07,16.3,4.5,10.2,83.0,48.0,3.6,5.8,0.8,0.0,3.1,7.0,78.24000000000001
태백,2023-10-08,14.8,8.0,11.2,85.6,63.0,3.5,6.4,0.9,0.7,0.9,8.7,83.75
태백,2023-10-09,16.6,6.4,11.3,90.4,67.0,3.4,5.1,0.9,0.0,1.6,9.6,88.7
태백,2023-10-10,16.7,6.0,11.0,80.5,56.0,4.8,8.2,1.6,0.0,7.9,7.5,82.99
태백,2023-10-11,16.9,4.5,9.7,82.8,49.0,3.0,4.3,0.5,0.0,4.7,6.5,83.10000000000001
태백,2023-10-12,19.0,4.0,11.0,82.6,48.0,3.6,5.8,1.0,0.0,7.2,7.7,82.42999999999999
태백,2023-10-13,19.9,7.4,11.5,82.1,35.0,2.7,4.9,0.7,0.0,4.2,8.0,82.27
태백,2023-10-14,17.2,5.3,10.3,80.6,45.0,3.7,6.6,0.9,0.6,4.3,6.6,81.1
태백,2023-10-15,16.1,5.9,11.5,72.3,50.0,3.2,10.0,1.3,0.0,8.3,6.3,74.93999999999998
태백,2023-10-16,17.1,5.0,11.0,80.1,48.0,3.7,7.6,1.0,0.0,5.6,7.4,78.59
태백,2023-10-17,19.6,0.5,8.3,74.8,31.0,4.0,5.3,0.9,0.0,8.2,3.1,75.61
태백,2023-10-18,21.5,0.7,12.0,53.9,19.0,4.6,8.0,1.5,0.0,8.2,0.6,60.699999999999996
태백,2023-10-19,15.4,9.9,13.0,67.4,32.0,4.6,8.4,1.5,0.4,0.4,6.3,65.44
태백,2023-10-20,11.7,2.9,7.7,53.4,25.0,4.1,11.1,1.2,3.3,7.6,-2.1,56.25
태백,2023-10-21,10.6,-1.3,4.3,63.6,33.0,4.0,8.5,0.9,0.0,4.8,-2.4,61.94
태백,2023-10-22,16.1,-0.6,8.7,54.1,20.0,3.0,7.0,1.0,0.0,8.1,-2.0,55.92999999999999
태백,2023-10-23,17.9,3.8,9.8,68.0,24.0,2.0,5.0,0.5,0.0,7.8,2.9,64.78
태백,2023-10-24,17.9,3.9,10.8,69.6,31.0,3.4,5.7,0.9,0.0,6.8,4.6,67.72999999999999
태백,2023-10-25,21.2,4.4,11.3,71.1,29.0,2.8,5.9,0.6,0.0,7.9,5.3,70.49
태백,2023-10-26,19.6,7.0,12.7,72.3,42.0,3.4,6.5,1.0,7.7,7.7,7.2,71.78999999999998
태백,2023-10-27,10.7,4.4,7.5,93.3,76.0,4.0,7.5,1.1,4.1,0.1,6.4,86.87999999999998
태백,2023-10-28,14.6,3.0,7.9,86.6,52.0,4.0,7.4,1.1,0.0,5.0,5.4,86.50999999999999
태백,2023-10-29,16.4,2.6,7.5,82.5,39.0,3.2,5.2,0.6,0.0,6.7,4.1,84.39999999999999
태백,2023-10-30,20.1,1.0,8.9,69.5,20.0,2.6,4.7,0.5,0.0,7.4,1.7,73.81
태백,2023-10-31,19.6,3.1,11.9,51.0,23.0,4.1,7.7,1.2,0.0,7.3,0.3,57.849999999999994
태백,2023-11-01,16.8,10.1,14.5,70.3,39.0,4.4,10.6,1.8,0.0,1.0,9.0,66.36
태백,2023-11-02,22.7,12.8,17.8,48.9,26.0,4.5,11.1,2.0,0.0,7.2,5.8,53.39
태백,2023-11-03,20.4,13.9,17.0,51.9,27.0,4.7,12.4,2.3,0.0,7.3,6.6,53.14
태백,2023-11-04,16.3,11.4,12.4,93.6,69.0,3.6,6.0,1.1,2.7,0.0,11.3,80.78999999999999
태백,2023-11-05,18.0,11.6,14.4,89.9,74.0,4.7,8.8,1.3,5.0,0.1,12.6,86.84
태백,2023-11-06,17.3,3.0,11.9,73.5,45.0,9.9,17.4,5.3,38.9,2.1,7.0,78.78999999999999
태백,2023-11-07,10.3,-1.2,4.1,55.0,23.0,6.0,14.3,2.2,1.5,7.2,-5.0,62.190000000000005
태백,2023-11-08,15.7,-2.7,5.3,66.6,30.0,2.9,5.4,0.6,0.0,7.2,-1.3,64.96999999999998
태백,2023-11-09,16.8,0.8,10.3,70.3,34.0,4.9,12.3,1.7,0.0,7.2,4.8,68.03
태백,2023-11-10,13.1,-0.8,6.2,52.5,23.0,3.2,6.3,1.1,0.0,4.3,-3.6,57.47
태백,2023-11-11,7.2,-2.3,1.4,55.9,20.0,2.9,5.7,0.8,0.0,3.9,-7.6,56.66
태백,2023-11-12,3.4,-3.9,-1.1,37.3,20.0,3.3,7.0,1.2,0.0,7.1,-14.2,42.53999999999999
태백,2023-11-13,6.1,-6.1,-0.1,36.8,14.0,4.1,9.5,1.1,0.0,7.1,-14.4,38.81
태백,2023-11-14,8.2,-2.9,2.1,44.1,21.0,4.1,7.7,1.0,0.0,7.1,-9.3,41.959999999999994
태백,2023-11-15,11.2,-4.1,2.0,59.5,22.0,2.5,4.4,0.4,0.0,7.2,-6.5,54.15
태백,2023-11-16,7.4,-3.3,2.9,74.3,49.0,3.4,6.0,1.2,0.0,0.0,-1.4,68.32
태백,2023-11-17,4.7,-4.9,-0.1,56.5,30.0,4.5,9.2,1.6,0.0,5.9,-8.1,60.36
태백,2023-11-18,1.5,-8.5,-2.9,45.3,29.0,4.4,10.8,1.8,0.0,7.1,-13.4,50.44
태백,2023-11-19,7.3,-2.2,3.6,59.6,27.0,4.8,11.6,2.2,0.0,5.0,-3.8,56.43
태백,2023-11-20,11.1,-3.3,2.4,55.3,26.0,3.1,5.5,0.8,0.0,7.0,-6.7,55.16
태백,2023-11-21,16.2,-3.5,5.3,39.5,6.0,2.5,4.9,0.7,0.0,7.0,-10.4,44.67
태백,2023-11-22,16.7,-1.1,7.6,39.9,10.0,4.3,7.6,1.0,0.0,7.0,-6.9,41.36
태백,2023-11-23,14.0,1.7,9.2,49.1,15.0,6.1,11.1,2.9,1.0,6.9,-2.7,46.3
태백,2023-11-24,1.7,-6.9,-3.5,36.8,20.0,3.5,9.6,1.6,0.0,6.9,-16.5,39.57
태백,2023-11-25,4.6,-10.3,-4.1,40.8,6.0,3.4,5.7,0.7,0.0,6.9,-17.7,40.83
태백,2023-11-26,5.9,-5.9,1.4,44.4,11.0,3.9,7.9,1.1,0.0,5.1,-10.3,42.919999999999995
태백,2023-11-27,5.7,1.7,3.8,78.8,62.0,5.0,11.7,1.8,0.4,0.1,0.4,68.11999999999999
태백,2023-11-28,2.7,-3.5,-1.1,52.5,35.0,4.5,14.7,2.1,0.0,6.7,-9.8,56.949999999999996
태백,2023-11-29,1.5,-6.1,-2.4,56.4,37.0,3.9,9.7,2.0,0.0,6.1,-10.1,57.86
태백,2023-11-30,-0.6,-10.7,-6.8,49.1,27.0,3.8,7.5,1.5,0.0,6.8,-16.0,50.9
태백,2023-12-01,-1.0,-9.2,-5.3,37.3,22.0,3.7,10.3,1.9,0.0,6.8,-17.9,41.56999999999999
태백,2023-12-02,2.3,-6.9,-1.7,59.0,33.0,4.7,12.8,2.4,0.0,4.4,-8.7,53.67
태백,2023-12-03,5.5,-5.8,-0.9,45.1,16.0,2.9,9.3,0.9,0.0,6.8,-12.2,47.1
태백,2023-12-04,8.5,-6.9,-0.2,37.5,15.0,3.6,6.3,1.2,0.0,6.7,-14.0,41.17
태백,2023-12-05,10.0,-6.4,-0.2,59.6,23.0,3.0,4.7,0.5,0.0,6.8,-8.1,53.73
태백,2023-12-06,9.3,-5.7,2.5,69.0,27.0,6.5,12.3,2.1,3.5,1.9,-2.8,63.97
태백,2023-12-07,5.1,-2.0,1.7,51.0,31.0,4.0,10.8,2.0,0.0,6.8,-7.8,55.46
태백,2023-12-08,12.6,-0.7,7.4,54.8,39.0,6.9,13.2,3.5,0.0,6.9,-1.4,55.459999999999994
태백,2023-12-09,14.5,3.5,9.0,70.8,48.0,4.8,12.2,1.7,0.0,5.0,3.7,65.61999999999999
태백,2023-12-10,8.5,1.7,5.6,91.0,72.0,2.6,3.7,0.5,0.1,0.0,4.2,83.34
태백,2023-12-11,7.2,1.6,5.8,94.0,90.0,4.7,9.3,2.2,51.9,0.0,4.9,91.08
태백,2023-12-12,1.6,-0.2,0.4,94.4,89.0,4.2,8.8,1.5,2.0,0.0,-0.4,93.97999999999999
태백,2023-12-13,9.6,-3.2,2.1,85.3,52.0,2.9,4.7,0.7,0.0,6.9,-0.4,87.99000000000001
태백,2023-12-14,7.0,1.7,3.9,94.1,81.0,2.6,4.4,0.6,17.6,0.0,3.0,92.36999999999999
태백,2023-12-15,4.2,-1.0,0.2,95.1,93.0,4.0,7.4,1.2,38.4,0.0,-0.5,93.91999999999999
태백,2023-12-17,-10.0,-14.7,,,37.0,,,,0.0,,-99.0,
태백,2023-12-18,-4.6,-14.2,-9.4,47.1,25.0,3.6,10.9,1.5,0.0,4.2,-19.1,
태백,2023-12-19,-0.1,-11.0,-5.7,68.8,30.0,2.6,7.1,0.7,0.0,5.3,-11.1,
태백,2023-12-20,-5.3,-14.0,-9.1,60.4,37.0,3.4,7.2,1.5,0.0,6.7,-15.6,60.74999999999999
태백,2023-12-21,-9.5,-16.2,-13.5,41.8,32.0,3.5,9.6,1.9,0.0,6.9,-23.8,48.22
태백,2023-12-22,-8.6,-17.3,-13.0,41.4,28.0,4.3,8.7,2.0,0.0,6.8,-23.6,43.379999999999995
태백,2023-12-23,-3.6,-14.2,-8.4,41.3,24.0,4.7,9.4,2.0,0.0,6.8,-19.7,41.37
태백,2023-12-24,-2.3,-12.4,-7.1,67.4,48.0,3.2,8.1,0.9,0.0,6.5,-12.3,59.58
태백,2023-12-25,-2.3,-7.4,-5.1,67.5,57.0,3.1,8.2,1.3,0.0,6.0,-10.1,64.86
태백,2023-12-26,1.6,-6.4,-1.9,62.9,50.0,3.9,9.2,1.5,0.0,5.7,-8.1,64.27
태백,2023-12-27,4.7,-9.3,-3.4,74.0,30.0,2.7,4.3,0.6,0.0,6.9,-8.1,71.13
태백,2023-12-28,3.8,-6.4,-1.8,64.6,39.0,2.9,6.5,1.0,0.0,6.9,-8.1,66.31
태백,2023-12-29,6.1,-9.1,-2.8,68.0,30.0,2.7,4.0,0.7,0.0,6.9,-8.7,67.92
태백,2023-12-30,5.3,-6.8,-1.5,81.9,32.0,2.9,4.7,0.7,5.6,1.0,-4.4,77.39
태백,2023-12-31,2.5,-1.7,0.3,95.1,81.0,4.1,7.1,1.3,2.5,0.2,-0.4,89.74999999999999
태백,2024-01-01,2.0,-1.9,-0.2,78.0,62.0,3.4,6.7,1.3,0.0,1.4,-3.7,81.80999999999999
태백,2024-01-02,2.9,-2.7,0.0,71.4,55.0,4.3,11.0,1.8,0.0,3.5,-4.6,75.09000000000002
태백,2024-01-03,0.5,-3.5,-1.8,71.1,58.0,3.3,7.4,1.1,0.0,2.2,-6.3,71.85
태백,2024-01-04,4.4,-8.7,-2.7,60.4,22.0,4.3,8.6,1.7,0.0,6.9,-10.4,63.63999999999999
태백,2024-01-05,3.9,-1.9,1.6,66.1,54.0,4.2,12.1,2.5,0.0,4.1,-4.1,65.46
태백,2024-01-06,1.3,-5.2,-2.1,45.5,22.0,3.7,9.4,1.3,0.0,6.9,-12.9,51.10999999999999
태백,2024-01-07,-4.1,-11.9,-7.3,44.4,24.0,3.4,9.8,1.5,0.0,6.9,-17.8,46.79
태백,2024-01-08,0.5,-15.4,-7.7,40.6,11.0,3.5,6.7,1.0,0.0,6.9,-21.0,41.849999999999994
태백,2024-01-09,1.8,-7.6,-1.8,73.6,38.0,3.7,11.3,1.2,0.0,1.9,-5.9,64.08
태백,2024-01-10,0.2,-6.5,-3.1,77.6,58.0,3.6,6.5,1.2,0.0,2.4,-6.5,73.1
태백,2024-01-11,0.2,-6.5,-2.3,61.8,39.0,5.1,9.7,2.2,0.0,6.8,-8.7,66.14
태백,2024-01-12,3.3,-3.5,-0.9,42.1,17.0,3.0,8.7,1.3,0.0,6.8,-13.1,49.589999999999996
태백,2024-01-13,0.8,-7.2,-3.8,41.4,25.0,4.2,11.4,1.6,0.0,6.8,-15.5,43.58
태백,2024-01-14,4.6,-5.8,0.9,57.4,22.0,4.6,11.6,2.2,0.0,4.8,-7.9,52.67
태백,2024-01-15,1.9,-7.2,-3.8,60.0,34.0,3.6,5.6,1.2,0.0,6.8,-11.0,57.620000000000005
태백,2024-01-16,5.1,-12.0,-4.5,50.4,16.0,2.9,4.6,0.8,0.0,6.9,-14.7,53.019999999999996
태백,2024-01-17,5.5,-7.1,2.4,59.5,22.0,5.4,9.0,2.2,0.0,0.6,-5.9,57.73
태백,2024-01-18,5.8,-1.0,1.3,95.4,82.0,4.3,8.2,1.9,0.0,0.0,0.7,83.72000000000001
태백,2024-01-19,-0.9,-2.6,-2.1,92.4,86.0,3.3,7.1,2.0,1.2,0.0,-3.2,89.71000000000001
태백,2024-01-20,-1.2,-2.5,-1.9,94.1,92.0,2.7,6.3,1.5,13.9,0.0,-2.7,93.89
태백,2024-01-21,1.0,-3.5,-1.7,92.0,81.0,2.4,3.9,0.8,1.0,0.2,-2.7,92.46
태백,2024-01-22,-0.6,-14.8,-9.3,66.1,49.0,5.4,11.0,2.1,0.0,6.9,-14.5,74.08
태백,2024-01-23,-11.3,-18.5,-15.4,58.8,42.0,3.7,10.6,1.8,0.0,7.1,-21.8,63.58
태백,2024-01-24,-8.8,-18.2,-13.5,54.8,41.0,3.7,8.6,1.6,0.0,7.1,-20.7,56.72999999999999
태백,2024-01-25,-2.5,-16.7,-9.8,53.1,21.0,3.4,5.9,1.1,0.0,7.1,-18.5,54.010000000000005
태백,2024-01-26,2.0,-12.2,-5.2,53.1,33.0,2.4,5.5,0.9,0.0,7.1,-13.6,53.27000000000001
태백,2024-01-27,2.3,-10.3,-4.4,64.6,30.0,3.0,6.1,0.9,0.0,7.1,-10.6,61.14999999999999
태백,2024-01-28,1.3,-9.6,-5.2,65.6,31.0,2.6,4.1,0.7,0.0,7.1,-11.2,64.14999999999999
태백,2024-01-29,3.5,-13.1,-5.7,63.5,24.0,2.8,3.9,0.7,0.0,7.1,-12.9,64.02999999999999
태백,2024-01-30,6.1,-12.7,-4.4,65.3,20.0,2.6,3.8,0.6,0.0,7.1,-11.1,64.97
태백,2024-01-31,9.2,-6.1,0.8,58.6,26.0,2.9,4.7,0.7,0.0,7.0,-7.2,60.43
태백,2024-02-01,0.0,-5.1,-2.9,86.0,60.0,3.6,6.3,1.5,0.0,0.0,-4.9,78.45
태백,2024-02-02,1.3,-5.0,-2.4,89.0,71.0,3.7,5.2,1.0,0.0,2.3,-4.0,85.36
태백,2024-02-03,0.8,-2.9,-1.2,92.9,85.0,2.0,2.9,0.5,0.0,0.0,-2.2,91.42999999999999
태백,2024-02-04,-0.3,-5.9,-1.9,94.8,88.0,2.8,4.2,0.8,0.0,0.0,-2.5,93.84
태백,2024-02-05,-1.2,-5.4,-3.1,91.6,87.0,4.7,11.5,2.3,17.2,0.0,-4.2,92.36999999999999
태백,2024-02-06,-0.2,-6.3,-3.7,87.0,73.0,2.6,4.0,0.9,1.5,1.1,-5.5,88.7
태백,2024-02-07,-0.9,-7.1,-4.3,88.6,68.0,4.0,6.1,1.1,0.0,3.3,-5.9,88.57999999999998
태백,2024-02-08,3.1,-12.5,-5.4,81.0,46.0,2.7,4.5,0.8,0.0,6.4,-8.4,83.11999999999999
태백,2024-02-09,3.2,-10.6,-4.2,66.1,27.0,3.8,6.6,1.0,0.0,7.3,-10.6,71.33
태백,2024-02-10,0.6,-8.3,-3.5,65.9,52.0,3.4,10.3,1.4,0.0,7.1,-9.0,67.45
태백,2024-02-11,1.1,-11.5,-4.6,65.8,34.0,3.2,9.2,1.2,0.0,6.8,-10.3,65.85
태백,2024-02-12,6.9,-11.4,-1.5,53.4,20.0,4.3,7.8,1.4,0.0,7.4,-11.4,57.129999999999995
태백,2024-02-13,10.2,-0.5,5.8,56.8,32.0,4.8,13.0,2.7,0.0,7.4,-2.5,57.019999999999996
태백,2024-02-14,14.3,7.1,9.9,67.3,54.0,4.6,10.3,1.9,0.0,3.2,4.0,63.80999999999999
태백,2024-02-15,9.1,-5.0,0.8,89.6,73.0,7.1,11.0,2.1,8.0,0.0,-0.8,81.85999999999999
태백,2024-02-16,4.0,-5.0,-1.4,65.9,44.0,3.8,6.7,1.7,0.0,6.4,-7.1,70.78
태백,2024-02-17,10.9,-6.1,1.7,51.1,12.0,4.3,7.1,1.4,0.0,7.9,-10.0,57.91
태백,2024-02-18,14.6,-6.3,5.4,64.9,8.0,5.1,8.9,1.6,4.7,7.6,-3.2,62.24
태백,2024-02-19,12.5,2.6,9.1,95.3,85.0,3.9,6.6,1.5,25.0,0.0,8.3,84.8
태백,2024-02-20,2.6,-2.0,-0.3,96.0,91.0,3.5,4.9,1.3,4.6,0.0,-0.9,92.74999999999999
태백,2024-02-21,-1.0,-3.6,-2.2,91.9,87.0,3.6,6.6,1.6,15.0,0.0,-3.3,93.06
태백,2024-02-22,-3.5,-5.6,-5.0,89.8,84.0,3.6,8.4,1.9,8.2,0.0,-6.4,90.84
태백,2024-02-23,-4.7,-6.3,-5.5,88.4,83.0,3.6,8.2,1.5,1.2,0.0,-7.1,89.03
태백,2024-02-24,-2.2,-6.0,-4.2,86.6,74.0,2.4,5.8,0.9,2.1,0.0,-6.0,87.28
태백,2024-02-25,1.7,-4.8,-2.3,92.4,76.0,3.5,7.0,0.9,1.5,0.5,-3.4,90.84
태백,2024-02-26,-1.0,-5.5,-2.9,85.5,77.0,3.8,6.5,1.9,0.0,0.1,-5.0,86.99
태백,2024-02-27,-0.2,-6.6,-3.3,82.9,63.0,2.9,5.7,1.2,0.0,1.8,-5.8,84.36999999999999
태백,2024-02-28,6.2,-10.9,-2.5,78.8,40.0,2.8,4.3,0.5,0.0,7.5,-6.1,80.28999999999999
태백,2024-02-29,2.6,-5.5,-0.8,79.6,61.0,2.9,5.0,0.6,0.0,0.0,-4.0,79.77
태백,2024-03-01,0.6,-11.5,-5.9,37.5,20.0,4.7,11.8,1.6,0.0,8.4,-18.7,50.050000000000004
태백,2024-03-02,-1.3,-13.9,-6.2,49.6,32.0,4.9,13.0,2.4,0.0,8.4,-15.2,50.18
태백,2024-03-03,3.4,-2.7,0.5,58.4,36.0,4.7,12.0,2.6,0.4,6.0,-6.8,54.55
태백,2024-03-04,7.6,-3.4,2.0,55.1,25.0,3.5,6.8,1.3,0.0,8.2,-6.9,55.21
태백,2024-03-05,2.3,-0.6,0.4,94.0,81.0,3.9,7.1,1.0,1.7,0.0,-0.5,82.66
태백,2024-03-06,-0.5,-3.0,-2.3,91.8,85.0,3.5,6.7,1.9,2.6,0.0,-3.4,88.57
태백,2024-03-07,2.2,-3.0,-1.6,79.4,61.0,3.8,5.7,1.1,0.0,0.7,-4.8,83.34
태백,2024-03-08,2.3,-6.5,-2.2,48.5,28.0,4.0,8.8,1.6,0.0,8.9,-11.8,59.01
태백,2024-03-09,3.1,-10.1,-3.7,62.3,24.0,4.1,5.7,1.0,0.0,9.1,-10.6,61.25
태백,2024-03-10,7.0,-8.7,0.2,45.8,21.0,3.6,9.3,1.2,0.0,9.1,-11.5,49.37
태백,2024-03-11,7.6,-1.4,2.9,42.5,18.0,4.8,9.0,1.3,0.0,2.1,-9.9,45.14
태백,2024-03-12,2.9,-4.9,-0.2,82.8,68.0,5.4,8.5,1.7,0.2,0.7,-2.8,71.03999999999999
태백,2024-03-13,8.3,-5.6,2.2,51.9,23.0,4.2,8.0,1.5,0.0,9.1,-8.1,57.14
태백,2024-03-14,11.0,-0.9,5.5,37.9,19.0,3.2,7.2,1.5,0.0,9.4,-8.4,45.19
태백,2024-03-15,13.6,3.8,8.7,32.5,24.0,3.0,8.5,1.6,0.0,9.4,-7.1,35.519999999999996
태백,2024-03-16,15.8,-0.9,8.0,52.9,23.0,4.4,7.5,1.2,0.0,9.3,-2.1,47.31999999999999
태백,2024-03-17,13.7,-0.8,5.6,58.5,24.0,6.2,10.5,2.3,0.0,6.9,-2.0,54.779999999999994
태백,2024-03-18,10.0,-4.7,3.2,39.0,17.0,3.5,7.2,1.1,0.0,9.5,-11.2,44.29
태백,2024-03-19,7.5,-1.5,2.2,53.6,14.0,5.3,10.5,1.8,2.5,2.9,-7.8,51.169999999999995
태백,2024-03-20,2.7,-3.9,-1.1,60.0,39.0,3.9,8.6,1.5,2.0,7.4,-8.2,56.62
태백,2024-03-21,5.8,-5.9,-0.5,63.3,32.0,4.4,7.8,1.2,0.0,8.8,-7.3,61.669999999999995
태백,2024-03-22,11.0,-3.7,4.7,67.9,37.0,5.2,10.9,2.1,3.9,6.7,-1.4,66.19
태백,2024-03-23,16.8,3.0,9.3,65.6,24.0,3.8,8.5,1.4,1.8,9.2,1.9,65.83
태백,2024-03-24,14.1,0.2,6.4,70.4,23.0,3.6,5.8,1.3,0.0,9.0,0.0,69.19
태백,2024-03-25,6.7,0.4,2.8,91.4,75.0,4.4,7.9,1.8,8.6,0.2,1.5,84.62
태백,2024-03-26,0.6,-2.2,-0.6,95.8,89.0,4.2,7.4,1.5,15.1,0.0,-1.1,92.38
태백,2024-03-27,12.5,-4.9,4.1,77.8,42.0,3.2,5.7,0.8,0.0,9.6,0.0,82.75999999999999
태백,2024-03-28,8.3,3.0,6.1,82.0,39.0,4.4,9.4,1.1,8.9,0.0,3.0,82.53999999999999
태백,2024-03-29,11.6,1.9,6.5,46.0,23.0,6.7,15.3,3.2,0.0,,-3.5,56.379999999999995
태백,2024-03-30,16.1,-2.0,7.7,43.1,12.0,4.7,10.0,1.8,0.0,8.7,-5.7,47.57
태백,2024-03-31,17.4,-1.8,7.9,46.0,11.0,4.5,8.5,1.3,0.0,9.3,-5.6,45.419999999999995
태백,2024-04-01,17.6,1.6,9.9,32.0,18.0,3.6,9.3,1.3,0.0,9.7,-7.1,35.910000000000004
태백,2024-04-02,21.7,2.5,11.5,43.0,13.0,5.1,9.8,1.5,0.0,9.6,-2.1,41.1
태백,2024-04-03,9.9,5.8,7.2,87.8,62.0,3.8,6.8,1.0,7.5,0.0,5.1,73.25999999999999
태백,2024-04-04,10.2,3.5,6.0,71.1,37.0,3.7,7.1,1.4,0.0,0.0,0.7,71.63
태백,2024-04-05,15.3,1.2,8.6,59.1,33.0,3.9,7.7,1.2,0.0,5.8,0.2,64.36999999999999
태백,2024-04-06,18.4,3.2,11.4,51.8,23.0,3.6,8.7,1.0,0.0,6.1,0.4,55.19
태백,2024-04-07,23.1,4.7,13.9,39.3,15.0,3.3,6.3,1.1,0.0,9.5,-1.3,43.78
태백,2024-04-08,23.5,5.5,13.3,49.0,17.0,4.7,9.2,1.2,0.0,7.3,1.1,47.339999999999996
태백,2024-04-09,8.4,-1.5,4.2,62.6,33.0,5.3,10.5,2.9,0.0,9.3,-2.7,57.550000000000004
태백,2024-04-10,18.3,-2.6,9.0,54.5,32.0,4.1,7.7,1.1,0.0,8.8,-0.1,55.57
태백,2024-04-11,18.7,6.0,11.2,64.5,38.0,3.7,6.5,0.9,0.0,0.7,4.1,62.309999999999995
태백,2024-04-12,24.5,3.7,13.9,58.0,23.0,3.3,6.2,0.8,0.0,8.9,4.1,58.949999999999996
태백,2024-04-13,26.5,5.2,15.6,54.4,23.0,3.2,9.2,0.8,0.0,9.5,4.5,56.13
태백,2024-04-14,27.2,5.8,17.5,45.9,15.0,3.9,7.7,1.4,0.0,9.9,3.5,48.81
태백,2024-04-15,18.3,13.0,14.5,66.3,41.0,4.1,10.0,1.9,3.6,0.0,7.7,61.029999999999994
태백,2024-04-16,17.2,8.2,12.4,64.3,38.0,3.3,8.7,1.4,1.7,4.5,5.3,62.86
태백,2024-04-17,22.3,3.2,12.1,61.0,24.0,5.0,9.1,1.2,0.0,9.6,3.4,62.19
태백,2024-04-18,23.2,3.7,12.9,55.1,19.0,4.7,9.2,1.0,0.0,9.7,2.2,57.2
태백,2024-04-19,25.3,7.4,15.7,47.1,16.0,4.1,7.6,1.2,0.0,10.0,2.7,50.09
태백,2024-04-20,11.8,9.6,10.2,85.3,64.0,2.9,6.8,1.0,23.0,0.0,7.7,74.64
태백,2024-04-21,12.3,8.9,10.1,90.5,77.0,3.5,7.9,1.7,5.3,0.0,8.6,85.11999999999999
태백,2024-04-22,14.5,8.4,10.5,75.4,51.0,4.4,8.0,2.1,0.0,1.6,6.1,79.41
태백,2024-04-23,15.7,7.3,9.5,77.6,46.0,5.0,8.5,2.3,1.8,3.2,5.4,78.44999999999999
태백,2024-04-24,11.4,6.7,8.6,85.3,68.0,3.0,7.6,1.3,9.7,0.2,6.1,82.77
태백,2024-04-25,24.6,8.4,15.2,54.9,18.0,3.9,7.9,1.5,0.0,9.6,4.6,63.24999999999999
태백,2024-04-26,26.5,6.5,16.3,44.8,12.0,3.2,6.2,0.8,0.0,7.9,2.0,50.87
태백,2024-04-27,28.4,7.0,17.6,48.8,16.0,3.9,7.3,1.0,0.0,10.4,4.5,48.61
태백,2024-04-28,25.9,7.5,15.5,65.5,31.0,5.8,9.2,1.6,0.0,9.6,8.0,60.08999999999999
태백,2024-04-29,10.7,8.0,8.8,91.3,83.0,3.1,7.5,1.3,0.1,0.0,7.4,81.88999999999999
태백,2024-04-30,18.6,6.7,10.9,83.6,55.0,4.5,7.6,1.5,0.1,3.7,7.9,83.32999999999998
태백,2024-05-01,15.5,2.6,8.9,69.1,44.0,4.3,8.3,1.6,0.0,8.5,3.0,74.21999999999998
태백,2024-05-02,23.4,-0.5,12.0,57.6,21.0,3.2,5.9,0.9,0.0,10.6,1.8,62.5
태백,2024-05-03,27.0,4.3,15.9,51.3,13.0,4.1,6.9,0.9,0.0,10.7,2.6,54.34
태백,2024-05-04,28.6,5.1,16.8,45.6,6.0,3.6,8.0,1.2,0.0,10.6,0.1,47.94
태백,2024-05-05,17.6,10.3,16.0,83.8,63.0,6.6,16.2,2.5,17.7,0.0,13.2,72.91
태백,2024-05-06,16.6,11.4,14.3,82.8,65.0,4.7,12.7,1.9,2.7,0.2,11.3,79.28
태백,2024-05-07,11.6,6.1,8.3,91.1,83.0,4.8,9.6,2.2,7.9,0.0,6.9,88.70999999999998
태백,2024-05-08,14.0,1.2,7.3,74.6,43.0,4.8,10.0,2.2,0.0,6.6,2.6,78.72
태백,2024-05-09,21.2,0.3,12.4,55.8,31.0,4.0,9.4,1.4,0.0,9.7,2.4,63.089999999999996
태백,2024-05-10,25.2,11.6,18.7,41.0,20.0,4.5,9.2,1.8,0.0,10.8,4.5,47.32
태백,2024-05-11,21.9,13.4,17.4,54.6,33.0,6.3,14.7,3.4,1.1,9.2,7.6,52.0
태백,2024-05-12,20.3,8.3,14.4,60.8,31.0,4.7,9.7,1.5,2.8,11.0,5.7,57.58
태백,2024-05-13,22.8,5.0,14.2,51.6,14.0,3.9,7.8,1.1,0.0,11.9,1.9,53.74
태백,2024-05-14,24.8,7.8,16.7,46.0,22.0,4.3,7.7,1.3,0.0,11.9,3.3,48.599999999999994
태백,2024-05-15,23.0,4.4,11.9,69.3,22.0,6.0,13.4,2.8,21.6,6.6,5.0,62.870000000000005
태백,2024-05-16,15.9,2.9,8.8,61.9,27.0,5.3,11.0,1.9,11.4,6.2,1.0,61.79
태백,2024-05-17,24.1,5.0,15.9,49.0,22.0,3.7,8.5,1.6,0.0,11.5,4.3,53.61
태백,2024-05-18,27.0,11.1,19.2,38.4,19.0,4.0,7.8,1.5,0.0,11.9,3.5,42.87
태백,2024-05-19,27.4,10.4,18.9,56.3,25.0,4.2,7.4,1.4,0.0,9.7,8.5,51.989999999999995
태백,2024-05-20,24.4,10.6,16.1,63.6,39.0,3.6,8.9,1.2,0.0,3.6,8.7,59.61999999999999
태백,2024-05-21,20.2,8.6,13.2,84.1,61.0,3.7,6.7,1.4,0.0,4.4,10.3,77.21999999999998
태백,2024-05-22,27.8,5.7,18.0,54.0,18.0,3.6,6.6,1.1,0.0,11.8,6.1,60.98
태백,2024-05-23,28.7,14.3,21.3,41.0,21.0,3.4,9.1,1.5,0.0,11.7,6.5,47.91
태백,2024-05-24,15.8,11.9,13.0,80.3,69.0,3.6,6.4,1.4,0.0,0.0,9.5,69.81
태백,2024-05-25,21.6,9.5,14.7,54.4,34.0,3.4,6.5,1.5,0.0,5.5,5.0,58.24
태백,2024-05-26,24.8,9.2,17.3,68.9,37.0,4.9,10.8,1.9,13.9,6.2,10.8,67.14
태백,2024-05-27,20.8,11.4,15.9,58.3,39.0,4.0,14.1,2.0,0.0,10.2,7.4,60.029999999999994
태백,2024-05-28,16.5,5.2,10.4,82.3,46.0,5.4,9.5,1.6,1.8,3.9,7.2,76.16
태백,2024-05-29,25.8,4.5,16.1,58.8,24.0,3.3,7.2,0.9,0.0,12.0,6.0,63.449999999999996
태백,2024-05-30,27.1,10.7,17.1,63.5,31.0,4.3,8.2,1.0,0.0,3.1,9.3,64.44
태백,2024-05-31,26.8,12.9,18.8,58.0,26.0,3.4,7.7,1.2,0.0,11.7,9.3,59.18
태백,2024-06-01,22.0,11.2,14.4,75.9,39.0,5.6,8.7,1.7,0.0,4.5,9.7,71.08
태백,2024-06-02,18.9,8.0,13.3,80.0,54.0,4.4,7.4,1.8,0.0,4.1,9.6,76.98
태백,2024-06-03,20.3,7.4,13.5,73.8,45.0,5.9,9.9,2.3,0.0,10.9,8.4,75.25
태백,2024-06-04,23.8,5.6,14.4,61.1,27.0,4.1,7.9,1.3,0.0,11.8,5.4,65.53
태백,2024-06-05,27.9,7.3,17.6,59.5,23.0,3.0,5.7,0.9,0.0,9.4,8.3,61.25
태백,2024-06-06,27.9,10.2,18.5,57.3,28.0,3.8,6.8,0.9,0.0,9.1,8.6,58.11999999999999
태백,2024-06-07,27.1,8.6,18.5,57.9,29.0,3.2,5.9,1.0,0.0,8.5,8.9,57.94
태백,2024-06-08,19.6,14.5,17.4,78.3,67.0,3.6,7.9,1.5,0.8,0.0,13.5,72.12
태백,2024-06-09,29.1,13.1,20.6,64.8,31.0,3.0,6.1,1.0,0.0,10.8,12.7,66.81
태백,2024-06-10,29.1,13.3,22.4,56.3,32.0,4.0,7.5,1.4,0.0,11.6,12.3,60.199999999999996
태백,2024-06-11,32.7,16.8,24.1,55.3,25.0,3.0,6.6,1.1,0.0,12.6,13.2,56.44999999999999
태백,2024-06-12,31.9,14.8,23.2,48.6,20.0,3.9,8.0,1.1,0.0,12.7,9.1,50.71
태백,2024-06-13,32.5,14.2,22.2,59.0,23.0,4.8,8.9,0.9,0.0,8.1,12.3,56.55
태백,2024-06-14,31.8,14.2,23.2,56.8,22.0,3.3,6.7,1.0,0.0,11.3,12.3,56.42
태백,2024-06-15,27.6,17.4,19.9,81.0,48.0,3.0,6.7,0.8,4.0,1.8,16.4,73.96000000000001
태백,2024-06-16,26.6,14.2,20.3,62.0,30.0,3.5,8.1,1.2,2.6,11.6,11.6,65.28
태백,2024-06-17,28.3,14.6,21.6,47.9,27.0,3.0,6.6,1.3,0.0,9.3,9.5,54.029999999999994
태백,2024-06-18,32.3,13.7,24.2,46.6,23.0,3.8,7.7,1.2,0.0,12.6,11.1,48.4
태백,2024-06-19,33.7,15.9,24.4,55.0,21.0,2.7,5.8,1.0,0.0,10.5,13.5,52.61
태백,2024-06-20,31.5,14.6,22.8,56.4,23.0,3.4,7.3,1.1,0.0,8.9,12.2,55.14
태백,2024-06-21,30.3,12.4,21.7,61.8,33.0,3.7,6.7,1.1,0.0,10.5,13.0,60.04
태백,2024-06-22,22.1,16.5,19.4,88.8,79.0,2.0,3.6,0.5,47.5,0.0,17.4,80.16
태백,2024-06-23,26.2,18.4,21.3,83.1,60.0,2.2,5.0,0.6,10.1,2.4,18.2,82.10999999999999
태백,2024-06-24,28.4,17.6,22.6,61.3,34.0,3.6,10.3,1.6,2.9,9.2,14.0,68.41
태백,2024-06-25,22.8,15.6,18.9,59.0,44.0,3.8,9.7,1.4,0.0,4.9,10.5,61.87
태백,2024-06-26,26.8,12.1,19.6,69.3,40.0,3.4,5.6,1.0,0.0,,13.1,66.44
태백,2024-06-27,27.4,12.3,20.0,70.3,34.0,2.7,5.2,1.0,0.0,4.6,13.3,68.97
태백,2024-06-28,30.3,11.0,20.4,67.5,31.0,4.2,6.8,1.3,0.0,9.0,13.1,68.24000000000001
태백,2024-06-29,29.7,13.6,22.3,72.0,42.0,4.2,8.6,1.7,21.4,7.2,16.0,70.92999999999999
태백,2024-06-30,26.5,20.6,22.6,80.1,63.0,4.4,11.1,2.1,23.8,1.6,18.9,77.22
태백,2024-07-01,31.4,16.3,22.9,72.5,41.0,3.7,6.7,1.3,0.0,6.6,17.1,73.97
태백,2024-07-02,20.4,18.2,19.3,93.4,89.0,1.9,3.6,0.8,48.3,0.0,18.2,87.89
태백,2024-07-03,28.1,20.4,23.7,74.5,54.0,5.0,12.8,2.5,12.2,4.7,18.6,78.08
태백,2024-07-04,30.0,21.3,25.0,64.5,41.0,4.8,12.1,2.5,0.0,7.1,17.6,69.39
태백,2024-07-05,27.9,21.5,23.7,68.5,49.0,6.0,14.8,2.5,16.9,7.2,17.3,68.3
태백,2024-07-06,29.1,20.5,25.5,71.5,58.0,6.3,14.9,2.7,5.5,1.9,19.8,70.2
태백,2024-07-07,25.9,20.0,22.2,87.3,72.0,4.3,12.2,1.9,26.2,0.0,19.9,82.25999999999999
태백,2024-07-08,24.0,19.9,21.8,88.3,73.0,4.7,12.2,1.7,67.9,0.0,19.7,86.42
태백,2024-07-09,24.1,18.6,21.0,89.5,74.0,3.4,6.9,1.1,4.2,0.0,19.2,89.04
태백,2024-07-10,25.8,17.7,21.1,86.6,68.0,4.4,9.2,1.8,31.3,2.1,18.6,87.35
태백,2024-07-11,30.7,17.8,22.6,79.1,41.0,3.0,6.0,1.0,2.4,6.8,18.0,81.64
태백,2024-07-12,30.0,17.5,22.3,83.0,54.0,3.1,7.2,1.1,7.7,7.6,18.9,82.57999999999998
태백,2024-07-13,29.4,16.7,21.8,77.5,30.0,4.0,6.5,1.4,0.0,10.2,17.0,78.75999999999999
태백,2024-07-14,21.9,17.8,19.8,90.6,83.0,2.6,4.9,1.1,0.2,0.0,18.2,87.21999999999998
태백,2024-07-15,25.0,18.6,20.8,90.1,74.0,3.4,6.1,1.5,0.0,0.5,19.0,88.94
태백,2024-07-16,28.1,20.0,23.3,81.1,61.0,2.8,6.2,1.2,6.9,1.7,19.6,83.85
태백,2024-07-17,27.0,20.3,23.7,76.3,64.0,4.3,10.6,1.9,6.4,0.0,19.2,78.64
태백,2024-07-18,25.0,22.1,23.6,80.5,70.0,5.1,11.7,2.3,45.7,0.0,19.9,79.72
태백,2024-07-19,29.7,19.3,24.5,72.0,48.0,3.4,6.3,1.3,0.0,7.5,18.7,74.13
태백,2024-07-20,29.8,18.2,24.4,74.0,51.0,6.3,15.9,2.1,0.0,5.1,19.2,74.25
태백,2024-07-21,28.0,22.0,25.0,69.8,52.0,7.0,19.8,3.0,10.7,4.1,18.9,70.86
태백,2024-07-22,30.9,24.5,26.8,67.8,53.0,5.3,11.3,2.6,0.0,5.3,20.3,68.82
태백,2024-07-23,27.2,23.1,24.9,74.1,63.0,5.4,14.6,2.8,4.2,0.5,19.8,72.41
태백,2024-07-24,29.0,20.7,25.3,76.5,61.0,3.6,7.5,1.6,6.0,2.8,20.7,75.15
태백,2024-07-25,31.7,24.0,27.0,70.6,50.0,3.0,7.8,1.5,0.0,4.8,20.8,72.13
태백,2024-07-26,31.6,22.4,26.8,70.4,52.0,4.1,9.5,1.9,0.0,7.9,20.7,71.05
태백,2024-07-27,30.5,23.7,26.3,76.1,60.0,3.6,9.2,1.8,0.9,2.6,21.6,74.41
태백,2024-07-28,32.4,23.9,27.4,68.1,52.0,4.0,9.5,1.9,0.0,10.0,20.8,69.92999999999999
태백,2024-07-29,29.3,24.4,26.4,69.8,63.0,4.5,12.5,2.3,0.0,2.2,20.3,70.08999999999999
태백,2024-07-30,30.8,24.0,25.9,75.0,61.0,2.7,7.6,1.6,0.0,3.5,21.0,73.27000000000001
태백,2024-07-31,33.3,21.2,26.7,69.1,44.0,3.0,6.7,1.5,0.0,11.6,20.0,70.35
태백,2024-08-01,32.4,23.1,27.6,67.9,49.0,3.5,7.7,1.4,0.0,9.9,20.8,68.85
태백,2024-08-02,33.8,23.7,28.5,69.5,48.0,3.2,6.5,1.3,0.0,8.1,21.9,69.14
태백,2024-08-03,33.3,22.9,27.7,70.1,45.0,3.5,7.9,1.4,0.0,10.0,21.2,69.75999999999999
태백,2024-08-04,31.7,20.8,25.2,82.1,61.0,4.7,7.2,1.5,0.0,4.8,21.7,78.44
태백,2024-08-05,31.3,21.6,25.5,82.3,60.0,3.0,4.9,1.1,12.1,4.8,21.9,81.03999999999999
태백,2024-08-06,32.0,19.7,23.2,89.4,56.0,3.5,7.1,0.9,8.0,4.4,21.1,87.24999999999999
태백,2024-08-07,32.1,18.4,24.7,78.9,48.0,3.7,8.0,0.9,0.0,7.5,20.4,81.34000000000002
태백,2024-08-08,30.3,20.4,24.3,79.1,55.0,2.9,5.7,1.0,0.0,3.3,20.1,80.08999999999999
태백,2024-08-09,32.1,18.3,24.7,78.8,51.0,3.7,6.2,1.3,0.0,7.7,20.4,78.86999999999999
태백,2024-08-10,31.4,20.0,25.6,77.6,55.0,3.9,6.3,1.3,0.0,5.9,21.0,77.99
태백,2024-08-11,32.7,19.3,25.1,79.6,46.0,2.2,5.0,1.1,2.8,5.9,20.9,79.11999999999999
태백,2024-08-12,31.4,19.7,25.3,78.4,54.0,3.9,7.8,1.7,0.0,8.6,20.9,78.56
태백,2024-08-13,31.9,15.8,23.9,68.5,41.0,3.8,6.8,1.4,0.0,10.3,17.1,71.58999999999999
태백,2024-08-14,31.2,18.0,24.0,75.5,53.0,3.9,6.5,1.6,0.0,8.3,19.0,74.39
태백,2024-08-15,31.1,19.2,24.3,75.0,47.0,4.9,8.1,1.6,0.0,7.9,19.1,74.44999999999999
태백,2024-08-16,29.3,18.7,22.8,81.9,54.0,4.2,7.1,1.4,0.5,2.1,19.3,79.88
태백,2024-08-17,29.9,17.8,23.6,79.3,59.0,4.1,7.8,1.5,0.0,4.7,19.4,79.39
태백,2024-08-18,33.2,18.0,24.9,73.0,45.0,3.3,6.1,1.1,0.0,9.4,19.0,75.14999999999999
태백,2024-08-19,33.5,18.7,26.0,70.6,39.0,3.5,6.4,1.3,0.0,9.5,19.4,71.94999999999999
태백,2024-08-20,29.9,21.8,25.2,85.5,65.0,3.2,5.7,1.1,10.8,2.0,22.4,81.27
태백,2024-08-21,28.1,23.0,25.7,79.8,67.0,3.7,8.7,2.0,3.1,0.1,21.8,80.02
태백,2024-08-22,30.6,23.3,25.8,78.3,57.0,4.3,10.9,2.2,4.0,4.8,21.6,79.32
태백,2024-08-23,29.5,22.1,25.2,68.5,52.0,3.2,9.1,1.6,0.0,4.6,18.8,71.59
태백,2024-08-24,32.2,20.2,25.5,71.9,44.0,3.3,6.0,1.2,0.0,8.2,19.5,71.86
태백,2024-08-25,31.0,19.9,24.4,82.3,53.0,3.9,6.5,1.4,9.9,5.9,20.8,78.83999999999999
태백,2024-08-26,28.4,21.2,23.3,89.9,68.0,2.8,4.4,1.1,10.5,0.7,21.4,86.58
태백,2024-08-27,22.3,16.8,20.1,93.8,86.0,3.2,6.4,1.0,16.4,0.0,19.0,91.87
태백,2024-08-28,24.3,15.5,20.0,89.8,73.0,2.8,5.8,1.2,0.5,1.0,18.1,90.60999999999999
태백,2024-08-29,22.1,19.5,21.2,93.4,90.0,4.7,10.5,2.4,62.8,0.0,20.0,92.72
태백,2024-08-30,26.2,19.0,22.1,89.3,74.0,4.4,10.0,2.5,2.7,2.9,20.1,90.17
태백,2024-08-31,26.8,16.3,21.3,81.5,60.0,5.2,9.0,1.8,0.0,8.0,17.7,84.25
태백,2024-09-01,28.9,16.5,22.0,74.9,46.0,3.9,7.3,1.1,0.0,8.5,16.6,77.66
태백,2024-09-02,24.9,16.0,20.1,85.9,67.0,5.3,10.1,1.9,6.4,0.6,17.5,83.26
태백,2024-09-03,24.6,15.0,19.3,78.6,55.0,3.9,7.0,2.0,0.2,5.9,15.2,79.69
태백,2024-09-04,29.3,11.4,19.9,74.9,39.0,2.7,4.9,0.9,0.0,8.9,14.5,76.74000000000001
태백,2024-09-05,29.8,14.9,22.6,75.6,51.0,3.5,7.8,1.4,0.0,6.7,17.6,75.75999999999999
태백,2024-09-06,21.8,18.1,19.5,91.0,71.0,3.6,7.2,1.3,5.0,0.0,17.9,86.30999999999999
태백,2024-09-07,28.9,17.6,22.1,84.6,55.0,3.6,6.3,1.2,0.8,5.8,19.1,84.97999999999999
태백,2024-09-08,27.5,19.4,22.5,85.0,64.0,4.0,6.6,1.5,0.8,3.6,19.6,85.51999999999998
태백,2024-09-09,28.8,19.2,23.0,84.4,58.0,4.1,6.4,1.1,0.2,3.8,20.1,84.53999999999999
태백,2024-09-10,32.7,17.8,24.4,76.8,43.0,3.1,5.1,1.0,0.0,8.5,19.4,79.14
태백,2024-09-11,30.2,17.3,23.4,84.1,57.0,3.6,7.5,1.3,1.0,4.6,20.3,82.66999999999999
태백,2024-09-12,22.6,21.1,21.8,94.4,91.0,2.6,4.9,0.8,42.1,0.0,20.8,90.58000000000001
태백,2024-09-13,30.1,20.6,24.3,82.0,55.0,2.9,6.8,1.0,0.0,4.7,20.7,84.69
태백,2024-09-14,28.9,21.9,23.9,83.0,60.0,2.2,5.0,1.0,0.0,0.8,20.7,83.94
태백,2024-09-15,22.5,18.7,20.4,92.8,85.0,3.6,8.2,1.5,2.0,0.0,19.2,89.76
태백,2024-09-16,24.7,18.5,21.4,90.8,79.0,1.7,3.4,0.8,0.3,0.0,19.8,90.41999999999999
태백,2024-09-17,31.3,20.8,24.7,85.0,49.0,3.3,5.3,0.9,0.0,2.9,21.7,86.94
태백,2024-09-18,31.5,20.9,23.6,88.5,58.0,3.2,5.8,1.1,48.5,2.3,21.4,88.02999999999999
태백,2024-09-19,30.6,20.3,24.1,83.5,53.0,2.6,5.4,0.8,0.0,2.5,20.9,84.64999999999999
태백,2024-09-20,26.6,15.2,21.6,87.4,67.0,6.3,9.9,1.5,54.6,0.2,19.3,86.72999999999999
태백,2024-09-21,17.3,15.2,16.7,94.8,92.0,3.6,7.8,1.6,92.0,0.0,15.8,92.19
태백,2024-09-22,17.4,12.5,15.0,93.0,85.0,4.6,10.7,2.3,15.4,0.0,13.9,92.8
태백,2024-09-23,18.3,8.1,13.0,81.8,51.0,4.5,8.2,2.0,0.2,4.5,9.6,85.33999999999999
태백,2024-09-24,23.5,7.6,14.4,84.5,50.0,4.1,6.8,1.2,0.0,6.4,11.5,84.80999999999999
태백,2024-09-25,24.5,12.9,18.1,82.9,54.0,2.9,4.3,0.9,0.0,3.4,14.9,83.11000000000001
태백,2024-09-26,25.9,15.1,19.1,84.5,52.0,3.5,6.3,1.2,0.0,4.1,16.1,84.18
태백,2024-09-27,24.5,15.2,18.2,85.5,59.0,4.8,8.8,1.4,2.1,3.2,15.6,85.04
태백,2024-09-28,20.2,14.2,16.6,83.9,62.0,4.3,9.7,1.9,18.1,2.7,13.7,84.28
태백,2024-09-29,21.5,10.4,15.5,85.6,60.0,3.6,6.5,1.2,0.0,2.6,12.9,85.24999999999999
태백,2024-09-30,24.4,8.7,15.1,74.6,31.0,3.2,6.0,1.0,0.0,7.9,9.6,77.72999999999999
태백,2024-10-01,22.7,10.0,15.6,70.5,47.0,3.9,8.5,1.7,0.0,1.9,9.9,72.83
태백,2024-10-02,16.1,7.4,11.3,60.6,32.0,4.8,8.4,2.0,0.0,6.6,3.2,63.980000000000004
태백,2024-10-03,12.9,10.1,11.2,86.4,66.0,4.9,8.8,1.7,7.9,0.0,8.9,79.64999999999999
태백,2024-10-04,20.4,7.8,13.4,77.4,40.0,3.7,5.9,1.4,0.1,7.9,8.8,77.52000000000001
태백,2024-10-05,22.6,5.6,12.9,78.0,40.0,3.9,5.8,1.0,0.0,7.0,8.5,78.72
태백,2024-10-06,18.6,7.9,13.1,85.4,58.0,2.6,4.8,1.0,0.6,0.4,10.5,83.11999999999999
태백,2024-10-07,19.4,11.1,14.0,82.3,46.0,3.0,5.3,1.0,0.7,2.2,10.6,82.49
태백,2024-10-08,17.1,8.4,12.4,90.1,69.0,4.2,10.8,1.6,3.3,1.1,10.7,88.07000000000001
태백,2024-10-09,17.5,9.0,12.6,83.5,60.0,4.5,7.9,1.7,0.1,4.3,9.7,84.7
태백,2024-10-10,21.0,5.3,12.0,81.6,41.0,3.5,6.0,1.0,0.0,4.0,8.4,82.83
태백,2024-10-11,22.1,6.9,12.5,78.8,42.0,1.9,4.1,0.8,0.0,5.1,8.2,79.82999999999998
태백,2024-10-12,23.4,5.2,12.5,73.6,26.0,3.6,5.5,0.9,0.0,7.4,6.3,75.44
태백,2024-10-13,20.5,4.5,12.4,79.5,47.0,3.3,7.2,1.0,0.0,3.6,8.5,78.25
태백,2024-10-14,19.4,11.5,14.1,88.9,61.0,2.5,6.4,0.6,2.5,0.0,12.2,85.49
태백,2024-10-15,20.1,12.6,16.1,85.9,70.0,2.9,7.4,1.0,6.2,0.1,13.6,85.86
태백,2024-10-16,18.9,8.7,13.6,88.3,67.0,3.0,5.3,1.0,0.0,1.9,11.5,87.88
태백,2024-10-17,22.1,7.6,13.3,77.4,30.0,2.3,4.4,0.8,0.0,3.8,8.6,80.43
태백,2024-10-18,19.8,7.6,14.8,90.9,71.0,2.6,5.7,0.8,72.5,0.1,13.2,87.94
태백,2024-10-19,15.5,5.7,10.4,93.4,89.0,5.9,11.9,2.5,32.3,0.0,9.3,91.3
태백,2024-10-20,8.4,5.3,7.0,77.8,66.0,4.2,8.9,2.2,0.1,,3.3,82.23
태백,2024-10-21,15.5,7.7,12.1,86.3,68.0,2.4,5.0,0.8,0.1,,9.8,85.31
태백,2024-10-22,17.0,11.5,14.5,94.8,89.0,2.7,6.6,1.1,19.1,,13.6,91.4
태백,2024-10-23,15.7,4.4,10.7,71.0,52.0,4.9,13.7,2.4,0.3,,5.3,77.28999999999999
태백,2024-10-24,19.9,0.4,7.9,75.6,20.0,5.0,7.7,1.1,0.0,,2.5,76.6
태백,2024-10-25,18.1,0.8,9.0,83.1,52.0,3.3,5.5,1.0,0.0,,5.8,80.38999999999999
태백,2024-10-26,16.9,5.6,11.2,84.1,63.0,2.5,4.7,0.8,0.0,,8.4,83.05
태백,2024-10-27,18.2,7.7,12.1,81.8,47.0,2.5,5.3,0.8,0.2,,8.7,82.38999999999999
태백,2024-10-28,11.5,5.3,8.8,94.1,86.0,4.0,8.8,1.6,3.8,,7.8,90.63999999999999
태백,2024-10-29,15.0,3.6,7.9,86.6,53.0,2.2,4.4,0.7,0.0,,5.5,87.62
태백,2024-10-30,18.5,4.1,10.2,76.8,36.0,4.1,7.8,1.3,0.0,,5.5,80.49
태백,2024-10-31,19.9,1.1,9.2,79.3,38.0,2.7,5.8,0.9,0.0,,5.0,79.53
태백,2024-11-01,12.1,4.8,9.1,89.5,78.0,1.8,3.6,0.6,1.3,,7.4,86.19
태백,2024-11-02,13.9,9.6,11.7,90.1,77.0,4.6,11.5,2.1,6.9,,10.1,88.9
태백,2024-11-03,18.9,6.9,12.3,73.5,42.0,4.2,9.5,1.4,0.0,,7.1,78.42
태백,2024-11-04,17.8,6.7,12.5,71.6,40.0,4.2,8.1,1.5,0.0,3.8,7.0,73.83
태백,2024-11-05,11.5,4.2,7.1,88.4,75.0,4.5,6.8,1.2,0.4,,5.3,83.55
태백,2024-11-06,11.5,-1.6,3.7,57.1,17.0,4.0,8.5,1.2,0.0,,-6.1,64.81
태백,2024-11-07,14.8,-2.9,4.6,75.8,26.0,3.9,6.6,1.0,0.0,,-0.6,73.32
태백,2024-11-08,16.1,-2.1,6.0,82.0,33.0,4.7,7.8,1.1,0.0,,2.6,78.27000000000001
태백,2024-11-09,14.1,3.7,7.8,86.6,59.0,3.0,5.1,0.9,0.0,,5.5,84.6
태백,2024-11-10,16.6,3.1,7.8,84.9,50.0,2.3,4.5,0.6,0.0,,5.0,84.95
태백,2024-11-11,17.0,2.1,8.4,83.3,48.0,4.0,6.4,1.1,0.0,,5.2,83.94999999999999
태백,2024-11-12,18.8,4.9,11.6,57.4,18.0,3.2,6.4,1.1,0.0,,2.0,65.33
태백,2024-11-13,17.0,4.8,9.4,79.8,45.0,2.9,5.3,0.8,0.0,,5.8,75.66999999999999
태백,2024-11-14,15.7,3.3,9.4,81.0,52.0,2.6,5.4,0.8,0.6,,5.8,78.39999999999999
태백,2024-11-15,15.5,6.1,10.6,80.3,51.0,2.7,5.1,0.9,0.3,,7.0,80.39
태백,2024-11-16,20.5,10.2,14.4,74.3,42.0,3.9,8.0,1.2,0.1,,9.4,76.16999999999999
태백,2024-11-17,14.1,1.4,7.6,71.9,46.0,4.5,7.8,1.7,0.0,,2.6,73.22
태백,2024-11-18,3.3,-2.0,0.6,60.5,31.0,5.8,9.8,2.2,0.0,,-6.5,64.16
태백,2024-11-19,7.8,-5.4,1.1,74.5,47.0,2.4,6.6,0.9,0.0,,-3.2,71.44
태백,2024-11-20,11.3,0.8,5.1,58.8,36.0,3.4,7.3,1.3,0.0,,-2.6,62.11
태백,2024-11-21,9.7,-0.2,5.8,64.9,48.0,2.8,7.5,1.3,0.0,,-0.4,64.64
태백,2024-11-22,8.6,-1.7,3.5,61.1,37.0,4.6,8.5,2.0,0.0,,-3.5,61.63
태백,2024-11-23,6.7,-4.3,0.6,79.3,58.0,4.7,8.8,1.4,0.0,,-2.6,74.22
태백,2024-11-24,10.9,-4.7,1.3,78.9,36.0,3.0,4.8,0.7,0.0,,-2.7,77.2
태백,2024-11-25,11.1,-4.1,4.4,76.9,50.0,4.1,8.4,1.6,0.0,,0.3,77.53999999999999
태백,2024-11-26,9.1,0.6,4.7,74.0,53.0,5.6,15.9,2.8,20.7,,0.4,75.07000000000001
태백,2024-11-27,1.0,-4.1,-2.1,71.0,54.0,5.1,13.1,2.5,3.7,,-6.7,72.19
태백,2024-11-28,0.2,-3.7,-1.5,73.8,62.0,3.9,12.5,2.1,4.3,,-5.6,73.26
태백,2024-11-29,1.1,-5.7,-1.9,59.5,34.0,3.7,12.8,2.0,0.0,,-8.9,63.51
태백,2024-11-30,5.2,-4.0,1.3,65.1,42.0,4.0,10.3,1.8,0.0,,-4.7,64.85
태백,2024-12-01,10.7,-0.2,4.8,69.0,35.0,2.9,6.6,1.1,0.0,,-0.9,67.27
태백,2024-12-02,12.4,2.7,6.8,64.6,41.0,3.8,11.0,1.8,0.1,,0.4,65.53
태백,2024-12-03,5.6,-3.2,-0.2,45.4,13.0,2.9,12.4,1.2,0.0,,-12.4,51.599999999999994
태백,2024-12-04,3.5,-3.8,-1.2,42.3,18.0,3.0,9.1,1.6,0.0,,-13.3,45.15
태백,2024-12-05,4.0,-3.4,0.0,52.4,34.0,4.6,12.3,2.1,0.0,,-8.8,49.68
태백,2024-12-06,4.1,-5.0,-0.9,36.0,16.0,4.7,13.6,1.8,0.0,,-15.0,39.91
태백,2024-12-07,3.0,-5.9,-2.7,37.5,23.0,3.6,12.0,1.7,0.0,,-15.7,38.690000000000005
태백,2024-12-08,2.2,-7.9,-4.0,39.5,19.0,3.9,8.3,1.4,0.0,2.2,-16.3,38.75
태백,2024-12-09,6.1,-10.7,-3.4,46.9,17.0,2.5,5.8,1.0,0.0,,-14.4,44.48
태백,2024-12-10,7.8,-4.0,-0.6,39.8,12.0,3.9,10.8,1.4,0.0,,-13.4,41.19
태백,2024-12-11,5.2,-4.2,-0.8,74.4,51.0,5.1,7.9,1.1,0.5,,-5.0,64.73
태백,2024-12-12,4.7,-5.6,-1.0,58.8,18.0,2.7,7.2,1.0,0.0,,-9.4,60.019999999999996
태백,2024-12-13,3.2,-5.4,-1.7,32.3,22.0,3.1,6.7,1.3,0.0,,-16.4,41.81
태백,2024-12-14,0.9,-7.7,-4.3,39.9,22.0,3.7,11.3,1.7,0.0,,-16.4,40.269999999999996
태백,2024-12-15,3.1,-5.2,-2.4,56.1,40.0,3.8,12.3,2.0,0.0,,-10.0,50.48
태백,2024-12-16,1.3,-8.0,-2.9,49.6,33.0,4.4,11.5,1.7,0.0,,-12.2,49.93
태백,2024-12-17,1.2,-6.9,-3.8,48.4,35.0,4.0,9.7,1.5,0.0,0.0,-13.2,49.41
태백,2024-12-18,1.0,-11.9,-5.4,60.9,21.0,3.6,6.6,1.4,0.0,,-12.4,57.269999999999996
태백,2024-12-19,6.1,-8.8,-3.1,56.8,21.0,3.4,5.7,1.3,0.0,,-11.5,56.78
태백,2024-12-20,4.3,-6.8,-2.1,51.4,20.0,5.1,8.4,1.3,0.0,,-11.4,53.42999999999999
태백,2024-12-21,0.3,-6.9,-3.2,69.9,53.0,2.9,9.9,1.6,1.7,-9.0,-8.0,64.89
태백,2024-12-22,-1.4,-10.2,-6.9,51.4,27.0,4.1,8.7,1.5,0.0,,-15.6,55.1
태백,2024-12-23,2.1,-9.8,-3.2,44.4,27.0,3.4,11.5,1.5,0.0,,-13.7,48.35
태백,2024-12-24,4.8,-8.9,-3.7,48.5,17.0,2.3,5.4,1.1,0.0,,-14.0,47.97
태백,2024-12-25,3.5,-7.5,-1.6,54.6,32.0,4.2,10.0,1.7,0.0,,-9.9,52.36
태백,2024-12-26,3.0,-6.9,-1.6,46.8,23.0,3.9,13.1,2.0,0.0,,-12.1,48.53
태백,2024-12-27,-1.7,-8.6,-6.0,41.6,23.0,4.3,10.5,1.9,0.0,,-17.4,43.94
태백,2024-12-28,-2.0,-9.8,-6.8,42.5,22.0,3.7,10.4,2.0,0.0,,-17.9,42.74999999999999
태백,2024-12-29,2.1,-7.4,-2.5,53.3,29.0,3.4,9.5,1.9,0.0,,-11.1,49.97
태백,2024-12-30,4.0,-1.0,2.1,62.9,55.0,4.6,16.5,2.4,0.0,,-4.3,58.94
태백,2024-12-31,2.7,-5.8,-1.8,36.9,17.0,3.7,11.8,1.7,0.0,,-15.4,43.739999999999995
홍천,2022-01-01,-0.2,-15.4,-8.4,57.9,26.0,1.3,2.2,0.4,0.0,5.8,-16.0,
홍천,2022-01-02,3.6,-9.2,-3.9,64.5,36.0,3.2,7.0,0.7,0.2,4.4,-9.9,
홍천,2022-01-03,1.5,-12.2,-4.3,67.6,39.0,3.6,7.9,0.7,0.0,4.8,-9.9,66.00999999999999
홍천,2022-01-04,2.7,-8.0,-3.3,58.9,22.0,2.4,4.1,0.6,0.0,5.9,-11.4,61.2
홍천,2022-01-05,1.6,-12.3,-5.3,64.6,41.0,1.2,2.0,0.2,0.0,2.1,-11.3,63.75999999999999
홍천,2022-01-06,4.6,-10.0,-4.1,59.8,22.0,2.2,4.9,0.6,0.0,5.9,-12.0,60.669999999999995
홍천,2022-01-07,4.1,-11.6,-5.0,60.3,24.0,1.6,3.5,0.3,0.0,5.9,-12.3,60.629999999999995
홍천,2022-01-08,2.2,-11.4,-3.7,68.4,41.0,1.7,2.9,0.3,0.0,0.3,-9.0,65.92
홍천,2022-01-09,5.2,-4.2,-0.3,77.1,52.0,2.1,4.0,0.3,0.0,2.6,-4.0,73.67999999999999
홍천,2022-01-10,4.6,-7.6,-1.7,77.5,48.0,2.2,5.0,0.6,0.1,2.7,-5.4,76.51
홍천,2022-01-11,-0.5,-10.6,-5.5,53.1,32.0,4.0,8.3,2.1,0.2,6.0,-14.0,60.38
홍천,2022-01-12,-2.6,-15.3,-8.8,54.0,29.0,2.2,4.6,0.8,0.0,6.0,-17.3,56.17
홍천,2022-01-13,-2.8,-14.0,-8.5,51.5,25.0,5.0,10.1,1.9,0.0,6.1,-17.7,52.16
홍천,2022-01-14,-0.4,-15.5,-8.8,57.6,25.0,1.6,3.0,0.5,0.0,6.0,-16.4,56.02
홍천,2022-01-15,1.5,-11.4,-4.1,57.8,35.0,1.2,2.2,0.3,0.0,1.4,-11.6,57.129999999999995
홍천,2022-01-16,2.0,-6.9,-1.3,45.5,23.0,4.7,9.3,1.7,0.0,6.0,-12.4,49.169999999999995
홍천,2022-01-17,-0.4,-13.4,-7.0,57.9,21.0,4.1,7.9,1.2,0.3,4.1,-14.6,55.41
홍천,2022-01-18,-0.6,-14.3,-7.9,58.8,25.0,2.5,4.3,0.6,0.0,6.2,-15.4,57.28999999999999
홍천,2022-01-19,-3.6,-11.1,-7.7,80.6,50.0,1.2,2.0,0.3,1.5,0.0,-10.5,73.97
홍천,2022-01-20,0.9,-12.9,-7.6,75.5,41.0,2.0,3.4,0.4,0.0,6.0,-11.5,74.85
홍천,2022-01-21,3.7,-14.5,-6.4,69.6,32.0,1.9,2.7,0.4,0.0,6.5,-11.7,71.88
홍천,2022-01-22,4.8,-11.0,-4.1,73.3,42.0,1.3,2.2,0.2,0.0,1.4,-8.5,72.77999999999999
홍천,2022-01-23,7.2,-4.4,0.0,73.3,45.0,1.4,3.0,0.3,0.0,3.8,-4.5,72.92999999999999
홍천,2022-01-24,7.8,-4.5,1.2,67.0,39.0,2.7,5.6,0.7,0.0,1.9,-4.8,68.89
홍천,2022-01-25,1.7,-0.7,0.4,87.6,70.0,1.2,2.4,0.3,0.8,0.0,-1.4,82.05
홍천,2022-01-26,6.2,-3.9,-0.1,72.8,33.0,3.2,8.8,0.7,0.0,6.2,-5.1,75.17999999999999
홍천,2022-01-27,5.2,-7.8,-2.5,63.0,23.0,2.7,5.3,0.6,0.0,7.0,-9.6,67.42
홍천,2022-01-28,3.6,-10.4,-4.1,58.1,25.0,3.6,6.5,0.7,0.0,7.2,-12.2,60.550000000000004
홍천,2022-01-29,2.5,-11.5,-5.2,54.1,23.0,3.1,5.4,0.7,0.0,7.4,-14.2,55.78999999999999
홍천,2022-01-30,2.7,-13.1,-5.8,54.5,21.0,2.3,4.8,0.5,0.0,7.4,-14.6,54.78
홍천,2022-01-31,4.2,-13.0,-4.7,58.4,23.0,1.9,4.6,0.5,0.0,7.4,-12.6,57.19
홍천,2022-02-01,0.7,-4.5,-2.4,75.5,51.0,4.1,7.0,1.0,1.1,2.5,-6.3,69.98
홍천,2022-02-02,1.8,-7.8,-3.9,60.1,27.0,4.5,8.8,1.2,0.0,7.1,-11.5,63.010000000000005
홍천,2022-02-03,1.3,-11.7,-5.0,50.6,22.0,4.2,7.5,1.3,0.0,7.6,-15.0,54.99000000000001
홍천,2022-02-04,0.0,-12.7,-6.6,49.6,21.0,5.0,11.6,1.8,0.0,7.5,-16.4,50.85
홍천,2022-02-05,-2.0,-14.4,-8.0,49.1,25.0,4.5,10.8,1.8,0.0,7.6,-17.8,49.35
홍천,2022-02-06,1.6,-14.7,-6.0,48.9,26.0,3.8,8.0,1.2,0.0,7.6,-16.0,49.01
홍천,2022-02-07,1.7,-12.3,-4.7,50.3,26.0,2.2,4.5,0.6,0.0,5.8,-14.2,49.89999999999999
홍천,2022-02-08,5.6,-9.7,-3.3,52.9,20.0,2.5,4.5,0.6,0.0,6.4,-12.4,51.98
홍천,2022-02-09,6.8,-11.1,-2.6,51.5,20.0,1.8,3.0,0.4,0.0,7.5,-12.5,51.66
홍천,2022-02-10,7.9,-7.4,-0.8,48.5,18.0,3.1,6.0,0.6,0.0,7.7,-11.5,49.54
홍천,2022-02-11,8.8,-8.6,-0.6,54.9,25.0,2.5,6.1,0.6,0.0,7.7,-9.3,53.28
홍천,2022-02-12,10.4,-4.2,1.7,47.5,12.0,2.0,4.4,0.4,0.0,7.7,-9.5,49.080000000000005
홍천,2022-02-13,9.0,-2.9,1.5,56.0,29.0,2.2,3.7,0.4,0.0,1.6,-6.8,54.19
홍천,2022-02-14,8.1,-4.7,0.8,72.9,42.0,4.1,9.1,1.1,0.3,0.6,-3.8,66.98
홍천,2022-02-15,0.3,-7.7,-3.7,50.4,36.0,4.8,8.1,2.6,0.0,4.0,-12.7,55.46
홍천,2022-02-16,-3.6,-9.8,-7.2,41.3,23.0,4.7,10.8,2.4,0.0,7.8,-18.6,46.279999999999994
홍천,2022-02-17,-1.3,-14.7,-8.1,48.5,23.0,1.9,4.6,0.9,0.0,7.8,-17.9,47.24999999999999
홍천,2022-02-18,5.6,-14.3,-4.2,42.6,11.0,2.9,4.6,0.7,0.0,7.8,-17.2,43.650000000000006
홍천,2022-02-19,3.8,-5.7,-1.5,44.9,32.0,4.5,9.8,1.5,0.0,2.7,-12.0,44.8
홍천,2022-02-20,-0.1,-8.4,-5.0,37.3,16.0,4.3,8.6,2.0,0.0,8.0,-18.2,39.349999999999994
홍천,2022-02-21,2.5,-13.0,-4.4,52.4,35.0,3.6,8.3,1.6,0.0,3.8,-12.9,48.63
홍천,2022-02-22,0.3,-11.1,-4.8,42.8,26.0,5.1,10.8,2.1,0.0,8.2,-16.2,44.169999999999995
홍천,2022-02-23,0.2,-14.0,-7.0,41.4,14.0,3.7,7.5,1.1,0.0,8.3,-19.3,42.78
홍천,2022-02-24,3.6,-14.4,-5.0,47.1,19.0,4.2,9.3,1.1,0.0,8.3,-15.6,45.53
홍천,2022-02-25,8.5,-9.4,-0.4,63.5,38.0,3.3,6.5,0.7,0.0,7.4,-6.9,58.01
홍천,2022-02-26,10.7,-1.8,4.5,68.1,44.0,4.7,9.3,1.7,4.5,0.7,-1.3,65.08
홍천,2022-02-27,9.7,-4.1,2.7,56.8,25.0,4.7,10.5,1.5,0.0,8.7,-6.2,59.73
홍천,2022-02-28,10.7,-2.5,3.2,65.9,35.0,2.2,4.0,0.5,0.0,4.7,-3.0,64.3
홍천,2022-03-01,8.8,-0.5,3.1,82.5,58.0,2.6,5.0,0.6,1.6,1.5,0.3,76.60999999999999
홍천,2022-03-02,9.9,-4.7,1.6,61.9,22.0,3.6,8.1,1.1,0.0,8.4,-6.5,66.42
홍천,2022-03-03,11.7,-2.8,3.4,53.8,18.0,4.9,9.1,1.0,0.0,8.9,-6.8,58.29
홍천,2022-03-04,14.8,-4.7,5.9,55.3,30.0,5.3,14.0,1.8,0.0,6.5,-3.2,55.65999999999999
홍천,2022-03-05,8.0,-0.3,2.9,31.4,15.0,5.6,14.5,3.2,0.0,9.1,-13.6,38.42
홍천,2022-03-06,7.6,-5.9,0.8,33.4,14.0,3.9,7.1,1.2,0.0,9.1,-15.0,35.19
홍천,2022-03-07,9.4,-6.7,1.3,42.6,17.0,2.7,4.8,0.7,0.0,8.0,-11.3,39.64
홍천,2022-03-08,11.8,-2.8,3.5,54.8,34.0,2.3,4.9,0.7,0.0,5.3,-5.1,50.22
홍천,2022-03-09,15.3,-3.2,5.0,58.8,23.0,2.5,4.5,0.6,0.0,9.4,-3.6,56.379999999999995
홍천,2022-03-10,16.7,-0.5,6.9,46.3,17.0,3.0,6.3,0.8,0.0,8.6,-5.8,49.64999999999999
홍천,2022-03-11,18.1,-1.9,8.0,56.1,32.0,3.7,7.3,0.9,0.0,8.3,-0.7,54.41
홍천,2022-03-12,19.8,0.4,11.1,67.9,45.0,4.0,8.1,1.0,0.0,2.3,4.8,63.38
홍천,2022-03-13,16.1,8.1,11.2,92.3,63.0,3.3,6.1,1.2,21.8,0.0,9.9,83.8
홍천,2022-03-14,13.0,6.7,8.4,80.6,68.0,4.3,8.8,1.6,8.8,0.6,5.2,81.67
홍천,2022-03-15,13.4,2.3,6.8,73.3,39.0,3.0,5.5,0.9,0.0,7.0,1.8,76.66
홍천,2022-03-16,17.8,0.2,8.6,65.0,28.0,2.8,5.0,0.8,0.0,7.7,1.0,68.22
홍천,2022-03-17,15.2,6.0,8.9,63.0,40.0,4.0,8.0,1.6,0.0,2.8,1.9,64.42999999999999
홍천,2022-03-18,9.7,3.7,6.5,60.6,47.0,4.7,9.0,2.0,0.0,0.0,-0.7,61.52
홍천,2022-03-19,4.3,0.0,2.3,90.0,67.0,1.5,3.2,0.7,17.9,0.0,0.7,81.41999999999999
홍천,2022-03-20,9.4,0.1,3.5,74.9,40.0,3.7,6.6,1.0,0.3,4.2,-1.1,76.49000000000001
홍천,2022-03-21,10.1,-2.7,3.8,60.6,28.0,2.6,4.5,0.8,0.0,7.6,-4.2,66.4
홍천,2022-03-22,13.6,-2.0,5.2,53.8,19.0,2.3,5.9,0.7,0.0,10.4,-5.2,57.27
홍천,2022-03-23,8.7,0.7,4.8,57.6,37.0,2.8,5.9,1.0,0.0,0.4,-3.3,57.14
홍천,2022-03-24,10.3,3.3,6.4,69.1,54.0,2.1,4.8,0.6,0.0,0.1,1.0,65.27
홍천,2022-03-25,17.9,1.4,9.7,74.9,39.0,2.7,5.9,0.8,7.8,2.6,4.7,72.01
홍천,2022-03-26,14.2,7.4,10.8,91.5,69.0,3.7,7.6,1.2,25.1,1.2,9.3,85.94
홍천,2022-03-27,13.9,2.0,7.0,60.3,19.0,5.2,11.6,1.7,0.0,7.2,-2.3,67.99999999999999
홍천,2022-03-28,15.3,-2.8,5.6,46.9,11.0,2.5,5.4,0.9,0.0,11.3,-7.9,54.04
홍천,2022-03-29,17.0,-2.3,7.4,55.3,27.0,3.8,8.5,1.0,0.0,10.9,-2.0,54.12
홍천,2022-03-30,15.2,0.6,8.5,76.6,45.0,3.5,6.5,0.9,0.5,3.8,4.3,69.36999999999999
홍천,2022-03-31,12.9,3.7,8.8,68.4,49.0,3.5,7.0,1.5,0.0,1.2,3.1,68.73
홍천,2022-04-01,14.9,-0.7,7.3,55.0,17.0,3.7,7.3,1.0,0.0,10.9,-3.0,59.84
홍천,2022-04-02,15.3,-0.9,7.2,51.4,21.0,3.5,6.4,1.2,0.0,11.3,-3.7,53.82
홍천,2022-04-03,17.5,-1.0,8.4,47.5,11.0,2.3,4.8,0.8,0.0,11.5,-4.6,49.03
홍천,2022-04-04,18.8,-0.2,8.9,47.0,17.0,3.8,7.6,1.2,0.0,11.4,-3.6,47.54
홍천,2022-04-05,18.1,-0.1,9.7,44.4,19.0,3.2,7.3,1.2,0.0,9.6,-3.8,45.23
홍천,2022-04-06,18.8,3.2,11.3,38.9,18.0,4.6,7.6,1.2,0.0,9.8,-3.0,40.81
홍천,2022-04-07,18.7,6.0,12.1,36.6,22.0,5.1,11.5,1.8,0.0,10.5,-2.9,37.839999999999996
홍천,2022-04-08,21.4,0.5,11.3,44.5,21.0,2.9,6.8,1.0,0.0,11.6,-1.8,42.36
홍천,2022-04-09,25.2,6.7,15.9,48.0,29.0,3.9,8.5,1.2,0.0,9.5,4.0,46.16
홍천,2022-04-10,26.9,7.1,17.2,47.0,18.0,3.6,6.5,1.1,0.0,11.2,3.5,46.95
홍천,2022-04-11,26.7,8.2,17.7,53.6,29.0,3.7,7.4,1.1,0.0,10.9,7.2,51.72
홍천,2022-04-12,27.2,12.6,19.0,61.9,36.0,4.2,8.1,1.6,0.0,9.2,10.8,58.75
홍천,2022-04-13,13.7,7.2,9.2,76.9,54.0,3.5,8.1,1.7,19.4,0.0,5.1,71.57
홍천,2022-04-14,12.7,6.3,9.5,63.9,44.0,3.3,6.4,1.2,2.6,0.4,2.6,66.3
홍천,2022-04-15,18.5,3.0,10.4,59.0,25.0,4.2,9.0,1.2,0.0,7.7,1.5,61.769999999999996
홍천,2022-04-16,19.5,1.7,10.8,49.5,19.0,4.1,8.8,1.4,0.0,11.8,-1.8,52.84
홍천,2022-04-17,21.5,1.7,12.3,41.4,14.0,3.5,7.6,1.2,0.0,11.3,-2.4,44.779999999999994
홍천,2022-04-18,22.0,8.3,13.7,42.8,20.0,4.5,8.1,1.3,0.0,6.7,0.2,43.19
홍천,2022-04-19,22.9,3.7,13.3,45.9,18.0,4.8,9.5,1.3,0.0,11.9,0.1,44.83
홍천,2022-04-20,23.1,4.3,13.9,45.8,18.0,3.7,8.3,1.2,0.0,11.9,0.4,45.519999999999996
홍천,2022-04-21,22.3,4.6,14.2,50.9,25.0,4.9,9.6,1.3,0.0,9.7,2.8,49.379999999999995
홍천,2022-04-22,18.9,13.1,15.8,66.0,52.0,3.6,7.5,1.4,0.0,0.7,9.2,60.959999999999994
홍천,2022-04-23,25.0,9.3,16.1,58.6,22.0,2.2,4.1,0.8,0.0,8.2,6.2,59.31
홍천,2022-04-24,25.6,8.8,16.6,57.6,30.0,3.6,6.1,1.1,0.0,8.2,7.4,58.64
홍천,2022-04-25,26.0,12.1,19.2,66.0,43.0,3.1,5.3,1.0,0.1,3.8,12.2,63.58
홍천,2022-04-26,27.3,14.8,20.1,67.8,41.0,4.7,8.3,1.5,6.3,6.5,13.3,66.42
홍천,2022-04-27,23.9,9.1,16.7,35.5,16.0,3.5,7.0,1.3,0.0,11.9,0.2,45.01
홍천,2022-04-28,25.0,7.4,15.3,55.3,26.0,4.4,10.1,1.6,0.0,9.2,5.3,52.589999999999996
홍천,2022-04-29,15.7,7.5,10.7,73.6,46.0,3.7,7.9,1.9,17.3,3.0,5.8,66.13
홍천,2022-04-30,16.4,7.0,11.2,70.0,48.0,3.3,6.6,1.2,0.0,0.5,5.5,69.25
홍천,2022-05-01,19.4,4.4,11.8,54.6,18.0,5.1,12.6,1.8,0.0,8.8,0.2,59.58
홍천,2022-05-02,18.8,4.0,11.1,57.3,20.0,3.7,7.8,1.2,0.0,8.5,1.2,58.029999999999994
홍천,2022-05-03,21.6,3.3,12.6,54.5,21.0,4.6,9.3,1.4,0.0,12.3,1.9,55.07
홍천,2022-05-04,25.4,4.5,15.7,53.1,21.0,4.2,7.4,1.2,0.0,12.2,4.7,53.8
홍천,2022-05-05,26.2,8.0,17.0,54.0,22.0,3.1,7.1,1.0,0.0,12.2,5.7,53.870000000000005
홍천,2022-05-06,25.9,8.4,17.9,59.1,35.0,3.0,6.9,1.1,0.0,10.8,8.9,57.480000000000004
홍천,2022-05-07,23.2,13.4,17.5,54.1,19.0,4.7,8.6,1.5,0.0,5.7,6.5,55.089999999999996
홍천,2022-05-08,16.9,9.6,12.6,62.9,35.0,3.5,7.0,0.9,3.9,0.0,4.9,60.75999999999999
홍천,2022-05-09,25.5,9.2,15.2,60.0,15.0,3.5,7.1,1.1,0.0,9.8,5.4,59.989999999999995
홍천,2022-05-10,26.1,6.3,15.7,46.6,13.0,2.6,6.6,0.9,0.0,9.0,2.0,50.91
홍천,2022-05-11,25.4,10.1,18.3,53.0,33.0,3.4,6.3,1.1,0.0,10.3,7.8,52.419999999999995
홍천,2022-05-12,27.2,11.7,18.8,60.4,36.0,4.0,6.5,1.3,0.0,7.5,10.3,57.53999999999999
홍천,2022-05-13,20.0,8.4,14.8,69.0,53.0,2.8,5.1,1.2,0.6,0.4,8.8,65.67999999999999
홍천,2022-05-14,20.2,7.2,13.3,55.8,21.0,4.4,10.5,1.7,0.0,8.5,2.8,58.9
홍천,2022-05-15,21.3,4.7,13.7,45.9,21.0,3.7,8.1,1.4,0.0,12.4,0.4,50.18999999999999
홍천,2022-05-16,23.9,4.6,15.2,49.3,26.0,3.7,8.3,1.3,0.0,11.8,3.3,49.269999999999996
홍천,2022-05-17,26.2,8.0,18.0,52.5,30.0,4.4,8.8,1.2,0.0,11.9,6.9,51.2
홍천,2022-05-18,25.7,10.4,18.4,54.9,31.0,5.7,11.3,1.4,0.5,7.3,8.3,53.86
홍천,2022-05-19,24.9,12.6,19.1,48.1,30.0,4.2,8.3,1.3,0.0,6.3,7.1,49.900000000000006
홍천,2022-05-20,26.0,11.1,18.8,53.5,29.0,3.5,6.6,1.0,0.0,9.5,8.3,52.559999999999995
홍천,2022-05-21,26.5,11.9,19.1,62.3,42.0,3.7,7.6,1.3,0.0,9.5,11.1,59.12
홍천,2022-05-22,24.9,12.8,18.7,72.5,53.0,3.6,6.3,0.9,0.0,3.0,13.3,68.56
홍천,2022-05-23,29.4,13.6,21.1,68.9,36.0,3.1,5.5,0.8,0.0,8.0,14.2,68.96000000000001
홍천,2022-05-24,30.7,14.1,22.0,56.3,20.0,2.8,5.0,1.0,0.0,12.0,11.1,60.44
홍천,2022-05-25,28.1,12.5,20.0,63.0,34.0,4.0,7.8,1.4,3.3,9.9,11.6,62.24999999999999
홍천,2022-05-26,23.2,12.0,18.1,54.6,25.0,4.6,10.1,1.7,2.6,9.7,7.5,56.45
홍천,2022-05-27,24.5,15.2,19.0,57.3,41.0,4.4,8.6,1.9,0.0,4.0,10.0,57.33
홍천,2022-05-28,30.2,10.9,20.1,61.0,27.0,3.9,7.8,1.3,0.0,11.3,11.2,59.62
홍천,2022-05-29,29.1,11.4,20.3,57.1,29.0,3.2,5.6,1.0,0.0,11.6,10.4,57.900000000000006
홍천,2022-05-30,23.8,14.5,18.9,71.1,55.0,2.9,5.0,1.2,0.0,0.0,13.4,67.28999999999999
홍천,2022-05-31,27.4,11.4,18.8,50.5,21.0,4.3,9.1,1.5,0.0,9.8,6.6,55.279999999999994
홍천,2022-06-01,29.3,9.1,19.4,40.9,18.0,4.4,8.6,1.3,0.0,12.9,4.0,45.839999999999996
홍천,2022-06-02,28.5,9.8,20.2,53.1,31.0,3.6,6.5,1.2,0.0,12.4,9.5,50.400000000000006
홍천,2022-06-03,32.2,14.1,22.6,57.3,24.0,3.3,7.0,1.3,0.0,12.7,12.0,54.81999999999999
홍천,2022-06-04,29.0,15.9,22.6,60.4,41.0,2.6,6.5,1.4,0.0,8.1,14.0,59.05
홍천,2022-06-05,22.8,16.9,19.3,74.5,49.0,2.1,3.7,0.9,0.7,0.0,14.4,69.96000000000001
홍천,2022-06-06,20.7,12.0,16.5,76.9,52.0,4.2,8.3,1.3,18.7,2.5,12.1,74.77000000000001
홍천,2022-06-07,22.5,10.2,16.9,66.9,45.0,3.1,6.4,1.3,0.0,3.1,10.1,69.66
홍천,2022-06-08,25.3,12.7,18.7,60.1,40.0,2.6,4.6,1.2,0.0,6.6,10.4,63.14
홍천,2022-06-09,23.5,14.4,18.3,76.4,55.0,2.6,4.9,1.1,0.1,0.8,13.9,72.19
홍천,2022-06-10,25.9,16.1,20.0,73.0,45.0,3.2,5.6,1.1,0.0,3.2,14.6,72.39
홍천,2022-06-11,30.1,15.0,21.2,65.8,36.0,4.0,7.5,1.4,0.0,8.3,13.8,68.3
홍천,2022-06-12,29.2,13.4,21.6,63.6,38.0,2.8,5.4,1.2,0.0,8.7,13.6,64.97999999999999
홍천,2022-06-13,27.7,18.2,21.4,64.8,45.0,2.9,6.5,1.5,5.4,4.7,14.1,64.66
홍천,2022-06-14,24.4,13.4,18.9,60.9,45.0,5.5,10.1,2.4,0.0,4.7,10.7,61.949999999999996
홍천,2022-06-15,18.4,13.4,16.2,92.5,65.0,2.1,4.5,0.7,26.9,0.0,14.9,83.41000000000001
홍천,2022-06-16,23.9,16.2,19.2,81.4,58.0,3.2,5.5,1.1,6.6,2.8,15.7,81.57
홍천,2022-06-17,28.2,14.9,21.3,76.8,51.0,3.2,5.8,1.1,0.0,8.1,16.5,79.28999999999999
홍천,2022-06-18,27.3,18.9,23.3,76.4,56.0,2.6,5.9,1.0,0.0,4.5,18.6,76.98
홍천,2022-06-19,27.0,20.4,22.9,80.3,61.0,2.9,6.5,0.8,0.0,0.3,19.1,79.16999999999999
홍천,2022-06-20,30.9,20.0,25.0,71.8,46.0,2.6,4.8,0.9,0.0,9.2,18.9,73.96
홍천,2022-06-21,33.7,19.3,26.0,65.8,33.0,2.9,6.0,1.1,0.0,11.7,18.0,68.44999999999999
홍천,2022-06-22,31.9,20.4,25.6,68.8,36.0,3.0,5.3,1.1,0.0,8.2,19.0,68.5
홍천,2022-06-23,28.7,19.5,24.1,83.5,64.0,5.0,11.1,1.3,59.7,0.8,20.9,78.78999999999999
홍천,2022-06-24,27.2,21.2,24.2,78.3,62.0,3.8,8.1,1.7,9.7,4.5,19.9,78.38999999999999
홍천,2022-06-25,31.9,18.7,25.3,73.5,49.0,4.1,7.5,1.2,0.0,6.5,19.8,75.46
홍천,2022-06-26,28.8,24.0,26.0,80.0,71.0,2.6,5.0,0.9,0.0,0.6,22.2,78.53
홍천,2022-06-27,30.0,23.4,26.1,82.3,62.0,3.1,7.6,1.1,34.7,0.1,22.6,80.95999999999998
홍천,2022-06-28,29.2,24.6,26.9,74.1,64.0,5.0,11.6,2.4,5.0,0.0,21.8,76.32999999999998
홍천,2022-06-29,27.7,23.1,25.7,83.4,67.0,4.7,10.5,2.0,26.2,0.3,22.6,81.43
홍천,2022-06-30,24.3,20.4,21.8,96.6,90.0,2.7,4.6,0.7,107.3,0.0,21.2,91.71
홍천,2022-07-01,32.1,20.4,26.0,77.5,50.0,3.4,6.0,1.0,0.0,9.6,21.1,81.91
홍천,2022-07-02,33.6,21.5,26.5,76.0,46.0,2.5,4.5,1.0,0.0,9.7,21.2,78.35999999999999
홍천,2022-07-03,34.5,20.8,27.2,71.6,35.0,3.1,5.6,1.1,0.0,10.1,20.9,73.07
홍천,2022-07-04,33.9,22.7,26.2,80.8,50.0,4.1,7.8,1.1,10.9,6.4,22.2,78.47999999999999
홍천,2022-07-05,32.8,22.6,26.0,82.8,59.0,2.7,5.9,1.0,0.0,3.4,22.5,81.27999999999999
홍천,2022-07-06,32.4,22.6,27.4,76.9,61.0,1.9,4.3,1.0,0.0,3.5,22.7,78.47
홍천,2022-07-07,32.2,23.9,27.8,78.0,55.0,3.5,7.5,1.4,1.5,2.5,23.3,78.25999999999999
홍천,2022-07-08,28.9,24.2,25.5,83.0,62.0,3.1,5.8,1.1,1.8,1.8,22.3,81.38999999999999
홍천,2022-07-09,31.4,23.6,26.5,81.5,59.0,2.4,4.3,0.9,0.3,4.5,22.8,81.45
홍천,2022-07-10,33.9,22.6,27.9,75.1,50.0,3.3,7.4,1.0,14.1,7.3,22.6,77.16999999999999
홍천,2022-07-11,30.1,21.9,24.6,81.0,57.0,3.4,7.8,1.1,22.6,2.6,20.9,79.87
홍천,2022-07-12,30.3,19.3,25.0,73.4,54.0,2.2,4.3,1.0,0.0,6.1,19.5,75.09
홍천,2022-07-13,23.6,22.2,22.8,91.1,79.0,3.9,6.1,1.0,55.9,0.0,21.2,86.54999999999998
홍천,2022-07-14,29.7,21.3,24.5,85.3,61.0,3.6,5.9,0.9,5.7,3.6,21.6,85.27
홍천,2022-07-15,30.6,19.7,24.0,79.4,49.0,8.3,18.8,1.0,19.3,6.6,19.7,81.75
홍천,2022-07-16,26.9,19.4,22.5,88.5,67.0,3.1,5.0,0.9,1.3,2.2,20.4,86.36
홍천,2022-07-17,28.3,21.0,23.9,84.9,62.0,2.9,5.3,0.9,0.4,1.5,21.0,85.07
홍천,2022-07-18,29.9,21.7,25.0,79.1,55.0,2.6,5.6,1.0,0.0,2.8,20.8,81.19999999999999
홍천,2022-07-19,31.7,21.6,25.0,83.0,53.0,3.1,7.8,0.8,6.6,4.7,21.6,82.40999999999998
홍천,2022-07-20,30.2,22.0,25.5,78.6,56.0,3.1,5.0,0.9,0.7,3.8,21.2,79.53
홍천,2022-07-21,24.0,20.3,21.9,92.6,81.0,2.4,5.0,1.1,38.9,0.0,20.5,88.83999999999999
홍천,2022-07-22,27.6,20.4,23.1,86.3,63.0,2.4,4.8,0.7,2.9,3.2,20.4,86.78999999999999
홍천,2022-07-23,27.6,21.0,23.4,86.4,63.0,1.9,3.5,0.9,25.3,0.6,20.7,87.0
홍천,2022-07-24,27.7,21.3,23.9,88.4,71.0,2.2,4.3,0.9,10.4,1.3,21.6,87.78999999999999
홍천,2022-07-25,32.3,22.6,26.5,76.1,46.0,2.8,4.6,0.9,0.0,10.1,21.4,79.59
홍천,2022-07-26,33.2,21.5,26.8,75.1,47.0,2.9,5.0,1.0,0.0,8.8,21.5,76.63
홍천,2022-07-27,32.6,22.4,26.5,71.9,49.0,1.9,4.0,0.9,0.0,5.8,20.6,72.96
홍천,2022-07-28,33.6,20.5,26.8,73.5,49.0,2.7,5.5,1.1,0.0,9.2,21.3,73.34
홍천,2022-07-29,34.2,23.0,28.5,72.0,50.0,2.5,4.5,1.2,0.0,9.9,22.4,72.28999999999999
홍천,2022-07-30,35.6,23.9,28.5,72.8,45.0,3.4,6.1,1.3,0.0,8.1,22.7,72.71
홍천,2022-07-31,28.5,24.4,25.9,88.0,73.0,2.0,4.0,1.0,8.2,0.1,23.7,83.36
홍천,2022-08-01,31.7,23.9,26.9,86.0,62.0,2.4,4.9,1.1,18.7,0.9,24.1,85.08
홍천,2022-08-02,30.2,24.7,26.0,92.5,70.0,2.2,5.0,0.9,15.5,0.6,24.6,90.75
홍천,2022-08-03,28.8,24.0,25.7,92.8,78.0,1.8,4.5,0.6,44.7,0.2,24.3,92.05999999999999
홍천,2022-08-04,32.3,24.6,27.9,78.5,54.0,3.2,5.6,1.0,0.1,6.6,23.4,82.75999999999999
홍천,2022-08-05,32.5,24.2,27.8,80.1,61.0,3.2,6.0,1.0,0.0,5.3,23.8,81.05
홍천,2022-08-06,32.9,25.2,28.1,81.8,60.0,3.3,5.9,0.9,0.0,3.6,24.4,81.12999999999998
홍천,2022-08-07,31.9,25.6,27.8,83.5,67.0,2.6,5.0,0.9,0.0,1.0,24.6,82.82000000000001
홍천,2022-08-08,28.0,23.5,25.8,91.0,78.0,5.3,9.1,1.0,82.0,0.0,24.1,88.57999999999998
홍천,2022-08-09,26.0,22.8,24.3,97.0,87.0,3.7,9.6,0.8,152.0,0.0,23.8,94.44999999999999
홍천,2022-08-10,29.5,21.0,23.9,86.9,58.0,2.1,4.0,0.7,54.5,1.4,21.3,89.33
홍천,2022-08-11,26.3,21.8,23.7,92.3,79.0,2.0,3.5,0.5,85.3,0.0,22.3,91.69000000000001
홍천,2022-08-12,32.2,22.6,26.5,75.4,39.0,2.7,5.0,0.8,0.2,10.7,21.1,79.93
홍천,2022-08-13,25.9,21.5,24.1,90.9,79.0,1.9,3.5,0.6,1.3,0.0,22.4,87.94000000000001
홍천,2022-08-14,30.4,23.5,26.0,88.1,68.0,3.0,7.9,0.8,11.5,1.4,23.7,87.39
홍천,2022-08-15,30.0,24.2,26.9,82.9,67.0,4.7,11.1,2.1,24.6,0.0,23.6,84.74000000000001
홍천,2022-08-16,30.7,22.5,26.7,74.9,51.0,3.3,6.4,1.4,0.0,9.6,21.4,77.82000000000001
홍천,2022-08-17,30.2,19.6,23.4,84.1,57.0,4.2,11.1,1.1,33.8,4.7,20.2,82.14
홍천,2022-08-18,29.7,19.7,24.0,79.8,53.0,2.2,4.3,0.9,0.0,6.2,19.9,80.16999999999999
홍천,2022-08-19,27.0,20.8,24.2,88.0,63.0,2.2,5.1,0.7,20.0,0.6,21.9,85.97
홍천,2022-08-20,33.3,22.9,26.9,79.6,51.0,2.6,5.5,1.0,0.0,5.9,22.8,81.3
홍천,2022-08-21,32.2,20.5,25.5,75.5,44.0,2.6,5.5,1.1,0.0,9.7,20.4,77.57
홍천,2022-08-22,29.8,21.5,25.2,79.1,60.0,2.9,5.1,0.9,0.0,2.1,21.1,78.42999999999999
홍천,2022-08-23,29.8,21.0,24.3,78.1,54.0,2.4,5.8,0.9,0.0,4.0,20.1,78.03999999999999
홍천,2022-08-24,26.9,19.5,22.7,73.3,51.0,2.6,4.5,0.9,0.0,0.6,17.4,74.83999999999999
홍천,2022-08-25,23.8,17.9,20.4,87.3,72.0,1.8,3.5,0.8,0.9,0.0,18.1,83.58
홍천,2022-08-26,28.3,17.5,22.1,76.8,48.0,2.9,6.0,0.8,0.0,8.2,17.4,78.55
홍천,2022-08-27,25.1,15.1,20.5,64.3,37.0,3.1,6.1,1.3,0.0,11.9,12.5,69.1
홍천,2022-08-28,27.8,13.4,20.0,71.1,39.0,2.7,4.6,1.0,0.0,9.5,13.8,70.31
홍천,2022-08-29,20.9,17.3,18.8,87.3,68.0,1.8,3.4,0.8,2.2,0.0,16.6,81.75999999999999
홍천,2022-08-30,19.1,16.3,17.9,96.1,91.0,1.9,3.9,0.8,47.1,0.0,17.3,91.83999999999999
홍천,2022-08-31,23.2,17.9,19.9,89.3,71.0,1.8,4.0,0.5,1.0,0.0,18.0,90.46
홍천,2022-09-01,28.5,16.4,20.9,80.8,47.0,2.0,3.9,0.9,0.0,7.8,17.0,84.02999999999999
홍천,2022-09-02,29.2,15.9,21.9,68.4,39.0,3.9,7.5,1.5,0.0,11.0,15.0,72.97
홍천,2022-09-03,28.0,15.3,21.3,70.9,49.0,3.6,7.3,1.2,0.0,5.4,15.3,71.39
홍천,2022-09-04,24.1,18.9,21.2,88.8,71.0,2.9,7.5,0.9,14.2,0.0,19.2,83.18
홍천,2022-09-05,23.2,17.1,19.7,97.8,92.0,1.9,4.4,0.7,158.6,0.0,19.2,93.31
홍천,2022-09-06,25.7,14.5,19.1,82.0,46.0,3.9,8.1,1.3,68.5,5.8,15.5,85.84
홍천,2022-09-07,27.2,12.8,18.8,76.0,33.0,2.9,5.1,0.9,0.0,9.4,13.3,79.38
홍천,2022-09-08,28.9,13.3,19.4,75.5,29.0,2.2,3.7,0.9,0.0,9.3,14.0,76.25
홍천,2022-09-09,29.9,15.5,20.4,71.1,28.0,2.0,4.5,0.9,0.0,9.7,14.1,72.47
홍천,2022-09-10,27.7,13.3,19.9,70.4,41.0,2.7,4.9,1.0,0.0,4.2,13.7,71.05
홍천,2022-09-11,26.2,17.3,21.2,79.5,57.0,1.9,3.2,0.6,0.0,0.2,17.3,76.84
홍천,2022-09-12,27.3,18.0,22.0,82.0,59.0,2.3,4.4,0.7,0.0,4.4,18.4,80.34
홍천,2022-09-13,27.5,19.1,22.2,80.8,61.0,2.4,4.6,0.8,0.0,0.3,18.5,80.91
홍천,2022-09-14,27.9,18.1,22.1,66.9,38.0,4.8,9.6,1.5,0.0,3.0,15.1,71.19
홍천,2022-09-15,29.6,16.3,22.6,73.4,49.0,2.5,5.6,1.1,0.0,6.9,17.1,72.84
홍천,2022-09-16,31.3,19.6,24.6,74.6,55.0,2.4,5.3,1.2,0.0,4.2,19.5,73.58999999999999
홍천,2022-09-17,30.1,22.5,25.2,83.8,60.0,2.8,5.1,0.9,0.1,4.0,22.0,80.92
홍천,2022-09-18,28.6,22.0,24.7,80.0,64.0,3.1,5.6,0.9,0.0,1.6,20.8,80.22
홍천,2022-09-19,25.7,14.8,21.0,70.4,52.0,5.5,12.1,1.9,0.0,4.6,15.1,73.66
홍천,2022-09-20,22.8,12.5,16.7,72.1,39.0,2.6,6.5,0.9,0.0,7.9,10.7,72.55
홍천,2022-09-21,24.4,11.4,16.3,72.9,35.0,2.4,4.1,1.1,0.0,9.0,10.6,72.49000000000001
홍천,2022-09-22,23.6,10.1,16.1,76.5,42.0,2.3,4.4,0.9,0.0,7.4,11.3,75.33999999999999
홍천,2022-09-23,23.4,10.7,15.4,75.8,41.0,4.6,8.8,1.4,1.5,4.8,10.5,75.65
홍천,2022-09-24,23.1,7.9,14.4,73.9,33.0,2.8,5.8,1.0,0.0,8.6,8.9,74.54
홍천,2022-09-25,23.4,10.0,15.6,74.4,36.0,2.1,4.0,0.8,0.0,5.6,10.4,74.44
홍천,2022-09-26,24.5,11.0,16.0,76.3,33.0,2.2,4.0,0.8,0.0,5.9,11.0,75.67999999999999
홍천,2022-09-27,26.6,11.1,16.8,78.3,35.0,2.0,3.5,0.8,0.0,7.2,12.2,77.50999999999999
홍천,2022-09-28,23.5,11.5,16.2,83.3,55.0,1.7,2.9,0.6,0.0,3.2,13.1,81.6
홍천,2022-09-29,25.6,12.6,16.9,82.6,35.0,2.2,4.0,0.8,0.0,6.4,13.4,82.30999999999999
홍천,2022-09-30,26.5,12.0,16.7,80.8,30.0,2.2,4.0,0.8,0.0,6.3,12.7,81.41
홍천,2022-10-01,26.9,11.1,17.0,78.8,32.0,1.9,3.4,0.7,0.0,6.1,12.4,79.58
홍천,2022-10-02,18.7,12.7,15.8,89.8,77.0,2.3,5.5,0.7,6.9,0.0,14.0,86.69999999999999
홍천,2022-10-03,23.6,15.5,19.1,96.6,83.0,5.7,11.6,1.1,54.4,0.0,18.5,93.45999999999998
홍천,2022-10-04,21.8,13.5,18.4,88.5,70.0,2.6,5.8,1.0,67.1,0.0,16.3,90.25
홍천,2022-10-05,19.2,12.7,14.9,74.5,58.0,2.6,4.5,1.1,0.0,3.0,10.3,79.50999999999999
홍천,2022-10-06,19.8,11.0,14.3,79.3,54.0,2.9,6.1,0.8,0.0,1.5,10.5,79.25999999999999
홍천,2022-10-07,18.1,9.7,13.4,78.9,54.0,3.5,6.4,1.1,0.0,2.4,9.6,78.54
홍천,2022-10-08,20.1,8.0,12.8,75.5,42.0,2.2,4.3,1.0,0.0,6.1,8.0,76.56
홍천,2022-10-09,13.6,10.0,11.6,89.3,73.0,3.5,7.0,0.8,13.7,0.0,9.8,85.49999999999999
홍천,2022-10-10,11.7,7.5,9.5,67.1,47.0,4.7,10.3,2.2,0.5,1.2,3.5,72.37999999999998
홍천,2022-10-11,16.8,6.9,9.9,71.6,44.0,3.1,5.8,1.1,0.0,6.6,4.6,72.47
홍천,2022-10-12,20.1,5.9,11.1,82.0,43.0,2.1,4.0,0.9,0.0,6.3,7.6,78.42999999999999
홍천,2022-10-13,21.2,8.6,12.7,83.4,39.0,1.7,3.2,0.8,0.0,5.6,9.3,81.94
홍천,2022-10-14,21.5,9.7,14.2,83.1,47.0,2.2,3.9,0.7,0.0,3.9,10.9,83.05
홍천,2022-10-15,24.0,11.3,15.7,78.1,30.0,2.3,4.3,0.7,0.0,5.1,11.2,79.63
홍천,2022-10-16,19.3,12.1,14.9,88.5,69.0,1.3,2.5,0.4,0.0,0.0,12.9,85.88
홍천,2022-10-17,15.8,3.8,10.9,61.0,22.0,3.6,6.9,1.3,0.0,8.4,1.9,68.21
홍천,2022-10-18,14.5,0.7,6.2,72.4,33.0,2.5,5.0,0.9,0.0,7.3,0.7,71.73
홍천,2022-10-19,15.8,0.3,6.3,71.5,26.0,2.4,5.6,0.8,0.0,6.7,0.3,70.63
홍천,2022-10-20,19.1,0.4,8.6,73.4,30.0,2.2,4.4,0.6,0.0,7.2,3.0,72.92
홍천,2022-10-21,19.9,4.9,10.8,74.6,30.0,2.4,5.0,0.7,0.0,6.3,5.5,74.05
홍천,2022-10-22,19.9,6.2,11.7,75.9,38.0,2.2,4.4,0.6,0.0,7.8,6.9,75.39
홍천,2022-10-23,19.3,7.3,11.2,81.1,41.0,3.9,8.3,0.8,0.5,4.1,7.6,79.40999999999998
홍천,2022-10-24,14.2,4.9,8.6,72.3,43.0,2.5,4.8,1.1,0.0,3.1,3.3,74.41999999999999
홍천,2022-10-25,15.4,1.5,7.2,75.0,41.0,3.1,6.3,1.0,0.0,5.2,2.4,75.07000000000001
홍천,2022-10-26,18.0,1.2,8.4,73.5,34.0,1.8,3.5,0.6,0.0,6.3,3.0,73.67999999999999
홍천,2022-10-27,19.4,3.8,10.1,76.9,40.0,2.5,4.4,0.6,0.0,7.0,5.4,76.03
홍천,2022-10-28,19.6,5.0,11.2,75.9,36.0,1.9,3.9,0.7,0.0,5.8,6.3,75.86
홍천,2022-10-29,19.8,5.8,11.1,75.3,33.0,1.9,3.7,0.4,0.0,6.1,6.0,75.58
홍천,2022-10-30,20.0,5.2,11.1,75.8,34.0,2.2,4.4,0.5,0.0,5.7,6.2,75.71
홍천,2022-10-31,19.4,5.7,11.1,76.6,43.0,1.9,3.5,0.5,0.0,6.9,6.5,76.30999999999999
홍천,2022-11-01,18.6,5.4,10.3,76.5,41.0,3.4,7.0,0.7,0.0,6.5,5.7,76.45
홍천,2022-11-02,18.3,2.9,8.3,71.9,22.0,1.8,4.4,0.7,0.0,5.5,2.2,73.28999999999999
홍천,2022-11-03,12.8,1.9,7.1,70.1,42.0,2.4,4.6,0.7,0.0,0.1,1.6,71.1
홍천,2022-11-04,10.2,-1.4,3.6,52.9,21.0,2.8,6.3,1.0,0.0,7.6,-6.3,58.239999999999995
홍천,2022-11-05,12.1,-4.6,2.5,58.8,20.0,2.4,5.3,0.7,0.0,7.7,-6.1,58.74999999999999
홍천,2022-11-06,14.8,-1.3,5.3,60.5,26.0,2.8,4.8,0.7,0.0,7.6,-2.5,59.39999999999999
홍천,2022-11-07,15.8,-0.6,7.3,63.9,31.0,1.5,3.2,0.5,0.0,5.4,0.1,62.71
홍천,2022-11-08,16.9,3.5,8.8,71.0,35.0,2.8,5.3,0.6,0.0,6.7,3.1,68.53
홍천,2022-11-09,15.2,0.4,7.3,76.6,37.0,2.7,4.4,0.5,0.0,6.0,2.8,74.21
홍천,2022-11-10,17.5,3.0,9.1,79.6,51.0,1.9,3.2,0.5,0.0,6.6,5.4,78.13999999999999
홍천,2022-11-11,20.5,4.1,10.5,77.9,43.0,1.4,2.2,0.4,0.0,6.4,6.0,78.11
홍천,2022-11-12,21.8,4.7,12.4,85.8,47.0,3.7,6.5,0.6,17.7,3.0,9.7,83.6
홍천,2022-11-13,16.8,6.9,10.9,94.5,84.0,3.6,7.0,1.0,3.2,0.0,10.0,91.1
홍천,2022-11-14,12.7,2.6,7.6,84.4,56.0,2.5,5.1,0.8,0.0,0.9,4.9,86.56
홍천,2022-11-15,11.9,-0.3,4.8,87.8,50.0,3.2,7.1,0.8,4.1,2.4,2.6,87.79
홍천,2022-11-16,12.2,2.5,6.3,82.4,41.0,3.1,6.3,0.8,0.0,3.8,3.0,83.67999999999999
홍천,2022-11-17,14.5,1.1,6.1,79.0,42.0,1.5,2.5,0.5,0.0,6.6,2.2,80.56
홍천,2022-11-18,16.2,0.5,6.0,82.3,40.0,1.5,2.5,0.5,0.0,5.0,2.5,81.64999999999999
홍천,2022-11-19,17.7,0.3,6.8,80.0,39.0,1.6,2.5,0.3,0.0,5.6,2.9,80.36000000000001
홍천,2022-11-20,18.3,4.0,8.6,74.8,20.0,1.7,2.7,0.4,0.0,6.3,3.2,76.58999999999999
홍천,2022-11-21,15.8,2.8,7.9,81.1,55.0,2.7,5.0,0.5,0.0,2.3,4.5,79.72999999999999
홍천,2022-11-22,11.8,3.4,7.5,86.8,65.0,1.4,3.0,0.6,0.1,1.8,5.2,84.46
홍천,2022-11-23,15.9,2.8,8.8,77.3,30.0,3.1,5.5,0.6,0.2,4.6,4.4,79.58
홍천,2022-11-24,13.7,0.7,5.4,76.9,41.0,1.6,2.7,0.5,0.0,5.4,1.0,77.97
홍천,2022-11-25,16.4,-0.3,7.9,70.0,35.0,3.3,7.5,0.9,0.5,6.1,1.7,72.11
홍천,2022-11-26,11.6,-0.9,5.9,63.6,17.0,4.4,9.3,1.2,0.2,5.6,-2.4,66.21
홍천,2022-11-27,10.7,-3.7,2.1,62.8,23.0,1.7,3.4,0.5,0.0,5.3,-5.1,63.67999999999999
홍천,2022-11-28,8.4,-1.5,4.5,82.8,52.0,2.0,3.7,0.4,12.5,0.2,1.7,76.88
홍천,2022-11-29,11.6,0.6,8.0,61.4,20.0,4.0,7.8,1.5,3.0,0.7,-0.7,65.82
홍천,2022-11-30,0.5,-7.3,-4.5,37.3,23.0,4.2,8.5,2.2,0.0,6.1,-17.3,46.67
홍천,2022-12-01,-1.0,-10.5,-6.1,53.3,32.0,3.3,6.5,1.1,0.0,5.8,-14.5,50.91
홍천,2022-12-02,1.2,-10.9,-5.3,61.6,18.0,3.1,5.6,0.8,0.0,6.1,-12.5,57.51
홍천,2022-12-03,5.0,-5.9,-0.7,74.8,60.0,1.7,3.7,0.6,0.6,1.5,-4.8,70.00999999999999
홍천,2022-12-04,1.3,-6.4,-2.8,40.8,27.0,3.1,6.5,1.1,0.0,1.1,-14.5,49.67999999999999
홍천,2022-12-05,2.2,-8.1,-4.2,53.5,22.0,2.6,4.8,0.7,0.0,6.0,-13.4,53.09
홍천,2022-12-06,3.2,-9.2,-3.5,74.5,53.0,3.3,6.5,0.8,0.0,2.3,-7.5,66.93
홍천,2022-12-07,7.8,-3.9,1.1,68.0,34.0,4.1,9.3,1.1,0.0,4.5,-4.9,67.85
홍천,2022-12-08,7.4,-5.0,-0.6,68.4,21.0,1.4,3.0,0.3,0.0,4.0,-6.5,68.93
홍천,2022-12-09,6.2,-4.7,-0.7,75.0,53.0,1.2,2.2,0.4,0.0,1.5,-4.8,72.98
홍천,2022-12-10,5.1,-4.7,-1.5,80.1,44.0,1.6,3.0,0.4,0.0,1.3,-4.8,77.91
홍천,2022-12-11,7.2,-6.9,-1.9,68.1,20.0,1.9,3.7,0.4,0.0,5.8,-7.8,71.19
홍천,2022-12-12,5.0,-6.6,-0.8,76.1,42.0,2.2,4.9,0.6,0.5,2.3,-4.8,74.9
홍천,2022-12-13,3.0,-5.9,-0.1,67.6,42.0,7.0,12.3,2.3,0.7,1.3,-5.6,69.35
홍천,2022-12-14,-5.3,-11.0,-8.7,43.1,30.0,5.0,11.1,2.2,0.0,5.9,-19.4,51.3
홍천,2022-12-15,-2.7,-12.3,-7.6,83.8,65.0,2.0,3.7,0.8,2.5,0.0,-9.9,74.04
홍천,2022-12-16,-2.5,-14.3,-8.4,77.8,48.0,1.2,2.7,0.4,0.0,2.7,-11.8,75.53
홍천,2022-12-17,-3.1,-12.2,-8.6,61.9,22.0,5.2,10.1,1.2,0.0,4.8,-15.6,67.27
홍천,2022-12-18,-6.1,-17.4,-11.7,58.3,29.0,4.4,8.6,1.3,0.0,5.9,-19.2,60.97
홍천,2022-12-19,-2.2,-17.2,-10.4,66.5,36.0,3.4,7.3,0.8,0.0,5.4,-15.9,64.39999999999999
홍천,2022-12-20,0.6,-15.3,-7.2,69.6,42.0,1.3,2.7,0.4,0.0,5.7,-12.1,67.85
홍천,2022-12-21,-0.4,-4.8,-3.0,88.3,69.0,1.7,3.0,0.4,3.2,0.0,-4.6,82.38
홍천,2022-12-22,-1.6,-11.1,-7.7,60.1,45.0,4.6,9.3,2.4,0.0,5.0,-14.2,66.69
홍천,2022-12-23,-9.2,-14.6,-12.3,57.4,45.0,4.5,9.3,2.3,0.0,5.4,-19.1,61.03
홍천,2022-12-24,-4.4,-17.7,-11.6,70.0,42.0,1.5,2.5,0.5,0.0,5.7,-16.3,66.49000000000001
홍천,2022-12-25,-1.4,-15.9,-9.4,73.3,45.0,1.9,2.9,0.5,0.0,5.7,-13.6,71.05
홍천,2022-12-26,-0.7,-14.3,-8.5,75.8,49.0,1.4,2.2,0.3,0.0,4.5,-12.2,74.72
홍천,2022-12-27,1.7,-13.8,-7.1,72.6,36.0,1.9,4.5,0.4,0.0,5.7,-11.7,73.30999999999999
홍천,2022-12-28,0.6,-10.7,-5.3,61.3,33.0,4.0,8.0,1.3,0.1,5.8,-12.5,65.00999999999999
홍천,2022-12-29,0.6,-13.4,-6.2,60.9,30.0,2.3,5.0,0.6,0.0,5.5,-13.2,62.14999999999999
홍천,2022-12-30,1.5,-8.5,-4.4,71.6,48.0,2.3,4.6,0.5,0.0,4.6,-9.0,68.42999999999999
홍천,2022-12-31,-0.7,-11.7,-5.7,78.3,59.0,1.6,2.9,0.5,0.0,0.1,-9.0,75.22
홍천,2023-01-01,4.5,-7.6,-2.3,57.5,21.0,4.2,8.3,0.8,0.0,5.7,-10.9,63.06999999999999
홍천,2023-01-02,0.3,-12.5,-6.9,56.0,27.0,2.8,5.0,0.6,0.0,5.8,-14.8,58.529999999999994
홍천,2023-01-03,0.4,-14.8,-8.0,61.0,26.0,2.1,5.1,0.5,0.0,5.9,-15.0,59.65
홍천,2023-01-04,2.5,-14.4,-7.2,60.3,21.0,2.6,5.6,0.5,0.0,5.9,-14.6,60.01
홍천,2023-01-05,3.8,-12.9,-5.8,65.1,27.0,2.7,5.1,0.5,0.0,5.8,-12.1,63.73
홍천,2023-01-06,4.3,-10.8,-3.6,73.6,44.0,2.3,4.0,0.5,0.8,5.8,-8.0,70.57
홍천,2023-01-07,2.5,-4.6,-0.5,90.3,71.0,2.4,5.4,0.5,3.3,0.0,-1.9,84.44
홍천,2023-01-08,2.7,-5.4,-1.6,87.9,65.0,1.3,2.2,0.5,0.0,3.8,-3.4,86.95
홍천,2023-01-09,7.9,-4.3,1.3,69.8,24.0,3.3,6.3,0.7,0.0,5.6,-4.4,75.47
홍천,2023-01-10,7.5,-8.3,-2.1,73.3,38.0,1.8,2.9,0.3,0.0,6.0,-6.8,74.06
홍천,2023-01-11,7.9,-7.8,-1.6,72.8,33.0,1.8,2.5,0.3,0.0,6.0,-6.4,72.6
홍천,2023-01-12,10.1,-6.2,0.0,68.6,27.0,2.1,2.9,0.3,0.0,6.0,-5.8,69.91
홍천,2023-01-13,4.2,-0.7,2.4,97.3,71.0,1.3,2.7,0.2,29.5,0.0,1.9,89.11
홍천,2023-01-14,6.3,1.5,3.5,92.5,73.0,1.9,3.9,0.5,2.7,0.0,2.3,91.07000000000001
홍천,2023-01-15,1.7,-1.3,0.3,93.4,82.0,2.3,4.5,0.5,11.4,0.0,-0.7,93.61
홍천,2023-01-16,-1.3,-8.0,-4.1,81.0,63.0,0.0,0.0,0.0,0.0,0.5,-6.9,84.63
홍천,2023-01-17,-2.3,-8.8,-5.7,85.1,64.0,1.6,4.0,0.5,0.1,0.3,-7.8,85.11
홍천,2023-01-18,0.8,-8.1,-4.5,80.5,37.0,2.7,5.0,0.4,0.0,6.1,-7.6,81.46999999999998
홍천,2023-01-19,2.3,-12.1,-4.8,81.0,55.0,1.6,3.4,0.5,0.0,4.7,-7.7,81.31
홍천,2023-01-20,1.5,-11.2,-3.9,55.8,23.0,4.7,9.5,1.9,0.7,6.3,-12.4,63.30999999999999
홍천,2023-01-21,-1.1,-15.7,-8.8,67.4,26.0,2.3,4.3,0.6,0.0,6.4,-14.4,66.44
홍천,2023-01-22,0.8,-8.6,-4.3,72.8,54.0,1.2,2.5,0.4,0.0,0.4,-8.6,70.02
홍천,2023-01-23,4.8,-5.7,-1.5,65.9,29.0,4.0,7.0,1.2,0.0,6.0,-7.7,67.43
홍천,2023-01-24,-3.8,-17.6,-13.5,44.0,31.0,4.9,9.1,2.8,0.0,6.8,-23.3,51.26
홍천,2023-01-25,-7.4,-20.9,-14.3,56.6,27.0,2.1,4.5,0.7,0.0,7.0,-21.7,55.010000000000005
홍천,2023-01-26,-4.5,-13.8,-8.4,78.9,64.0,1.1,2.0,0.3,0.3,0.0,-11.4,70.95000000000002
홍천,2023-01-27,-3.8,-12.0,-8.5,61.5,28.0,5.0,10.3,1.6,0.0,6.8,-15.6,64.49
홍천,2023-01-28,-2.0,-16.9,-9.4,61.9,32.0,4.0,8.5,0.9,0.0,6.6,-16.0,63.519999999999996
홍천,2023-01-29,2.0,-13.7,-5.9,76.9,46.0,3.0,5.9,0.7,1.1,4.9,-9.6,72.36
홍천,2023-01-30,2.6,-11.6,-4.7,67.0,28.0,2.8,6.0,0.6,0.0,7.4,-10.8,68.47
홍천,2023-01-31,5.9,-11.2,-2.0,71.4,40.0,1.5,3.5,0.4,0.0,5.8,-6.9,71.07000000000001
홍천,2023-02-01,5.6,-4.1,0.4,62.5,26.0,4.6,9.8,1.3,0.0,7.4,-7.0,64.73
홍천,2023-02-02,1.9,-9.0,-4.0,64.6,30.0,1.7,3.2,0.5,0.0,5.7,-10.3,64.85999999999999
홍천,2023-02-03,3.7,-6.7,-2.8,54.9,25.0,2.6,4.5,0.7,0.0,6.5,-11.3,57.6
홍천,2023-02-04,4.1,-10.7,-3.9,62.8,28.0,3.2,7.5,0.7,0.0,7.6,-10.6,61.4
홍천,2023-02-05,5.2,-9.9,-3.0,72.6,46.0,2.1,4.0,0.4,0.0,5.1,-7.5,68.86999999999999
홍천,2023-02-06,7.3,-7.2,-1.1,73.8,35.0,1.5,2.7,0.3,0.0,5.6,-5.7,72.46
홍천,2023-02-07,6.9,-6.2,-0.9,75.1,42.0,1.5,2.2,0.2,0.0,2.0,-5.1,74.59
홍천,2023-02-08,7.8,-6.1,-0.6,67.3,23.0,2.7,5.3,0.5,0.0,7.6,-6.8,69.50999999999999
홍천,2023-02-09,9.3,-7.5,0.9,63.1,31.0,2.5,6.4,0.8,0.0,6.9,-6.1,65.14
홍천,2023-02-10,7.2,-1.6,2.2,82.6,55.0,2.4,4.3,0.7,0.8,1.7,-0.6,77.17
홍천,2023-02-11,7.5,-3.4,0.4,80.1,46.0,2.1,3.9,0.5,0.0,3.0,-3.0,78.89999999999999
홍천,2023-02-12,7.2,-4.8,1.3,76.3,49.0,2.2,4.1,0.4,0.0,2.2,-2.7,77.69
홍천,2023-02-13,7.4,0.9,3.7,73.9,55.0,2.6,4.9,0.9,0.2,0.0,-0.6,75.00000000000001
홍천,2023-02-14,6.8,-2.8,0.3,69.4,37.0,3.7,8.1,1.0,0.0,3.5,-5.1,70.99
홍천,2023-02-15,6.9,-3.7,0.7,59.1,34.0,1.9,4.4,0.8,0.0,5.9,-6.8,62.64
홍천,2023-02-16,4.9,-3.1,0.1,72.3,50.0,3.2,7.0,0.8,0.0,0.1,-4.4,69.36999999999999
홍천,2023-02-17,8.6,-5.3,0.7,68.0,35.0,2.1,4.0,0.5,0.0,7.0,-5.2,67.97
홍천,2023-02-18,6.2,-0.6,2.4,65.5,47.0,1.1,2.5,0.2,0.0,0.0,-3.4,66.67999999999999
홍천,2023-02-19,8.2,-0.1,3.7,50.8,22.0,4.9,8.6,1.8,0.0,4.6,-6.6,55.459999999999994
홍천,2023-02-20,3.6,-5.5,-1.3,41.8,16.0,4.8,10.3,1.6,0.0,7.9,-14.1,45.97
홍천,2023-02-21,4.8,-8.9,-2.7,48.1,17.0,1.9,4.0,0.5,0.0,8.0,-13.6,47.11
홍천,2023-02-22,7.7,-8.5,-0.4,51.9,15.0,3.8,6.9,0.7,0.0,8.2,-10.4,50.13
홍천,2023-02-23,9.3,-3.8,2.2,54.9,28.0,3.1,5.0,0.7,0.0,8.1,-6.8,53.620000000000005
홍천,2023-02-24,9.1,-2.4,2.3,51.4,18.0,4.7,8.8,1.0,0.0,8.2,-8.1,52.14999999999999
홍천,2023-02-25,6.7,-6.2,-0.5,49.1,22.0,3.0,6.1,0.8,0.0,8.4,-11.1,50.14
홍천,2023-02-26,9.7,-7.4,0.3,49.5,19.0,2.6,5.6,0.6,0.0,8.6,-10.5,49.61
홍천,2023-02-27,13.5,-6.4,2.5,51.4,18.0,3.1,5.9,0.7,0.0,8.7,-8.1,50.78999999999999
홍천,2023-02-28,11.8,-5.0,3.0,58.0,23.0,3.6,7.4,1.0,0.0,8.7,-5.9,55.83
홍천,2023-03-01,9.1,1.8,4.6,52.6,25.0,4.6,9.0,1.4,0.0,0.8,-5.3,53.56
홍천,2023-03-02,7.0,-2.5,2.0,29.8,14.0,3.4,7.4,1.5,0.0,8.9,-14.7,37.18000000000001
홍천,2023-03-03,11.0,-5.5,2.3,58.6,36.0,3.1,5.6,0.8,0.0,8.0,-5.4,52.239999999999995
홍천,2023-03-04,14.1,-2.6,4.5,64.5,21.0,2.2,4.0,0.5,0.0,8.6,-2.7,59.849999999999994
홍천,2023-03-05,15.6,-2.2,5.6,59.6,24.0,2.7,5.0,0.6,0.0,8.9,-2.9,60.48
홍천,2023-03-06,16.1,-2.7,6.1,50.9,16.0,2.9,6.0,0.6,0.0,9.1,-5.7,54.0
홍천,2023-03-07,18.1,-0.8,8.7,56.3,32.0,4.1,6.6,0.8,0.0,8.1,-0.3,55.55
홍천,2023-03-08,16.3,1.7,8.6,73.3,41.0,2.9,6.1,0.6,0.0,1.8,3.4,67.66
홍천,2023-03-09,17.9,5.3,10.1,72.9,30.0,4.6,8.1,1.1,0.9,4.3,4.7,71.32
홍천,2023-03-10,21.9,0.6,10.1,60.3,17.0,3.4,6.1,0.6,0.0,9.2,0.7,64.11999999999999
홍천,2023-03-11,23.2,3.3,12.7,50.8,19.0,3.8,8.3,0.7,0.0,8.0,0.9,54.91
홍천,2023-03-12,9.7,0.3,5.0,69.0,41.0,5.1,9.8,1.5,6.6,0.0,-0.5,64.49
홍천,2023-03-13,8.0,-2.5,2.3,31.8,18.0,4.1,8.6,1.8,0.0,8.7,-13.5,41.14
홍천,2023-03-14,15.7,-1.2,6.4,42.8,15.0,4.5,9.3,1.1,0.0,8.6,-7.1,43.22
홍천,2023-03-15,17.8,-1.0,7.9,62.6,40.0,4.8,11.8,1.6,0.0,3.1,0.9,55.56
홍천,2023-03-16,10.0,-1.8,4.1,34.9,13.0,3.7,8.0,1.3,0.0,7.7,-11.5,41.23
홍천,2023-03-17,13.0,-2.5,5.2,37.4,8.0,1.6,4.0,0.6,0.0,6.4,-10.7,39.419999999999995
홍천,2023-03-18,15.7,-1.4,7.0,41.8,14.0,3.5,7.8,1.0,0.0,9.4,-6.7,40.23
홍천,2023-03-19,16.3,-1.7,6.8,51.9,19.0,3.2,6.3,0.7,0.0,10.0,-3.8,48.43
홍천,2023-03-20,17.6,-1.6,7.5,48.4,10.0,3.6,6.0,0.7,0.0,9.7,-4.9,48.44
홍천,2023-03-21,22.7,0.1,10.3,44.3,14.0,1.8,3.2,0.4,0.0,10.0,-3.2,45.879999999999995
홍천,2023-03-22,25.5,2.5,14.6,49.5,24.0,2.8,5.4,0.6,0.0,9.5,2.9,48.349999999999994
홍천,2023-03-23,20.6,9.6,14.8,68.3,46.0,2.7,5.8,0.7,1.4,0.3,8.6,62.13999999999999
홍천,2023-03-24,16.6,6.5,10.9,66.4,45.0,3.4,7.3,1.5,0.0,1.7,4.4,65.09
홍천,2023-03-25,17.3,7.8,12.0,60.4,41.0,2.9,5.1,1.1,0.0,5.1,4.2,62.38999999999999
홍천,2023-03-26,16.5,3.4,10.5,39.0,9.0,4.8,9.3,1.5,0.0,10.1,-5.6,46.019999999999996
홍천,2023-03-27,14.3,-1.9,6.2,41.5,14.0,3.4,8.1,1.0,0.0,10.1,-7.7,42.88999999999999
홍천,2023-03-28,16.2,-1.2,7.5,50.3,20.0,3.7,7.8,0.9,0.0,9.1,-3.5,47.40999999999999
홍천,2023-03-29,20.2,-0.4,9.9,46.3,14.0,3.6,7.0,0.9,0.0,10.5,-3.4,46.62
홍천,2023-03-30,22.5,1.1,11.9,38.0,13.0,3.9,7.5,1.0,0.0,11.0,-4.4,40.89
홍천,2023-03-31,23.8,2.6,12.9,41.0,13.0,3.9,7.1,0.7,0.0,11.1,-1.9,40.93
홍천,2023-04-01,25.3,4.2,15.0,41.5,14.0,2.6,5.3,0.7,0.0,9.4,0.0,41.05
홍천,2023-04-02,23.9,5.7,14.9,38.8,13.0,3.2,6.1,1.0,0.0,11.4,-1.1,39.559999999999995
홍천,2023-04-03,26.0,4.2,15.0,40.4,12.0,2.7,7.0,0.7,0.0,11.1,-0.9,40.19
홍천,2023-04-04,22.6,8.6,15.5,44.5,13.0,3.0,7.0,1.1,2.0,2.5,1.1,43.11
홍천,2023-04-05,16.1,10.0,12.5,93.9,84.0,3.3,7.5,1.6,33.1,0.0,11.4,78.67000000000002
홍천,2023-04-06,11.2,8.0,9.4,89.1,81.0,2.4,5.5,0.8,2.1,0.0,7.7,85.6
홍천,2023-04-07,15.3,4.8,9.2,57.0,23.0,4.8,9.8,1.7,0.0,6.1,-0.2,67.11
홍천,2023-04-08,15.0,-1.2,7.4,45.0,17.0,5.4,9.8,1.8,0.0,11.8,-5.3,51.81
홍천,2023-04-09,18.9,-0.8,9.1,50.6,24.0,5.0,9.1,1.1,0.0,11.5,-2.1,50.120000000000005
홍천,2023-04-10,20.7,1.0,11.1,49.0,18.0,4.7,9.1,1.3,0.0,10.8,-1.3,48.92
홍천,2023-04-11,18.0,6.2,12.2,75.5,59.0,6.4,11.5,1.7,1.6,0.2,7.8,67.71
홍천,2023-04-12,16.3,1.9,9.3,37.5,11.0,4.8,10.8,1.8,0.0,10.8,-7.0,46.25
홍천,2023-04-13,18.9,0.3,10.4,41.4,14.0,3.9,7.5,0.9,0.0,8.8,-4.2,44.03
홍천,2023-04-14,22.6,8.2,14.3,43.6,17.0,2.1,4.1,0.5,0.0,2.4,0.8,42.55
홍천,2023-04-15,16.9,7.1,10.8,78.0,40.0,2.8,4.9,0.6,2.5,1.6,6.9,67.46
홍천,2023-04-16,15.9,5.2,9.5,80.0,32.0,4.2,9.8,0.7,0.4,2.1,5.7,75.96
홍천,2023-04-17,16.4,3.7,10.6,67.0,33.0,2.8,5.3,0.8,0.0,2.3,3.6,70.7
홍천,2023-04-18,15.4,9.0,11.6,87.4,61.0,2.2,4.3,0.8,1.9,0.0,9.5,82.58
홍천,2023-04-19,28.7,10.0,17.6,62.5,20.0,3.1,6.0,1.0,0.0,9.5,8.5,67.93
홍천,2023-04-20,21.4,14.2,17.2,79.8,64.0,2.8,6.0,0.9,0.0,0.2,13.5,77.09999999999998
홍천,2023-04-21,22.5,11.9,16.6,50.9,29.0,3.3,6.3,1.5,0.0,7.7,4.9,57.839999999999996
홍천,2023-04-22,20.6,6.8,13.3,40.0,11.0,4.0,8.8,1.3,0.0,5.2,-2.4,46.16
홍천,2023-04-23,22.0,4.6,13.2,45.6,13.0,3.3,6.0,0.9,0.0,3.8,-0.9,45.010000000000005
홍천,2023-04-24,20.1,9.2,14.2,49.1,27.0,3.1,5.8,1.1,0.0,6.9,2.8,47.489999999999995
홍천,2023-04-25,11.3,6.1,8.5,83.1,61.0,2.9,5.4,0.8,1.7,0.0,5.6,72.55
홍천,2023-04-26,14.2,5.1,9.4,71.6,41.0,4.9,9.3,1.3,0.0,4.8,3.8,71.64999999999999
홍천,2023-04-27,21.4,2.3,11.8,60.8,20.0,3.8,5.9,1.1,0.0,9.9,2.5,65.19
홍천,2023-04-28,22.2,4.9,14.7,58.0,16.0,4.4,9.3,1.2,0.1,9.8,4.3,59.91999999999999
홍천,2023-04-29,16.6,9.8,13.5,84.1,59.0,4.1,9.1,1.3,13.6,0.1,10.7,76.55
홍천,2023-04-30,18.1,7.3,12.8,63.0,36.0,4.7,8.6,1.9,0.8,6.9,5.3,66.72
홍천,2023-05-01,20.3,7.3,13.2,63.0,25.0,4.9,9.1,1.4,0.4,9.4,4.4,65.11
홍천,2023-05-02,23.9,4.3,14.2,56.8,17.0,3.5,6.6,1.0,0.0,8.0,3.5,58.66
홍천,2023-05-03,25.9,8.0,17.1,52.1,22.0,4.1,7.5,1.1,0.0,11.1,5.4,54.129999999999995
홍천,2023-05-04,26.0,10.5,19.0,62.8,42.0,2.7,6.0,1.0,0.0,7.2,11.2,60.059999999999995
홍천,2023-05-05,21.1,12.5,17.1,93.0,69.0,3.6,7.5,1.2,21.0,0.0,15.8,82.87
홍천,2023-05-06,12.9,7.7,10.5,91.4,81.0,2.0,5.5,1.0,53.3,0.0,9.1,88.86
홍천,2023-05-07,16.6,4.9,10.8,69.0,35.0,3.7,7.1,0.8,0.1,0.4,4.4,75.88
홍천,2023-05-08,23.5,2.2,12.8,59.0,19.0,2.9,5.9,0.9,0.0,11.2,3.0,64.24
홍천,2023-05-09,25.5,6.1,15.6,57.3,19.0,4.1,8.1,1.1,0.0,12.4,5.4,58.809999999999995
홍천,2023-05-10,25.9,7.2,16.6,55.0,17.0,2.9,5.8,0.9,0.0,12.3,5.3,55.86
홍천,2023-05-11,27.1,8.6,17.6,59.3,21.0,2.8,5.5,0.9,0.0,12.1,7.9,58.239999999999995
홍천,2023-05-12,25.5,9.4,16.9,58.0,22.0,2.6,5.5,0.9,0.0,9.4,7.0,57.959999999999994
홍천,2023-05-13,25.3,8.0,17.0,56.0,22.0,3.1,6.0,1.1,0.0,10.6,6.7,56.73
홍천,2023-05-14,24.2,11.0,17.1,60.4,33.0,3.7,6.1,1.2,0.0,8.0,8.5,59.28
홍천,2023-05-15,27.4,9.1,18.2,60.5,23.0,3.8,7.0,1.0,0.0,10.0,8.8,60.029999999999994
홍천,2023-05-16,31.1,11.9,21.4,56.3,26.0,4.0,7.8,1.2,0.0,11.5,11.0,57.55
홍천,2023-05-17,30.3,12.3,21.4,53.4,22.0,4.5,11.6,1.4,0.0,12.3,10.2,54.69
홍천,2023-05-18,25.9,14.7,18.8,77.4,47.0,3.4,7.0,0.9,0.0,0.9,14.4,70.49
홍천,2023-05-19,25.7,14.1,19.5,67.0,45.0,3.6,7.0,1.3,0.0,6.4,12.7,67.72
홍천,2023-05-20,27.6,12.1,20.1,65.0,42.0,4.1,8.0,1.5,0.0,7.7,12.6,66.64
홍천,2023-05-21,23.7,15.8,19.1,58.3,29.0,3.8,7.5,1.6,0.0,6.0,9.9,60.51
홍천,2023-05-22,25.4,13.0,18.3,54.1,27.0,3.8,6.6,1.1,0.0,7.0,8.0,56.03
홍천,2023-05-23,26.2,8.1,17.1,53.8,20.0,3.4,6.1,1.1,0.0,11.9,5.8,54.309999999999995
홍천,2023-05-24,26.5,9.2,18.0,56.0,18.0,3.7,7.0,1.1,0.0,9.4,7.7,55.36999999999999
홍천,2023-05-25,27.6,12.6,20.6,47.6,22.0,3.6,7.5,1.2,0.0,9.9,7.9,49.900000000000006
홍천,2023-05-26,26.5,14.0,19.8,61.5,36.0,3.8,6.8,1.3,0.2,10.3,11.3,58.17
홍천,2023-05-27,20.0,14.5,17.5,87.5,67.0,1.6,3.2,0.6,15.4,0.0,15.2,78.31
홍천,2023-05-28,20.1,17.5,19.0,97.8,93.0,1.5,3.2,0.4,37.1,0.0,18.6,92.11
홍천,2023-05-29,28.5,18.9,22.4,79.6,47.0,2.1,4.5,0.7,7.5,5.0,18.1,84.03
홍천,2023-05-30,28.3,16.8,21.9,64.5,41.0,3.4,6.9,1.5,0.0,5.3,14.2,70.85
홍천,2023-05-31,28.1,14.3,20.6,60.6,34.0,3.4,5.8,1.2,0.0,9.8,11.8,63.28
홍천,2023-06-01,26.1,16.4,21.2,70.5,48.0,2.0,4.4,0.8,0.0,2.7,15.2,67.92
홍천,2023-06-02,26.6,16.8,21.2,68.9,44.0,4.1,7.1,1.3,0.0,9.4,14.6,68.39
홍천,2023-06-03,28.0,14.8,21.5,55.3,25.0,4.4,8.8,1.5,0.0,11.6,10.7,59.53999999999999
홍천,2023-06-04,28.2,12.1,20.4,55.3,26.0,4.5,8.6,1.4,0.0,11.5,9.8,56.66
홍천,2023-06-05,27.3,12.3,20.2,61.8,45.0,3.6,7.0,1.4,0.0,8.6,12.1,59.85
홍천,2023-06-06,26.1,13.6,20.0,66.8,46.0,4.6,8.6,1.3,0.0,8.4,13.2,64.64999999999999
홍천,2023-06-07,26.6,17.7,21.1,70.5,49.0,3.7,6.9,1.2,0.0,7.5,15.3,68.88999999999999
홍천,2023-06-08,26.7,16.5,20.5,78.6,49.0,5.0,8.5,1.0,2.4,6.0,16.3,75.80000000000001
홍천,2023-06-09,27.6,15.1,20.7,69.4,33.0,3.8,7.8,0.9,22.0,9.7,13.9,71.35
홍천,2023-06-10,29.1,15.5,20.7,72.4,42.0,6.0,11.3,1.2,5.0,7.0,14.9,72.42
홍천,2023-06-11,26.7,16.6,20.6,81.0,55.0,2.3,4.1,0.7,0.2,6.5,16.9,78.11999999999999
홍천,2023-06-12,27.2,17.4,21.6,74.6,45.0,3.1,6.0,1.0,0.0,5.3,16.3,75.65999999999998
홍천,2023-06-13,28.0,17.4,21.8,68.0,39.0,4.3,7.3,1.3,0.0,7.5,14.9,70.61999999999999
홍천,2023-06-14,28.1,15.5,20.1,73.6,40.0,4.7,9.0,1.3,0.0,7.1,14.6,72.58
홍천,2023-06-15,27.8,15.8,21.1,71.5,39.0,2.5,5.0,1.0,0.0,8.4,14.9,71.57
홍천,2023-06-16,30.6,16.6,23.3,67.9,42.0,3.3,5.6,1.1,0.0,12.2,16.2,69.19
홍천,2023-06-17,31.8,16.3,23.8,63.1,31.0,3.4,5.8,1.0,0.0,9.2,15.2,64.9
홍천,2023-06-18,33.6,18.2,25.4,62.8,41.0,2.7,4.5,0.9,0.0,11.9,17.1,63.37
홍천,2023-06-19,34.1,18.6,26.5,61.3,40.0,2.7,5.1,1.2,0.0,10.4,17.8,61.78
홍천,2023-06-20,25.9,20.3,22.9,72.9,61.0,3.1,5.4,1.3,0.2,0.0,17.6,69.57
홍천,2023-06-21,22.0,17.7,19.6,92.5,85.0,2.1,4.5,1.0,24.6,0.0,18.3,85.46
홍천,2023-06-22,26.1,17.7,20.8,82.1,55.0,3.3,7.1,1.0,8.2,2.9,17.3,83.26
홍천,2023-06-23,29.1,18.7,23.0,74.1,44.0,2.7,5.0,1.0,0.0,8.6,17.7,77.53999999999999
홍천,2023-06-24,31.2,17.2,24.5,68.4,45.0,2.9,4.9,1.0,0.0,13.0,17.7,70.91
홍천,2023-06-25,33.2,19.5,26.0,71.4,45.0,2.3,4.9,0.8,0.0,8.6,19.9,71.07000000000001
홍천,2023-06-26,26.0,19.8,23.0,90.1,67.0,3.4,7.9,1.1,37.7,0.0,21.3,84.19
홍천,2023-06-27,29.3,21.3,24.3,77.4,54.0,3.5,6.3,1.3,10.7,5.8,19.7,79.34
홍천,2023-06-28,30.5,20.6,25.4,74.8,49.0,3.4,6.3,1.1,0.0,7.6,20.2,76.85
홍천,2023-06-29,25.2,21.4,23.3,94.3,86.0,1.9,4.0,0.6,48.1,0.0,22.2,88.71
홍천,2023-06-30,29.8,21.1,24.8,83.5,61.0,2.4,4.5,1.0,5.8,4.1,21.5,84.79
홍천,2023-07-01,33.9,22.0,27.0,71.8,37.0,2.5,4.5,1.2,0.0,10.7,20.7,76.38999999999999
홍천,2023-07-02,31.3,21.8,25.9,79.6,55.0,2.4,4.3,0.8,0.0,5.4,21.7,78.42999999999998
홍천,2023-07-03,34.0,22.3,27.1,75.8,49.0,2.7,6.0,1.0,0.0,8.6,21.9,76.16
홍천,2023-07-04,32.7,22.6,25.7,80.5,45.0,2.4,5.6,0.9,33.7,4.3,21.6,79.46999999999998
홍천,2023-07-05,29.1,20.8,24.5,78.1,58.0,3.7,9.5,1.9,22.1,6.5,20.2,78.35
홍천,2023-07-06,31.8,20.3,26.2,71.8,54.0,3.5,6.0,1.0,0.0,7.3,20.3,73.92999999999999
홍천,2023-07-07,30.9,19.6,24.5,71.8,46.0,2.3,6.0,0.8,0.0,5.3,18.6,72.43
홍천,2023-07-08,31.1,17.8,24.4,76.4,54.0,2.6,5.3,1.0,0.0,4.0,19.6,75.02000000000001
홍천,2023-07-09,28.1,20.0,23.5,86.4,64.0,4.7,10.1,0.8,25.4,2.5,21.0,82.94
홍천,2023-07-10,30.7,21.5,25.3,82.5,59.0,3.3,6.5,1.0,10.0,5.4,21.8,82.67
홍천,2023-07-11,25.2,20.5,22.3,93.8,84.0,2.4,5.1,0.6,77.9,0.0,21.2,90.8
홍천,2023-07-12,28.7,20.7,24.6,85.8,66.0,1.7,3.4,0.6,0.3,1.3,21.8,87.07
홍천,2023-07-13,25.5,22.9,23.9,95.9,87.0,2.4,5.8,0.7,44.3,0.0,23.1,93.66999999999999
홍천,2023-07-14,26.2,22.2,24.4,94.8,86.0,3.0,6.0,0.8,44.9,0.0,23.4,94.12
홍천,2023-07-15,25.4,22.6,23.9,91.4,79.0,2.7,7.5,0.5,10.9,0.0,22.3,92.53
홍천,2023-07-16,26.7,21.7,23.7,88.5,76.0,2.5,5.4,0.6,0.4,0.0,21.6,89.71
홍천,2023-07-17,28.3,22.1,24.0,92.5,68.0,2.3,4.4,0.4,9.2,0.7,22.6,91.59
홍천,2023-07-18,25.4,22.5,23.2,95.9,84.0,1.7,2.9,0.4,62.3,0.7,22.4,94.47999999999999
홍천,2023-07-19,32.5,21.5,26.0,77.8,49.0,2.6,4.5,0.8,0.0,9.3,21.2,82.89
홍천,2023-07-20,32.2,21.9,26.4,80.8,52.0,2.8,4.8,0.9,0.0,8.0,22.4,81.71
홍천,2023-07-21,33.8,23.0,26.3,82.9,50.0,3.7,9.5,1.0,59.8,7.8,22.7,81.97
홍천,2023-07-22,33.2,22.2,26.3,77.0,44.0,3.0,6.0,1.0,0.2,8.0,21.4,78.56
홍천,2023-07-23,26.1,23.2,24.5,92.0,81.0,3.2,7.9,0.8,6.5,0.0,23.0,88.09
홍천,2023-07-24,30.8,23.2,25.8,86.4,60.0,2.4,4.8,0.6,20.4,4.4,23.1,86.58
홍천,2023-07-25,31.9,23.4,26.8,81.4,58.0,3.8,6.5,0.9,0.6,5.9,23.1,83.46
홍천,2023-07-26,32.0,22.9,24.9,88.8,57.0,4.3,7.6,0.7,22.0,4.2,22.7,87.08
홍천,2023-07-27,33.2,22.3,26.7,81.5,52.0,3.2,5.3,0.8,0.0,7.3,22.9,82.95
홍천,2023-07-28,33.9,23.6,27.9,79.6,47.0,3.2,6.0,1.0,0.0,8.1,23.5,80.89999999999999
홍천,2023-07-29,34.7,23.6,27.9,77.3,43.0,3.3,6.1,1.1,0.0,7.8,23.0,78.17999999999999
홍천,2023-07-30,34.5,22.7,28.2,73.3,44.0,2.3,4.1,0.9,0.0,11.0,22.2,74.72999999999999
홍천,2023-07-31,33.3,24.0,27.4,78.0,55.0,4.2,8.1,0.9,1.1,6.2,22.8,76.99
홍천,2023-08-01,34.2,23.3,27.8,77.5,45.0,2.8,4.9,0.9,0.0,8.1,23.1,77.17999999999999
홍천,2023-08-02,33.3,23.6,27.7,78.4,53.0,2.7,5.5,0.9,0.0,5.3,23.2,78.17999999999999
홍천,2023-08-03,33.2,22.0,27.3,75.0,51.0,2.8,6.0,1.0,0.0,8.8,22.0,75.93
홍천,2023-08-04,34.3,23.2,27.9,76.0,50.0,2.8,5.5,1.0,0.0,7.8,22.8,76.03999999999999
홍천,2023-08-05,35.3,23.9,28.9,73.0,46.0,2.8,5.0,1.1,0.0,10.1,22.8,73.8
홍천,2023-08-06,36.8,23.3,27.9,77.8,43.0,5.0,10.8,1.0,0.0,8.9,23.2,76.66
홍천,2023-08-07,34.6,24.5,28.6,70.8,50.0,3.6,7.5,1.7,0.0,10.6,22.4,72.41999999999999
홍천,2023-08-08,34.5,22.4,27.8,67.0,49.0,3.9,8.0,1.7,0.0,11.6,20.8,68.84
홍천,2023-08-09,31.4,21.6,25.2,76.6,57.0,2.8,6.6,1.5,5.8,2.8,20.5,74.1
홍천,2023-08-10,22.7,20.7,21.5,92.9,82.0,5.0,11.5,0.9,57.0,0.0,20.2,87.05
홍천,2023-08-11,25.3,20.7,22.5,90.5,77.0,5.1,12.1,1.3,6.6,0.0,20.8,89.58999999999999
홍천,2023-08-12,27.9,21.4,23.4,86.4,62.0,2.8,4.9,0.8,1.3,0.4,20.8,87.87
홍천,2023-08-13,30.6,21.9,25.5,83.1,60.0,2.1,4.3,0.6,0.0,2.6,22.2,84.49999999999999
홍천,2023-08-14,33.4,22.4,27.4,72.5,50.0,2.4,5.4,1.1,0.0,10.5,21.6,76.01
홍천,2023-08-15,32.6,21.2,26.3,72.3,51.0,2.6,5.1,1.2,0.0,9.4,20.6,73.41999999999999
홍천,2023-08-16,32.3,20.2,26.1,71.8,49.0,2.5,4.1,0.8,0.0,11.2,20.1,71.97
홍천,2023-08-17,31.8,22.7,26.4,78.4,56.0,2.2,3.9,0.9,0.9,7.8,22.1,76.47000000000001
홍천,2023-08-18,33.7,23.2,27.2,78.5,53.0,3.2,7.6,1.1,1.4,9.1,22.7,77.81
홍천,2023-08-19,33.5,23.8,27.9,78.1,52.0,2.3,4.4,1.0,0.4,8.7,23.3,78.21
홍천,2023-08-20,32.4,24.5,27.3,76.4,52.0,2.7,4.9,0.8,0.0,3.4,22.5,76.95
홍천,2023-08-21,33.2,23.7,27.6,78.5,57.0,3.2,5.6,0.9,0.0,6.2,23.2,78.03999999999999
홍천,2023-08-22,31.6,23.3,27.2,80.9,56.0,3.2,6.3,0.9,1.0,3.7,23.3,79.97
홍천,2023-08-23,30.1,21.6,24.6,89.6,67.0,3.3,6.9,0.9,23.6,0.1,22.6,86.74999999999999
홍천,2023-08-24,26.8,20.8,23.0,91.0,77.0,2.3,6.0,0.8,7.1,0.2,21.4,89.71
홍천,2023-08-25,31.3,22.0,25.7,80.0,50.0,3.4,6.5,0.9,2.9,7.4,21.5,83.16
홍천,2023-08-26,30.3,21.3,25.0,76.3,50.0,2.6,4.5,1.0,0.0,8.3,20.0,78.50999999999999
홍천,2023-08-27,29.8,20.0,23.9,78.0,57.0,2.1,3.7,0.9,0.0,3.4,19.5,77.86
홍천,2023-08-28,24.3,20.1,22.2,85.5,79.0,2.6,5.0,1.0,1.6,0.0,19.5,83.07999999999998
홍천,2023-08-29,28.1,21.3,23.6,89.9,70.0,3.3,8.5,0.8,20.6,0.0,21.7,87.83
홍천,2023-08-30,24.3,19.2,21.2,92.9,74.0,1.9,3.4,0.3,14.4,0.0,19.9,91.56
홍천,2023-08-31,27.2,19.0,22.0,82.5,51.0,2.0,3.5,0.5,0.0,5.6,18.5,85.32
홍천,2023-09-01,29.0,17.7,21.7,79.5,43.0,2.3,4.5,0.9,0.0,8.0,17.4,81.44000000000001
홍천,2023-09-02,29.8,17.2,22.4,78.9,46.0,2.2,4.6,0.9,0.0,7.9,18.0,79.38000000000001
홍천,2023-09-03,28.7,19.5,23.4,84.1,66.0,2.1,3.5,0.8,3.1,2.4,20.4,82.6
홍천,2023-09-04,30.8,21.7,25.5,80.5,62.0,2.0,3.9,0.7,0.1,2.3,21.7,81.05999999999999
홍천,2023-09-05,32.1,21.9,25.6,75.8,48.0,1.5,3.5,0.6,0.0,6.5,20.7,77.57
홍천,2023-09-06,31.6,20.1,24.9,70.5,43.0,3.9,7.0,1.2,0.0,11.0,18.5,72.55999999999999
홍천,2023-09-07,31.4,17.4,22.7,70.0,35.0,3.4,6.0,1.0,0.0,11.3,16.0,70.68
홍천,2023-09-08,29.6,15.5,21.6,74.4,42.0,2.3,4.8,0.8,0.0,10.2,16.2,73.13
홍천,2023-09-09,30.5,17.3,23.0,75.4,47.0,2.1,4.3,0.8,0.0,10.0,17.8,74.66
홍천,2023-09-10,31.0,18.3,23.9,75.5,46.0,2.6,4.4,0.8,0.0,8.5,18.8,75.36999999999999
홍천,2023-09-11,29.8,19.8,23.9,76.1,50.0,2.5,4.3,0.9,0.0,7.8,19.1,75.91000000000001
홍천,2023-09-12,30.0,20.2,23.7,79.3,49.0,2.2,4.1,0.8,0.0,6.5,19.4,78.27999999999999
홍천,2023-09-13,22.2,18.1,20.0,94.1,87.0,2.1,4.3,0.8,47.7,0.0,18.9,89.33999999999999
홍천,2023-09-14,25.8,18.1,21.3,81.3,63.0,2.5,5.0,0.8,2.0,0.6,17.7,83.66
홍천,2023-09-15,22.3,18.7,20.4,93.0,81.0,1.8,2.7,0.4,8.5,0.0,19.2,90.77
홍천,2023-09-16,26.2,20.1,22.5,92.1,77.0,1.9,3.5,0.6,13.1,0.3,21.1,91.19999999999999
홍천,2023-09-17,27.9,21.4,23.7,88.1,65.0,1.6,3.0,0.4,8.2,2.2,21.5,89.38999999999999
홍천,2023-09-18,29.3,20.8,24.0,84.1,54.0,3.1,6.5,0.6,7.5,4.9,20.7,85.69999999999999
홍천,2023-09-19,26.6,18.5,22.2,85.1,61.0,2.0,3.5,0.6,0.0,2.3,19.3,85.19999999999999
홍천,2023-09-20,21.5,17.4,19.7,92.1,80.0,2.3,5.6,0.9,27.7,0.0,18.3,89.89999999999999
홍천,2023-09-21,22.9,14.7,18.6,72.9,51.0,3.0,6.5,1.0,0.0,1.7,13.3,77.96000000000001
홍천,2023-09-22,24.6,13.5,17.1,79.5,38.0,1.9,3.7,0.9,0.0,7.0,13.0,79.44
홍천,2023-09-23,27.1,12.9,18.4,77.9,40.0,3.9,7.4,1.2,0.0,6.5,13.8,77.72000000000001
홍천,2023-09-24,26.2,13.1,18.8,67.6,32.0,2.7,6.3,1.1,0.0,7.9,11.6,70.85
홍천,2023-09-25,25.9,15.0,19.9,77.5,47.0,2.0,3.7,0.7,4.4,4.3,15.3,75.56
홍천,2023-09-26,20.5,17.7,19.1,95.8,93.0,1.8,3.7,0.8,17.4,0.0,18.4,89.32
홍천,2023-09-27,22.9,18.5,20.3,93.6,82.0,1.5,3.2,0.6,12.1,0.0,19.1,92.42999999999999
홍천,2023-09-28,26.4,17.3,21.1,81.4,49.0,3.5,6.1,0.8,0.0,7.1,17.3,85.27999999999999
홍천,2023-09-29,25.0,15.6,19.0,79.8,44.0,2.6,4.5,0.7,0.0,4.9,15.0,81.49999999999999
홍천,2023-09-30,22.1,15.0,17.6,85.5,65.0,3.3,5.5,0.8,2.2,1.9,14.9,83.95
홍천,2023-10-01,23.2,10.8,15.9,73.8,31.0,3.4,6.1,1.0,0.0,8.2,10.3,76.74
홍천,2023-10-02,23.1,8.9,14.3,76.0,29.0,3.2,6.1,1.0,0.0,7.1,9.0,76.50999999999999
홍천,2023-10-03,20.2,9.6,13.5,84.6,56.0,1.5,2.7,0.5,0.0,0.9,10.8,81.79999999999998
홍천,2023-10-04,21.7,10.3,14.5,86.6,48.0,2.7,5.5,0.7,5.2,3.2,11.8,85.13999999999999
홍천,2023-10-05,18.2,6.6,11.7,70.0,32.0,3.2,6.1,1.0,0.0,9.5,5.4,74.77999999999999
홍천,2023-10-06,19.7,6.1,11.7,75.5,32.0,2.3,4.0,0.8,0.0,6.7,6.5,75.50999999999999
홍천,2023-10-07,20.4,7.6,13.8,79.6,48.0,2.0,3.0,0.6,0.0,4.1,9.9,77.82
홍천,2023-10-08,19.3,10.6,14.5,79.0,56.0,2.9,5.9,0.9,0.0,0.5,10.6,78.77
홍천,2023-10-09,19.0,10.6,13.4,84.6,58.0,2.3,4.8,0.4,1.4,0.9,10.7,82.97999999999999
홍천,2023-10-10,21.8,10.2,13.6,83.4,45.0,2.2,3.7,0.7,0.0,5.8,10.5,83.2
홍천,2023-10-11,22.3,8.0,13.0,76.1,29.0,2.2,3.5,0.6,0.0,8.2,8.0,78.41
홍천,2023-10-12,22.8,7.5,13.3,79.9,41.0,1.9,4.4,0.6,0.0,6.7,9.2,79.49000000000001
홍천,2023-10-13,20.4,10.0,14.2,83.4,53.0,1.7,3.2,0.4,0.0,2.8,11.1,81.97
홍천,2023-10-14,15.7,10.3,12.2,92.0,71.0,1.5,2.7,0.4,0.5,1.0,10.8,89.07
홍천,2023-10-15,19.8,10.4,13.4,82.4,51.0,3.0,6.1,1.0,0.0,3.4,10.1,84.42
홍천,2023-10-16,20.4,7.5,13.1,77.1,40.0,2.9,5.5,0.7,0.0,6.5,8.5,79.64999999999999
홍천,2023-10-17,19.3,5.1,10.2,75.6,30.0,2.1,3.7,0.8,0.0,6.4,5.0,76.57999999999998
홍천,2023-10-18,20.8,4.5,11.3,78.0,35.0,3.0,5.4,0.7,0.0,6.5,6.8,77.42999999999999
홍천,2023-10-19,14.6,9.2,12.4,95.5,91.0,1.9,3.0,0.2,9.6,0.0,11.7,90.00999999999999
홍천,2023-10-20,15.1,4.3,11.1,51.8,25.0,5.0,10.3,1.8,0.0,8.1,0.4,63.16
홍천,2023-10-21,15.3,0.5,6.9,72.0,34.0,3.5,8.1,1.1,0.1,6.6,1.3,70.31
홍천,2023-10-22,17.4,1.0,8.5,76.8,35.0,2.8,5.8,0.7,0.0,6.8,3.8,73.34
홍천,2023-10-23,19.8,6.7,11.9,80.5,44.0,1.9,3.7,0.6,0.0,4.6,8.2,78.91
홍천,2023-10-24,19.0,7.2,11.7,84.8,50.0,2.1,4.9,0.5,0.0,3.0,8.8,83.13999999999999
홍천,2023-10-25,21.1,8.9,13.5,82.9,50.0,2.2,4.3,0.6,0.0,6.1,10.1,83.04
홍천,2023-10-26,18.9,10.5,13.7,87.5,69.0,3.4,6.5,0.7,18.5,0.1,11.4,86.31
홍천,2023-10-27,17.8,7.9,12.1,82.3,50.0,2.4,4.5,0.7,0.0,2.1,8.8,83.39999999999999
홍천,2023-10-28,17.8,6.3,9.8,83.8,44.0,1.8,3.5,0.6,0.0,4.1,6.7,83.87
홍천,2023-10-29,19.5,5.4,10.2,80.8,41.0,1.6,3.7,0.4,0.0,5.1,6.4,81.55
홍천,2023-10-30,20.7,4.5,10.7,79.4,36.0,1.8,3.7,0.4,0.0,6.0,6.4,80.11999999999999
홍천,2023-10-31,20.0,5.6,11.3,82.4,46.0,2.3,4.8,0.6,0.0,5.4,7.9,81.64
홍천,2023-11-01,18.0,9.4,13.8,88.6,78.0,2.1,3.7,0.3,0.0,0.0,11.9,86.43999999999998
홍천,2023-11-02,25.1,11.1,17.5,70.1,33.0,3.7,8.1,0.7,0.0,4.7,11.1,75.02999999999999
홍천,2023-11-03,22.8,8.7,15.8,79.9,58.0,2.8,7.0,0.8,15.2,1.6,12.1,78.81
홍천,2023-11-04,19.5,13.0,15.9,78.5,61.0,2.2,4.5,0.9,0.0,0.0,11.9,77.94
홍천,2023-11-05,19.8,12.2,15.6,90.5,73.0,2.8,6.5,0.5,21.3,0.9,14.0,87.03999999999999
홍천,2023-11-06,20.3,6.5,14.1,79.1,56.0,5.1,11.6,2.8,43.6,1.0,10.5,81.32
홍천,2023-11-07,10.2,1.2,5.8,61.1,32.0,5.0,9.8,2.1,0.0,7.2,-1.6,67.64
홍천,2023-11-08,15.4,-0.4,5.5,74.8,33.0,1.7,3.2,0.6,0.0,7.0,0.6,72.49
홍천,2023-11-09,18.8,1.0,8.9,85.6,51.0,4.0,9.1,0.6,1.5,3.2,6.3,80.99
홍천,2023-11-10,10.2,-0.5,5.2,51.6,25.0,3.5,7.3,1.3,0.0,7.4,-4.9,60.72
홍천,2023-11-11,7.8,-3.1,1.1,62.8,29.0,2.5,4.4,0.7,0.0,4.0,-5.8,62.839999999999996
홍천,2023-11-12,5.4,-4.8,-0.6,63.3,30.0,2.4,5.3,0.8,0.0,7.5,-7.5,62.03
홍천,2023-11-13,7.5,-5.8,-0.1,62.3,24.0,2.8,4.9,0.7,0.0,7.5,-7.5,62.55
홍천,2023-11-14,9.8,-4.6,1.6,67.3,33.0,3.4,5.5,0.5,0.0,7.3,-4.6,65.89999999999999
홍천,2023-11-15,11.9,-3.1,3.1,74.6,40.0,2.7,5.0,0.5,0.0,7.1,-1.5,71.91
홍천,2023-11-16,5.4,0.1,3.0,92.0,81.0,1.5,2.5,0.4,4.4,0.0,1.8,86.05
홍천,2023-11-17,6.8,-1.9,1.9,64.3,34.0,4.0,9.3,1.5,0.0,3.7,-4.7,70.86999999999999
홍천,2023-11-18,4.5,-4.3,-0.5,56.0,38.0,4.3,8.1,1.7,0.0,6.9,-8.6,61.26
홍천,2023-11-19,8.5,-3.6,2.3,80.1,59.0,2.1,3.9,0.7,0.0,1.2,-1.0,73.69999999999999
홍천,2023-11-20,11.7,-2.5,2.5,75.4,31.0,2.0,3.9,0.5,0.0,5.8,-2.2,74.39999999999999
홍천,2023-11-21,13.9,-3.0,3.3,70.3,29.0,1.9,4.0,0.3,0.0,6.6,-2.6,72.3
홍천,2023-11-22,14.7,-2.9,5.2,67.9,31.0,2.3,4.8,0.4,0.0,6.5,-1.1,69.13000000000001
홍천,2023-11-23,15.7,3.3,9.0,63.8,30.0,4.8,13.1,1.6,1.1,6.2,2.0,65.27
홍천,2023-11-24,3.3,-3.9,-0.8,45.5,26.0,4.5,9.3,2.1,0.0,6.3,-11.5,51.4
홍천,2023-11-25,3.6,-7.9,-2.7,52.5,20.0,1.7,3.5,0.7,0.0,6.2,-12.1,52.230000000000004
홍천,2023-11-26,6.1,-2.5,1.6,51.8,26.0,1.4,2.5,0.5,0.0,2.0,-7.7,51.309999999999995
홍천,2023-11-27,6.5,0.9,3.5,87.3,66.0,2.8,5.5,0.5,2.8,0.0,1.5,76.72
홍천,2023-11-28,5.7,-1.6,1.9,52.1,30.0,5.7,11.5,2.1,0.0,4.5,-7.3,59.11
홍천,2023-11-29,2.8,-5.5,-1.7,60.5,37.0,3.8,7.1,1.3,0.0,2.7,-8.5,61.5
홍천,2023-11-30,-0.4,-7.8,-4.6,44.8,29.0,3.3,7.8,1.4,0.0,6.1,-15.1,48.669999999999995
홍천,2023-12-01,1.2,-10.3,-5.1,59.4,25.0,3.8,6.5,0.9,0.0,6.0,-12.8,56.59
홍천,2023-12-02,4.9,-9.6,-1.8,70.6,48.0,2.4,6.3,0.7,0.1,3.4,-6.5,65.78
홍천,2023-12-03,5.7,-5.5,-1.0,62.3,31.0,3.2,5.6,0.6,0.0,6.0,-7.9,63.66999999999999
홍천,2023-12-04,7.5,-7.4,-1.4,67.9,32.0,2.0,3.5,0.3,0.0,6.0,-7.2,67.05
홍천,2023-12-05,10.6,-4.6,1.1,72.3,42.0,1.8,2.5,0.3,0.0,5.9,-3.8,70.42
홍천,2023-12-06,6.5,-2.8,2.6,83.3,62.0,3.0,7.9,0.4,6.6,0.0,-0.1,79.56
홍천,2023-12-07,10.0,-1.5,3.9,65.8,38.0,3.3,7.8,1.2,0.0,5.6,-2.4,69.95
홍천,2023-12-08,15.6,-1.4,5.9,81.8,50.0,2.7,6.0,0.5,0.0,5.0,2.7,78.74999999999999
홍천,2023-12-09,16.3,5.8,10.6,85.6,63.0,2.3,5.6,0.4,0.0,1.1,8.1,82.86
홍천,2023-12-10,13.3,6.0,9.1,85.1,67.0,2.1,3.7,0.6,0.0,3.7,6.5,84.87
홍천,2023-12-11,11.0,4.0,7.9,83.8,67.0,2.3,5.0,1.0,19.3,0.0,5.2,84.24
홍천,2023-12-12,8.1,-0.4,4.0,79.9,61.0,2.1,4.0,0.8,0.2,1.4,0.7,81.2
홍천,2023-12-13,10.3,-0.5,4.7,81.3,58.0,2.7,4.5,0.6,0.0,5.5,1.5,81.27
홍천,2023-12-14,7.1,4.2,5.7,88.8,76.0,2.3,5.6,1.0,18.0,0.0,3.9,86.41
홍천,2023-12-15,4.3,2.0,3.1,93.4,87.0,2.9,5.6,1.2,37.3,0.0,2.1,91.27
홍천,2023-12-16,3.4,-9.6,-3.2,68.1,44.0,6.0,14.1,2.8,2.0,1.6,-8.5,75.22999999999999
홍천,2023-12-17,-6.6,-12.3,-9.8,47.3,29.0,3.5,7.1,1.7,0.0,5.9,-19.2,56.07
홍천,2023-12-18,-4.4,-13.8,-8.7,64.1,33.0,2.0,3.7,0.7,0.0,2.2,-14.7,61.13999999999999
홍천,2023-12-19,0.8,-9.6,-4.3,70.0,34.0,2.6,4.8,0.7,0.0,3.3,-9.3,66.55
홍천,2023-12-20,-3.1,-11.1,-6.5,57.0,42.0,3.7,8.0,1.7,0.0,4.6,-13.8,60.31
홍천,2023-12-21,-7.7,-14.0,-11.2,49.8,34.0,3.2,6.0,1.6,0.0,5.8,-19.8,53.25999999999999
홍천,2023-12-22,-7.3,-15.1,-11.9,52.8,32.0,3.5,6.5,1.1,0.0,5.8,-19.9,52.62
홍천,2023-12-23,-2.4,-16.0,-10.0,64.5,31.0,1.5,3.2,0.4,0.0,5.7,-16.0,60.69
홍천,2023-12-24,1.1,-10.7,-5.7,74.1,55.0,2.0,4.0,0.5,0.0,4.0,-9.7,70.05
홍천,2023-12-25,0.6,-6.8,-3.8,87.4,70.0,1.9,4.0,0.3,0.2,0.0,-5.6,82.45
홍천,2023-12-26,5.6,-7.0,-1.6,82.6,54.0,2.4,6.4,0.3,0.0,2.0,-4.4,82.71
홍천,2023-12-27,5.2,-7.0,-2.3,83.0,54.0,1.4,2.5,0.3,0.0,5.6,-5.0,83.35999999999999
홍천,2023-12-28,5.2,-5.9,-1.7,75.1,27.0,3.1,6.4,0.5,0.0,5.2,-6.1,77.42999999999999
홍천,2023-12-29,5.0,-7.3,-2.4,78.5,51.0,1.8,3.7,0.3,0.0,5.7,-5.9,78.27
홍천,2023-12-30,0.2,-5.9,-2.3,94.1,88.0,1.3,2.4,0.2,8.5,0.0,-3.1,89.08
홍천,2023-12-31,4.0,0.0,1.2,97.0,84.0,1.6,4.1,0.2,4.9,0.3,0.7,94.57
홍천,2024-01-01,5.9,-0.1,2.1,88.4,63.0,1.1,2.0,0.1,0.0,1.1,0.2,90.69
홍천,2024-01-02,4.3,-0.3,1.8,83.0,59.0,2.5,4.9,0.3,0.0,0.0,-1.0,85.48
홍천,2024-01-03,3.7,-2.8,0.2,87.0,69.0,1.9,3.7,0.3,0.0,0.2,-1.7,86.34
홍천,2024-01-04,2.8,-4.8,-1.2,84.6,58.0,1.8,3.7,0.3,0.0,0.7,-3.6,84.91999999999999
홍천,2024-01-05,8.7,-2.1,2.6,79.0,56.0,3.2,7.0,0.6,0.0,3.3,-0.8,80.92
홍천,2024-01-06,4.7,-4.8,-0.8,73.6,31.0,3.1,6.4,0.8,0.4,5.9,-5.9,75.77999999999999
홍천,2024-01-07,-0.9,-8.1,-3.9,47.1,24.0,4.5,10.0,1.9,0.0,6.0,-14.3,55.589999999999996
홍천,2024-01-08,-0.3,-12.1,-6.3,59.3,28.0,2.2,4.0,0.6,0.0,6.0,-13.7,58.29
홍천,2024-01-09,-1.0,-4.9,-2.6,82.4,58.0,0.8,1.7,0.1,1.9,0.0,-5.4,74.24999999999999
홍천,2024-01-10,4.4,-4.4,-1.3,83.5,56.0,1.7,3.4,0.4,0.0,6.0,-3.9,80.85999999999999
홍천,2024-01-11,2.5,-4.4,0.0,76.6,61.0,2.2,5.0,0.6,0.0,0.3,-3.6,78.55999999999999
홍천,2024-01-12,5.7,-3.8,0.3,62.6,23.0,3.5,6.5,0.8,0.0,6.0,-7.2,67.49
홍천,2024-01-13,4.0,-8.1,-3.2,62.0,22.0,1.7,2.5,0.4,0.0,6.1,-10.4,63.58
홍천,2024-01-14,-0.7,-8.3,-3.6,85.3,64.0,1.5,3.0,0.2,2.8,0.5,-5.8,78.37
홍천,2024-01-15,1.0,-8.2,-4.2,72.6,40.0,2.2,3.7,0.5,0.0,5.7,-8.8,74.08
홍천,2024-01-16,3.1,-12.0,-5.5,71.3,37.0,1.4,2.5,0.3,0.0,6.2,-10.4,72.96
홍천,2024-01-17,0.6,-7.8,-2.2,88.0,61.0,1.2,1.8,0.1,4.6,0.1,-4.0,83.12
홍천,2024-01-18,7.2,0.6,3.1,86.5,69.0,2.2,5.0,0.4,0.9,0.6,1.0,85.28
홍천,2024-01-19,6.2,2.8,4.0,66.5,55.0,4.0,7.9,1.6,0.0,0.0,-1.7,72.64999999999999
홍천,2024-01-20,5.2,0.3,2.5,71.3,55.0,3.8,7.8,1.5,0.9,0.0,-2.3,71.86
홍천,2024-01-21,4.0,-0.4,1.5,83.0,66.0,2.3,6.1,0.5,0.1,0.0,-1.1,79.01
홍천,2024-01-22,1.6,-12.1,-7.2,61.4,48.0,4.7,8.6,2.5,0.0,1.7,-13.4,66.71
홍천,2024-01-23,-8.3,-14.3,-11.6,52.5,35.0,4.4,7.9,1.9,0.0,6.7,-19.6,57.33
홍천,2024-01-24,-4.9,-16.1,-10.5,59.5,34.0,3.3,6.4,0.9,0.0,6.8,-17.5,58.29
홍천,2024-01-25,-0.8,-14.6,-8.2,60.8,29.0,1.8,4.1,0.5,0.0,6.9,-15.2,59.709999999999994
홍천,2024-01-26,3.8,-12.0,-5.0,63.3,28.0,2.6,4.5,0.5,0.0,7.0,-11.7,62.42
홍천,2024-01-27,4.2,-9.4,-3.3,69.3,37.0,1.9,3.9,0.4,0.0,5.5,-8.6,67.25
홍천,2024-01-28,3.0,-6.9,-3.1,69.9,42.0,2.6,5.1,0.5,0.0,5.9,-8.2,69.12
홍천,2024-01-29,4.2,-9.4,-3.4,69.1,29.0,2.3,4.6,0.4,0.0,7.1,-8.9,69.28
홍천,2024-01-30,6.9,-8.9,-2.4,66.6,31.0,1.6,2.5,0.3,0.0,7.4,-8.5,67.42999999999999
홍천,2024-01-31,11.0,-4.4,1.4,60.1,22.0,2.7,4.8,0.4,0.0,7.2,-6.3,62.3
홍천,2024-02-01,7.9,-5.1,0.5,67.0,38.0,4.9,8.6,1.0,0.0,5.7,-5.3,65.58
홍천,2024-02-02,8.1,-2.1,2.1,61.1,31.0,2.8,5.0,0.8,0.0,5.4,-5.0,62.17999999999999
홍천,2024-02-03,7.8,-4.2,1.7,70.8,48.0,1.6,3.2,0.4,0.0,1.1,-3.3,68.47999999999999
홍천,2024-02-04,11.3,0.2,5.0,64.8,40.0,2.5,6.0,0.9,0.0,7.0,-1.4,65.63
홍천,2024-02-05,4.3,-1.0,1.9,77.3,52.0,4.9,10.5,1.6,1.9,0.0,-1.7,74.14999999999999
홍천,2024-02-06,2.7,-1.6,0.3,82.5,74.0,1.3,3.0,0.3,0.1,0.0,-2.3,79.69
홍천,2024-02-07,2.8,-3.4,-0.9,84.8,57.0,1.7,3.4,0.3,0.4,0.0,-3.3,83.58999999999999
홍천,2024-02-08,5.4,-5.0,-1.0,77.1,42.0,2.0,4.0,0.4,0.0,5.5,-5.0,79.17999999999999
홍천,2024-02-09,5.9,-5.8,-0.7,70.8,41.0,3.3,6.5,0.7,0.0,6.9,-5.9,73.46
홍천,2024-02-10,6.1,-6.0,-1.3,72.5,33.0,2.7,5.5,0.6,0.1,1.8,-6.1,72.61999999999999
홍천,2024-02-11,4.9,-7.4,-1.2,70.9,38.0,4.5,8.1,0.9,0.0,5.8,-6.4,71.21
홍천,2024-02-12,9.5,-5.9,0.3,69.1,25.0,2.8,5.6,0.5,0.0,7.0,-5.5,69.79999999999998
홍천,2024-02-13,13.8,-3.9,4.0,72.9,47.0,3.6,8.5,0.7,0.0,4.6,-0.8,71.94
홍천,2024-02-14,17.7,2.8,8.6,75.5,50.0,3.0,6.3,0.4,0.0,2.9,4.2,74.33999999999999
홍천,2024-02-15,8.8,-1.8,3.8,90.1,83.0,2.7,5.5,0.6,14.5,0.0,2.3,85.46
홍천,2024-02-16,5.5,-3.7,-0.3,84.5,55.0,1.5,2.7,0.4,0.0,3.0,-2.7,84.72
홍천,2024-02-17,11.4,-3.4,1.9,79.3,35.0,2.6,4.5,0.6,0.0,6.4,-1.8,81.42
홍천,2024-02-18,12.0,-3.0,4.4,80.5,41.0,1.4,2.2,0.2,13.1,2.6,0.8,80.66
홍천,2024-02-19,10.9,6.7,8.6,98.0,94.0,3.3,6.3,0.3,23.3,0.0,8.2,92.63
홍천,2024-02-20,8.5,2.8,4.9,80.9,65.0,3.2,6.4,1.5,1.2,0.0,1.7,84.28
홍천,2024-02-21,3.7,-0.6,1.5,88.0,70.0,2.5,5.0,0.9,7.8,0.0,-0.3,87.58
홍천,2024-02-22,1.8,-1.8,-0.2,77.3,64.0,3.2,6.5,1.3,4.3,0.0,-3.8,79.8
홍천,2024-02-23,4.7,-2.1,0.6,66.0,47.0,3.9,8.0,1.4,0.3,4.8,-5.2,70.46
홍천,2024-02-24,6.8,-4.8,0.5,73.8,41.0,2.4,4.6,0.8,1.7,6.0,-4.2,72.59
홍천,2024-02-25,5.9,-0.5,1.5,88.3,63.0,2.1,3.9,0.4,2.3,1.8,-0.3,83.16999999999999
홍천,2024-02-26,8.8,-1.9,1.9,74.5,41.0,2.9,5.0,0.7,0.0,4.2,-2.7,77.19
홍천,2024-02-27,8.2,-3.3,1.6,67.6,34.0,2.4,5.0,0.6,0.0,5.8,-4.4,71.05
홍천,2024-02-28,9.5,-1.6,3.5,68.8,44.0,2.4,3.9,0.5,0.0,1.8,-2.0,69.13
홍천,2024-02-29,8.8,-0.4,3.6,68.5,41.0,3.9,6.6,0.4,0.0,0.0,-2.1,68.47
홍천,2024-03-01,3.2,-6.8,-2.9,31.6,17.0,5.3,9.6,2.8,0.0,8.9,-17.9,42.7
홍천,2024-03-02,3.4,-10.5,-2.5,61.0,41.0,4.8,12.0,1.7,0.0,7.1,-9.2,55.87
홍천,2024-03-03,8.4,-3.1,2.1,74.4,39.0,3.9,9.0,0.8,2.6,4.4,-2.7,67.44
홍천,2024-03-04,11.4,-3.8,3.2,62.6,23.0,2.0,3.5,0.5,0.0,8.5,-4.7,64.8
홍천,2024-03-05,11.0,1.0,4.5,65.1,45.0,3.0,6.4,0.6,0.0,0.0,-1.7,65.53
홍천,2024-03-06,7.9,-1.5,2.6,70.3,47.0,3.3,6.4,1.0,0.0,0.3,-2.7,68.49
홍천,2024-03-07,7.8,-2.0,1.4,80.9,44.0,3.5,6.8,0.8,0.0,1.4,-1.7,77.2
홍천,2024-03-08,7.0,-4.7,1.0,52.9,22.0,4.5,10.1,1.7,0.0,9.1,-9.2,60.239999999999995
홍천,2024-03-09,8.1,-5.9,1.0,47.8,17.0,3.2,8.1,0.8,0.0,9.5,-10.5,52.129999999999995
홍천,2024-03-10,11.2,-5.1,2.6,50.9,21.0,3.6,7.1,0.9,0.0,9.6,-7.8,50.48
홍천,2024-03-11,9.9,-2.1,3.3,55.1,26.0,3.2,6.8,0.5,0.0,0.5,-5.6,53.53
홍천,2024-03-12,9.1,-0.2,3.6,69.0,48.0,3.0,5.5,0.6,0.2,0.5,-1.8,64.41
홍천,2024-03-13,13.0,-3.2,4.4,57.8,20.0,4.7,9.0,1.1,0.0,9.5,-4.7,59.76999999999999
홍천,2024-03-14,15.7,-1.8,6.2,52.3,20.0,3.3,6.5,0.9,0.0,9.8,-4.1,55.06999999999999
홍천,2024-03-15,18.0,-1.6,7.7,49.3,24.0,4.4,9.3,1.0,0.0,9.9,-3.6,50.75
홍천,2024-03-16,18.9,0.1,9.8,51.1,20.0,3.2,5.6,0.8,0.0,7.6,-0.8,50.86
홍천,2024-03-17,14.5,3.7,9.8,39.3,20.0,4.4,9.6,1.9,0.0,7.4,-4.3,42.66
홍천,2024-03-18,13.8,-2.0,6.0,38.3,14.0,4.5,7.9,1.0,0.0,10.0,-9.4,39.779999999999994
홍천,2024-03-19,10.6,2.6,5.4,56.6,34.0,5.1,10.3,1.6,2.0,1.1,-2.8,51.21
홍천,2024-03-20,7.9,-1.1,2.6,61.9,25.0,4.3,9.6,1.4,1.2,6.8,-5.4,58.48
홍천,2024-03-21,11.7,-4.1,3.6,54.5,22.0,3.4,6.5,0.8,0.0,10.0,-6.4,56.19
홍천,2024-03-22,16.0,0.2,8.0,64.0,27.0,4.1,11.0,1.2,6.7,4.4,0.3,61.88999999999999
홍천,2024-03-23,19.8,7.6,12.1,69.3,31.0,2.7,5.0,0.7,0.0,8.2,5.4,66.76
홍천,2024-03-24,23.5,3.9,13.0,51.6,15.0,2.4,5.6,0.8,0.0,7.4,0.8,56.379999999999995
홍천,2024-03-25,12.9,5.1,8.2,73.5,50.0,4.1,8.6,1.5,5.8,0.0,3.4,68.69999999999999
홍천,2024-03-26,10.3,1.0,5.0,82.1,53.0,2.8,6.0,0.7,13.9,1.8,1.9,77.32999999999998
홍천,2024-03-27,16.4,0.8,8.4,73.0,33.0,3.4,6.3,0.7,0.0,7.6,2.9,74.86999999999999
홍천,2024-03-28,10.1,7.4,8.7,89.5,81.0,1.2,2.5,0.3,2.1,0.0,7.0,85.46
홍천,2024-03-29,12.0,3.0,7.2,77.1,35.0,3.7,7.6,1.3,0.5,2.3,3.0,79.16999999999999
홍천,2024-03-30,16.2,-1.0,7.6,60.0,28.0,4.3,9.1,1.2,0.0,4.7,-0.4,66.37
홍천,2024-03-31,17.6,-0.2,9.2,45.5,15.0,2.8,5.5,0.7,0.0,8.6,-4.2,51.559999999999995
홍천,2024-04-01,20.0,1.2,10.6,46.0,16.0,4.9,7.8,1.1,0.0,10.5,-3.0,47.3
홍천,2024-04-02,25.0,2.2,13.8,44.8,15.0,3.4,7.3,0.9,0.0,9.3,0.0,45.10999999999999
홍천,2024-04-03,15.7,10.0,12.3,62.6,53.0,2.3,5.1,1.1,0.9,0.0,5.3,57.38
홍천,2024-04-04,17.1,8.8,12.7,45.9,27.0,3.7,6.6,1.4,0.0,1.8,0.6,49.129999999999995
홍천,2024-04-05,19.0,5.5,11.9,58.1,35.0,3.6,7.6,1.0,0.0,3.2,3.4,56.11
홍천,2024-04-06,19.5,4.5,11.8,61.0,30.0,2.6,6.0,0.7,0.0,5.6,3.3,58.91
홍천,2024-04-07,23.9,3.7,13.8,51.6,17.0,3.4,6.3,0.8,0.0,11.4,2.1,54.13
홍천,2024-04-08,23.8,7.3,15.6,50.1,16.0,3.0,5.0,0.7,0.0,3.4,4.1,51.49
홍천,2024-04-09,18.1,7.4,12.3,33.8,21.0,4.3,8.8,2.5,0.0,11.8,-3.8,38.84
홍천,2024-04-10,19.6,4.4,12.3,53.5,31.0,3.6,6.5,1.3,0.0,6.4,2.7,49.21999999999999
홍천,2024-04-11,20.7,9.8,14.0,66.4,40.0,1.6,3.7,0.5,0.0,1.8,7.2,60.56000000000001
홍천,2024-04-12,25.5,6.7,15.7,61.9,30.0,2.8,5.8,0.8,0.0,9.6,7.1,61.96
홍천,2024-04-13,28.7,7.6,17.9,51.5,18.0,3.3,7.0,0.7,0.0,11.6,5.4,55.07
홍천,2024-04-14,30.9,8.7,19.3,46.8,15.0,3.5,6.6,0.8,0.0,11.1,5.6,49.25
홍천,2024-04-15,17.6,12.4,14.9,80.6,54.0,4.1,11.1,0.8,21.5,0.0,11.3,70.93
홍천,2024-04-16,18.1,10.2,13.7,78.1,50.0,4.9,10.6,1.3,0.3,3.0,9.5,75.47
홍천,2024-04-17,22.0,7.9,14.2,69.6,32.0,2.5,5.0,0.7,0.0,8.1,7.5,72.39999999999999
홍천,2024-04-18,26.4,7.3,16.9,57.8,21.0,2.6,6.8,0.8,0.0,11.2,6.6,62.19
홍천,2024-04-19,25.9,8.0,17.2,56.1,28.0,2.6,5.5,0.8,0.0,10.3,7.1,57.79
홍천,2024-04-20,15.4,12.1,13.5,85.5,70.0,2.3,5.4,0.8,5.7,0.0,11.0,76.85
홍천,2024-04-21,19.8,11.9,15.4,71.9,54.0,5.2,10.3,1.7,0.0,0.3,10.0,73.04
홍천,2024-04-22,23.2,11.4,15.9,63.0,36.0,3.7,7.9,1.2,0.0,4.2,8.2,67.03
홍천,2024-04-23,21.9,7.5,14.5,63.8,36.0,4.5,10.6,1.9,0.2,7.7,6.9,64.45
홍천,2024-04-24,16.0,10.1,12.9,81.6,66.0,2.4,5.1,0.9,9.7,1.2,9.6,76.17999999999999
홍천,2024-04-25,22.4,10.1,15.0,72.0,41.0,2.9,5.5,1.0,0.0,7.3,9.4,73.1
홍천,2024-04-26,26.3,8.9,16.7,63.0,17.0,2.5,4.6,0.7,0.0,9.6,8.0,66.66
홍천,2024-04-27,28.1,8.4,17.9,56.9,17.0,2.8,6.0,0.8,0.0,11.7,6.6,59.63
홍천,2024-04-28,29.3,9.1,19.0,51.4,16.0,3.5,7.5,1.1,0.0,11.7,6.4,53.66
홍천,2024-04-29,23.1,12.9,17.4,52.6,41.0,3.7,7.8,1.7,0.0,7.4,7.3,52.79
홍천,2024-04-30,22.6,10.2,15.6,65.3,47.0,3.3,6.3,1.2,0.0,1.9,8.8,61.37
홍천,2024-05-01,23.9,10.9,16.1,44.3,23.0,3.0,5.8,1.2,0.0,9.7,3.0,49.32999999999999
홍천,2024-05-02,25.1,6.4,16.2,54.1,27.0,3.2,8.0,1.0,0.0,12.4,5.4,53.26
홍천,2024-05-03,28.3,7.4,18.0,55.4,24.0,3.1,5.5,0.9,0.0,12.3,7.2,54.029999999999994
홍천,2024-05-04,29.0,9.6,19.6,53.6,12.0,3.6,6.3,0.9,0.0,12.0,7.9,54.00999999999999
홍천,2024-05-05,19.4,15.2,17.4,85.6,65.0,3.3,8.1,1.0,26.6,0.0,14.8,76.18
홍천,2024-05-06,17.7,12.9,14.6,91.1,81.0,2.4,6.5,0.9,7.6,0.0,13.1,86.24999999999999
홍천,2024-05-07,16.9,9.7,12.6,77.6,54.0,4.1,8.1,1.5,2.5,0.0,8.5,81.1
홍천,2024-05-08,21.8,5.5,13.3,65.3,29.0,2.7,5.3,0.9,0.0,11.0,5.7,70.33999999999999
홍천,2024-05-09,23.0,6.1,14.6,63.9,32.0,3.4,8.3,1.2,0.0,11.7,6.8,65.55
홍천,2024-05-10,25.0,8.4,16.5,57.5,26.0,4.4,9.5,1.3,0.0,11.4,6.7,59.56
홍천,2024-05-11,23.2,8.2,16.1,76.5,50.0,4.1,10.6,1.3,17.8,1.5,11.6,71.44
홍천,2024-05-12,22.3,9.8,15.5,66.4,32.0,3.7,7.0,1.3,0.0,10.2,8.1,67.53
홍천,2024-05-13,24.9,8.0,16.4,58.8,22.0,3.9,7.3,1.1,0.0,11.5,6.7,62.089999999999996
홍천,2024-05-14,26.2,8.4,17.3,56.3,23.0,4.2,7.5,1.1,0.0,12.5,6.9,57.809999999999995
홍천,2024-05-15,22.6,7.3,13.0,75.5,40.0,3.9,7.0,1.1,36.5,6.3,8.0,69.99
홍천,2024-05-16,20.2,7.3,12.6,63.6,25.0,4.4,8.8,1.7,1.1,8.8,4.7,65.25
홍천,2024-05-17,24.8,6.1,15.5,69.0,39.0,3.5,7.3,1.0,0.0,9.5,9.0,68.57
홍천,2024-05-18,27.0,9.8,18.8,68.5,40.0,3.4,5.9,0.9,0.0,10.8,12.0,68.11
홍천,2024-05-19,29.0,12.6,20.4,57.6,20.0,3.3,6.4,1.0,0.0,10.7,9.3,60.92
홍천,2024-05-20,22.7,12.6,17.1,78.3,62.0,1.5,2.7,0.5,0.0,0.5,13.2,73.17999999999999
홍천,2024-05-21,28.0,14.5,20.5,60.8,26.0,2.5,5.5,1.2,0.0,11.1,11.7,63.98
홍천,2024-05-22,27.6,12.3,19.6,66.9,38.0,3.7,6.3,1.2,0.0,12.1,12.6,66.82
홍천,2024-05-23,28.9,13.5,20.8,63.5,33.0,3.3,6.0,1.0,0.0,12.6,12.7,63.91
홍천,2024-05-24,24.7,14.7,19.2,70.0,52.0,3.2,7.0,1.1,0.0,2.1,13.3,68.39
홍천,2024-05-25,24.0,14.7,18.6,65.6,43.0,2.5,5.0,1.1,0.0,2.0,11.7,66.27
홍천,2024-05-26,25.2,14.9,19.2,77.3,44.0,4.4,8.1,1.2,7.4,4.8,14.6,74.22999999999999
홍천,2024-05-27,22.9,13.5,17.7,61.6,40.0,5.1,10.1,2.3,0.0,8.7,9.5,65.14
홍천,2024-05-28,24.5,10.7,17.4,60.5,29.0,3.9,8.6,1.4,0.0,11.6,8.5,62.39999999999999
홍천,2024-05-29,27.8,9.2,18.6,60.5,31.0,3.0,6.5,1.0,0.0,12.2,9.7,60.61
홍천,2024-05-30,23.9,12.3,18.1,67.0,32.0,1.7,3.2,0.6,0.0,1.2,11.3,65.05
홍천,2024-05-31,26.9,13.5,19.9,60.9,30.0,3.8,7.0,1.3,0.0,9.7,11.1,62.08
홍천,2024-06-01,26.1,16.0,19.7,63.3,32.0,4.0,7.5,1.5,0.0,6.7,11.8,63.19
홍천,2024-06-02,25.3,11.8,18.5,63.5,36.0,2.8,5.5,0.9,0.0,6.3,10.6,63.2
홍천,2024-06-03,27.6,11.4,18.9,53.5,25.0,4.6,8.5,1.5,0.0,12.2,7.7,56.48
홍천,2024-06-04,28.7,9.3,19.6,55.8,25.0,3.4,6.5,0.9,0.0,12.6,9.0,56.11
홍천,2024-06-05,30.2,13.1,22.0,59.5,32.0,3.2,6.1,0.9,0.0,10.1,12.6,58.160000000000004
홍천,2024-06-06,30.4,15.6,20.8,71.3,32.0,4.4,9.6,1.0,14.4,8.1,14.3,67.39
홍천,2024-06-07,27.9,13.8,20.8,70.9,44.0,2.2,6.6,0.9,1.1,7.6,14.6,69.84
홍천,2024-06-08,22.7,17.5,19.0,91.1,73.0,1.8,3.0,0.4,17.2,0.9,17.4,85.07999999999998
홍천,2024-06-09,28.4,17.8,22.2,74.4,42.0,2.8,6.5,1.0,0.0,10.0,16.8,77.39
홍천,2024-06-10,29.4,16.5,23.2,71.1,49.0,3.9,6.5,1.1,0.0,9.0,17.0,73.76
홍천,2024-06-11,30.7,18.9,24.3,67.4,42.0,3.0,5.5,1.1,0.0,9.3,17.3,68.84
홍천,2024-06-12,32.0,16.1,24.3,62.5,31.0,3.7,6.5,1.1,0.0,10.9,15.5,64.34
홍천,2024-06-13,32.9,17.8,24.9,61.3,26.0,2.5,5.0,1.0,0.0,12.8,15.6,62.15
홍천,2024-06-14,33.4,17.2,25.4,57.9,30.0,3.8,6.5,1.2,0.0,11.6,15.4,59.03999999999999
홍천,2024-06-15,26.8,19.3,22.4,80.4,59.0,2.6,4.6,1.0,8.2,2.9,18.7,73.99
홍천,2024-06-16,29.4,17.8,23.4,62.8,33.0,4.0,7.4,1.4,0.0,11.5,14.5,65.83
홍천,2024-06-17,29.8,14.8,22.3,59.1,31.0,3.8,7.5,1.2,0.0,11.8,12.7,61.97
홍천,2024-06-18,32.6,14.3,24.0,58.9,37.0,3.4,6.5,1.1,0.0,13.0,14.6,59.33
홍천,2024-06-19,35.5,17.3,26.2,55.8,22.0,2.6,5.1,1.0,0.0,13.0,15.1,56.75
홍천,2024-06-20,35.1,18.7,26.0,58.0,25.0,3.0,5.6,1.1,0.0,10.1,16.1,57.64999999999999
홍천,2024-06-21,33.7,17.9,25.8,61.5,36.0,3.0,6.0,1.1,0.0,10.5,17.1,60.23
홍천,2024-06-22,24.4,21.1,22.5,87.1,72.0,1.7,3.5,0.7,16.7,0.0,20.1,79.07
홍천,2024-06-23,29.8,20.4,23.8,82.3,56.0,3.3,8.8,1.0,13.1,4.2,20.3,81.17999999999999
홍천,2024-06-24,29.8,20.2,24.3,68.6,45.0,4.2,8.0,1.6,1.0,9.9,17.6,73.18999999999998
홍천,2024-06-25,26.1,16.3,21.5,64.8,45.0,4.1,8.0,1.3,0.0,6.9,14.0,67.30999999999999
홍천,2024-06-26,30.2,15.5,22.9,65.6,34.0,2.8,4.6,0.9,0.0,12.7,15.2,65.74
홍천,2024-06-27,30.1,16.9,23.4,70.6,40.0,2.6,4.3,0.8,0.0,9.6,17.2,69.02
홍천,2024-06-28,32.4,17.2,24.3,64.9,29.0,2.5,5.1,0.9,0.0,11.4,16.1,66.11
홍천,2024-06-29,32.4,17.8,24.7,72.3,42.0,2.5,5.8,1.0,31.1,8.1,18.5,70.64999999999999
홍천,2024-06-30,25.7,21.9,23.6,87.0,77.0,3.6,8.6,1.4,33.1,1.0,21.2,81.85
홍천,2024-07-01,30.2,21.6,25.1,76.9,53.0,2.4,4.5,0.9,0.0,7.2,20.3,78.46000000000001
홍천,2024-07-02,23.8,20.9,21.8,91.1,79.0,2.1,4.9,1.2,62.5,0.0,20.2,87.85
홍천,2024-07-03,26.8,21.2,24.1,82.9,67.0,3.0,7.3,1.1,8.0,0.3,20.8,83.94
홍천,2024-07-04,30.4,21.0,25.7,76.0,55.0,3.5,6.3,1.2,6.1,4.2,20.8,78.89
홍천,2024-07-05,27.2,20.9,24.2,76.9,61.0,4.5,9.8,1.9,6.2,2.9,19.7,77.32000000000001
홍천,2024-07-06,30.1,20.2,24.6,85.4,68.0,4.7,10.1,1.4,6.1,0.4,21.8,82.75999999999999
홍천,2024-07-07,26.8,20.2,23.3,88.0,69.0,2.7,5.3,0.7,11.2,0.1,21.0,86.36999999999999
홍천,2024-07-08,25.3,22.5,23.3,96.0,83.0,1.8,3.2,0.4,19.1,0.0,22.5,93.33999999999999
홍천,2024-07-09,27.0,21.8,23.8,87.6,73.0,2.6,4.9,0.6,0.0,0.1,21.5,89.32
홍천,2024-07-10,31.8,21.0,25.1,80.9,53.0,3.8,8.1,0.9,16.3,7.8,21.3,83.75
홍천,2024-07-11,31.2,20.7,25.1,79.0,53.0,2.7,4.8,1.2,0.0,8.2,20.8,80.24000000000001
홍천,2024-07-12,30.7,22.1,25.5,81.3,60.0,2.6,5.0,0.9,0.0,7.2,21.7,80.8
홍천,2024-07-13,33.5,21.7,26.5,71.8,38.0,2.9,4.6,1.1,0.0,10.3,20.4,74.42
홍천,2024-07-14,31.6,20.9,25.7,68.3,52.0,2.8,5.5,1.4,0.0,5.3,19.1,70.3
홍천,2024-07-15,31.5,21.1,25.9,73.0,53.0,3.0,5.5,1.2,0.0,5.8,20.3,71.94
홍천,2024-07-16,31.5,22.3,25.7,80.6,53.0,2.8,5.3,1.0,14.7,5.6,21.7,77.85
홍천,2024-07-17,29.1,22.5,24.2,92.4,71.0,2.4,5.0,0.7,59.2,0.6,22.8,88.10000000000001
홍천,2024-07-18,26.6,22.4,23.7,94.4,77.0,3.7,8.0,0.9,86.4,0.0,22.6,92.62
홍천,2024-07-19,31.5,22.0,26.1,80.4,51.0,3.0,5.5,0.8,0.0,9.1,22.0,84.39999999999999
홍천,2024-07-20,30.3,22.5,25.5,84.8,63.0,3.5,8.1,0.8,17.3,1.5,22.5,84.88
홍천,2024-07-21,30.9,22.6,26.1,80.5,63.0,4.9,10.6,1.8,1.8,2.5,22.3,81.35000000000001
홍천,2024-07-22,29.1,24.4,26.8,85.4,69.0,5.9,12.3,1.0,11.0,0.2,23.9,84.36
홍천,2024-07-23,28.6,22.8,25.5,90.0,68.0,6.1,13.8,1.2,42.6,0.3,23.7,88.13
홍천,2024-07-24,31.3,22.4,26.3,85.8,68.0,2.6,6.6,0.9,19.8,4.8,23.5,86.60000000000001
홍천,2024-07-25,32.9,24.5,28.1,80.9,57.0,3.0,5.4,0.9,4.9,6.2,24.1,82.79
홍천,2024-07-26,34.2,23.9,27.8,81.6,53.0,4.4,12.5,0.9,27.3,5.8,24.0,81.88
홍천,2024-07-27,32.7,25.1,27.7,85.1,61.0,2.7,5.6,0.8,2.7,3.0,24.6,83.97999999999999
홍천,2024-07-28,32.5,24.8,28.2,78.6,59.0,3.0,6.5,1.1,0.0,4.0,23.8,80.19999999999999
홍천,2024-07-29,29.1,25.5,27.0,82.3,73.0,3.2,7.0,1.5,0.0,0.1,23.6,81.83999999999999
홍천,2024-07-30,31.4,25.7,27.3,82.6,67.0,3.0,6.0,1.1,0.0,1.8,23.9,82.14
홍천,2024-07-31,33.0,24.0,28.2,76.8,54.0,2.5,4.9,0.8,0.0,5.8,23.3,78.51
홍천,2024-08-01,33.2,25.2,28.7,79.0,60.0,3.3,5.8,0.9,0.0,3.7,24.4,78.92
홍천,2024-08-02,32.7,26.0,28.4,83.1,63.0,2.4,5.3,0.7,0.0,2.1,25.1,81.65
홍천,2024-08-03,34.7,25.5,29.4,75.9,49.0,2.7,5.4,1.0,0.0,9.4,24.1,77.65
홍천,2024-08-04,35.6,24.7,29.7,74.0,49.0,2.6,5.1,1.1,0.0,9.7,24.0,75.29
홍천,2024-08-05,35.0,23.7,29.0,76.6,50.0,5.3,8.8,1.4,29.3,8.5,24.0,76.00999999999999
홍천,2024-08-06,31.4,23.6,26.3,83.8,64.0,2.7,5.0,0.9,0.0,4.0,23.2,81.38
홍천,2024-08-07,32.6,23.9,27.6,80.6,55.0,2.5,4.1,1.0,0.0,4.6,23.7,80.83999999999999
홍천,2024-08-08,30.3,24.5,26.9,82.9,66.0,2.3,4.3,0.8,0.0,1.9,23.5,82.53
홍천,2024-08-09,34.2,24.4,28.4,74.5,46.0,2.8,4.4,0.9,0.0,10.1,22.8,76.79
홍천,2024-08-10,34.5,23.5,28.2,76.9,51.0,2.6,5.0,0.9,0.0,7.3,23.4,77.02000000000001
홍천,2024-08-11,33.8,24.5,28.1,77.9,53.0,2.4,3.9,0.9,0.0,5.9,23.5,77.36
홍천,2024-08-12,34.8,24.3,28.9,75.6,48.0,3.7,6.6,1.0,0.0,10.2,23.6,76.19
홍천,2024-08-13,35.0,24.0,28.4,77.1,52.0,4.6,8.1,1.2,21.9,10.1,23.5,76.88
홍천,2024-08-14,35.6,23.9,28.5,73.6,43.0,2.4,4.4,0.8,0.0,10.2,22.8,74.5
홍천,2024-08-15,33.8,23.8,27.4,74.8,53.0,3.4,8.1,1.2,0.0,8.1,22.3,74.78999999999998
홍천,2024-08-16,34.5,23.2,27.9,70.3,44.0,3.5,6.1,1.2,0.0,10.0,21.5,71.52999999999999
홍천,2024-08-17,34.8,23.4,28.6,71.1,46.0,2.7,4.6,1.1,0.0,10.9,22.4,71.31
홍천,2024-08-18,34.5,24.6,28.3,74.1,51.0,3.4,6.1,1.3,0.0,8.4,22.8,73.11999999999999
홍천,2024-08-19,35.3,24.5,28.7,74.8,45.0,2.7,4.9,1.1,0.0,9.6,23.2,74.28999999999999
홍천,2024-08-20,35.6,24.5,29.1,74.1,50.0,2.2,4.5,1.0,0.0,6.9,23.7,74.23999999999998
홍천,2024-08-21,29.9,25.0,26.6,90.1,74.0,2.2,6.0,1.0,41.6,0.2,24.8,85.36999999999999
홍천,2024-08-22,31.7,25.2,27.6,83.8,64.0,4.4,8.0,1.2,13.4,1.3,24.3,84.08999999999999
홍천,2024-08-23,32.2,23.8,27.1,77.9,55.0,3.0,6.5,1.2,0.2,6.6,22.6,80.30000000000001
홍천,2024-08-24,31.6,23.2,26.5,82.5,55.0,2.6,4.5,0.8,0.0,5.2,23.0,81.71
홍천,2024-08-25,32.5,23.4,27.0,79.0,52.0,2.2,4.0,0.9,0.0,7.9,22.6,79.59
홍천,2024-08-26,30.4,23.7,26.4,83.1,64.0,1.9,3.0,0.8,0.0,0.5,23.1,82.22
홍천,2024-08-27,28.5,21.4,24.7,83.3,65.0,2.2,4.8,0.7,0.5,2.3,21.5,82.83
홍천,2024-08-28,33.0,19.4,25.5,71.0,43.0,3.0,5.8,1.0,0.0,9.2,19.2,74.67
홍천,2024-08-29,32.0,19.0,25.2,72.9,49.0,4.4,9.8,1.5,0.0,10.4,19.5,73.56
홍천,2024-08-30,32.9,20.3,25.9,72.6,43.0,3.3,5.4,1.0,0.0,11.8,19.9,72.49999999999999
홍천,2024-08-31,32.0,19.5,24.8,73.8,41.0,2.4,4.5,0.9,0.0,9.2,19.0,73.47
홍천,2024-09-01,31.4,20.1,24.9,72.9,46.0,3.2,5.6,0.9,0.0,9.1,19.1,73.05000000000001
홍천,2024-09-02,26.9,20.8,23.2,79.5,68.0,2.1,4.8,0.9,0.0,0.2,19.3,77.61
홍천,2024-09-03,30.8,18.7,24.2,63.6,39.0,2.0,4.0,1.0,0.0,9.0,16.3,67.71
홍천,2024-09-04,31.9,18.5,24.5,69.0,35.0,2.8,4.4,1.0,0.0,11.5,17.8,68.97
홍천,2024-09-05,29.4,20.6,23.9,84.0,59.0,2.8,6.3,0.7,0.5,0.9,20.8,78.96
홍천,2024-09-06,23.6,20.7,22.3,83.0,67.0,2.4,4.6,0.9,10.1,0.0,19.1,81.8
홍천,2024-09-07,29.7,19.5,23.5,79.9,51.0,2.6,4.1,0.7,0.4,6.5,19.5,80.93
홍천,2024-09-08,31.4,19.6,25.2,76.3,51.0,2.5,5.0,0.9,0.0,8.6,20.3,77.69
홍천,2024-09-09,31.9,22.5,26.5,77.9,56.0,1.8,3.2,0.7,0.0,5.2,22.0,77.78
홍천,2024-09-10,33.9,22.5,27.1,78.3,50.0,2.4,4.8,0.8,0.0,9.8,22.6,78.02
홍천,2024-09-11,34.8,22.7,27.3,77.0,46.0,3.9,6.5,1.1,15.6,6.3,22.3,77.35000000000001
홍천,2024-09-12,23.4,22.1,22.6,94.3,91.0,2.7,4.5,1.0,32.4,0.0,21.5,89.24
홍천,2024-09-13,30.1,21.8,24.4,90.5,63.0,2.1,4.3,0.5,3.1,0.8,22.7,89.91
홍천,2024-09-14,29.7,23.3,26.0,87.0,69.0,2.4,3.7,0.6,0.0,3.3,23.5,88.43
홍천,2024-09-15,29.6,21.1,24.6,73.5,57.0,4.1,8.3,1.9,0.0,5.5,19.4,77.89999999999999
홍천,2024-09-16,30.1,19.3,24.4,79.5,60.0,2.4,3.7,0.8,0.0,5.0,20.5,79.05
홍천,2024-09-17,32.3,23.0,26.9,81.9,58.0,2.1,4.3,0.7,0.0,3.9,23.3,80.58
홍천,2024-09-18,32.0,24.1,26.9,85.6,66.0,2.3,4.8,0.6,10.9,2.6,24.1,84.25
홍천,2024-09-19,31.1,23.4,26.5,86.3,66.0,1.5,2.7,0.5,0.0,0.8,23.9,85.72
홍천,2024-09-20,27.4,16.4,23.4,92.5,78.0,4.6,8.3,1.2,43.9,0.2,22.0,90.57000000000001
홍천,2024-09-21,20.6,16.2,17.8,89.1,77.0,2.2,4.5,0.9,54.0,0.0,15.8,89.49999999999999
홍천,2024-09-22,24.6,15.6,18.8,76.9,54.0,3.3,7.4,1.1,0.0,3.2,14.3,80.9
홍천,2024-09-23,24.8,11.9,17.9,69.6,41.0,3.0,6.0,1.2,0.0,10.0,11.4,73.00999999999999
홍천,2024-09-24,25.4,11.5,17.3,74.6,39.0,2.3,4.0,0.9,0.0,9.0,12.0,73.82999999999998
홍천,2024-09-25,26.4,13.2,19.4,81.8,57.0,1.7,2.9,0.5,0.0,3.5,15.9,79.13999999999999
홍천,2024-09-26,27.5,18.5,21.6,83.1,58.0,2.1,4.0,0.6,0.5,5.0,18.3,81.99
홍천,2024-09-27,27.0,18.7,21.3,76.9,54.0,3.4,5.9,1.0,0.0,3.6,16.8,78.63
홍천,2024-09-28,26.9,16.7,21.0,66.4,47.0,3.2,6.3,1.2,0.0,7.1,14.1,70.17
홍천,2024-09-29,28.1,14.0,19.9,74.4,48.0,2.8,5.5,0.9,0.0,7.5,14.8,73.05
홍천,2024-09-30,26.4,13.6,18.9,77.1,48.0,2.2,4.5,0.9,0.0,8.4,14.2,75.49
홍천,2024-10-01,19.5,11.5,16.4,82.1,50.0,2.9,5.8,0.9,0.5,0.4,13.1,80.32999999999998
홍천,2024-10-02,19.8,8.4,12.3,72.0,29.0,2.3,4.6,0.8,0.0,8.1,6.3,74.52999999999999
홍천,2024-10-03,21.2,6.5,13.0,80.8,41.0,3.1,6.0,0.8,0.2,4.5,9.2,79.16999999999999
홍천,2024-10-04,22.2,9.8,13.9,75.9,30.0,2.5,3.7,0.8,0.0,6.7,8.6,76.49000000000001
홍천,2024-10-05,22.7,8.8,13.8,80.8,43.0,2.3,4.3,0.7,0.0,6.2,9.9,79.82
홍천,2024-10-06,16.0,10.5,13.3,89.3,77.0,1.7,3.2,0.5,0.0,0.0,11.5,86.25999999999999
홍천,2024-10-07,19.6,12.6,15.4,82.9,56.0,1.8,2.9,0.4,0.0,2.0,12.2,83.97
홍천,2024-10-08,22.8,11.7,15.4,81.8,55.0,2.8,5.4,1.0,0.0,3.2,12.0,82.76999999999998
홍천,2024-10-09,23.0,10.8,15.9,76.1,45.0,2.0,4.3,0.7,0.0,6.4,11.2,77.92
홍천,2024-10-10,21.8,11.4,15.2,80.0,52.0,2.5,4.0,0.6,0.0,5.8,11.4,79.4
홍천,2024-10-11,22.7,11.5,15.0,82.8,42.0,2.4,4.5,0.7,0.0,5.6,11.6,81.57
홍천,2024-10-12,22.8,10.2,14.3,80.9,32.0,2.0,3.7,0.6,0.0,5.8,10.3,81.19
홍천,2024-10-13,21.4,9.7,15.1,82.6,52.0,1.5,2.9,0.5,0.0,2.8,11.8,82.28
홍천,2024-10-14,19.5,13.3,15.9,87.0,70.0,1.3,2.2,0.3,0.0,0.0,13.7,85.51
홍천,2024-10-15,20.4,14.6,16.9,92.8,80.0,1.4,2.5,0.4,2.8,0.0,15.6,90.62
홍천,2024-10-16,24.1,11.9,17.0,80.9,39.0,2.1,3.9,0.6,0.0,5.7,13.2,83.89
홍천,2024-10-17,24.3,10.9,15.7,84.4,44.0,1.6,4.8,0.5,0.0,5.3,12.5,84.54
홍천,2024-10-18,17.3,14.0,15.5,92.9,78.0,2.0,4.5,0.5,53.3,0.0,14.3,90.0
홍천,2024-10-19,19.9,10.4,15.2,75.6,55.0,5.1,9.3,1.8,5.2,1.5,10.6,79.94
홍천,2024-10-20,17.0,6.0,11.1,66.3,41.0,4.0,8.0,1.3,0.0,5.4,4.5,70.82
홍천,2024-10-21,17.8,4.9,11.6,81.4,56.0,1.5,3.2,0.5,0.1,1.7,8.2,77.8
홍천,2024-10-22,14.5,13.1,13.8,97.4,93.0,1.7,3.2,0.3,41.0,0.0,13.4,91.08999999999999
홍천,2024-10-23,16.7,9.8,13.0,75.0,52.0,4.7,10.3,1.9,3.1,2.6,8.4,80.12
홍천,2024-10-24,17.7,6.8,10.1,84.1,42.0,1.8,3.2,0.6,0.0,4.7,7.1,83.60999999999999
홍천,2024-10-25,21.2,6.5,12.1,79.5,36.0,2.2,3.5,0.7,0.0,6.9,8.1,79.97
홍천,2024-10-26,23.3,9.3,14.7,82.4,45.0,2.0,3.2,0.5,0.0,5.6,11.2,81.99
홍천,2024-10-27,18.9,11.4,14.2,85.4,61.0,2.7,4.9,0.4,0.0,0.4,11.6,84.21000000000001
홍천,2024-10-28,20.4,11.0,14.2,77.1,53.0,3.5,7.0,1.2,0.0,1.8,9.9,79.28999999999999
홍천,2024-10-29,19.2,8.6,13.1,71.5,43.0,1.8,3.5,0.6,0.0,2.5,7.6,74.01
홍천,2024-10-30,20.9,8.4,12.8,76.8,37.0,1.7,3.5,0.5,0.0,6.6,8.0,75.77
홍천,2024-10-31,21.6,6.7,11.9,79.3,41.0,1.8,3.5,0.4,0.0,6.3,7.8,78.02000000000001
홍천,2024-11-01,16.7,8.1,11.7,84.4,62.0,1.4,2.5,0.4,0.0,0.0,8.9,82.62
홍천,2024-11-02,22.7,8.7,14.4,78.8,49.0,3.8,7.3,1.0,0.0,5.3,10.2,79.97
홍천,2024-11-03,21.9,8.3,13.5,79.5,42.0,2.8,5.6,0.7,0.0,5.4,9.4,79.85
홍천,2024-11-04,20.0,7.5,13.8,66.8,26.0,4.8,8.3,1.1,0.0,5.4,6.5,70.53999999999999
홍천,2024-11-05,16.9,4.6,9.5,63.6,44.0,3.5,6.3,0.9,0.0,7.4,2.4,65.83
홍천,2024-11-06,13.0,-1.0,4.8,58.3,17.0,2.2,4.1,0.7,0.0,7.7,-4.2,60.209999999999994
홍천,2024-11-07,15.4,-1.7,4.9,66.6,27.0,1.5,3.2,0.4,0.0,7.7,-1.9,64.63999999999999
홍천,2024-11-08,17.1,-0.8,6.9,73.8,40.0,1.6,3.2,0.3,0.0,7.5,1.9,70.80999999999999
홍천,2024-11-09,19.1,3.1,9.5,76.5,38.0,1.7,3.4,0.3,0.0,7.5,4.9,74.97
홍천,2024-11-10,19.4,5.4,10.1,80.5,48.0,1.6,2.7,0.2,0.0,4.3,6.5,79.02999999999999
홍천,2024-11-11,21.0,5.4,11.0,79.1,40.0,1.7,2.7,0.3,0.0,5.6,6.7,79.12
홍천,2024-11-12,19.2,5.9,11.4,70.1,26.0,2.3,5.0,0.4,0.0,7.4,5.1,72.93999999999998
홍천,2024-11-13,19.6,3.0,9.9,75.5,42.0,2.2,4.1,0.4,0.0,6.8,5.2,74.77999999999999
홍천,2024-11-14,15.3,7.2,11.2,84.8,66.0,1.4,2.7,0.2,0.1,0.3,8.6,81.47
홍천,2024-11-15,21.9,10.2,14.5,77.1,44.0,1.6,3.2,0.5,0.0,5.7,10.0,78.47999999999999
홍천,2024-11-16,22.2,11.6,15.9,75.9,40.0,3.4,6.1,0.7,0.9,6.2,11.0,77.03
홍천,2024-11-17,15.0,2.3,9.1,53.8,38.0,3.3,6.8,1.5,0.0,3.7,0.1,60.55
홍천,2024-11-18,7.5,-3.0,1.3,49.4,20.0,1.8,3.2,0.7,0.0,6.8,-9.1,52.93
홍천,2024-11-19,10.0,-4.0,2.5,69.4,42.0,1.4,2.2,0.3,0.0,4.1,-2.9,63.84
홍천,2024-11-20,8.9,-1.0,3.6,78.1,52.0,1.3,2.5,0.4,0.0,1.3,-0.1,73.49
홍천,2024-11-21,12.0,0.8,5.9,82.9,60.0,2.3,5.0,0.4,0.1,1.2,3.0,80.59
홍천,2024-11-22,10.2,-0.6,3.7,75.1,37.0,1.9,3.5,0.5,0.0,5.6,-0.9,76.96
홍천,2024-11-23,11.3,-3.3,2.5,72.6,38.0,1.5,3.0,0.3,0.0,6.1,-2.4,74.13
홍천,2024-11-24,12.1,-2.4,3.1,74.8,39.0,1.5,2.7,0.3,0.0,6.2,-1.5,74.39
홍천,2024-11-25,14.7,-2.0,5.8,71.1,40.0,2.8,4.5,0.6,0.0,5.4,0.4,71.99
홍천,2024-11-26,9.2,2.6,6.0,87.0,63.0,4.9,11.1,1.7,27.0,1.2,3.8,82.60000000000001
홍천,2024-11-27,2.5,-2.0,-0.6,88.5,72.0,2.5,5.9,0.9,13.4,0.6,-2.3,86.46
홍천,2024-11-28,3.3,-2.5,0.4,81.9,65.0,3.3,7.9,1.0,1.6,0.8,-2.5,83.73
홍천,2024-11-29,3.1,-5.3,-1.5,84.9,58.0,2.4,4.5,0.8,0.0,4.4,-3.8,84.66
홍천,2024-11-30,4.7,-4.4,0.3,88.0,64.0,1.3,2.4,0.4,0.2,2.1,-1.5,86.77
홍천,2024-12-01,6.9,0.1,2.9,95.3,77.0,1.3,2.2,0.4,0.2,1.2,2.1,92.8
홍천,2024-12-02,11.4,1.7,5.5,90.3,70.0,2.3,4.9,0.7,0.1,1.3,3.8,91.07
홍천,2024-12-03,4.9,-2.7,0.0,61.9,19.0,4.9,8.1,0.8,0.0,6.0,-7.3,70.92
홍천,2024-12-04,5.5,-5.9,-0.7,61.9,18.0,4.7,8.3,0.9,0.0,6.0,-8.7,64.74
홍천,2024-12-05,7.2,-4.8,1.0,67.3,26.0,4.1,8.8,1.1,0.0,4.8,-5.5,65.67999999999999
홍천,2024-12-06,5.1,-2.0,1.1,44.1,24.0,4.2,8.1,1.6,0.0,6.0,-10.4,50.519999999999996
홍천,2024-12-07,3.8,-6.7,-1.5,57.0,31.0,3.9,7.8,1.3,0.0,6.0,-9.6,55.45
홍천,2024-12-08,3.4,-7.7,-3.0,56.8,23.0,3.0,6.3,0.7,0.0,6.0,-11.3,55.56999999999999
홍천,2024-12-09,5.1,-9.1,-3.2,65.6,30.0,2.1,4.1,0.4,0.0,6.0,-9.4,62.98
홍천,2024-12-10,6.4,-8.1,-1.9,67.1,31.0,1.9,4.0,0.3,0.0,5.8,-7.8,65.76999999999998
홍천,2024-12-11,6.8,-3.6,0.0,69.6,36.0,2.2,3.7,0.2,0.0,3.1,-5.3,68.69999999999999
홍천,2024-12-12,5.6,-5.4,-1.0,65.8,29.0,2.5,4.9,0.4,0.0,4.7,-7.4,66.69
홍천,2024-12-13,4.3,-3.8,-0.8,51.6,24.0,2.6,5.5,0.7,0.0,3.8,-10.1,56.24
홍천,2024-12-14,2.7,-8.7,-3.4,57.4,25.0,3.7,6.4,0.9,0.0,5.9,-11.5,57.08
홍천,2024-12-15,4.7,-5.9,-1.3,55.3,36.0,4.1,9.3,1.2,0.0,3.4,-9.7,55.349999999999994
홍천,2024-12-16,3.0,-8.8,-2.9,68.6,35.0,3.4,6.5,0.7,0.0,2.9,-8.3,64.82
홍천,2024-12-17,3.2,-8.4,-3.4,64.8,31.0,3.6,8.6,0.8,0.0,4.2,-9.9,64.60999999999999
홍천,2024-12-18,0.4,-10.5,-5.7,61.9,28.0,1.9,3.9,0.5,0.0,5.8,-12.7,63.15
홍천,2024-12-19,3.5,-11.6,-5.1,65.9,31.0,1.4,2.4,0.3,0.0,5.8,-11.1,64.99000000000001
홍천,2024-12-20,1.9,-7.2,-2.7,71.3,49.0,1.5,2.7,0.3,0.2,0.1,-7.4,69.28
홍천,2024-12-21,0.7,-5.4,-1.6,77.3,60.0,3.6,7.0,1.1,1.6,0.5,-5.2,74.96
홍천,2024-12-22,-1.0,-11.5,-6.8,66.1,37.0,3.2,6.3,0.7,0.0,5.8,-12.6,68.86
홍천,2024-12-23,3.9,-12.5,-5.4,71.0,40.0,3.4,7.8,0.6,0.0,5.7,-10.3,70.64999999999999
홍천,2024-12-24,2.9,-10.8,-4.8,69.6,35.0,2.1,3.9,0.4,0.0,5.7,-10.0,69.53
홍천,2024-12-25,3.6,-7.6,-1.9,72.3,49.0,1.8,4.3,0.4,0.1,2.3,-6.5,71.62999999999998
홍천,2024-12-26,3.4,-4.7,-0.5,54.3,26.0,4.6,8.6,1.8,0.0,5.7,-9.7,59.43
홍천,2024-12-27,0.6,-10.5,-4.4,52.0,27.0,3.7,7.5,1.2,0.0,5.8,-13.4,54.489999999999995
홍천,2024-12-28,-0.6,-9.5,-5.4,52.1,27.0,4.1,7.9,1.4,0.0,5.8,-14.4,52.3
홍천,2024-12-29,3.5,-11.6,-3.8,64.0,35.0,1.8,3.7,0.4,0.0,5.8,-10.1,60.42
홍천,2024-12-30,8.5,-1.6,2.2,69.9,55.0,2.4,5.8,0.5,0.0,1.5,-2.9,66.94
홍천,2024-12-31,3.7,-6.0,-1.2,55.4,25.0,3.4,6.0,1.0,0.2,5.8,-9.9,59.16
